display_name,timestamp,value,unit,motion_context,source_name,hk_type
HRV SDNN,2026-07-01 19:56:24+09:00,9.80837,ms,,김하은의 Apple Watch,HKQuantityTypeIdentifierHeartRateVariabilitySDNN
HRV SDNN,2026-07-02 10:46:35+09:00,38.2315,ms,,김하은의 Apple Watch,HKQuantityTypeIdentifierHeartRateVariabilitySDNN
HRV SDNN,2026-07-02 11:38:16+09:00,22.3927,ms,,김하은의 Apple Watch,HKQuantityTypeIdentifierHeartRateVariabilitySDNN
HRV SDNN,2026-07-02 15:24:04+09:00,23.2181,ms,,김하은의 Apple Watch,HKQuantityTypeIdentifierHeartRateVariabilitySDNN
HRV SDNN,2026-07-02 19:27:37+09:00,27.2727,ms,,김하은의 Apple Watch,HKQuantityTypeIdentifierHeartRateVariabilitySDNN
HRV SDNN,2026-07-03 11:41:42+09:00,27.846,ms,,김하은의 Apple Watch,HKQuantityTypeIdentifierHeartRateVariabilitySDNN
HRV SDNN,2026-07-03 17:56:50+09:00,10.5641,ms,,김하은의 Apple Watch,HKQuantityTypeIdentifierHeartRateVariabilitySDNN
HRV SDNN,2026-07-03 20:09:39+09:00,34.3346,ms,,김하은의 Apple Watch,HKQuantityTypeIdentifierHeartRateVariabilitySDNN
HRV SDNN,2026-07-03 23:26:08+09:00,19.5711,ms,,김하은의 Apple Watch,HKQuantityTypeIdentifierHeartRateVariabilitySDNN
HRV SDNN,2026-07-04 12:53:21+09:00,35.7646,ms,,김하은의 Apple Watch,HKQuantityTypeIdentifierHeartRateVariabilitySDNN
HRV SDNN,2026-07-05 10:56:45+09:00,53.5966,ms,,김하은의 Apple Watch,HKQuantityTypeIdentifierHeartRateVariabilitySDNN
HRV SDNN,2026-07-05 11:01:16+09:00,14.0568,ms,,김하은의 Apple Watch,HKQuantityTypeIdentifierHeartRateVariabilitySDNN
HRV SDNN,2026-07-05 11:22:00+09:00,30.7924,ms,,김하은의 Apple Watch,HKQuantityTypeIdentifierHeartRateVariabilitySDNN
HRV SDNN,2026-07-05 15:37:14+09:00,16.3199,ms,,김하은의 Apple Watch,HKQuantityTypeIdentifierHeartRateVariabilitySDNN
HRV SDNN,2026-07-05 17:23:13+09:00,18.2064,ms,,김하은의 Apple Watch,HKQuantityTypeIdentifierHeartRateVariabilitySDNN
HRV SDNN,2026-07-06 13:05:06+09:00,17.3588,ms,,김하은의 Apple Watch,HKQuantityTypeIdentifierHeartRateVariabilitySDNN
HRV SDNN,2026-07-06 13:06:31+09:00,26.2529,ms,,김하은의 Apple Watch,HKQuantityTypeIdentifierHeartRateVariabilitySDNN
HRV SDNN,2026-07-06 15:24:22+09:00,36.7541,ms,,김하은의 Apple Watch,HKQuantityTypeIdentifierHeartRateVariabilitySDNN
HRV SDNN,2026-07-06 17:11:39+09:00,22.7622,ms,,김하은의 Apple Watch,HKQuantityTypeIdentifierHeartRateVariabilitySDNN
HRV SDNN,2026-07-06 19:07:39+09:00,37.6162,ms,,김하은의 Apple Watch,HKQuantityTypeIdentifierHeartRateVariabilitySDNN
HRV SDNN,2026-07-06 21:09:03+09:00,44.6008,ms,,김하은의 Apple Watch,HKQuantityTypeIdentifierHeartRateVariabilitySDNN
HRV SDNN,2026-07-06 23:06:43+09:00,45.8329,ms,,김하은의 Apple Watch,HKQuantityTypeIdentifierHeartRateVariabilitySDNN
HRV SDNN,2026-07-07 01:06:10+09:00,36.5067,ms,,김하은의 Apple Watch,HKQuantityTypeIdentifierHeartRateVariabilitySDNN
HRV SDNN,2026-07-07 18:07:13+09:00,19.6931,ms,,김하은의 Apple Watch,HKQuantityTypeIdentifierHeartRateVariabilitySDNN
HRV SDNN,2026-07-07 19:06:24+09:00,49.6738,ms,,김하은의 Apple Watch,HKQuantityTypeIdentifierHeartRateVariabilitySDNN
HRV SDNN,2026-07-07 21:05:53+09:00,34.4416,ms,,김하은의 Apple Watch,HKQuantityTypeIdentifierHeartRateVariabilitySDNN
HRV SDNN,2026-07-07 23:11:31+09:00,60.608,ms,,김하은의 Apple Watch,HKQuantityTypeIdentifierHeartRateVariabilitySDNN
HRV SDNN,2026-07-08 02:23:42+09:00,46.665,ms,,김하은의 Apple Watch,HKQuantityTypeIdentifierHeartRateVariabilitySDNN
HRV SDNN,2026-07-08 03:05:53+09:00,30.5028,ms,,김하은의 Apple Watch,HKQuantityTypeIdentifierHeartRateVariabilitySDNN
HRV SDNN,2026-07-09 10:23:45+09:00,50.9198,ms,,김하은의 Apple Watch,HKQuantityTypeIdentifierHeartRateVariabilitySDNN
HRV SDNN,2026-07-09 11:07:24+09:00,39.1745,ms,,김하은의 Apple Watch,HKQuantityTypeIdentifierHeartRateVariabilitySDNN
HRV SDNN,2026-07-09 13:13:25+09:00,27.7859,ms,,김하은의 Apple Watch,HKQuantityTypeIdentifierHeartRateVariabilitySDNN
HRV SDNN,2026-07-09 17:30:59+09:00,71.4513,ms,,김하은의 Apple Watch,HKQuantityTypeIdentifierHeartRateVariabilitySDNN
HRV SDNN,2026-07-09 19:09:13+09:00,32.9104,ms,,김하은의 Apple Watch,HKQuantityTypeIdentifierHeartRateVariabilitySDNN
HRV SDNN,2026-07-09 21:05:53+09:00,44.4711,ms,,김하은의 Apple Watch,HKQuantityTypeIdentifierHeartRateVariabilitySDNN
HRV SDNN,2026-07-10 18:54:28+09:00,18.3703,ms,,김하은의 Apple Watch,HKQuantityTypeIdentifierHeartRateVariabilitySDNN
HRV SDNN,2026-07-10 20:53:00+09:00,16.8229,ms,,김하은의 Apple Watch,HKQuantityTypeIdentifierHeartRateVariabilitySDNN
HRV SDNN,2026-07-12 10:22:59+09:00,35.0016,ms,,김하은의 Apple Watch,HKQuantityTypeIdentifierHeartRateVariabilitySDNN
HRV SDNN,2026-07-12 11:26:57+09:00,25.1247,ms,,김하은의 Apple Watch,HKQuantityTypeIdentifierHeartRateVariabilitySDNN
HRV SDNN,2026-07-12 13:02:32+09:00,45.766,ms,,김하은의 Apple Watch,HKQuantityTypeIdentifierHeartRateVariabilitySDNN
HRV SDNN,2026-07-12 14:53:22+09:00,49.7984,ms,,김하은의 Apple Watch,HKQuantityTypeIdentifierHeartRateVariabilitySDNN
HRV SDNN,2026-07-13 11:14:50+09:00,19.6487,ms,,김하은의 Apple Watch,HKQuantityTypeIdentifierHeartRateVariabilitySDNN
HRV SDNN,2026-07-13 13:16:38+09:00,11.6738,ms,,김하은의 Apple Watch,HKQuantityTypeIdentifierHeartRateVariabilitySDNN
HRV SDNN,2026-07-13 16:54:35+09:00,25.698,ms,,김하은의 Apple Watch,HKQuantityTypeIdentifierHeartRateVariabilitySDNN
HRV SDNN,2026-07-13 19:05:55+09:00,32.8387,ms,,김하은의 Apple Watch,HKQuantityTypeIdentifierHeartRateVariabilitySDNN
HRV SDNN,2026-07-13 20:52:32+09:00,60.4223,ms,,김하은의 Apple Watch,HKQuantityTypeIdentifierHeartRateVariabilitySDNN
HRV SDNN,2026-07-14 13:35:47+09:00,37.3653,ms,,김하은의 Apple Watch,HKQuantityTypeIdentifierHeartRateVariabilitySDNN
HRV SDNN,2026-07-15 11:13:29+09:00,28.8078,ms,,김하은의 Apple Watch,HKQuantityTypeIdentifierHeartRateVariabilitySDNN
HRV SDNN,2026-07-15 12:29:01+09:00,37.3924,ms,,김하은의 Apple Watch,HKQuantityTypeIdentifierHeartRateVariabilitySDNN
HRV SDNN,2026-07-15 15:28:28+09:00,47.48,ms,,김하은의 Apple Watch,HKQuantityTypeIdentifierHeartRateVariabilitySDNN
HRV SDNN,2026-07-15 16:30:06+09:00,20.828,ms,,김하은의 Apple Watch,HKQuantityTypeIdentifierHeartRateVariabilitySDNN
HRV SDNN,2026-07-15 21:23:50+09:00,14.4175,ms,,김하은의 Apple Watch,HKQuantityTypeIdentifierHeartRateVariabilitySDNN
HRV SDNN,2026-07-15 22:14:17+09:00,23.0856,ms,,김하은의 Apple Watch,HKQuantityTypeIdentifierHeartRateVariabilitySDNN
HRV SDNN,2026-07-16 14:02:05+09:00,21.0287,ms,,김하은의 Apple Watch,HKQuantityTypeIdentifierHeartRateVariabilitySDNN
HRV SDNN,2026-07-16 14:29:58+09:00,20.2335,ms,,김하은의 Apple Watch,HKQuantityTypeIdentifierHeartRateVariabilitySDNN
HRV SDNN,2026-07-16 16:20:09+09:00,27.4524,ms,,김하은의 Apple Watch,HKQuantityTypeIdentifierHeartRateVariabilitySDNN
HRV SDNN,2026-07-16 18:18:17+09:00,31.6439,ms,,김하은의 Apple Watch,HKQuantityTypeIdentifierHeartRateVariabilitySDNN
HRV SDNN,2026-07-16 20:13:37+09:00,43.7178,ms,,김하은의 Apple Watch,HKQuantityTypeIdentifierHeartRateVariabilitySDNN
HRV SDNN,2026-07-16 22:22:29+09:00,33.7694,ms,,김하은의 Apple Watch,HKQuantityTypeIdentifierHeartRateVariabilitySDNN
HRV SDNN,2026-07-17 00:19:43+09:00,51.9561,ms,,김하은의 Apple Watch,HKQuantityTypeIdentifierHeartRateVariabilitySDNN
HRV SDNN,2026-07-17 17:37:32+09:00,34.1503,ms,,김하은의 Apple Watch,HKQuantityTypeIdentifierHeartRateVariabilitySDNN
HRV SDNN,2026-07-17 18:13:40+09:00,18.0956,ms,,김하은의 Apple Watch,HKQuantityTypeIdentifierHeartRateVariabilitySDNN
HRV SDNN,2026-07-17 20:33:01+09:00,34.9758,ms,,김하은의 Apple Watch,HKQuantityTypeIdentifierHeartRateVariabilitySDNN
HRV SDNN,2026-07-18 14:54:34+09:00,31.8919,ms,,김하은의 Apple Watch,HKQuantityTypeIdentifierHeartRateVariabilitySDNN
HRV SDNN,2026-07-18 16:14:31+09:00,68.6322,ms,,김하은의 Apple Watch,HKQuantityTypeIdentifierHeartRateVariabilitySDNN
HRV SDNN,2026-07-18 18:53:11+09:00,17.6489,ms,,김하은의 Apple Watch,HKQuantityTypeIdentifierHeartRateVariabilitySDNN
HRV SDNN,2026-07-18 21:07:09+09:00,26.3854,ms,,김하은의 Apple Watch,HKQuantityTypeIdentifierHeartRateVariabilitySDNN
HRV SDNN,2026-07-18 22:35:02+09:00,34.2349,ms,,김하은의 Apple Watch,HKQuantityTypeIdentifierHeartRateVariabilitySDNN
HRV SDNN,2026-07-19 00:42:41+09:00,44.2484,ms,,김하은의 Apple Watch,HKQuantityTypeIdentifierHeartRateVariabilitySDNN
HRV SDNN,2026-07-21 10:41:46+09:00,12.2335,ms,,김하은의 Apple Watch,HKQuantityTypeIdentifierHeartRateVariabilitySDNN
HRV SDNN,2026-07-21 12:13:36+09:00,19.9858,ms,,김하은의 Apple Watch,HKQuantityTypeIdentifierHeartRateVariabilitySDNN
HRV SDNN,2026-07-21 14:59:47+09:00,19.2298,ms,,김하은의 Apple Watch,HKQuantityTypeIdentifierHeartRateVariabilitySDNN
HRV SDNN,2026-07-21 16:32:21+09:00,26.4816,ms,,김하은의 Apple Watch,HKQuantityTypeIdentifierHeartRateVariabilitySDNN
HRV SDNN,2026-07-21 18:14:50+09:00,70.8958,ms,,김하은의 Apple Watch,HKQuantityTypeIdentifierHeartRateVariabilitySDNN
HRV SDNN,2026-07-21 20:15:25+09:00,24.4688,ms,,김하은의 Apple Watch,HKQuantityTypeIdentifierHeartRateVariabilitySDNN
HRV SDNN,2026-07-21 22:19:02+09:00,26.344,ms,,김하은의 Apple Watch,HKQuantityTypeIdentifierHeartRateVariabilitySDNN
HRV SDNN,2026-07-22 00:25:29+09:00,25.1089,ms,,김하은의 Apple Watch,HKQuantityTypeIdentifierHeartRateVariabilitySDNN
HRV SDNN,2026-07-22 02:14:26+09:00,41.3201,ms,,김하은의 Apple Watch,HKQuantityTypeIdentifierHeartRateVariabilitySDNN
HRV SDNN,2026-07-22 04:13:35+09:00,33.0217,ms,,김하은의 Apple Watch,HKQuantityTypeIdentifierHeartRateVariabilitySDNN
HRV SDNN,2026-07-22 06:13:36+09:00,44.2659,ms,,김하은의 Apple Watch,HKQuantityTypeIdentifierHeartRateVariabilitySDNN
HRV SDNN,2026-07-22 08:13:36+09:00,41.4063,ms,,김하은의 Apple Watch,HKQuantityTypeIdentifierHeartRateVariabilitySDNN
HRV SDNN,2026-07-22 10:21:09+09:00,32.6098,ms,,김하은의 Apple Watch,HKQuantityTypeIdentifierHeartRateVariabilitySDNN
HRV SDNN,2026-07-22 14:43:09+09:00,27.6138,ms,,김하은의 Apple Watch,HKQuantityTypeIdentifierHeartRateVariabilitySDNN
HRV SDNN,2026-07-22 20:02:03+09:00,42.0454,ms,,김하은의 Apple Watch,HKQuantityTypeIdentifierHeartRateVariabilitySDNN
HRV SDNN,2026-07-22 21:49:54+09:00,65.9046,ms,,김하은의 Apple Watch,HKQuantityTypeIdentifierHeartRateVariabilitySDNN
HRV SDNN,2026-07-22 23:58:31+09:00,31.4529,ms,,김하은의 Apple Watch,HKQuantityTypeIdentifierHeartRateVariabilitySDNN
HRV SDNN,2026-07-23 01:50:27+09:00,27.3452,ms,,김하은의 Apple Watch,HKQuantityTypeIdentifierHeartRateVariabilitySDNN
HRV SDNN,2026-07-23 10:44:09+09:00,18.229,ms,,김하은의 Apple Watch,HKQuantityTypeIdentifierHeartRateVariabilitySDNN
HRV SDNN,2026-07-23 12:43:33+09:00,30.0005,ms,,김하은의 Apple Watch,HKQuantityTypeIdentifierHeartRateVariabilitySDNN
HRV SDNN,2026-07-23 13:51:17+09:00,18.664,ms,,김하은의 Apple Watch,HKQuantityTypeIdentifierHeartRateVariabilitySDNN
HRV SDNN,2026-07-23 15:50:06+09:00,39.8515,ms,,김하은의 Apple Watch,HKQuantityTypeIdentifierHeartRateVariabilitySDNN
HRV SDNN,2026-07-23 17:49:06+09:00,16.0594,ms,,김하은의 Apple Watch,HKQuantityTypeIdentifierHeartRateVariabilitySDNN
HRV SDNN,2026-07-23 20:09:20+09:00,39.3943,ms,,김하은의 Apple Watch,HKQuantityTypeIdentifierHeartRateVariabilitySDNN
HRV SDNN,2026-07-23 22:36:09+09:00,21.0542,ms,,김하은의 Apple Watch,HKQuantityTypeIdentifierHeartRateVariabilitySDNN
HRV SDNN,2026-07-23 23:50:05+09:00,23.5153,ms,,김하은의 Apple Watch,HKQuantityTypeIdentifierHeartRateVariabilitySDNN
HRV SDNN,2026-07-24 16:55:56+09:00,23.223,ms,,김하은의 Apple Watch,HKQuantityTypeIdentifierHeartRateVariabilitySDNN
HRV SDNN,2026-07-24 17:52:38+09:00,49.6486,ms,,김하은의 Apple Watch,HKQuantityTypeIdentifierHeartRateVariabilitySDNN
HRV SDNN,2026-07-24 20:33:56+09:00,19.2459,ms,,김하은의 Apple Watch,HKQuantityTypeIdentifierHeartRateVariabilitySDNN
HRV SDNN,2026-07-24 23:08:24+09:00,30.4604,ms,,김하은의 Apple Watch,HKQuantityTypeIdentifierHeartRateVariabilitySDNN
HRV SDNN,2026-07-24 23:38:55+09:00,35.6072,ms,,김하은의 Apple Watch,HKQuantityTypeIdentifierHeartRateVariabilitySDNN
HRV SDNN,2026-07-25 12:58:39+09:00,43.1189,ms,,김하은의 Apple Watch,HKQuantityTypeIdentifierHeartRateVariabilitySDNN
HRV SDNN,2026-07-25 13:38:14+09:00,12.2679,ms,,김하은의 Apple Watch,HKQuantityTypeIdentifierHeartRateVariabilitySDNN
HRV SDNN,2026-07-25 15:41:04+09:00,61.0867,ms,,김하은의 Apple Watch,HKQuantityTypeIdentifierHeartRateVariabilitySDNN
HRV SDNN,2026-07-25 17:40:31+09:00,34.5421,ms,,김하은의 Apple Watch,HKQuantityTypeIdentifierHeartRateVariabilitySDNN
HRV SDNN,2026-07-25 19:57:26+09:00,23.7204,ms,,김하은의 Apple Watch,HKQuantityTypeIdentifierHeartRateVariabilitySDNN
HRV SDNN,2026-07-25 23:28:49+09:00,15.9348,ms,,김하은의 Apple Watch,HKQuantityTypeIdentifierHeartRateVariabilitySDNN
HRV SDNN,2026-07-25 23:37:56+09:00,20.5268,ms,,김하은의 Apple Watch,HKQuantityTypeIdentifierHeartRateVariabilitySDNN
HRV SDNN,2026-07-26 18:51:42+09:00,15.0208,ms,,김하은의 Apple Watch,HKQuantityTypeIdentifierHeartRateVariabilitySDNN
HRV SDNN,2026-07-26 19:46:09+09:00,40.3409,ms,,김하은의 Apple Watch,HKQuantityTypeIdentifierHeartRateVariabilitySDNN
HRV SDNN,2026-07-26 21:39:16+09:00,27.8817,ms,,김하은의 Apple Watch,HKQuantityTypeIdentifierHeartRateVariabilitySDNN
HRV SDNN,2026-07-27 11:05:35+09:00,12.2853,ms,,김하은의 Apple Watch,HKQuantityTypeIdentifierHeartRateVariabilitySDNN
HRV SDNN,2026-07-27 11:45:12+09:00,22.484,ms,,김하은의 Apple Watch,HKQuantityTypeIdentifierHeartRateVariabilitySDNN
HRV SDNN,2026-07-27 13:41:49+09:00,10.0382,ms,,김하은의 Apple Watch,HKQuantityTypeIdentifierHeartRateVariabilitySDNN
HRV SDNN,2026-07-27 15:43:36+09:00,25.9718,ms,,김하은의 Apple Watch,HKQuantityTypeIdentifierHeartRateVariabilitySDNN
HRV SDNN,2026-07-27 17:45:04+09:00,12.4457,ms,,김하은의 Apple Watch,HKQuantityTypeIdentifierHeartRateVariabilitySDNN
HRV SDNN,2026-07-27 19:44:39+09:00,29.4537,ms,,김하은의 Apple Watch,HKQuantityTypeIdentifierHeartRateVariabilitySDNN
HRV SDNN,2026-07-28 09:40:27+09:00,51.5853,ms,,김하은의 Apple Watch,HKQuantityTypeIdentifierHeartRateVariabilitySDNN
HRV SDNN,2026-07-28 11:59:22+09:00,89.4216,ms,,김하은의 Apple Watch,HKQuantityTypeIdentifierHeartRateVariabilitySDNN
HRV SDNN,2026-07-28 13:38:11+09:00,22.6663,ms,,김하은의 Apple Watch,HKQuantityTypeIdentifierHeartRateVariabilitySDNN
HRV SDNN,2026-07-28 15:39:18+09:00,11.671,ms,,김하은의 Apple Watch,HKQuantityTypeIdentifierHeartRateVariabilitySDNN
HRV SDNN,2026-07-29 11:32:54+09:00,16.4198,ms,,김하은의 Apple Watch,HKQuantityTypeIdentifierHeartRateVariabilitySDNN
HRV SDNN,2026-07-29 12:39:53+09:00,23.4956,ms,,김하은의 Apple Watch,HKQuantityTypeIdentifierHeartRateVariabilitySDNN
HRV SDNN,2026-07-29 15:06:40+09:00,21.2164,ms,,김하은의 Apple Watch,HKQuantityTypeIdentifierHeartRateVariabilitySDNN
HRV SDNN,2026-07-29 18:38:58+09:00,34.6896,ms,,김하은의 Apple Watch,HKQuantityTypeIdentifierHeartRateVariabilitySDNN
HRV SDNN,2026-07-29 20:52:45+09:00,21.5189,ms,,김하은의 Apple Watch,HKQuantityTypeIdentifierHeartRateVariabilitySDNN
HRV SDNN,2026-07-29 22:37:38+09:00,13.3201,ms,,김하은의 Apple Watch,HKQuantityTypeIdentifierHeartRateVariabilitySDNN
HRV SDNN,2026-07-30 13:21:00+09:00,43.6867,ms,,김하은의 Apple Watch,HKQuantityTypeIdentifierHeartRateVariabilitySDNN
HRV SDNN,2026-07-30 14:42:09+09:00,14.4363,ms,,김하은의 Apple Watch,HKQuantityTypeIdentifierHeartRateVariabilitySDNN
HRV SDNN,2026-07-30 17:03:35+09:00,10.9559,ms,,김하은의 Apple Watch,HKQuantityTypeIdentifierHeartRateVariabilitySDNN
Heart rate,2026-07-01 19:24:43+09:00,97.0,count/min,1,김하은의 Apple Watch,HKQuantityTypeIdentifierHeartRate
Heart rate,2026-07-01 19:30:21+09:00,98.0,count/min,1,김하은의 Apple Watch,HKQuantityTypeIdentifierHeartRate
Heart rate,2026-07-01 19:30:41+09:00,99.0,count/min,0,김하은의 Apple Watch,HKQuantityTypeIdentifierHeartRate
Heart rate,2026-07-01 19:30:46+09:00,98.0,count/min,0,김하은의 Apple Watch,HKQuantityTypeIdentifierHeartRate
Heart rate,2026-07-01 19:30:57+09:00,104.0,count/min,0,김하은의 Apple Watch,HKQuantityTypeIdentifierHeartRate
Heart rate,2026-07-01 19:31:02+09:00,106.0,count/min,0,김하은의 Apple Watch,HKQuantityTypeIdentifierHeartRate
Heart rate,2026-07-01 19:31:07+09:00,107.0,count/min,0,김하은의 Apple Watch,HKQuantityTypeIdentifierHeartRate
Heart rate,2026-07-01 19:31:11+09:00,106.0,count/min,0,김하은의 Apple Watch,HKQuantityTypeIdentifierHeartRate
Heart rate,2026-07-01 19:31:13+09:00,106.0,count/min,0,김하은의 Apple Watch,HKQuantityTypeIdentifierHeartRate
Heart rate,2026-07-01 19:31:19+09:00,104.0,count/min,0,김하은의 Apple Watch,HKQuantityTypeIdentifierHeartRate
Heart rate,2026-07-01 19:31:27+09:00,109.0,count/min,0,김하은의 Apple Watch,HKQuantityTypeIdentifierHeartRate
Heart rate,2026-07-01 19:31:30+09:00,107.0,count/min,0,김하은의 Apple Watch,HKQuantityTypeIdentifierHeartRate
Heart rate,2026-07-01 19:31:34+09:00,108.0,count/min,0,김하은의 Apple Watch,HKQuantityTypeIdentifierHeartRate
Heart rate,2026-07-01 19:31:39+09:00,105.0,count/min,0,김하은의 Apple Watch,HKQuantityTypeIdentifierHeartRate
Heart rate,2026-07-01 19:32:17+09:00,106.0,count/min,0,김하은의 Apple Watch,HKQuantityTypeIdentifierHeartRate
Heart rate,2026-07-01 19:32:22+09:00,109.0,count/min,0,김하은의 Apple Watch,HKQuantityTypeIdentifierHeartRate
Heart rate,2026-07-01 19:32:27+09:00,110.0,count/min,0,김하은의 Apple Watch,HKQuantityTypeIdentifierHeartRate
Heart rate,2026-07-01 19:32:30+09:00,110.0,count/min,0,김하은의 Apple Watch,HKQuantityTypeIdentifierHeartRate
Heart rate,2026-07-01 19:32:37+09:00,107.0,count/min,0,김하은의 Apple Watch,HKQuantityTypeIdentifierHeartRate
Heart rate,2026-07-01 19:32:38+09:00,107.0,count/min,0,김하은의 Apple Watch,HKQuantityTypeIdentifierHeartRate
Heart rate,2026-07-01 19:32:47+09:00,108.0,count/min,0,김하은의 Apple Watch,HKQuantityTypeIdentifierHeartRate
Heart rate,2026-07-01 19:32:52+09:00,109.0,count/min,0,김하은의 Apple Watch,HKQuantityTypeIdentifierHeartRate
Heart rate,2026-07-01 19:34:20+09:00,98.0,count/min,0,김하은의 Apple Watch,HKQuantityTypeIdentifierHeartRate
Heart rate,2026-07-01 19:34:25+09:00,104.0,count/min,0,김하은의 Apple Watch,HKQuantityTypeIdentifierHeartRate
Heart rate,2026-07-01 19:34:29+09:00,108.0,count/min,0,김하은의 Apple Watch,HKQuantityTypeIdentifierHeartRate
Heart rate,2026-07-01 19:34:35+09:00,111.0,count/min,0,김하은의 Apple Watch,HKQuantityTypeIdentifierHeartRate
Heart rate,2026-07-01 19:34:38+09:00,109.0,count/min,0,김하은의 Apple Watch,HKQuantityTypeIdentifierHeartRate
Heart rate,2026-07-01 19:34:41+09:00,110.0,count/min,0,김하은의 Apple Watch,HKQuantityTypeIdentifierHeartRate
Heart rate,2026-07-01 19:34:46+09:00,111.0,count/min,0,김하은의 Apple Watch,HKQuantityTypeIdentifierHeartRate
Heart rate,2026-07-01 19:34:55+09:00,116.0,count/min,0,김하은의 Apple Watch,HKQuantityTypeIdentifierHeartRate
Heart rate,2026-07-01 19:36:27+09:00,109.0,count/min,1,김하은의 Apple Watch,HKQuantityTypeIdentifierHeartRate
Heart rate,2026-07-01 19:36:51+09:00,114.0,count/min,0,김하은의 Apple Watch,HKQuantityTypeIdentifierHeartRate
Heart rate,2026-07-01 19:36:54+09:00,114.0,count/min,0,김하은의 Apple Watch,HKQuantityTypeIdentifierHeartRate
Heart rate,2026-07-01 19:37:01+09:00,102.0,count/min,0,김하은의 Apple Watch,HKQuantityTypeIdentifierHeartRate
Heart rate,2026-07-01 19:37:06+09:00,97.0,count/min,0,김하은의 Apple Watch,HKQuantityTypeIdentifierHeartRate
Heart rate,2026-07-01 19:37:09+09:00,96.0,count/min,0,김하은의 Apple Watch,HKQuantityTypeIdentifierHeartRate
Heart rate,2026-07-01 19:37:12+09:00,98.0,count/min,0,김하은의 Apple Watch,HKQuantityTypeIdentifierHeartRate
Heart rate,2026-07-01 19:37:17+09:00,101.0,count/min,0,김하은의 Apple Watch,HKQuantityTypeIdentifierHeartRate
Heart rate,2026-07-01 19:37:26+09:00,109.0,count/min,0,김하은의 Apple Watch,HKQuantityTypeIdentifierHeartRate
Heart rate,2026-07-01 19:37:54+09:00,106.0,count/min,0,김하은의 Apple Watch,HKQuantityTypeIdentifierHeartRate
Heart rate,2026-07-01 19:37:56+09:00,104.0,count/min,0,김하은의 Apple Watch,HKQuantityTypeIdentifierHeartRate
Heart rate,2026-07-01 19:40:48+09:00,105.0,count/min,1,김하은의 Apple Watch,HKQuantityTypeIdentifierHeartRate
Heart rate,2026-07-01 19:42:56+09:00,100.0,count/min,1,김하은의 Apple Watch,HKQuantityTypeIdentifierHeartRate
Heart rate,2026-07-01 19:45:23+09:00,99.0,count/min,0,김하은의 Apple Watch,HKQuantityTypeIdentifierHeartRate
Heart rate,2026-07-01 19:45:27+09:00,98.0,count/min,0,김하은의 Apple Watch,HKQuantityTypeIdentifierHeartRate
Heart rate,2026-07-01 19:45:33+09:00,103.0,count/min,0,김하은의 Apple Watch,HKQuantityTypeIdentifierHeartRate
Heart rate,2026-07-01 19:45:34+09:00,103.0,count/min,0,김하은의 Apple Watch,HKQuantityTypeIdentifierHeartRate
Heart rate,2026-07-01 19:45:42+09:00,102.0,count/min,0,김하은의 Apple Watch,HKQuantityTypeIdentifierHeartRate
Heart rate,2026-07-01 19:47:34+09:00,100.0,count/min,1,김하은의 Apple Watch,HKQuantityTypeIdentifierHeartRate
Heart rate,2026-07-01 19:56:03+09:00,107.0,count/min,1,김하은의 Apple Watch,HKQuantityTypeIdentifierHeartRate
Heart rate,2026-07-01 19:56:24+09:00,111.463,count/min,0,김하은의 Apple Watch,HKQuantityTypeIdentifierHeartRate
Heart rate,2026-07-01 20:00:45+09:00,106.0,count/min,1,김하은의 Apple Watch,HKQuantityTypeIdentifierHeartRate
Heart rate,2026-07-01 20:06:50+09:00,92.0,count/min,1,김하은의 Apple Watch,HKQuantityTypeIdentifierHeartRate
Heart rate,2026-07-01 20:11:34+09:00,97.0,count/min,1,김하은의 Apple Watch,HKQuantityTypeIdentifierHeartRate
Heart rate,2026-07-01 20:14:22+09:00,99.0,count/min,1,김하은의 Apple Watch,HKQuantityTypeIdentifierHeartRate
Heart rate,2026-07-01 20:17:21+09:00,99.0,count/min,1,김하은의 Apple Watch,HKQuantityTypeIdentifierHeartRate
Heart rate,2026-07-01 20:24:57+09:00,99.0,count/min,1,김하은의 Apple Watch,HKQuantityTypeIdentifierHeartRate
Heart rate,2026-07-01 20:28:20+09:00,98.0,count/min,1,김하은의 Apple Watch,HKQuantityTypeIdentifierHeartRate
Heart rate,2026-07-01 20:32:38+09:00,90.0,count/min,1,김하은의 Apple Watch,HKQuantityTypeIdentifierHeartRate
Heart rate,2026-07-01 21:42:10+09:00,87.0,count/min,1,김하은의 Apple Watch,HKQuantityTypeIdentifierHeartRate
Heart rate,2026-07-01 21:43:12+09:00,85.0,count/min,1,김하은의 Apple Watch,HKQuantityTypeIdentifierHeartRate
Heart rate,2026-07-01 21:48:16+09:00,84.0,count/min,1,김하은의 Apple Watch,HKQuantityTypeIdentifierHeartRate
Heart rate,2026-07-01 21:57:06+09:00,84.0,count/min,1,김하은의 Apple Watch,HKQuantityTypeIdentifierHeartRate
Heart rate,2026-07-01 21:58:13+09:00,78.0,count/min,1,김하은의 Apple Watch,HKQuantityTypeIdentifierHeartRate
Heart rate,2026-07-01 22:02:38+09:00,84.0,count/min,1,김하은의 Apple Watch,HKQuantityTypeIdentifierHeartRate
Heart rate,2026-07-01 22:07:20+09:00,85.0,count/min,1,김하은의 Apple Watch,HKQuantityTypeIdentifierHeartRate
Heart rate,2026-07-01 22:13:34+09:00,84.0,count/min,1,김하은의 Apple Watch,HKQuantityTypeIdentifierHeartRate
Heart rate,2026-07-01 22:17:17+09:00,89.0,count/min,1,김하은의 Apple Watch,HKQuantityTypeIdentifierHeartRate
Heart rate,2026-07-01 22:25:47+09:00,80.0,count/min,1,김하은의 Apple Watch,HKQuantityTypeIdentifierHeartRate
Heart rate,2026-07-01 22:28:18+09:00,81.0,count/min,1,김하은의 Apple Watch,HKQuantityTypeIdentifierHeartRate
Heart rate,2026-07-01 22:35:17+09:00,89.0,count/min,1,김하은의 Apple Watch,HKQuantityTypeIdentifierHeartRate
Heart rate,2026-07-02 10:42:04+09:00,99.0,count/min,0,김하은의 Apple Watch,HKQuantityTypeIdentifierHeartRate
Heart rate,2026-07-02 10:42:09+09:00,99.0,count/min,0,김하은의 Apple Watch,HKQuantityTypeIdentifierHeartRate
Heart rate,2026-07-02 10:42:11+09:00,99.0,count/min,0,김하은의 Apple Watch,HKQuantityTypeIdentifierHeartRate
Heart rate,2026-07-02 10:42:19+09:00,102.0,count/min,0,김하은의 Apple Watch,HKQuantityTypeIdentifierHeartRate
Heart rate,2026-07-02 10:42:21+09:00,101.0,count/min,0,김하은의 Apple Watch,HKQuantityTypeIdentifierHeartRate
Heart rate,2026-07-02 10:42:25+09:00,103.0,count/min,0,김하은의 Apple Watch,HKQuantityTypeIdentifierHeartRate
Heart rate,2026-07-02 10:42:30+09:00,104.0,count/min,0,김하은의 Apple Watch,HKQuantityTypeIdentifierHeartRate
Heart rate,2026-07-02 10:42:39+09:00,110.0,count/min,0,김하은의 Apple Watch,HKQuantityTypeIdentifierHeartRate
Heart rate,2026-07-02 10:42:42+09:00,110.0,count/min,0,김하은의 Apple Watch,HKQuantityTypeIdentifierHeartRate
Heart rate,2026-07-02 10:42:45+09:00,110.0,count/min,0,김하은의 Apple Watch,HKQuantityTypeIdentifierHeartRate
Heart rate,2026-07-02 10:42:54+09:00,108.0,count/min,0,김하은의 Apple Watch,HKQuantityTypeIdentifierHeartRate
Heart rate,2026-07-02 10:46:07+09:00,82.0,count/min,1,김하은의 Apple Watch,HKQuantityTypeIdentifierHeartRate
Heart rate,2026-07-02 10:46:35+09:00,84.6174,count/min,0,김하은의 Apple Watch,HKQuantityTypeIdentifierHeartRate
Heart rate,2026-07-02 10:46:42+09:00,84.0,count/min,0,김하은의 Apple Watch,HKQuantityTypeIdentifierHeartRate
Heart rate,2026-07-02 10:51:12+09:00,80.0,count/min,1,김하은의 Apple Watch,HKQuantityTypeIdentifierHeartRate
Heart rate,2026-07-02 10:52:17+09:00,74.0,count/min,1,김하은의 Apple Watch,HKQuantityTypeIdentifierHeartRate
Heart rate,2026-07-02 11:00:06+09:00,112.0,count/min,2,김하은의 Apple Watch,HKQuantityTypeIdentifierHeartRate
Heart rate,2026-07-02 11:02:24+09:00,108.0,count/min,2,김하은의 Apple Watch,HKQuantityTypeIdentifierHeartRate
Heart rate,2026-07-02 11:02:31+09:00,110.0,count/min,0,김하은의 Apple Watch,HKQuantityTypeIdentifierHeartRate
Heart rate,2026-07-02 11:02:36+09:00,111.0,count/min,0,김하은의 Apple Watch,HKQuantityTypeIdentifierHeartRate
Heart rate,2026-07-02 11:02:41+09:00,111.0,count/min,0,김하은의 Apple Watch,HKQuantityTypeIdentifierHeartRate
Heart rate,2026-07-02 11:02:42+09:00,112.0,count/min,0,김하은의 Apple Watch,HKQuantityTypeIdentifierHeartRate
Heart rate,2026-07-02 11:02:51+09:00,110.0,count/min,0,김하은의 Apple Watch,HKQuantityTypeIdentifierHeartRate
Heart rate,2026-07-02 11:02:52+09:00,110.0,count/min,0,김하은의 Apple Watch,HKQuantityTypeIdentifierHeartRate
Heart rate,2026-07-02 11:02:57+09:00,109.0,count/min,0,김하은의 Apple Watch,HKQuantityTypeIdentifierHeartRate
Heart rate,2026-07-02 11:03:02+09:00,107.0,count/min,0,김하은의 Apple Watch,HKQuantityTypeIdentifierHeartRate
Heart rate,2026-07-02 11:03:08+09:00,109.0,count/min,0,김하은의 Apple Watch,HKQuantityTypeIdentifierHeartRate
Heart rate,2026-07-02 11:03:12+09:00,109.0,count/min,0,김하은의 Apple Watch,HKQuantityTypeIdentifierHeartRate
Heart rate,2026-07-02 11:03:20+09:00,109.0,count/min,0,김하은의 Apple Watch,HKQuantityTypeIdentifierHeartRate
Heart rate,2026-07-02 11:03:23+09:00,108.0,count/min,0,김하은의 Apple Watch,HKQuantityTypeIdentifierHeartRate
Heart rate,2026-07-02 11:03:30+09:00,107.0,count/min,0,김하은의 Apple Watch,HKQuantityTypeIdentifierHeartRate
Heart rate,2026-07-02 11:03:35+09:00,107.0,count/min,0,김하은의 Apple Watch,HKQuantityTypeIdentifierHeartRate
Heart rate,2026-07-02 11:03:37+09:00,107.0,count/min,0,김하은의 Apple Watch,HKQuantityTypeIdentifierHeartRate
Heart rate,2026-07-02 11:03:42+09:00,107.0,count/min,0,김하은의 Apple Watch,HKQuantityTypeIdentifierHeartRate
Heart rate,2026-07-02 11:03:51+09:00,97.0,count/min,0,김하은의 Apple Watch,HKQuantityTypeIdentifierHeartRate
Heart rate,2026-07-02 11:03:53+09:00,97.0,count/min,0,김하은의 Apple Watch,HKQuantityTypeIdentifierHeartRate
Heart rate,2026-07-02 11:03:57+09:00,101.0,count/min,0,김하은의 Apple Watch,HKQuantityTypeIdentifierHeartRate
Heart rate,2026-07-02 11:04:05+09:00,103.0,count/min,0,김하은의 Apple Watch,HKQuantityTypeIdentifierHeartRate
Heart rate,2026-07-02 11:04:11+09:00,104.0,count/min,0,김하은의 Apple Watch,HKQuantityTypeIdentifierHeartRate
Heart rate,2026-07-02 11:04:13+09:00,104.0,count/min,0,김하은의 Apple Watch,HKQuantityTypeIdentifierHeartRate
Heart rate,2026-07-02 11:04:21+09:00,107.0,count/min,0,김하은의 Apple Watch,HKQuantityTypeIdentifierHeartRate
Heart rate,2026-07-02 11:04:22+09:00,107.0,count/min,0,김하은의 Apple Watch,HKQuantityTypeIdentifierHeartRate
Heart rate,2026-07-02 11:04:27+09:00,108.0,count/min,0,김하은의 Apple Watch,HKQuantityTypeIdentifierHeartRate
Heart rate,2026-07-02 11:04:36+09:00,113.0,count/min,0,김하은의 Apple Watch,HKQuantityTypeIdentifierHeartRate
Heart rate,2026-07-02 11:04:37+09:00,113.0,count/min,0,김하은의 Apple Watch,HKQuantityTypeIdentifierHeartRate
Heart rate,2026-07-02 11:04:42+09:00,110.0,count/min,0,김하은의 Apple Watch,HKQuantityTypeIdentifierHeartRate
Heart rate,2026-07-02 11:04:51+09:00,116.0,count/min,0,김하은의 Apple Watch,HKQuantityTypeIdentifierHeartRate
Heart rate,2026-07-02 11:04:55+09:00,122.0,count/min,0,김하은의 Apple Watch,HKQuantityTypeIdentifierHeartRate
Heart rate,2026-07-02 11:04:57+09:00,123.0,count/min,0,김하은의 Apple Watch,HKQuantityTypeIdentifierHeartRate
Heart rate,2026-07-02 11:05:04+09:00,127.0,count/min,0,김하은의 Apple Watch,HKQuantityTypeIdentifierHeartRate
Heart rate,2026-07-02 11:05:11+09:00,120.0,count/min,0,김하은의 Apple Watch,HKQuantityTypeIdentifierHeartRate
Heart rate,2026-07-02 11:05:14+09:00,121.0,count/min,0,김하은의 Apple Watch,HKQuantityTypeIdentifierHeartRate
Heart rate,2026-07-02 11:05:18+09:00,121.0,count/min,0,김하은의 Apple Watch,HKQuantityTypeIdentifierHeartRate
Heart rate,2026-07-02 11:05:25+09:00,116.0,count/min,0,김하은의 Apple Watch,HKQuantityTypeIdentifierHeartRate
Heart rate,2026-07-02 11:06:47+09:00,77.0,count/min,0,김하은의 Apple Watch,HKQuantityTypeIdentifierHeartRate
Heart rate,2026-07-02 11:09:26+09:00,93.0,count/min,1,김하은의 Apple Watch,HKQuantityTypeIdentifierHeartRate
Heart rate,2026-07-02 11:12:23+09:00,87.0,count/min,0,김하은의 Apple Watch,HKQuantityTypeIdentifierHeartRate
Heart rate,2026-07-02 11:14:02+09:00,102.0,count/min,2,김하은의 Apple Watch,HKQuantityTypeIdentifierHeartRate
Heart rate,2026-07-02 11:15:37+09:00,118.0,count/min,0,김하은의 Apple Watch,HKQuantityTypeIdentifierHeartRate
Heart rate,2026-07-02 11:15:40+09:00,119.0,count/min,0,김하은의 Apple Watch,HKQuantityTypeIdentifierHeartRate
Heart rate,2026-07-02 11:15:47+09:00,119.0,count/min,0,김하은의 Apple Watch,HKQuantityTypeIdentifierHeartRate
Heart rate,2026-07-02 11:15:52+09:00,120.0,count/min,0,김하은의 Apple Watch,HKQuantityTypeIdentifierHeartRate
Heart rate,2026-07-02 11:15:57+09:00,121.0,count/min,0,김하은의 Apple Watch,HKQuantityTypeIdentifierHeartRate
Heart rate,2026-07-02 11:15:59+09:00,121.0,count/min,0,김하은의 Apple Watch,HKQuantityTypeIdentifierHeartRate
Heart rate,2026-07-02 11:16:03+09:00,120.0,count/min,0,김하은의 Apple Watch,HKQuantityTypeIdentifierHeartRate
Heart rate,2026-07-02 11:16:09+09:00,121.0,count/min,0,김하은의 Apple Watch,HKQuantityTypeIdentifierHeartRate
Heart rate,2026-07-02 11:16:17+09:00,119.0,count/min,0,김하은의 Apple Watch,HKQuantityTypeIdentifierHeartRate
Heart rate,2026-07-02 11:16:22+09:00,119.0,count/min,0,김하은의 Apple Watch,HKQuantityTypeIdentifierHeartRate
Heart rate,2026-07-02 11:16:27+09:00,119.0,count/min,0,김하은의 Apple Watch,HKQuantityTypeIdentifierHeartRate
Heart rate,2026-07-02 11:16:29+09:00,119.0,count/min,0,김하은의 Apple Watch,HKQuantityTypeIdentifierHeartRate
Heart rate,2026-07-02 11:16:37+09:00,123.0,count/min,0,김하은의 Apple Watch,HKQuantityTypeIdentifierHeartRate
Heart rate,2026-07-02 11:16:39+09:00,123.0,count/min,0,김하은의 Apple Watch,HKQuantityTypeIdentifierHeartRate
Heart rate,2026-07-02 11:16:44+09:00,124.0,count/min,0,김하은의 Apple Watch,HKQuantityTypeIdentifierHeartRate
Heart rate,2026-07-02 11:16:52+09:00,122.0,count/min,0,김하은의 Apple Watch,HKQuantityTypeIdentifierHeartRate
Heart rate,2026-07-02 11:16:56+09:00,122.0,count/min,0,김하은의 Apple Watch,HKQuantityTypeIdentifierHeartRate
Heart rate,2026-07-02 11:16:59+09:00,122.0,count/min,0,김하은의 Apple Watch,HKQuantityTypeIdentifierHeartRate
Heart rate,2026-07-02 11:17:07+09:00,124.0,count/min,0,김하은의 Apple Watch,HKQuantityTypeIdentifierHeartRate
Heart rate,2026-07-02 11:17:08+09:00,123.0,count/min,0,김하은의 Apple Watch,HKQuantityTypeIdentifierHeartRate
Heart rate,2026-07-02 11:17:14+09:00,123.0,count/min,0,김하은의 Apple Watch,HKQuantityTypeIdentifierHeartRate
Heart rate,2026-07-02 11:17:20+09:00,125.0,count/min,0,김하은의 Apple Watch,HKQuantityTypeIdentifierHeartRate
Heart rate,2026-07-02 11:17:26+09:00,124.0,count/min,0,김하은의 Apple Watch,HKQuantityTypeIdentifierHeartRate
Heart rate,2026-07-02 11:17:30+09:00,125.0,count/min,0,김하은의 Apple Watch,HKQuantityTypeIdentifierHeartRate
Heart rate,2026-07-02 11:17:35+09:00,126.0,count/min,0,김하은의 Apple Watch,HKQuantityTypeIdentifierHeartRate
Heart rate,2026-07-02 11:17:39+09:00,126.0,count/min,0,김하은의 Apple Watch,HKQuantityTypeIdentifierHeartRate
Heart rate,2026-07-02 11:17:46+09:00,125.0,count/min,0,김하은의 Apple Watch,HKQuantityTypeIdentifierHeartRate
Heart rate,2026-07-02 11:17:52+09:00,124.0,count/min,0,김하은의 Apple Watch,HKQuantityTypeIdentifierHeartRate
Heart rate,2026-07-02 11:17:57+09:00,123.0,count/min,0,김하은의 Apple Watch,HKQuantityTypeIdentifierHeartRate
Heart rate,2026-07-02 11:18:01+09:00,123.0,count/min,0,김하은의 Apple Watch,HKQuantityTypeIdentifierHeartRate
Heart rate,2026-07-02 11:18:03+09:00,123.0,count/min,0,김하은의 Apple Watch,HKQuantityTypeIdentifierHeartRate
Heart rate,2026-07-02 11:18:12+09:00,127.0,count/min,0,김하은의 Apple Watch,HKQuantityTypeIdentifierHeartRate
Heart rate,2026-07-02 11:18:13+09:00,127.0,count/min,0,김하은의 Apple Watch,HKQuantityTypeIdentifierHeartRate
Heart rate,2026-07-02 11:18:18+09:00,128.0,count/min,0,김하은의 Apple Watch,HKQuantityTypeIdentifierHeartRate
Heart rate,2026-07-02 11:18:23+09:00,130.0,count/min,0,김하은의 Apple Watch,HKQuantityTypeIdentifierHeartRate
Heart rate,2026-07-02 11:18:31+09:00,129.0,count/min,0,김하은의 Apple Watch,HKQuantityTypeIdentifierHeartRate
Heart rate,2026-07-02 11:18:35+09:00,127.0,count/min,0,김하은의 Apple Watch,HKQuantityTypeIdentifierHeartRate
Heart rate,2026-07-02 11:18:39+09:00,127.0,count/min,0,김하은의 Apple Watch,HKQuantityTypeIdentifierHeartRate
Heart rate,2026-07-02 11:18:47+09:00,124.0,count/min,0,김하은의 Apple Watch,HKQuantityTypeIdentifierHeartRate
Heart rate,2026-07-02 11:18:52+09:00,122.0,count/min,0,김하은의 Apple Watch,HKQuantityTypeIdentifierHeartRate
Heart rate,2026-07-02 11:18:53+09:00,122.0,count/min,0,김하은의 Apple Watch,HKQuantityTypeIdentifierHeartRate
Heart rate,2026-07-02 11:18:58+09:00,121.0,count/min,0,김하은의 Apple Watch,HKQuantityTypeIdentifierHeartRate
Heart rate,2026-07-02 11:19:04+09:00,116.0,count/min,0,김하은의 Apple Watch,HKQuantityTypeIdentifierHeartRate
Heart rate,2026-07-02 11:19:08+09:00,115.0,count/min,0,김하은의 Apple Watch,HKQuantityTypeIdentifierHeartRate
Heart rate,2026-07-02 11:19:16+09:00,118.0,count/min,0,김하은의 Apple Watch,HKQuantityTypeIdentifierHeartRate
Heart rate,2026-07-02 11:19:21+09:00,118.0,count/min,0,김하은의 Apple Watch,HKQuantityTypeIdentifierHeartRate
Heart rate,2026-07-02 11:19:23+09:00,117.0,count/min,0,김하은의 Apple Watch,HKQuantityTypeIdentifierHeartRate
Heart rate,2026-07-02 11:19:28+09:00,116.0,count/min,0,김하은의 Apple Watch,HKQuantityTypeIdentifierHeartRate
Heart rate,2026-07-02 11:19:34+09:00,118.0,count/min,0,김하은의 Apple Watch,HKQuantityTypeIdentifierHeartRate
Heart rate,2026-07-02 11:19:41+09:00,121.0,count/min,0,김하은의 Apple Watch,HKQuantityTypeIdentifierHeartRate
Heart rate,2026-07-02 11:19:46+09:00,122.0,count/min,0,김하은의 Apple Watch,HKQuantityTypeIdentifierHeartRate
Heart rate,2026-07-02 11:19:52+09:00,123.0,count/min,0,김하은의 Apple Watch,HKQuantityTypeIdentifierHeartRate
Heart rate,2026-07-02 11:19:53+09:00,123.0,count/min,0,김하은의 Apple Watch,HKQuantityTypeIdentifierHeartRate
Heart rate,2026-07-02 11:19:59+09:00,119.0,count/min,0,김하은의 Apple Watch,HKQuantityTypeIdentifierHeartRate
Heart rate,2026-07-02 11:20:04+09:00,120.0,count/min,0,김하은의 Apple Watch,HKQuantityTypeIdentifierHeartRate
Heart rate,2026-07-02 11:20:11+09:00,126.0,count/min,0,김하은의 Apple Watch,HKQuantityTypeIdentifierHeartRate
Heart rate,2026-07-02 11:20:17+09:00,128.0,count/min,0,김하은의 Apple Watch,HKQuantityTypeIdentifierHeartRate
Heart rate,2026-07-02 11:20:18+09:00,129.0,count/min,0,김하은의 Apple Watch,HKQuantityTypeIdentifierHeartRate
Heart rate,2026-07-02 11:20:26+09:00,125.0,count/min,0,김하은의 Apple Watch,HKQuantityTypeIdentifierHeartRate
Heart rate,2026-07-02 11:20:31+09:00,125.0,count/min,0,김하은의 Apple Watch,HKQuantityTypeIdentifierHeartRate
Heart rate,2026-07-02 11:20:33+09:00,124.0,count/min,0,김하은의 Apple Watch,HKQuantityTypeIdentifierHeartRate
Heart rate,2026-07-02 11:20:42+09:00,120.0,count/min,0,김하은의 Apple Watch,HKQuantityTypeIdentifierHeartRate
Heart rate,2026-07-02 11:20:45+09:00,121.0,count/min,0,김하은의 Apple Watch,HKQuantityTypeIdentifierHeartRate
Heart rate,2026-07-02 11:20:52+09:00,122.0,count/min,0,김하은의 Apple Watch,HKQuantityTypeIdentifierHeartRate
Heart rate,2026-07-02 11:20:53+09:00,122.0,count/min,0,김하은의 Apple Watch,HKQuantityTypeIdentifierHeartRate
Heart rate,2026-07-02 11:21:01+09:00,118.0,count/min,0,김하은의 Apple Watch,HKQuantityTypeIdentifierHeartRate
Heart rate,2026-07-02 11:21:55+09:00,105.0,count/min,1,김하은의 Apple Watch,HKQuantityTypeIdentifierHeartRate
Heart rate,2026-07-02 11:26:42+09:00,84.0,count/min,1,김하은의 Apple Watch,HKQuantityTypeIdentifierHeartRate
Heart rate,2026-07-02 11:28:26+09:00,78.0,count/min,1,김하은의 Apple Watch,HKQuantityTypeIdentifierHeartRate
Heart rate,2026-07-02 11:33:07+09:00,82.0,count/min,0,김하은의 Apple Watch,HKQuantityTypeIdentifierHeartRate
Heart rate,2026-07-02 11:37:19+09:00,79.0,count/min,1,김하은의 Apple Watch,HKQuantityTypeIdentifierHeartRate
Heart rate,2026-07-02 11:38:16+09:00,82.1966,count/min,0,김하은의 Apple Watch,HKQuantityTypeIdentifierHeartRate
Heart rate,2026-07-02 11:44:54+09:00,79.0,count/min,1,김하은의 Apple Watch,HKQuantityTypeIdentifierHeartRate
Heart rate,2026-07-02 11:49:50+09:00,80.0,count/min,1,김하은의 Apple Watch,HKQuantityTypeIdentifierHeartRate
Heart rate,2026-07-02 11:50:28+09:00,77.0,count/min,0,김하은의 Apple Watch,HKQuantityTypeIdentifierHeartRate
Heart rate,2026-07-02 11:54:53+09:00,91.0,count/min,1,김하은의 Apple Watch,HKQuantityTypeIdentifierHeartRate
Heart rate,2026-07-02 11:59:18+09:00,96.0,count/min,2,김하은의 Apple Watch,HKQuantityTypeIdentifierHeartRate
Heart rate,2026-07-02 12:06:09+09:00,92.0,count/min,2,김하은의 Apple Watch,HKQuantityTypeIdentifierHeartRate
Heart rate,2026-07-02 12:06:16+09:00,101.0,count/min,0,김하은의 Apple Watch,HKQuantityTypeIdentifierHeartRate
Heart rate,2026-07-02 12:06:20+09:00,103.0,count/min,0,김하은의 Apple Watch,HKQuantityTypeIdentifierHeartRate
Heart rate,2026-07-02 12:06:25+09:00,98.0,count/min,0,김하은의 Apple Watch,HKQuantityTypeIdentifierHeartRate
Heart rate,2026-07-02 12:06:30+09:00,90.0,count/min,0,김하은의 Apple Watch,HKQuantityTypeIdentifierHeartRate
Heart rate,2026-07-02 12:06:32+09:00,88.0,count/min,0,김하은의 Apple Watch,HKQuantityTypeIdentifierHeartRate
Heart rate,2026-07-02 12:06:41+09:00,80.0,count/min,0,김하은의 Apple Watch,HKQuantityTypeIdentifierHeartRate
Heart rate,2026-07-02 12:06:46+09:00,80.0,count/min,0,김하은의 Apple Watch,HKQuantityTypeIdentifierHeartRate
Heart rate,2026-07-02 12:06:47+09:00,79.0,count/min,0,김하은의 Apple Watch,HKQuantityTypeIdentifierHeartRate
Heart rate,2026-07-02 12:07:13+09:00,79.0,count/min,1,김하은의 Apple Watch,HKQuantityTypeIdentifierHeartRate
Heart rate,2026-07-02 12:09:21+09:00,136.0,count/min,2,김하은의 Apple Watch,HKQuantityTypeIdentifierHeartRate
Heart rate,2026-07-02 12:11:02+09:00,108.0,count/min,0,김하은의 Apple Watch,HKQuantityTypeIdentifierHeartRate
Heart rate,2026-07-02 12:11:07+09:00,109.0,count/min,0,김하은의 Apple Watch,HKQuantityTypeIdentifierHeartRate
Heart rate,2026-07-02 12:11:10+09:00,110.0,count/min,0,김하은의 Apple Watch,HKQuantityTypeIdentifierHeartRate
Heart rate,2026-07-02 12:11:13+09:00,110.0,count/min,0,김하은의 Apple Watch,HKQuantityTypeIdentifierHeartRate
Heart rate,2026-07-02 12:11:20+09:00,108.0,count/min,0,김하은의 Apple Watch,HKQuantityTypeIdentifierHeartRate
Heart rate,2026-07-02 12:11:24+09:00,108.0,count/min,0,김하은의 Apple Watch,HKQuantityTypeIdentifierHeartRate
Heart rate,2026-07-02 12:11:29+09:00,110.0,count/min,0,김하은의 Apple Watch,HKQuantityTypeIdentifierHeartRate
Heart rate,2026-07-02 12:11:34+09:00,112.0,count/min,0,김하은의 Apple Watch,HKQuantityTypeIdentifierHeartRate
Heart rate,2026-07-02 12:14:00+09:00,108.0,count/min,2,김하은의 Apple Watch,HKQuantityTypeIdentifierHeartRate
Heart rate,2026-07-02 12:14:24+09:00,92.0,count/min,1,김하은의 Apple Watch,HKQuantityTypeIdentifierHeartRate
Heart rate,2026-07-02 12:20:36+09:00,85.0,count/min,1,김하은의 Apple Watch,HKQuantityTypeIdentifierHeartRate
Heart rate,2026-07-02 12:23:31+09:00,95.0,count/min,1,김하은의 Apple Watch,HKQuantityTypeIdentifierHeartRate
Heart rate,2026-07-02 12:30:29+09:00,78.0,count/min,1,김하은의 Apple Watch,HKQuantityTypeIdentifierHeartRate
Heart rate,2026-07-02 12:34:44+09:00,96.0,count/min,0,김하은의 Apple Watch,HKQuantityTypeIdentifierHeartRate
Heart rate,2026-07-02 12:34:49+09:00,98.0,count/min,0,김하은의 Apple Watch,HKQuantityTypeIdentifierHeartRate
Heart rate,2026-07-02 12:34:52+09:00,97.0,count/min,0,김하은의 Apple Watch,HKQuantityTypeIdentifierHeartRate
Heart rate,2026-07-02 12:34:58+09:00,88.0,count/min,0,김하은의 Apple Watch,HKQuantityTypeIdentifierHeartRate
Heart rate,2026-07-02 12:35:01+09:00,87.0,count/min,0,김하은의 Apple Watch,HKQuantityTypeIdentifierHeartRate
Heart rate,2026-07-02 12:37:49+09:00,81.0,count/min,1,김하은의 Apple Watch,HKQuantityTypeIdentifierHeartRate
Heart rate,2026-07-02 12:40:08+09:00,106.0,count/min,2,김하은의 Apple Watch,HKQuantityTypeIdentifierHeartRate
Heart rate,2026-07-02 12:42:03+09:00,157.0,count/min,0,김하은의 Apple Watch,HKQuantityTypeIdentifierHeartRate
Heart rate,2026-07-02 12:42:08+09:00,159.0,count/min,0,김하은의 Apple Watch,HKQuantityTypeIdentifierHeartRate
Heart rate,2026-07-02 12:42:10+09:00,159.0,count/min,0,김하은의 Apple Watch,HKQuantityTypeIdentifierHeartRate
Heart rate,2026-07-02 12:42:17+09:00,161.0,count/min,0,김하은의 Apple Watch,HKQuantityTypeIdentifierHeartRate
Heart rate,2026-07-02 12:42:19+09:00,161.0,count/min,0,김하은의 Apple Watch,HKQuantityTypeIdentifierHeartRate
Heart rate,2026-07-02 12:44:44+09:00,159.0,count/min,2,김하은의 Apple Watch,HKQuantityTypeIdentifierHeartRate
Heart rate,2026-07-02 12:46:45+09:00,119.0,count/min,0,김하은의 Apple Watch,HKQuantityTypeIdentifierHeartRate
Heart rate,2026-07-02 12:48:48+09:00,92.0,count/min,1,김하은의 Apple Watch,HKQuantityTypeIdentifierHeartRate
Heart rate,2026-07-02 12:50:49+09:00,84.0,count/min,0,김하은의 Apple Watch,HKQuantityTypeIdentifierHeartRate
Heart rate,2026-07-02 12:52:28+09:00,86.0,count/min,1,김하은의 Apple Watch,HKQuantityTypeIdentifierHeartRate
Heart rate,2026-07-02 13:01:46+09:00,93.0,count/min,1,김하은의 Apple Watch,HKQuantityTypeIdentifierHeartRate
Heart rate,2026-07-02 13:02:53+09:00,91.0,count/min,0,김하은의 Apple Watch,HKQuantityTypeIdentifierHeartRate
Heart rate,2026-07-02 13:08:45+09:00,90.0,count/min,1,김하은의 Apple Watch,HKQuantityTypeIdentifierHeartRate
Heart rate,2026-07-02 13:14:43+09:00,102.0,count/min,0,김하은의 Apple Watch,HKQuantityTypeIdentifierHeartRate
Heart rate,2026-07-02 13:21:52+09:00,91.0,count/min,1,김하은의 Apple Watch,HKQuantityTypeIdentifierHeartRate
Heart rate,2026-07-02 13:23:22+09:00,85.0,count/min,0,김하은의 Apple Watch,HKQuantityTypeIdentifierHeartRate
Heart rate,2026-07-02 13:27:12+09:00,86.0,count/min,1,김하은의 Apple Watch,HKQuantityTypeIdentifierHeartRate
Heart rate,2026-07-02 13:28:47+09:00,85.0,count/min,1,김하은의 Apple Watch,HKQuantityTypeIdentifierHeartRate
Heart rate,2026-07-02 13:33:34+09:00,85.0,count/min,1,김하은의 Apple Watch,HKQuantityTypeIdentifierHeartRate
Heart rate,2026-07-02 13:37:26+09:00,83.0,count/min,1,김하은의 Apple Watch,HKQuantityTypeIdentifierHeartRate
Heart rate,2026-07-02 13:44:43+09:00,84.0,count/min,1,김하은의 Apple Watch,HKQuantityTypeIdentifierHeartRate
Heart rate,2026-07-02 13:49:46+09:00,85.0,count/min,1,김하은의 Apple Watch,HKQuantityTypeIdentifierHeartRate
Heart rate,2026-07-02 13:56:38+09:00,85.0,count/min,1,김하은의 Apple Watch,HKQuantityTypeIdentifierHeartRate
Heart rate,2026-07-02 14:00:18+09:00,84.0,count/min,1,김하은의 Apple Watch,HKQuantityTypeIdentifierHeartRate
Heart rate,2026-07-02 14:06:45+09:00,79.0,count/min,1,김하은의 Apple Watch,HKQuantityTypeIdentifierHeartRate
Heart rate,2026-07-02 14:09:05+09:00,79.0,count/min,1,김하은의 Apple Watch,HKQuantityTypeIdentifierHeartRate
Heart rate,2026-07-02 14:14:56+09:00,96.0,count/min,0,김하은의 Apple Watch,HKQuantityTypeIdentifierHeartRate
Heart rate,2026-07-02 14:16:38+09:00,104.0,count/min,2,김하은의 Apple Watch,HKQuantityTypeIdentifierHeartRate
Heart rate,2026-07-02 14:18:17+09:00,87.0,count/min,0,김하은의 Apple Watch,HKQuantityTypeIdentifierHeartRate
Heart rate,2026-07-02 14:21:41+09:00,105.0,count/min,2,김하은의 Apple Watch,HKQuantityTypeIdentifierHeartRate
Heart rate,2026-07-02 14:23:34+09:00,91.0,count/min,1,김하은의 Apple Watch,HKQuantityTypeIdentifierHeartRate
Heart rate,2026-07-02 14:30:58+09:00,100.0,count/min,0,김하은의 Apple Watch,HKQuantityTypeIdentifierHeartRate
Heart rate,2026-07-02 14:36:50+09:00,100.0,count/min,1,김하은의 Apple Watch,HKQuantityTypeIdentifierHeartRate
Heart rate,2026-07-02 14:42:07+09:00,99.0,count/min,1,김하은의 Apple Watch,HKQuantityTypeIdentifierHeartRate
Heart rate,2026-07-02 14:46:40+09:00,103.0,count/min,1,김하은의 Apple Watch,HKQuantityTypeIdentifierHeartRate
Heart rate,2026-07-02 14:49:49+09:00,90.0,count/min,1,김하은의 Apple Watch,HKQuantityTypeIdentifierHeartRate
Heart rate,2026-07-02 14:52:52+09:00,91.0,count/min,1,김하은의 Apple Watch,HKQuantityTypeIdentifierHeartRate
Heart rate,2026-07-02 15:00:07+09:00,89.0,count/min,1,김하은의 Apple Watch,HKQuantityTypeIdentifierHeartRate
Heart rate,2026-07-02 15:06:11+09:00,84.0,count/min,1,김하은의 Apple Watch,HKQuantityTypeIdentifierHeartRate
Heart rate,2026-07-02 15:06:15+09:00,85.0,count/min,0,김하은의 Apple Watch,HKQuantityTypeIdentifierHeartRate
Heart rate,2026-07-02 15:08:25+09:00,84.0,count/min,1,김하은의 Apple Watch,HKQuantityTypeIdentifierHeartRate
Heart rate,2026-07-02 15:13:35+09:00,85.0,count/min,1,김하은의 Apple Watch,HKQuantityTypeIdentifierHeartRate
Heart rate,2026-07-02 15:23:31+09:00,88.0,count/min,1,김하은의 Apple Watch,HKQuantityTypeIdentifierHeartRate
Heart rate,2026-07-02 15:24:04+09:00,88.2595,count/min,0,김하은의 Apple Watch,HKQuantityTypeIdentifierHeartRate
Heart rate,2026-07-02 16:21:45+09:00,101.0,count/min,2,김하은의 Apple Watch,HKQuantityTypeIdentifierHeartRate
Heart rate,2026-07-02 16:24:16+09:00,99.0,count/min,2,김하은의 Apple Watch,HKQuantityTypeIdentifierHeartRate
Heart rate,2026-07-02 16:27:10+09:00,107.0,count/min,0,김하은의 Apple Watch,HKQuantityTypeIdentifierHeartRate
Heart rate,2026-07-02 16:27:32+09:00,105.0,count/min,0,김하은의 Apple Watch,HKQuantityTypeIdentifierHeartRate
Heart rate,2026-07-02 16:27:34+09:00,104.0,count/min,0,김하은의 Apple Watch,HKQuantityTypeIdentifierHeartRate
Heart rate,2026-07-02 16:27:41+09:00,103.0,count/min,0,김하은의 Apple Watch,HKQuantityTypeIdentifierHeartRate
Heart rate,2026-07-02 16:27:43+09:00,103.0,count/min,0,김하은의 Apple Watch,HKQuantityTypeIdentifierHeartRate
Heart rate,2026-07-02 16:27:48+09:00,103.0,count/min,0,김하은의 Apple Watch,HKQuantityTypeIdentifierHeartRate
Heart rate,2026-07-02 16:27:57+09:00,99.0,count/min,0,김하은의 Apple Watch,HKQuantityTypeIdentifierHeartRate
Heart rate,2026-07-02 16:28:01+09:00,100.0,count/min,0,김하은의 Apple Watch,HKQuantityTypeIdentifierHeartRate
Heart rate,2026-07-02 16:31:50+09:00,90.0,count/min,0,김하은의 Apple Watch,HKQuantityTypeIdentifierHeartRate
Heart rate,2026-07-02 16:36:02+09:00,92.0,count/min,0,김하은의 Apple Watch,HKQuantityTypeIdentifierHeartRate
Heart rate,2026-07-02 16:37:43+09:00,88.0,count/min,1,김하은의 Apple Watch,HKQuantityTypeIdentifierHeartRate
Heart rate,2026-07-02 16:43:21+09:00,87.0,count/min,1,김하은의 Apple Watch,HKQuantityTypeIdentifierHeartRate
Heart rate,2026-07-02 16:47:16+09:00,101.0,count/min,2,김하은의 Apple Watch,HKQuantityTypeIdentifierHeartRate
Heart rate,2026-07-02 16:48:08+09:00,104.0,count/min,0,김하은의 Apple Watch,HKQuantityTypeIdentifierHeartRate
Heart rate,2026-07-02 16:48:15+09:00,104.0,count/min,0,김하은의 Apple Watch,HKQuantityTypeIdentifierHeartRate
Heart rate,2026-07-02 16:48:21+09:00,103.0,count/min,0,김하은의 Apple Watch,HKQuantityTypeIdentifierHeartRate
Heart rate,2026-07-02 16:48:26+09:00,103.0,count/min,0,김하은의 Apple Watch,HKQuantityTypeIdentifierHeartRate
Heart rate,2026-07-02 16:48:31+09:00,104.0,count/min,0,김하은의 Apple Watch,HKQuantityTypeIdentifierHeartRate
Heart rate,2026-07-02 16:48:34+09:00,103.0,count/min,0,김하은의 Apple Watch,HKQuantityTypeIdentifierHeartRate
Heart rate,2026-07-02 16:48:37+09:00,104.0,count/min,0,김하은의 Apple Watch,HKQuantityTypeIdentifierHeartRate
Heart rate,2026-07-02 16:48:46+09:00,107.0,count/min,0,김하은의 Apple Watch,HKQuantityTypeIdentifierHeartRate
Heart rate,2026-07-02 16:48:49+09:00,106.0,count/min,0,김하은의 Apple Watch,HKQuantityTypeIdentifierHeartRate
Heart rate,2026-07-02 16:49:02+09:00,105.0,count/min,0,김하은의 Apple Watch,HKQuantityTypeIdentifierHeartRate
Heart rate,2026-07-02 16:49:08+09:00,109.0,count/min,0,김하은의 Apple Watch,HKQuantityTypeIdentifierHeartRate
Heart rate,2026-07-02 16:49:16+09:00,107.0,count/min,0,김하은의 Apple Watch,HKQuantityTypeIdentifierHeartRate
Heart rate,2026-07-02 16:49:21+09:00,106.0,count/min,0,김하은의 Apple Watch,HKQuantityTypeIdentifierHeartRate
Heart rate,2026-07-02 16:49:25+09:00,107.0,count/min,0,김하은의 Apple Watch,HKQuantityTypeIdentifierHeartRate
Heart rate,2026-07-02 16:51:51+09:00,109.0,count/min,2,김하은의 Apple Watch,HKQuantityTypeIdentifierHeartRate
Heart rate,2026-07-02 16:54:29+09:00,98.0,count/min,0,김하은의 Apple Watch,HKQuantityTypeIdentifierHeartRate
Heart rate,2026-07-02 16:54:30+09:00,99.0,count/min,0,김하은의 Apple Watch,HKQuantityTypeIdentifierHeartRate
Heart rate,2026-07-02 16:55:00+09:00,113.0,count/min,0,김하은의 Apple Watch,HKQuantityTypeIdentifierHeartRate
Heart rate,2026-07-02 16:59:55+09:00,132.0,count/min,2,김하은의 Apple Watch,HKQuantityTypeIdentifierHeartRate
Heart rate,2026-07-02 17:02:07+09:00,79.0,count/min,0,김하은의 Apple Watch,HKQuantityTypeIdentifierHeartRate
Heart rate,2026-07-02 17:04:57+09:00,87.0,count/min,1,김하은의 Apple Watch,HKQuantityTypeIdentifierHeartRate
Heart rate,2026-07-02 17:07:35+09:00,91.0,count/min,1,김하은의 Apple Watch,HKQuantityTypeIdentifierHeartRate
Heart rate,2026-07-02 17:16:24+09:00,85.0,count/min,1,김하은의 Apple Watch,HKQuantityTypeIdentifierHeartRate
Heart rate,2026-07-02 17:17:31+09:00,61.0,count/min,0,김하은의 Apple Watch,HKQuantityTypeIdentifierHeartRate
Heart rate,2026-07-02 17:26:09+09:00,82.0,count/min,1,김하은의 Apple Watch,HKQuantityTypeIdentifierHeartRate
Heart rate,2026-07-02 17:31:11+09:00,86.0,count/min,1,김하은의 Apple Watch,HKQuantityTypeIdentifierHeartRate
Heart rate,2026-07-02 17:37:09+09:00,80.0,count/min,1,김하은의 Apple Watch,HKQuantityTypeIdentifierHeartRate
Heart rate,2026-07-02 17:41:26+09:00,89.0,count/min,1,김하은의 Apple Watch,HKQuantityTypeIdentifierHeartRate
Heart rate,2026-07-02 17:46:44+09:00,80.0,count/min,1,김하은의 Apple Watch,HKQuantityTypeIdentifierHeartRate
Heart rate,2026-07-02 17:48:45+09:00,86.0,count/min,1,김하은의 Apple Watch,HKQuantityTypeIdentifierHeartRate
Heart rate,2026-07-02 17:52:57+09:00,79.0,count/min,1,김하은의 Apple Watch,HKQuantityTypeIdentifierHeartRate
Heart rate,2026-07-02 17:54:45+09:00,79.0,count/min,0,김하은의 Apple Watch,HKQuantityTypeIdentifierHeartRate
Heart rate,2026-07-02 17:54:57+09:00,81.0,count/min,0,김하은의 Apple Watch,HKQuantityTypeIdentifierHeartRate
Heart rate,2026-07-02 17:55:02+09:00,83.0,count/min,0,김하은의 Apple Watch,HKQuantityTypeIdentifierHeartRate
Heart rate,2026-07-02 17:55:07+09:00,85.0,count/min,0,김하은의 Apple Watch,HKQuantityTypeIdentifierHeartRate
Heart rate,2026-07-02 17:55:11+09:00,85.0,count/min,0,김하은의 Apple Watch,HKQuantityTypeIdentifierHeartRate
Heart rate,2026-07-02 17:55:13+09:00,86.0,count/min,0,김하은의 Apple Watch,HKQuantityTypeIdentifierHeartRate
Heart rate,2026-07-02 17:55:18+09:00,90.0,count/min,0,김하은의 Apple Watch,HKQuantityTypeIdentifierHeartRate
Heart rate,2026-07-02 18:02:11+09:00,83.0,count/min,1,김하은의 Apple Watch,HKQuantityTypeIdentifierHeartRate
Heart rate,2026-07-02 18:07:15+09:00,84.0,count/min,1,김하은의 Apple Watch,HKQuantityTypeIdentifierHeartRate
Heart rate,2026-07-02 18:08:26+09:00,79.0,count/min,1,김하은의 Apple Watch,HKQuantityTypeIdentifierHeartRate
Heart rate,2026-07-02 18:12:48+09:00,85.0,count/min,1,김하은의 Apple Watch,HKQuantityTypeIdentifierHeartRate
Heart rate,2026-07-02 18:18:39+09:00,84.0,count/min,1,김하은의 Apple Watch,HKQuantityTypeIdentifierHeartRate
Heart rate,2026-07-02 18:23:10+09:00,86.0,count/min,1,김하은의 Apple Watch,HKQuantityTypeIdentifierHeartRate
Heart rate,2026-07-02 18:29:30+09:00,88.0,count/min,1,김하은의 Apple Watch,HKQuantityTypeIdentifierHeartRate
Heart rate,2026-07-02 18:34:41+09:00,101.0,count/min,0,김하은의 Apple Watch,HKQuantityTypeIdentifierHeartRate
Heart rate,2026-07-02 18:34:43+09:00,101.0,count/min,0,김하은의 Apple Watch,HKQuantityTypeIdentifierHeartRate
Heart rate,2026-07-02 18:34:48+09:00,99.0,count/min,0,김하은의 Apple Watch,HKQuantityTypeIdentifierHeartRate
Heart rate,2026-07-02 18:34:52+09:00,100.0,count/min,0,김하은의 Apple Watch,HKQuantityTypeIdentifierHeartRate
Heart rate,2026-07-02 18:35:01+09:00,100.0,count/min,0,김하은의 Apple Watch,HKQuantityTypeIdentifierHeartRate
Heart rate,2026-07-02 18:35:06+09:00,104.0,count/min,0,김하은의 Apple Watch,HKQuantityTypeIdentifierHeartRate
Heart rate,2026-07-02 18:35:09+09:00,102.0,count/min,0,김하은의 Apple Watch,HKQuantityTypeIdentifierHeartRate
Heart rate,2026-07-02 18:36:10+09:00,109.0,count/min,0,김하은의 Apple Watch,HKQuantityTypeIdentifierHeartRate
Heart rate,2026-07-02 18:36:15+09:00,109.0,count/min,0,김하은의 Apple Watch,HKQuantityTypeIdentifierHeartRate
Heart rate,2026-07-02 18:36:20+09:00,107.0,count/min,0,김하은의 Apple Watch,HKQuantityTypeIdentifierHeartRate
Heart rate,2026-07-02 18:36:25+09:00,106.0,count/min,0,김하은의 Apple Watch,HKQuantityTypeIdentifierHeartRate
Heart rate,2026-07-02 18:36:29+09:00,106.0,count/min,0,김하은의 Apple Watch,HKQuantityTypeIdentifierHeartRate
Heart rate,2026-07-02 18:36:34+09:00,105.0,count/min,0,김하은의 Apple Watch,HKQuantityTypeIdentifierHeartRate
Heart rate,2026-07-02 18:36:36+09:00,104.0,count/min,0,김하은의 Apple Watch,HKQuantityTypeIdentifierHeartRate
Heart rate,2026-07-02 18:36:41+09:00,102.0,count/min,0,김하은의 Apple Watch,HKQuantityTypeIdentifierHeartRate
Heart rate,2026-07-02 18:36:56+09:00,95.0,count/min,0,김하은의 Apple Watch,HKQuantityTypeIdentifierHeartRate
Heart rate,2026-07-02 18:37:04+09:00,94.0,count/min,0,김하은의 Apple Watch,HKQuantityTypeIdentifierHeartRate
Heart rate,2026-07-02 18:37:07+09:00,95.0,count/min,0,김하은의 Apple Watch,HKQuantityTypeIdentifierHeartRate
Heart rate,2026-07-02 18:38:50+09:00,101.0,count/min,0,김하은의 Apple Watch,HKQuantityTypeIdentifierHeartRate
Heart rate,2026-07-02 18:38:55+09:00,100.0,count/min,0,김하은의 Apple Watch,HKQuantityTypeIdentifierHeartRate
Heart rate,2026-07-02 18:38:56+09:00,100.0,count/min,0,김하은의 Apple Watch,HKQuantityTypeIdentifierHeartRate
Heart rate,2026-07-02 18:39:01+09:00,96.0,count/min,0,김하은의 Apple Watch,HKQuantityTypeIdentifierHeartRate
Heart rate,2026-07-02 18:39:06+09:00,98.0,count/min,0,김하은의 Apple Watch,HKQuantityTypeIdentifierHeartRate
Heart rate,2026-07-02 18:39:11+09:00,99.0,count/min,0,김하은의 Apple Watch,HKQuantityTypeIdentifierHeartRate
Heart rate,2026-07-02 18:39:20+09:00,101.0,count/min,0,김하은의 Apple Watch,HKQuantityTypeIdentifierHeartRate
Heart rate,2026-07-02 18:39:25+09:00,109.0,count/min,0,김하은의 Apple Watch,HKQuantityTypeIdentifierHeartRate
Heart rate,2026-07-02 18:39:29+09:00,107.0,count/min,0,김하은의 Apple Watch,HKQuantityTypeIdentifierHeartRate
Heart rate,2026-07-02 18:39:35+09:00,101.0,count/min,0,김하은의 Apple Watch,HKQuantityTypeIdentifierHeartRate
Heart rate,2026-07-02 18:39:38+09:00,101.0,count/min,0,김하은의 Apple Watch,HKQuantityTypeIdentifierHeartRate
Heart rate,2026-07-02 18:39:41+09:00,100.0,count/min,0,김하은의 Apple Watch,HKQuantityTypeIdentifierHeartRate
Heart rate,2026-07-02 18:39:48+09:00,95.0,count/min,0,김하은의 Apple Watch,HKQuantityTypeIdentifierHeartRate
Heart rate,2026-07-02 18:39:52+09:00,95.0,count/min,0,김하은의 Apple Watch,HKQuantityTypeIdentifierHeartRate
Heart rate,2026-07-02 18:39:59+09:00,94.0,count/min,0,김하은의 Apple Watch,HKQuantityTypeIdentifierHeartRate
Heart rate,2026-07-02 18:40:01+09:00,94.0,count/min,0,김하은의 Apple Watch,HKQuantityTypeIdentifierHeartRate
Heart rate,2026-07-02 18:43:40+09:00,107.0,count/min,0,김하은의 Apple Watch,HKQuantityTypeIdentifierHeartRate
Heart rate,2026-07-02 18:43:42+09:00,105.0,count/min,0,김하은의 Apple Watch,HKQuantityTypeIdentifierHeartRate
Heart rate,2026-07-02 18:43:46+09:00,106.0,count/min,0,김하은의 Apple Watch,HKQuantityTypeIdentifierHeartRate
Heart rate,2026-07-02 18:43:52+09:00,108.0,count/min,0,김하은의 Apple Watch,HKQuantityTypeIdentifierHeartRate
Heart rate,2026-07-02 18:43:58+09:00,106.0,count/min,0,김하은의 Apple Watch,HKQuantityTypeIdentifierHeartRate
Heart rate,2026-07-02 18:44:01+09:00,106.0,count/min,0,김하은의 Apple Watch,HKQuantityTypeIdentifierHeartRate
Heart rate,2026-07-02 18:44:10+09:00,110.0,count/min,0,김하은의 Apple Watch,HKQuantityTypeIdentifierHeartRate
Heart rate,2026-07-02 18:44:12+09:00,110.0,count/min,0,김하은의 Apple Watch,HKQuantityTypeIdentifierHeartRate
Heart rate,2026-07-02 18:44:16+09:00,108.0,count/min,0,김하은의 Apple Watch,HKQuantityTypeIdentifierHeartRate
Heart rate,2026-07-02 18:44:25+09:00,110.0,count/min,0,김하은의 Apple Watch,HKQuantityTypeIdentifierHeartRate
Heart rate,2026-07-02 18:44:28+09:00,109.0,count/min,0,김하은의 Apple Watch,HKQuantityTypeIdentifierHeartRate
Heart rate,2026-07-02 18:44:31+09:00,108.0,count/min,0,김하은의 Apple Watch,HKQuantityTypeIdentifierHeartRate
Heart rate,2026-07-02 18:44:37+09:00,108.0,count/min,0,김하은의 Apple Watch,HKQuantityTypeIdentifierHeartRate
Heart rate,2026-07-02 18:44:45+09:00,105.0,count/min,0,김하은의 Apple Watch,HKQuantityTypeIdentifierHeartRate
Heart rate,2026-07-02 18:44:51+09:00,105.0,count/min,0,김하은의 Apple Watch,HKQuantityTypeIdentifierHeartRate
Heart rate,2026-07-02 18:45:41+09:00,99.0,count/min,0,김하은의 Apple Watch,HKQuantityTypeIdentifierHeartRate
Heart rate,2026-07-02 18:49:45+09:00,84.0,count/min,1,김하은의 Apple Watch,HKQuantityTypeIdentifierHeartRate
Heart rate,2026-07-02 18:55:09+09:00,89.0,count/min,1,김하은의 Apple Watch,HKQuantityTypeIdentifierHeartRate
Heart rate,2026-07-02 18:56:01+09:00,87.0,count/min,0,김하은의 Apple Watch,HKQuantityTypeIdentifierHeartRate
Heart rate,2026-07-02 18:59:12+09:00,86.0,count/min,1,김하은의 Apple Watch,HKQuantityTypeIdentifierHeartRate
Heart rate,2026-07-02 19:04:17+09:00,85.0,count/min,1,김하은의 Apple Watch,HKQuantityTypeIdentifierHeartRate
Heart rate,2026-07-02 19:07:25+09:00,85.0,count/min,1,김하은의 Apple Watch,HKQuantityTypeIdentifierHeartRate
Heart rate,2026-07-02 19:17:04+09:00,93.0,count/min,1,김하은의 Apple Watch,HKQuantityTypeIdentifierHeartRate
Heart rate,2026-07-02 19:18:36+09:00,92.0,count/min,1,김하은의 Apple Watch,HKQuantityTypeIdentifierHeartRate
Heart rate,2026-07-02 19:25:34+09:00,94.0,count/min,1,김하은의 Apple Watch,HKQuantityTypeIdentifierHeartRate
Heart rate,2026-07-02 19:27:37+09:00,96.4872,count/min,0,김하은의 Apple Watch,HKQuantityTypeIdentifierHeartRate
Heart rate,2026-07-02 19:27:44+09:00,97.0,count/min,0,김하은의 Apple Watch,HKQuantityTypeIdentifierHeartRate
Heart rate,2026-07-02 19:27:45+09:00,92.0,count/min,1,김하은의 Apple Watch,HKQuantityTypeIdentifierHeartRate
Heart rate,2026-07-02 19:36:45+09:00,96.0,count/min,1,김하은의 Apple Watch,HKQuantityTypeIdentifierHeartRate
Heart rate,2026-07-02 19:38:29+09:00,89.0,count/min,1,김하은의 Apple Watch,HKQuantityTypeIdentifierHeartRate
Heart rate,2026-07-02 19:43:08+09:00,93.0,count/min,1,김하은의 Apple Watch,HKQuantityTypeIdentifierHeartRate
Heart rate,2026-07-02 19:47:36+09:00,90.0,count/min,2,김하은의 Apple Watch,HKQuantityTypeIdentifierHeartRate
Heart rate,2026-07-02 19:50:59+09:00,104.0,count/min,2,김하은의 Apple Watch,HKQuantityTypeIdentifierHeartRate
Heart rate,2026-07-02 19:52:40+09:00,109.0,count/min,0,김하은의 Apple Watch,HKQuantityTypeIdentifierHeartRate
Heart rate,2026-07-02 19:52:45+09:00,108.0,count/min,0,김하은의 Apple Watch,HKQuantityTypeIdentifierHeartRate
Heart rate,2026-07-02 19:52:50+09:00,109.0,count/min,0,김하은의 Apple Watch,HKQuantityTypeIdentifierHeartRate
Heart rate,2026-07-02 19:52:51+09:00,108.0,count/min,0,김하은의 Apple Watch,HKQuantityTypeIdentifierHeartRate
Heart rate,2026-07-02 19:52:56+09:00,107.0,count/min,0,김하은의 Apple Watch,HKQuantityTypeIdentifierHeartRate
Heart rate,2026-07-02 19:53:05+09:00,113.0,count/min,0,김하은의 Apple Watch,HKQuantityTypeIdentifierHeartRate
Heart rate,2026-07-02 19:53:09+09:00,116.0,count/min,0,김하은의 Apple Watch,HKQuantityTypeIdentifierHeartRate
Heart rate,2026-07-02 19:53:13+09:00,116.0,count/min,0,김하은의 Apple Watch,HKQuantityTypeIdentifierHeartRate
Heart rate,2026-07-02 19:53:20+09:00,114.0,count/min,0,김하은의 Apple Watch,HKQuantityTypeIdentifierHeartRate
Heart rate,2026-07-02 19:53:24+09:00,113.0,count/min,0,김하은의 Apple Watch,HKQuantityTypeIdentifierHeartRate
Heart rate,2026-07-02 19:53:26+09:00,112.0,count/min,0,김하은의 Apple Watch,HKQuantityTypeIdentifierHeartRate
Heart rate,2026-07-02 19:53:31+09:00,111.0,count/min,0,김하은의 Apple Watch,HKQuantityTypeIdentifierHeartRate
Heart rate,2026-07-02 19:53:36+09:00,109.0,count/min,0,김하은의 Apple Watch,HKQuantityTypeIdentifierHeartRate
Heart rate,2026-07-02 19:53:41+09:00,111.0,count/min,0,김하은의 Apple Watch,HKQuantityTypeIdentifierHeartRate
Heart rate,2026-07-02 19:53:50+09:00,108.0,count/min,0,김하은의 Apple Watch,HKQuantityTypeIdentifierHeartRate
Heart rate,2026-07-02 19:53:53+09:00,105.0,count/min,0,김하은의 Apple Watch,HKQuantityTypeIdentifierHeartRate
Heart rate,2026-07-02 19:53:56+09:00,103.0,count/min,0,김하은의 Apple Watch,HKQuantityTypeIdentifierHeartRate
Heart rate,2026-07-02 19:56:55+09:00,89.0,count/min,0,김하은의 Apple Watch,HKQuantityTypeIdentifierHeartRate
Heart rate,2026-07-02 20:03:36+09:00,93.0,count/min,1,김하은의 Apple Watch,HKQuantityTypeIdentifierHeartRate
Heart rate,2026-07-02 20:08:36+09:00,99.0,count/min,2,김하은의 Apple Watch,HKQuantityTypeIdentifierHeartRate
Heart rate,2026-07-02 20:12:50+09:00,97.0,count/min,0,김하은의 Apple Watch,HKQuantityTypeIdentifierHeartRate
Heart rate,2026-07-02 20:18:31+09:00,94.0,count/min,0,김하은의 Apple Watch,HKQuantityTypeIdentifierHeartRate
Heart rate,2026-07-02 20:18:36+09:00,94.0,count/min,0,김하은의 Apple Watch,HKQuantityTypeIdentifierHeartRate
Heart rate,2026-07-02 20:18:40+09:00,91.0,count/min,0,김하은의 Apple Watch,HKQuantityTypeIdentifierHeartRate
Heart rate,2026-07-02 20:18:46+09:00,90.0,count/min,0,김하은의 Apple Watch,HKQuantityTypeIdentifierHeartRate
Heart rate,2026-07-02 20:18:47+09:00,90.0,count/min,0,김하은의 Apple Watch,HKQuantityTypeIdentifierHeartRate
Heart rate,2026-07-02 20:18:55+09:00,93.0,count/min,0,김하은의 Apple Watch,HKQuantityTypeIdentifierHeartRate
Heart rate,2026-07-02 20:18:58+09:00,94.0,count/min,0,김하은의 Apple Watch,HKQuantityTypeIdentifierHeartRate
Heart rate,2026-07-02 20:19:04+09:00,93.0,count/min,0,김하은의 Apple Watch,HKQuantityTypeIdentifierHeartRate
Heart rate,2026-07-02 20:19:07+09:00,93.0,count/min,0,김하은의 Apple Watch,HKQuantityTypeIdentifierHeartRate
Heart rate,2026-07-02 20:19:16+09:00,93.0,count/min,0,김하은의 Apple Watch,HKQuantityTypeIdentifierHeartRate
Heart rate,2026-07-02 20:22:07+09:00,101.0,count/min,0,김하은의 Apple Watch,HKQuantityTypeIdentifierHeartRate
Heart rate,2026-07-02 20:22:12+09:00,101.0,count/min,0,김하은의 Apple Watch,HKQuantityTypeIdentifierHeartRate
Heart rate,2026-07-02 20:22:16+09:00,100.0,count/min,0,김하은의 Apple Watch,HKQuantityTypeIdentifierHeartRate
Heart rate,2026-07-02 20:22:21+09:00,100.0,count/min,0,김하은의 Apple Watch,HKQuantityTypeIdentifierHeartRate
Heart rate,2026-07-02 20:22:27+09:00,97.0,count/min,0,김하은의 Apple Watch,HKQuantityTypeIdentifierHeartRate
Heart rate,2026-07-02 20:22:28+09:00,95.0,count/min,0,김하은의 Apple Watch,HKQuantityTypeIdentifierHeartRate
Heart rate,2026-07-02 20:22:37+09:00,87.0,count/min,0,김하은의 Apple Watch,HKQuantityTypeIdentifierHeartRate
Heart rate,2026-07-02 20:22:42+09:00,86.0,count/min,0,김하은의 Apple Watch,HKQuantityTypeIdentifierHeartRate
Heart rate,2026-07-02 20:22:43+09:00,86.0,count/min,0,김하은의 Apple Watch,HKQuantityTypeIdentifierHeartRate
Heart rate,2026-07-02 20:22:49+09:00,87.0,count/min,0,김하은의 Apple Watch,HKQuantityTypeIdentifierHeartRate
Heart rate,2026-07-02 20:22:53+09:00,88.0,count/min,0,김하은의 Apple Watch,HKQuantityTypeIdentifierHeartRate
Heart rate,2026-07-02 20:22:58+09:00,90.0,count/min,0,김하은의 Apple Watch,HKQuantityTypeIdentifierHeartRate
Heart rate,2026-07-02 20:23:04+09:00,96.0,count/min,0,김하은의 Apple Watch,HKQuantityTypeIdentifierHeartRate
Heart rate,2026-07-02 20:23:08+09:00,98.0,count/min,0,김하은의 Apple Watch,HKQuantityTypeIdentifierHeartRate
Heart rate,2026-07-02 20:23:13+09:00,99.0,count/min,0,김하은의 Apple Watch,HKQuantityTypeIdentifierHeartRate
Heart rate,2026-07-02 20:23:18+09:00,102.0,count/min,0,김하은의 Apple Watch,HKQuantityTypeIdentifierHeartRate
Heart rate,2026-07-02 20:23:23+09:00,102.0,count/min,0,김하은의 Apple Watch,HKQuantityTypeIdentifierHeartRate
Heart rate,2026-07-02 20:23:29+09:00,103.0,count/min,0,김하은의 Apple Watch,HKQuantityTypeIdentifierHeartRate
Heart rate,2026-07-02 20:23:33+09:00,102.0,count/min,0,김하은의 Apple Watch,HKQuantityTypeIdentifierHeartRate
Heart rate,2026-07-02 20:23:38+09:00,102.0,count/min,0,김하은의 Apple Watch,HKQuantityTypeIdentifierHeartRate
Heart rate,2026-07-02 20:23:47+09:00,104.0,count/min,0,김하은의 Apple Watch,HKQuantityTypeIdentifierHeartRate
Heart rate,2026-07-02 20:23:51+09:00,104.0,count/min,0,김하은의 Apple Watch,HKQuantityTypeIdentifierHeartRate
Heart rate,2026-07-02 20:23:55+09:00,105.0,count/min,0,김하은의 Apple Watch,HKQuantityTypeIdentifierHeartRate
Heart rate,2026-07-02 20:23:59+09:00,107.0,count/min,0,김하은의 Apple Watch,HKQuantityTypeIdentifierHeartRate
Heart rate,2026-07-02 20:24:03+09:00,108.0,count/min,0,김하은의 Apple Watch,HKQuantityTypeIdentifierHeartRate
Heart rate,2026-07-02 20:24:08+09:00,108.0,count/min,0,김하은의 Apple Watch,HKQuantityTypeIdentifierHeartRate
Heart rate,2026-07-02 20:24:15+09:00,108.0,count/min,0,김하은의 Apple Watch,HKQuantityTypeIdentifierHeartRate
Heart rate,2026-07-02 20:24:21+09:00,108.0,count/min,0,김하은의 Apple Watch,HKQuantityTypeIdentifierHeartRate
Heart rate,2026-07-02 20:24:23+09:00,108.0,count/min,0,김하은의 Apple Watch,HKQuantityTypeIdentifierHeartRate
Heart rate,2026-07-02 20:24:29+09:00,106.0,count/min,0,김하은의 Apple Watch,HKQuantityTypeIdentifierHeartRate
Heart rate,2026-07-02 20:24:37+09:00,104.0,count/min,0,김하은의 Apple Watch,HKQuantityTypeIdentifierHeartRate
Heart rate,2026-07-02 20:24:42+09:00,105.0,count/min,0,김하은의 Apple Watch,HKQuantityTypeIdentifierHeartRate
Heart rate,2026-07-02 20:24:45+09:00,105.0,count/min,0,김하은의 Apple Watch,HKQuantityTypeIdentifierHeartRate
Heart rate,2026-07-02 20:24:48+09:00,105.0,count/min,0,김하은의 Apple Watch,HKQuantityTypeIdentifierHeartRate
Heart rate,2026-07-02 20:24:57+09:00,107.0,count/min,0,김하은의 Apple Watch,HKQuantityTypeIdentifierHeartRate
Heart rate,2026-07-02 20:24:58+09:00,110.0,count/min,0,김하은의 Apple Watch,HKQuantityTypeIdentifierHeartRate
Heart rate,2026-07-02 20:25:04+09:00,106.0,count/min,0,김하은의 Apple Watch,HKQuantityTypeIdentifierHeartRate
Heart rate,2026-07-02 20:25:08+09:00,105.0,count/min,0,김하은의 Apple Watch,HKQuantityTypeIdentifierHeartRate
Heart rate,2026-07-02 20:25:13+09:00,106.0,count/min,0,김하은의 Apple Watch,HKQuantityTypeIdentifierHeartRate
Heart rate,2026-07-02 20:25:18+09:00,107.0,count/min,0,김하은의 Apple Watch,HKQuantityTypeIdentifierHeartRate
Heart rate,2026-07-02 20:25:23+09:00,106.0,count/min,0,김하은의 Apple Watch,HKQuantityTypeIdentifierHeartRate
Heart rate,2026-07-02 20:25:31+09:00,107.0,count/min,0,김하은의 Apple Watch,HKQuantityTypeIdentifierHeartRate
Heart rate,2026-07-02 20:25:34+09:00,108.0,count/min,0,김하은의 Apple Watch,HKQuantityTypeIdentifierHeartRate
Heart rate,2026-07-02 20:25:42+09:00,110.0,count/min,0,김하은의 Apple Watch,HKQuantityTypeIdentifierHeartRate
Heart rate,2026-07-02 20:25:47+09:00,110.0,count/min,0,김하은의 Apple Watch,HKQuantityTypeIdentifierHeartRate
Heart rate,2026-07-02 20:25:52+09:00,108.0,count/min,0,김하은의 Apple Watch,HKQuantityTypeIdentifierHeartRate
Heart rate,2026-07-02 20:25:57+09:00,104.0,count/min,0,김하은의 Apple Watch,HKQuantityTypeIdentifierHeartRate
Heart rate,2026-07-02 20:25:58+09:00,103.0,count/min,0,김하은의 Apple Watch,HKQuantityTypeIdentifierHeartRate
Heart rate,2026-07-02 20:26:07+09:00,101.0,count/min,0,김하은의 Apple Watch,HKQuantityTypeIdentifierHeartRate
Heart rate,2026-07-02 20:26:12+09:00,96.0,count/min,0,김하은의 Apple Watch,HKQuantityTypeIdentifierHeartRate
Heart rate,2026-07-02 20:26:15+09:00,93.0,count/min,0,김하은의 Apple Watch,HKQuantityTypeIdentifierHeartRate
Heart rate,2026-07-02 20:26:20+09:00,91.0,count/min,0,김하은의 Apple Watch,HKQuantityTypeIdentifierHeartRate
Heart rate,2026-07-02 20:26:23+09:00,90.0,count/min,0,김하은의 Apple Watch,HKQuantityTypeIdentifierHeartRate
Heart rate,2026-07-02 20:26:28+09:00,89.0,count/min,0,김하은의 Apple Watch,HKQuantityTypeIdentifierHeartRate
Heart rate,2026-07-02 20:27:09+09:00,88.0,count/min,1,김하은의 Apple Watch,HKQuantityTypeIdentifierHeartRate
Heart rate,2026-07-02 20:28:46+09:00,83.0,count/min,1,김하은의 Apple Watch,HKQuantityTypeIdentifierHeartRate
Heart rate,2026-07-02 20:32:44+09:00,80.0,count/min,1,김하은의 Apple Watch,HKQuantityTypeIdentifierHeartRate
Heart rate,2026-07-02 20:37:20+09:00,101.0,count/min,0,김하은의 Apple Watch,HKQuantityTypeIdentifierHeartRate
Heart rate,2026-07-02 20:37:24+09:00,100.0,count/min,0,김하은의 Apple Watch,HKQuantityTypeIdentifierHeartRate
Heart rate,2026-07-02 20:37:40+09:00,98.0,count/min,0,김하은의 Apple Watch,HKQuantityTypeIdentifierHeartRate
Heart rate,2026-07-02 20:37:45+09:00,99.0,count/min,0,김하은의 Apple Watch,HKQuantityTypeIdentifierHeartRate
Heart rate,2026-07-02 20:37:47+09:00,97.0,count/min,0,김하은의 Apple Watch,HKQuantityTypeIdentifierHeartRate
Heart rate,2026-07-02 20:41:43+09:00,171.0,count/min,2,김하은의 Apple Watch,HKQuantityTypeIdentifierHeartRate
Heart rate,2026-07-02 20:44:29+09:00,159.0,count/min,2,김하은의 Apple Watch,HKQuantityTypeIdentifierHeartRate
Heart rate,2026-07-02 20:46:18+09:00,104.0,count/min,1,김하은의 Apple Watch,HKQuantityTypeIdentifierHeartRate
Heart rate,2026-07-02 20:47:39+09:00,99.0,count/min,1,김하은의 Apple Watch,HKQuantityTypeIdentifierHeartRate
Heart rate,2026-07-02 20:54:04+09:00,90.0,count/min,1,김하은의 Apple Watch,HKQuantityTypeIdentifierHeartRate
Heart rate,2026-07-02 21:00:59+09:00,97.0,count/min,1,김하은의 Apple Watch,HKQuantityTypeIdentifierHeartRate
Heart rate,2026-07-02 21:04:38+09:00,97.0,count/min,1,김하은의 Apple Watch,HKQuantityTypeIdentifierHeartRate
Heart rate,2026-07-03 11:15:20+09:00,96.0,count/min,2,김하은의 Apple Watch,HKQuantityTypeIdentifierHeartRate
Heart rate,2026-07-03 11:21:27+09:00,93.0,count/min,1,김하은의 Apple Watch,HKQuantityTypeIdentifierHeartRate
Heart rate,2026-07-03 11:25:11+09:00,99.0,count/min,2,김하은의 Apple Watch,HKQuantityTypeIdentifierHeartRate
Heart rate,2026-07-03 11:31:30+09:00,94.0,count/min,2,김하은의 Apple Watch,HKQuantityTypeIdentifierHeartRate
Heart rate,2026-07-03 11:34:26+09:00,92.0,count/min,2,김하은의 Apple Watch,HKQuantityTypeIdentifierHeartRate
Heart rate,2026-07-03 11:35:51+09:00,90.0,count/min,0,김하은의 Apple Watch,HKQuantityTypeIdentifierHeartRate
Heart rate,2026-07-03 11:41:42+09:00,83.1209,count/min,0,김하은의 Apple Watch,HKQuantityTypeIdentifierHeartRate
Heart rate,2026-07-03 11:41:50+09:00,82.0,count/min,0,김하은의 Apple Watch,HKQuantityTypeIdentifierHeartRate
Heart rate,2026-07-03 11:41:53+09:00,85.0,count/min,1,김하은의 Apple Watch,HKQuantityTypeIdentifierHeartRate
Heart rate,2026-07-03 11:43:35+09:00,83.0,count/min,1,김하은의 Apple Watch,HKQuantityTypeIdentifierHeartRate
Heart rate,2026-07-03 11:47:45+09:00,80.0,count/min,1,김하은의 Apple Watch,HKQuantityTypeIdentifierHeartRate
Heart rate,2026-07-03 12:02:16+09:00,87.0,count/min,1,김하은의 Apple Watch,HKQuantityTypeIdentifierHeartRate
Heart rate,2026-07-03 12:06:34+09:00,85.0,count/min,1,김하은의 Apple Watch,HKQuantityTypeIdentifierHeartRate
Heart rate,2026-07-03 12:09:58+09:00,79.0,count/min,1,김하은의 Apple Watch,HKQuantityTypeIdentifierHeartRate
Heart rate,2026-07-03 12:13:04+09:00,84.0,count/min,1,김하은의 Apple Watch,HKQuantityTypeIdentifierHeartRate
Heart rate,2026-07-03 12:18:45+09:00,85.0,count/min,1,김하은의 Apple Watch,HKQuantityTypeIdentifierHeartRate
Heart rate,2026-07-03 12:21:10+09:00,85.0,count/min,0,김하은의 Apple Watch,HKQuantityTypeIdentifierHeartRate
Heart rate,2026-07-03 12:24:19+09:00,84.0,count/min,1,김하은의 Apple Watch,HKQuantityTypeIdentifierHeartRate
Heart rate,2026-07-03 12:30:38+09:00,88.0,count/min,0,김하은의 Apple Watch,HKQuantityTypeIdentifierHeartRate
Heart rate,2026-07-03 12:36:08+09:00,90.0,count/min,1,김하은의 Apple Watch,HKQuantityTypeIdentifierHeartRate
Heart rate,2026-07-03 12:40:49+09:00,92.0,count/min,1,김하은의 Apple Watch,HKQuantityTypeIdentifierHeartRate
Heart rate,2026-07-03 12:42:52+09:00,92.0,count/min,1,김하은의 Apple Watch,HKQuantityTypeIdentifierHeartRate
Heart rate,2026-07-03 12:47:19+09:00,93.0,count/min,0,김하은의 Apple Watch,HKQuantityTypeIdentifierHeartRate
Heart rate,2026-07-03 12:51:25+09:00,101.0,count/min,0,김하은의 Apple Watch,HKQuantityTypeIdentifierHeartRate
Heart rate,2026-07-03 12:51:30+09:00,100.0,count/min,0,김하은의 Apple Watch,HKQuantityTypeIdentifierHeartRate
Heart rate,2026-07-03 12:51:35+09:00,102.0,count/min,0,김하은의 Apple Watch,HKQuantityTypeIdentifierHeartRate
Heart rate,2026-07-03 12:51:36+09:00,102.0,count/min,0,김하은의 Apple Watch,HKQuantityTypeIdentifierHeartRate
Heart rate,2026-07-03 12:51:41+09:00,99.0,count/min,0,김하은의 Apple Watch,HKQuantityTypeIdentifierHeartRate
Heart rate,2026-07-03 12:51:50+09:00,94.0,count/min,0,김하은의 Apple Watch,HKQuantityTypeIdentifierHeartRate
Heart rate,2026-07-03 12:51:53+09:00,93.0,count/min,0,김하은의 Apple Watch,HKQuantityTypeIdentifierHeartRate
Heart rate,2026-07-03 12:53:29+09:00,87.0,count/min,0,김하은의 Apple Watch,HKQuantityTypeIdentifierHeartRate
Heart rate,2026-07-03 12:53:34+09:00,86.0,count/min,0,김하은의 Apple Watch,HKQuantityTypeIdentifierHeartRate
Heart rate,2026-07-03 12:53:36+09:00,86.0,count/min,0,김하은의 Apple Watch,HKQuantityTypeIdentifierHeartRate
Heart rate,2026-07-03 12:53:40+09:00,90.0,count/min,0,김하은의 Apple Watch,HKQuantityTypeIdentifierHeartRate
Heart rate,2026-07-03 12:53:45+09:00,93.0,count/min,0,김하은의 Apple Watch,HKQuantityTypeIdentifierHeartRate
Heart rate,2026-07-03 12:53:51+09:00,94.0,count/min,0,김하은의 Apple Watch,HKQuantityTypeIdentifierHeartRate
Heart rate,2026-07-03 12:53:59+09:00,92.0,count/min,0,김하은의 Apple Watch,HKQuantityTypeIdentifierHeartRate
Heart rate,2026-07-03 13:00:01+09:00,88.0,count/min,1,김하은의 Apple Watch,HKQuantityTypeIdentifierHeartRate
Heart rate,2026-07-03 13:03:34+09:00,100.0,count/min,0,김하은의 Apple Watch,HKQuantityTypeIdentifierHeartRate
Heart rate,2026-07-03 13:09:25+09:00,75.0,count/min,1,김하은의 Apple Watch,HKQuantityTypeIdentifierHeartRate
Heart rate,2026-07-03 13:13:32+09:00,76.0,count/min,1,김하은의 Apple Watch,HKQuantityTypeIdentifierHeartRate
Heart rate,2026-07-03 13:20:53+09:00,79.0,count/min,1,김하은의 Apple Watch,HKQuantityTypeIdentifierHeartRate
Heart rate,2026-07-03 13:26:14+09:00,83.0,count/min,1,김하은의 Apple Watch,HKQuantityTypeIdentifierHeartRate
Heart rate,2026-07-03 13:29:41+09:00,83.0,count/min,1,김하은의 Apple Watch,HKQuantityTypeIdentifierHeartRate
Heart rate,2026-07-03 13:35:44+09:00,91.0,count/min,1,김하은의 Apple Watch,HKQuantityTypeIdentifierHeartRate
Heart rate,2026-07-03 13:38:44+09:00,94.0,count/min,0,김하은의 Apple Watch,HKQuantityTypeIdentifierHeartRate
Heart rate,2026-07-03 13:41:53+09:00,129.0,count/min,0,김하은의 Apple Watch,HKQuantityTypeIdentifierHeartRate
Heart rate,2026-07-03 13:41:58+09:00,126.0,count/min,0,김하은의 Apple Watch,HKQuantityTypeIdentifierHeartRate
Heart rate,2026-07-03 13:42:03+09:00,124.0,count/min,0,김하은의 Apple Watch,HKQuantityTypeIdentifierHeartRate
Heart rate,2026-07-03 13:42:05+09:00,124.0,count/min,0,김하은의 Apple Watch,HKQuantityTypeIdentifierHeartRate
Heart rate,2026-07-03 13:44:12+09:00,122.0,count/min,0,김하은의 Apple Watch,HKQuantityTypeIdentifierHeartRate
Heart rate,2026-07-03 13:44:17+09:00,125.0,count/min,0,김하은의 Apple Watch,HKQuantityTypeIdentifierHeartRate
Heart rate,2026-07-03 13:44:18+09:00,125.0,count/min,0,김하은의 Apple Watch,HKQuantityTypeIdentifierHeartRate
Heart rate,2026-07-03 13:44:23+09:00,123.0,count/min,0,김하은의 Apple Watch,HKQuantityTypeIdentifierHeartRate
Heart rate,2026-07-03 13:44:28+09:00,120.0,count/min,0,김하은의 Apple Watch,HKQuantityTypeIdentifierHeartRate
Heart rate,2026-07-03 13:44:33+09:00,119.0,count/min,0,김하은의 Apple Watch,HKQuantityTypeIdentifierHeartRate
Heart rate,2026-07-03 13:44:42+09:00,121.0,count/min,0,김하은의 Apple Watch,HKQuantityTypeIdentifierHeartRate
Heart rate,2026-07-03 13:44:43+09:00,121.0,count/min,0,김하은의 Apple Watch,HKQuantityTypeIdentifierHeartRate
Heart rate,2026-07-03 13:48:19+09:00,124.0,count/min,0,김하은의 Apple Watch,HKQuantityTypeIdentifierHeartRate
Heart rate,2026-07-03 13:48:40+09:00,139.0,count/min,0,김하은의 Apple Watch,HKQuantityTypeIdentifierHeartRate
Heart rate,2026-07-03 13:48:48+09:00,137.0,count/min,0,김하은의 Apple Watch,HKQuantityTypeIdentifierHeartRate
Heart rate,2026-07-03 13:48:54+09:00,140.0,count/min,0,김하은의 Apple Watch,HKQuantityTypeIdentifierHeartRate
Heart rate,2026-07-03 13:48:57+09:00,137.0,count/min,0,김하은의 Apple Watch,HKQuantityTypeIdentifierHeartRate
Heart rate,2026-07-03 13:49:40+09:00,137.0,count/min,0,김하은의 Apple Watch,HKQuantityTypeIdentifierHeartRate
Heart rate,2026-07-03 13:50:01+09:00,138.0,count/min,0,김하은의 Apple Watch,HKQuantityTypeIdentifierHeartRate
Heart rate,2026-07-03 13:50:19+09:00,133.0,count/min,0,김하은의 Apple Watch,HKQuantityTypeIdentifierHeartRate
Heart rate,2026-07-03 13:50:20+09:00,133.0,count/min,0,김하은의 Apple Watch,HKQuantityTypeIdentifierHeartRate
Heart rate,2026-07-03 13:50:25+09:00,135.0,count/min,0,김하은의 Apple Watch,HKQuantityTypeIdentifierHeartRate
Heart rate,2026-07-03 13:50:30+09:00,136.0,count/min,0,김하은의 Apple Watch,HKQuantityTypeIdentifierHeartRate
Heart rate,2026-07-03 13:59:31+09:00,106.0,count/min,1,김하은의 Apple Watch,HKQuantityTypeIdentifierHeartRate
Heart rate,2026-07-03 14:02:59+09:00,102.0,count/min,0,김하은의 Apple Watch,HKQuantityTypeIdentifierHeartRate
Heart rate,2026-07-03 14:08:54+09:00,111.0,count/min,1,김하은의 Apple Watch,HKQuantityTypeIdentifierHeartRate
Heart rate,2026-07-03 14:12:29+09:00,102.0,count/min,1,김하은의 Apple Watch,HKQuantityTypeIdentifierHeartRate
Heart rate,2026-07-03 14:20:19+09:00,113.0,count/min,1,김하은의 Apple Watch,HKQuantityTypeIdentifierHeartRate
Heart rate,2026-07-03 14:28:20+09:00,136.0,count/min,0,김하은의 Apple Watch,HKQuantityTypeIdentifierHeartRate
Heart rate,2026-07-03 14:28:23+09:00,136.0,count/min,0,김하은의 Apple Watch,HKQuantityTypeIdentifierHeartRate
Heart rate,2026-07-03 14:30:51+09:00,129.0,count/min,0,김하은의 Apple Watch,HKQuantityTypeIdentifierHeartRate
Heart rate,2026-07-03 14:31:02+09:00,135.0,count/min,0,김하은의 Apple Watch,HKQuantityTypeIdentifierHeartRate
Heart rate,2026-07-03 14:36:50+09:00,134.0,count/min,0,김하은의 Apple Watch,HKQuantityTypeIdentifierHeartRate
Heart rate,2026-07-03 14:36:55+09:00,133.0,count/min,0,김하은의 Apple Watch,HKQuantityTypeIdentifierHeartRate
Heart rate,2026-07-03 14:36:56+09:00,132.0,count/min,0,김하은의 Apple Watch,HKQuantityTypeIdentifierHeartRate
Heart rate,2026-07-03 14:37:01+09:00,131.0,count/min,0,김하은의 Apple Watch,HKQuantityTypeIdentifierHeartRate
Heart rate,2026-07-03 14:37:10+09:00,128.0,count/min,0,김하은의 Apple Watch,HKQuantityTypeIdentifierHeartRate
Heart rate,2026-07-03 14:37:11+09:00,128.0,count/min,0,김하은의 Apple Watch,HKQuantityTypeIdentifierHeartRate
Heart rate,2026-07-03 14:37:17+09:00,129.0,count/min,0,김하은의 Apple Watch,HKQuantityTypeIdentifierHeartRate
Heart rate,2026-07-03 14:37:21+09:00,128.0,count/min,0,김하은의 Apple Watch,HKQuantityTypeIdentifierHeartRate
Heart rate,2026-07-03 14:37:29+09:00,129.0,count/min,0,김하은의 Apple Watch,HKQuantityTypeIdentifierHeartRate
Heart rate,2026-07-03 14:37:35+09:00,135.0,count/min,0,김하은의 Apple Watch,HKQuantityTypeIdentifierHeartRate
Heart rate,2026-07-03 14:37:40+09:00,134.0,count/min,0,김하은의 Apple Watch,HKQuantityTypeIdentifierHeartRate
Heart rate,2026-07-03 14:37:41+09:00,134.0,count/min,0,김하은의 Apple Watch,HKQuantityTypeIdentifierHeartRate
Heart rate,2026-07-03 14:37:50+09:00,133.0,count/min,0,김하은의 Apple Watch,HKQuantityTypeIdentifierHeartRate
Heart rate,2026-07-03 14:37:53+09:00,128.0,count/min,0,김하은의 Apple Watch,HKQuantityTypeIdentifierHeartRate
Heart rate,2026-07-03 14:38:01+09:00,112.0,count/min,0,김하은의 Apple Watch,HKQuantityTypeIdentifierHeartRate
Heart rate,2026-07-03 14:38:06+09:00,110.0,count/min,0,김하은의 Apple Watch,HKQuantityTypeIdentifierHeartRate
Heart rate,2026-07-03 14:38:10+09:00,109.0,count/min,0,김하은의 Apple Watch,HKQuantityTypeIdentifierHeartRate
Heart rate,2026-07-03 14:38:13+09:00,108.0,count/min,0,김하은의 Apple Watch,HKQuantityTypeIdentifierHeartRate
Heart rate,2026-07-03 14:38:17+09:00,107.0,count/min,0,김하은의 Apple Watch,HKQuantityTypeIdentifierHeartRate
Heart rate,2026-07-03 14:38:23+09:00,110.0,count/min,0,김하은의 Apple Watch,HKQuantityTypeIdentifierHeartRate
Heart rate,2026-07-03 14:38:31+09:00,120.0,count/min,0,김하은의 Apple Watch,HKQuantityTypeIdentifierHeartRate
Heart rate,2026-07-03 14:38:36+09:00,121.0,count/min,0,김하은의 Apple Watch,HKQuantityTypeIdentifierHeartRate
Heart rate,2026-07-03 14:38:40+09:00,122.0,count/min,0,김하은의 Apple Watch,HKQuantityTypeIdentifierHeartRate
Heart rate,2026-07-03 14:38:42+09:00,122.0,count/min,0,김하은의 Apple Watch,HKQuantityTypeIdentifierHeartRate
Heart rate,2026-07-03 14:38:49+09:00,110.0,count/min,0,김하은의 Apple Watch,HKQuantityTypeIdentifierHeartRate
Heart rate,2026-07-03 14:38:56+09:00,102.0,count/min,0,김하은의 Apple Watch,HKQuantityTypeIdentifierHeartRate
Heart rate,2026-07-03 14:39:26+09:00,70.0,count/min,0,김하은의 Apple Watch,HKQuantityTypeIdentifierHeartRate
Heart rate,2026-07-03 14:47:16+09:00,110.0,count/min,1,김하은의 Apple Watch,HKQuantityTypeIdentifierHeartRate
Heart rate,2026-07-03 14:52:50+09:00,138.0,count/min,0,김하은의 Apple Watch,HKQuantityTypeIdentifierHeartRate
Heart rate,2026-07-03 14:52:55+09:00,133.0,count/min,0,김하은의 Apple Watch,HKQuantityTypeIdentifierHeartRate
Heart rate,2026-07-03 14:52:59+09:00,132.0,count/min,0,김하은의 Apple Watch,HKQuantityTypeIdentifierHeartRate
Heart rate,2026-07-03 14:53:01+09:00,132.0,count/min,0,김하은의 Apple Watch,HKQuantityTypeIdentifierHeartRate
Heart rate,2026-07-03 14:53:06+09:00,133.0,count/min,0,김하은의 Apple Watch,HKQuantityTypeIdentifierHeartRate
Heart rate,2026-07-03 14:53:15+09:00,131.0,count/min,0,김하은의 Apple Watch,HKQuantityTypeIdentifierHeartRate
Heart rate,2026-07-03 14:53:19+09:00,126.0,count/min,0,김하은의 Apple Watch,HKQuantityTypeIdentifierHeartRate
Heart rate,2026-07-03 14:56:58+09:00,123.0,count/min,1,김하은의 Apple Watch,HKQuantityTypeIdentifierHeartRate
Heart rate,2026-07-03 15:01:00+09:00,118.0,count/min,0,김하은의 Apple Watch,HKQuantityTypeIdentifierHeartRate
Heart rate,2026-07-03 15:03:21+09:00,117.0,count/min,0,김하은의 Apple Watch,HKQuantityTypeIdentifierHeartRate
Heart rate,2026-07-03 15:08:09+09:00,118.0,count/min,0,김하은의 Apple Watch,HKQuantityTypeIdentifierHeartRate
Heart rate,2026-07-03 15:14:31+09:00,104.0,count/min,0,김하은의 Apple Watch,HKQuantityTypeIdentifierHeartRate
Heart rate,2026-07-03 15:19:32+09:00,116.0,count/min,0,김하은의 Apple Watch,HKQuantityTypeIdentifierHeartRate
Heart rate,2026-07-03 15:24:08+09:00,112.0,count/min,0,김하은의 Apple Watch,HKQuantityTypeIdentifierHeartRate
Heart rate,2026-07-03 15:31:22+09:00,101.0,count/min,1,김하은의 Apple Watch,HKQuantityTypeIdentifierHeartRate
Heart rate,2026-07-03 15:33:51+09:00,110.0,count/min,1,김하은의 Apple Watch,HKQuantityTypeIdentifierHeartRate
Heart rate,2026-07-03 15:38:06+09:00,108.0,count/min,0,김하은의 Apple Watch,HKQuantityTypeIdentifierHeartRate
Heart rate,2026-07-03 15:47:01+09:00,111.0,count/min,1,김하은의 Apple Watch,HKQuantityTypeIdentifierHeartRate
Heart rate,2026-07-03 15:50:22+09:00,110.0,count/min,1,김하은의 Apple Watch,HKQuantityTypeIdentifierHeartRate
Heart rate,2026-07-03 15:52:54+09:00,110.0,count/min,0,김하은의 Apple Watch,HKQuantityTypeIdentifierHeartRate
Heart rate,2026-07-03 15:57:52+09:00,126.0,count/min,0,김하은의 Apple Watch,HKQuantityTypeIdentifierHeartRate
Heart rate,2026-07-03 15:57:56+09:00,126.0,count/min,0,김하은의 Apple Watch,HKQuantityTypeIdentifierHeartRate
Heart rate,2026-07-03 15:57:58+09:00,125.0,count/min,0,김하은의 Apple Watch,HKQuantityTypeIdentifierHeartRate
Heart rate,2026-07-03 15:58:03+09:00,123.0,count/min,0,김하은의 Apple Watch,HKQuantityTypeIdentifierHeartRate
Heart rate,2026-07-03 15:58:12+09:00,123.0,count/min,0,김하은의 Apple Watch,HKQuantityTypeIdentifierHeartRate
Heart rate,2026-07-03 16:02:44+09:00,122.0,count/min,0,김하은의 Apple Watch,HKQuantityTypeIdentifierHeartRate
Heart rate,2026-07-03 16:02:49+09:00,122.0,count/min,0,김하은의 Apple Watch,HKQuantityTypeIdentifierHeartRate
Heart rate,2026-07-03 16:02:50+09:00,121.0,count/min,0,김하은의 Apple Watch,HKQuantityTypeIdentifierHeartRate
Heart rate,2026-07-03 16:02:55+09:00,120.0,count/min,0,김하은의 Apple Watch,HKQuantityTypeIdentifierHeartRate
Heart rate,2026-07-03 16:03:04+09:00,122.0,count/min,0,김하은의 Apple Watch,HKQuantityTypeIdentifierHeartRate
Heart rate,2026-07-03 16:03:05+09:00,122.0,count/min,0,김하은의 Apple Watch,HKQuantityTypeIdentifierHeartRate
Heart rate,2026-07-03 16:03:13+09:00,120.0,count/min,0,김하은의 Apple Watch,HKQuantityTypeIdentifierHeartRate
Heart rate,2026-07-03 16:09:19+09:00,108.0,count/min,1,김하은의 Apple Watch,HKQuantityTypeIdentifierHeartRate
Heart rate,2026-07-03 16:14:32+09:00,105.0,count/min,1,김하은의 Apple Watch,HKQuantityTypeIdentifierHeartRate
Heart rate,2026-07-03 16:19:38+09:00,105.0,count/min,1,김하은의 Apple Watch,HKQuantityTypeIdentifierHeartRate
Heart rate,2026-07-03 16:22:36+09:00,108.0,count/min,1,김하은의 Apple Watch,HKQuantityTypeIdentifierHeartRate
Heart rate,2026-07-03 16:31:05+09:00,104.0,count/min,1,김하은의 Apple Watch,HKQuantityTypeIdentifierHeartRate
Heart rate,2026-07-03 16:34:49+09:00,94.0,count/min,1,김하은의 Apple Watch,HKQuantityTypeIdentifierHeartRate
Heart rate,2026-07-03 16:39:34+09:00,114.0,count/min,0,김하은의 Apple Watch,HKQuantityTypeIdentifierHeartRate
Heart rate,2026-07-03 16:50:17+09:00,140.0,count/min,0,김하은의 Apple Watch,HKQuantityTypeIdentifierHeartRate
Heart rate,2026-07-03 16:50:32+09:00,143.0,count/min,0,김하은의 Apple Watch,HKQuantityTypeIdentifierHeartRate
Heart rate,2026-07-03 16:50:36+09:00,142.0,count/min,0,김하은의 Apple Watch,HKQuantityTypeIdentifierHeartRate
Heart rate,2026-07-03 16:50:42+09:00,139.0,count/min,0,김하은의 Apple Watch,HKQuantityTypeIdentifierHeartRate
Heart rate,2026-07-03 16:50:44+09:00,138.0,count/min,0,김하은의 Apple Watch,HKQuantityTypeIdentifierHeartRate
Heart rate,2026-07-03 16:50:51+09:00,138.0,count/min,0,김하은의 Apple Watch,HKQuantityTypeIdentifierHeartRate
Heart rate,2026-07-03 16:50:56+09:00,136.0,count/min,0,김하은의 Apple Watch,HKQuantityTypeIdentifierHeartRate
Heart rate,2026-07-03 16:50:58+09:00,136.0,count/min,0,김하은의 Apple Watch,HKQuantityTypeIdentifierHeartRate
Heart rate,2026-07-03 16:51:04+09:00,134.0,count/min,0,김하은의 Apple Watch,HKQuantityTypeIdentifierHeartRate
Heart rate,2026-07-03 16:51:12+09:00,131.0,count/min,0,김하은의 Apple Watch,HKQuantityTypeIdentifierHeartRate
Heart rate,2026-07-03 16:51:17+09:00,129.0,count/min,0,김하은의 Apple Watch,HKQuantityTypeIdentifierHeartRate
Heart rate,2026-07-03 16:51:47+09:00,133.0,count/min,0,김하은의 Apple Watch,HKQuantityTypeIdentifierHeartRate
Heart rate,2026-07-03 16:51:52+09:00,138.0,count/min,0,김하은의 Apple Watch,HKQuantityTypeIdentifierHeartRate
Heart rate,2026-07-03 16:51:56+09:00,138.0,count/min,0,김하은의 Apple Watch,HKQuantityTypeIdentifierHeartRate
Heart rate,2026-07-03 16:52:00+09:00,139.0,count/min,0,김하은의 Apple Watch,HKQuantityTypeIdentifierHeartRate
Heart rate,2026-07-03 16:52:06+09:00,139.0,count/min,0,김하은의 Apple Watch,HKQuantityTypeIdentifierHeartRate
Heart rate,2026-07-03 16:52:09+09:00,140.0,count/min,0,김하은의 Apple Watch,HKQuantityTypeIdentifierHeartRate
Heart rate,2026-07-03 16:52:15+09:00,139.0,count/min,0,김하은의 Apple Watch,HKQuantityTypeIdentifierHeartRate
Heart rate,2026-07-03 16:52:22+09:00,137.0,count/min,0,김하은의 Apple Watch,HKQuantityTypeIdentifierHeartRate
Heart rate,2026-07-03 16:52:23+09:00,137.0,count/min,0,김하은의 Apple Watch,HKQuantityTypeIdentifierHeartRate
Heart rate,2026-07-03 16:52:31+09:00,136.0,count/min,0,김하은의 Apple Watch,HKQuantityTypeIdentifierHeartRate
Heart rate,2026-07-03 16:52:47+09:00,134.0,count/min,0,김하은의 Apple Watch,HKQuantityTypeIdentifierHeartRate
Heart rate,2026-07-03 16:52:49+09:00,135.0,count/min,0,김하은의 Apple Watch,HKQuantityTypeIdentifierHeartRate
Heart rate,2026-07-03 16:52:53+09:00,138.0,count/min,0,김하은의 Apple Watch,HKQuantityTypeIdentifierHeartRate
Heart rate,2026-07-03 16:52:59+09:00,139.0,count/min,0,김하은의 Apple Watch,HKQuantityTypeIdentifierHeartRate
Heart rate,2026-07-03 16:53:05+09:00,139.0,count/min,0,김하은의 Apple Watch,HKQuantityTypeIdentifierHeartRate
Heart rate,2026-07-03 16:53:18+09:00,139.0,count/min,0,김하은의 Apple Watch,HKQuantityTypeIdentifierHeartRate
Heart rate,2026-07-03 16:53:27+09:00,137.0,count/min,0,김하은의 Apple Watch,HKQuantityTypeIdentifierHeartRate
Heart rate,2026-07-03 16:53:32+09:00,135.0,count/min,0,김하은의 Apple Watch,HKQuantityTypeIdentifierHeartRate
Heart rate,2026-07-03 16:53:33+09:00,134.0,count/min,0,김하은의 Apple Watch,HKQuantityTypeIdentifierHeartRate
Heart rate,2026-07-03 16:53:40+09:00,136.0,count/min,0,김하은의 Apple Watch,HKQuantityTypeIdentifierHeartRate
Heart rate,2026-07-03 16:53:47+09:00,135.0,count/min,0,김하은의 Apple Watch,HKQuantityTypeIdentifierHeartRate
Heart rate,2026-07-03 16:53:49+09:00,134.0,count/min,0,김하은의 Apple Watch,HKQuantityTypeIdentifierHeartRate
Heart rate,2026-07-03 16:53:54+09:00,134.0,count/min,0,김하은의 Apple Watch,HKQuantityTypeIdentifierHeartRate
Heart rate,2026-07-03 16:53:59+09:00,134.0,count/min,0,김하은의 Apple Watch,HKQuantityTypeIdentifierHeartRate
Heart rate,2026-07-03 16:54:04+09:00,136.0,count/min,0,김하은의 Apple Watch,HKQuantityTypeIdentifierHeartRate
Heart rate,2026-07-03 16:54:10+09:00,138.0,count/min,0,김하은의 Apple Watch,HKQuantityTypeIdentifierHeartRate
Heart rate,2026-07-03 16:54:17+09:00,140.0,count/min,0,김하은의 Apple Watch,HKQuantityTypeIdentifierHeartRate
Heart rate,2026-07-03 16:54:22+09:00,138.0,count/min,0,김하은의 Apple Watch,HKQuantityTypeIdentifierHeartRate
Heart rate,2026-07-03 16:54:23+09:00,137.0,count/min,0,김하은의 Apple Watch,HKQuantityTypeIdentifierHeartRate
Heart rate,2026-07-03 16:54:30+09:00,128.0,count/min,0,김하은의 Apple Watch,HKQuantityTypeIdentifierHeartRate
Heart rate,2026-07-03 16:54:43+09:00,122.0,count/min,0,김하은의 Apple Watch,HKQuantityTypeIdentifierHeartRate
Heart rate,2026-07-03 16:54:48+09:00,124.0,count/min,0,김하은의 Apple Watch,HKQuantityTypeIdentifierHeartRate
Heart rate,2026-07-03 16:54:54+09:00,125.0,count/min,0,김하은의 Apple Watch,HKQuantityTypeIdentifierHeartRate
Heart rate,2026-07-03 16:55:02+09:00,128.0,count/min,0,김하은의 Apple Watch,HKQuantityTypeIdentifierHeartRate
Heart rate,2026-07-03 16:55:07+09:00,127.0,count/min,0,김하은의 Apple Watch,HKQuantityTypeIdentifierHeartRate
Heart rate,2026-07-03 16:55:09+09:00,127.0,count/min,2,김하은의 Apple Watch,HKQuantityTypeIdentifierHeartRate
Heart rate,2026-07-03 16:55:17+09:00,130.0,count/min,2,김하은의 Apple Watch,HKQuantityTypeIdentifierHeartRate
Heart rate,2026-07-03 16:55:19+09:00,130.0,count/min,2,김하은의 Apple Watch,HKQuantityTypeIdentifierHeartRate
Heart rate,2026-07-03 16:55:32+09:00,133.0,count/min,2,김하은의 Apple Watch,HKQuantityTypeIdentifierHeartRate
Heart rate,2026-07-03 16:55:37+09:00,131.0,count/min,2,김하은의 Apple Watch,HKQuantityTypeIdentifierHeartRate
Heart rate,2026-07-03 16:55:39+09:00,131.0,count/min,2,김하은의 Apple Watch,HKQuantityTypeIdentifierHeartRate
Heart rate,2026-07-03 16:55:43+09:00,131.0,count/min,2,김하은의 Apple Watch,HKQuantityTypeIdentifierHeartRate
Heart rate,2026-07-03 16:55:48+09:00,130.0,count/min,2,김하은의 Apple Watch,HKQuantityTypeIdentifierHeartRate
Heart rate,2026-07-03 16:55:53+09:00,128.0,count/min,2,김하은의 Apple Watch,HKQuantityTypeIdentifierHeartRate
Heart rate,2026-07-03 16:55:58+09:00,127.0,count/min,2,김하은의 Apple Watch,HKQuantityTypeIdentifierHeartRate
Heart rate,2026-07-03 16:56:03+09:00,127.0,count/min,2,김하은의 Apple Watch,HKQuantityTypeIdentifierHeartRate
Heart rate,2026-07-03 16:56:12+09:00,126.0,count/min,2,김하은의 Apple Watch,HKQuantityTypeIdentifierHeartRate
Heart rate,2026-07-03 16:56:13+09:00,126.0,count/min,2,김하은의 Apple Watch,HKQuantityTypeIdentifierHeartRate
Heart rate,2026-07-03 16:56:22+09:00,126.0,count/min,2,김하은의 Apple Watch,HKQuantityTypeIdentifierHeartRate
Heart rate,2026-07-03 16:56:23+09:00,125.0,count/min,2,김하은의 Apple Watch,HKQuantityTypeIdentifierHeartRate
Heart rate,2026-07-03 16:56:30+09:00,126.0,count/min,2,김하은의 Apple Watch,HKQuantityTypeIdentifierHeartRate
Heart rate,2026-07-03 16:56:36+09:00,129.0,count/min,2,김하은의 Apple Watch,HKQuantityTypeIdentifierHeartRate
Heart rate,2026-07-03 16:56:42+09:00,133.0,count/min,2,김하은의 Apple Watch,HKQuantityTypeIdentifierHeartRate
Heart rate,2026-07-03 16:56:43+09:00,135.0,count/min,2,김하은의 Apple Watch,HKQuantityTypeIdentifierHeartRate
Heart rate,2026-07-03 16:56:49+09:00,139.0,count/min,2,김하은의 Apple Watch,HKQuantityTypeIdentifierHeartRate
Heart rate,2026-07-03 16:56:55+09:00,139.0,count/min,2,김하은의 Apple Watch,HKQuantityTypeIdentifierHeartRate
Heart rate,2026-07-03 16:57:00+09:00,138.0,count/min,2,김하은의 Apple Watch,HKQuantityTypeIdentifierHeartRate
Heart rate,2026-07-03 16:57:07+09:00,136.0,count/min,2,김하은의 Apple Watch,HKQuantityTypeIdentifierHeartRate
Heart rate,2026-07-03 16:57:10+09:00,136.0,count/min,2,김하은의 Apple Watch,HKQuantityTypeIdentifierHeartRate
Heart rate,2026-07-03 16:57:16+09:00,136.0,count/min,2,김하은의 Apple Watch,HKQuantityTypeIdentifierHeartRate
Heart rate,2026-07-03 16:57:22+09:00,139.0,count/min,2,김하은의 Apple Watch,HKQuantityTypeIdentifierHeartRate
Heart rate,2026-07-03 16:57:27+09:00,139.0,count/min,2,김하은의 Apple Watch,HKQuantityTypeIdentifierHeartRate
Heart rate,2026-07-03 16:57:32+09:00,137.0,count/min,2,김하은의 Apple Watch,HKQuantityTypeIdentifierHeartRate
Heart rate,2026-07-03 16:57:35+09:00,136.0,count/min,2,김하은의 Apple Watch,HKQuantityTypeIdentifierHeartRate
Heart rate,2026-07-03 16:57:40+09:00,136.0,count/min,2,김하은의 Apple Watch,HKQuantityTypeIdentifierHeartRate
Heart rate,2026-07-03 16:57:43+09:00,134.0,count/min,2,김하은의 Apple Watch,HKQuantityTypeIdentifierHeartRate
Heart rate,2026-07-03 16:57:49+09:00,132.0,count/min,2,김하은의 Apple Watch,HKQuantityTypeIdentifierHeartRate
Heart rate,2026-07-03 16:57:56+09:00,127.0,count/min,2,김하은의 Apple Watch,HKQuantityTypeIdentifierHeartRate
Heart rate,2026-07-03 16:57:59+09:00,127.0,count/min,2,김하은의 Apple Watch,HKQuantityTypeIdentifierHeartRate
Heart rate,2026-07-03 16:58:05+09:00,126.0,count/min,2,김하은의 Apple Watch,HKQuantityTypeIdentifierHeartRate
Heart rate,2026-07-03 16:58:11+09:00,124.0,count/min,2,김하은의 Apple Watch,HKQuantityTypeIdentifierHeartRate
Heart rate,2026-07-03 16:58:14+09:00,123.0,count/min,2,김하은의 Apple Watch,HKQuantityTypeIdentifierHeartRate
Heart rate,2026-07-03 16:58:19+09:00,120.0,count/min,2,김하은의 Apple Watch,HKQuantityTypeIdentifierHeartRate
Heart rate,2026-07-03 16:58:28+09:00,114.0,count/min,2,김하은의 Apple Watch,HKQuantityTypeIdentifierHeartRate
Heart rate,2026-07-03 16:58:33+09:00,115.0,count/min,2,김하은의 Apple Watch,HKQuantityTypeIdentifierHeartRate
Heart rate,2026-07-03 16:58:44+09:00,117.0,count/min,2,김하은의 Apple Watch,HKQuantityTypeIdentifierHeartRate
Heart rate,2026-07-03 16:58:49+09:00,117.0,count/min,2,김하은의 Apple Watch,HKQuantityTypeIdentifierHeartRate
Heart rate,2026-07-03 16:58:58+09:00,118.0,count/min,2,김하은의 Apple Watch,HKQuantityTypeIdentifierHeartRate
Heart rate,2026-07-03 16:59:04+09:00,120.0,count/min,2,김하은의 Apple Watch,HKQuantityTypeIdentifierHeartRate
Heart rate,2026-07-03 16:59:13+09:00,123.0,count/min,2,김하은의 Apple Watch,HKQuantityTypeIdentifierHeartRate
Heart rate,2026-07-03 16:59:16+09:00,121.0,count/min,2,김하은의 Apple Watch,HKQuantityTypeIdentifierHeartRate
Heart rate,2026-07-03 16:59:28+09:00,118.0,count/min,2,김하은의 Apple Watch,HKQuantityTypeIdentifierHeartRate
Heart rate,2026-07-03 16:59:32+09:00,118.0,count/min,2,김하은의 Apple Watch,HKQuantityTypeIdentifierHeartRate
Heart rate,2026-07-03 16:59:38+09:00,115.0,count/min,2,김하은의 Apple Watch,HKQuantityTypeIdentifierHeartRate
Heart rate,2026-07-03 16:59:39+09:00,115.0,count/min,2,김하은의 Apple Watch,HKQuantityTypeIdentifierHeartRate
Heart rate,2026-07-03 16:59:44+09:00,115.0,count/min,2,김하은의 Apple Watch,HKQuantityTypeIdentifierHeartRate
Heart rate,2026-07-03 16:59:51+09:00,115.0,count/min,2,김하은의 Apple Watch,HKQuantityTypeIdentifierHeartRate
Heart rate,2026-07-03 16:59:58+09:00,107.0,count/min,2,김하은의 Apple Watch,HKQuantityTypeIdentifierHeartRate
Heart rate,2026-07-03 16:59:59+09:00,108.0,count/min,2,김하은의 Apple Watch,HKQuantityTypeIdentifierHeartRate
Heart rate,2026-07-03 17:00:08+09:00,114.0,count/min,2,김하은의 Apple Watch,HKQuantityTypeIdentifierHeartRate
Heart rate,2026-07-03 17:00:10+09:00,114.0,count/min,2,김하은의 Apple Watch,HKQuantityTypeIdentifierHeartRate
Heart rate,2026-07-03 17:00:19+09:00,115.0,count/min,2,김하은의 Apple Watch,HKQuantityTypeIdentifierHeartRate
Heart rate,2026-07-03 17:00:21+09:00,115.0,count/min,2,김하은의 Apple Watch,HKQuantityTypeIdentifierHeartRate
Heart rate,2026-07-03 17:00:27+09:00,114.0,count/min,2,김하은의 Apple Watch,HKQuantityTypeIdentifierHeartRate
Heart rate,2026-07-03 17:00:30+09:00,114.0,count/min,2,김하은의 Apple Watch,HKQuantityTypeIdentifierHeartRate
Heart rate,2026-07-03 17:00:39+09:00,113.0,count/min,2,김하은의 Apple Watch,HKQuantityTypeIdentifierHeartRate
Heart rate,2026-07-03 17:00:48+09:00,112.0,count/min,2,김하은의 Apple Watch,HKQuantityTypeIdentifierHeartRate
Heart rate,2026-07-03 17:00:52+09:00,113.0,count/min,2,김하은의 Apple Watch,HKQuantityTypeIdentifierHeartRate
Heart rate,2026-07-03 17:00:55+09:00,114.0,count/min,2,김하은의 Apple Watch,HKQuantityTypeIdentifierHeartRate
Heart rate,2026-07-03 17:02:05+09:00,118.0,count/min,2,김하은의 Apple Watch,HKQuantityTypeIdentifierHeartRate
Heart rate,2026-07-03 17:02:14+09:00,103.0,count/min,2,김하은의 Apple Watch,HKQuantityTypeIdentifierHeartRate
Heart rate,2026-07-03 17:02:29+09:00,98.0,count/min,2,김하은의 Apple Watch,HKQuantityTypeIdentifierHeartRate
Heart rate,2026-07-03 17:02:34+09:00,96.0,count/min,2,김하은의 Apple Watch,HKQuantityTypeIdentifierHeartRate
Heart rate,2026-07-03 17:02:39+09:00,94.0,count/min,2,김하은의 Apple Watch,HKQuantityTypeIdentifierHeartRate
Heart rate,2026-07-03 17:02:40+09:00,95.0,count/min,2,김하은의 Apple Watch,HKQuantityTypeIdentifierHeartRate
Heart rate,2026-07-03 17:02:48+09:00,95.0,count/min,2,김하은의 Apple Watch,HKQuantityTypeIdentifierHeartRate
Heart rate,2026-07-03 17:02:54+09:00,95.0,count/min,2,김하은의 Apple Watch,HKQuantityTypeIdentifierHeartRate
Heart rate,2026-07-03 17:02:55+09:00,96.0,count/min,2,김하은의 Apple Watch,HKQuantityTypeIdentifierHeartRate
Heart rate,2026-07-03 17:03:01+09:00,98.0,count/min,2,김하은의 Apple Watch,HKQuantityTypeIdentifierHeartRate
Heart rate,2026-07-03 17:03:08+09:00,99.0,count/min,2,김하은의 Apple Watch,HKQuantityTypeIdentifierHeartRate
Heart rate,2026-07-03 17:03:49+09:00,121.0,count/min,2,김하은의 Apple Watch,HKQuantityTypeIdentifierHeartRate
Heart rate,2026-07-03 17:03:50+09:00,121.0,count/min,2,김하은의 Apple Watch,HKQuantityTypeIdentifierHeartRate
Heart rate,2026-07-03 17:04:02+09:00,124.0,count/min,2,김하은의 Apple Watch,HKQuantityTypeIdentifierHeartRate
Heart rate,2026-07-03 17:04:07+09:00,124.0,count/min,2,김하은의 Apple Watch,HKQuantityTypeIdentifierHeartRate
Heart rate,2026-07-03 17:04:10+09:00,122.0,count/min,2,김하은의 Apple Watch,HKQuantityTypeIdentifierHeartRate
Heart rate,2026-07-03 17:04:18+09:00,118.0,count/min,2,김하은의 Apple Watch,HKQuantityTypeIdentifierHeartRate
Heart rate,2026-07-03 17:04:20+09:00,117.0,count/min,2,김하은의 Apple Watch,HKQuantityTypeIdentifierHeartRate
Heart rate,2026-07-03 17:04:28+09:00,117.0,count/min,2,김하은의 Apple Watch,HKQuantityTypeIdentifierHeartRate
Heart rate,2026-07-03 17:04:34+09:00,112.0,count/min,2,김하은의 Apple Watch,HKQuantityTypeIdentifierHeartRate
Heart rate,2026-07-03 17:04:39+09:00,111.0,count/min,2,김하은의 Apple Watch,HKQuantityTypeIdentifierHeartRate
Heart rate,2026-07-03 17:04:44+09:00,112.0,count/min,2,김하은의 Apple Watch,HKQuantityTypeIdentifierHeartRate
Heart rate,2026-07-03 17:05:05+09:00,107.0,count/min,2,김하은의 Apple Watch,HKQuantityTypeIdentifierHeartRate
Heart rate,2026-07-03 17:05:14+09:00,108.0,count/min,2,김하은의 Apple Watch,HKQuantityTypeIdentifierHeartRate
Heart rate,2026-07-03 17:05:18+09:00,108.0,count/min,2,김하은의 Apple Watch,HKQuantityTypeIdentifierHeartRate
Heart rate,2026-07-03 17:05:20+09:00,108.0,count/min,2,김하은의 Apple Watch,HKQuantityTypeIdentifierHeartRate
Heart rate,2026-07-03 17:05:39+09:00,112.0,count/min,2,김하은의 Apple Watch,HKQuantityTypeIdentifierHeartRate
Heart rate,2026-07-03 17:05:40+09:00,112.0,count/min,2,김하은의 Apple Watch,HKQuantityTypeIdentifierHeartRate
Heart rate,2026-07-03 17:06:04+09:00,102.0,count/min,2,김하은의 Apple Watch,HKQuantityTypeIdentifierHeartRate
Heart rate,2026-07-03 17:06:05+09:00,103.0,count/min,2,김하은의 Apple Watch,HKQuantityTypeIdentifierHeartRate
Heart rate,2026-07-03 17:06:29+09:00,97.0,count/min,2,김하은의 Apple Watch,HKQuantityTypeIdentifierHeartRate
Heart rate,2026-07-03 17:06:34+09:00,97.0,count/min,2,김하은의 Apple Watch,HKQuantityTypeIdentifierHeartRate
Heart rate,2026-07-03 17:06:35+09:00,96.0,count/min,2,김하은의 Apple Watch,HKQuantityTypeIdentifierHeartRate
Heart rate,2026-07-03 17:06:40+09:00,97.0,count/min,2,김하은의 Apple Watch,HKQuantityTypeIdentifierHeartRate
Heart rate,2026-07-03 17:06:45+09:00,103.0,count/min,2,김하은의 Apple Watch,HKQuantityTypeIdentifierHeartRate
Heart rate,2026-07-03 17:06:50+09:00,107.0,count/min,2,김하은의 Apple Watch,HKQuantityTypeIdentifierHeartRate
Heart rate,2026-07-03 17:06:55+09:00,111.0,count/min,2,김하은의 Apple Watch,HKQuantityTypeIdentifierHeartRate
Heart rate,2026-07-03 17:07:00+09:00,114.0,count/min,2,김하은의 Apple Watch,HKQuantityTypeIdentifierHeartRate
Heart rate,2026-07-03 17:07:06+09:00,115.0,count/min,2,김하은의 Apple Watch,HKQuantityTypeIdentifierHeartRate
Heart rate,2026-07-03 17:07:24+09:00,96.0,count/min,2,김하은의 Apple Watch,HKQuantityTypeIdentifierHeartRate
Heart rate,2026-07-03 17:07:29+09:00,91.0,count/min,2,김하은의 Apple Watch,HKQuantityTypeIdentifierHeartRate
Heart rate,2026-07-03 17:07:34+09:00,92.0,count/min,2,김하은의 Apple Watch,HKQuantityTypeIdentifierHeartRate
Heart rate,2026-07-03 17:21:54+09:00,97.0,count/min,0,김하은의 Apple Watch,HKQuantityTypeIdentifierHeartRate
Heart rate,2026-07-03 17:24:07+09:00,87.0,count/min,1,김하은의 Apple Watch,HKQuantityTypeIdentifierHeartRate
Heart rate,2026-07-03 17:28:15+09:00,102.0,count/min,1,김하은의 Apple Watch,HKQuantityTypeIdentifierHeartRate
Heart rate,2026-07-03 17:43:00+09:00,120.0,count/min,2,김하은의 Apple Watch,HKQuantityTypeIdentifierHeartRate
Heart rate,2026-07-03 17:43:05+09:00,122.0,count/min,2,김하은의 Apple Watch,HKQuantityTypeIdentifierHeartRate
Heart rate,2026-07-03 17:43:08+09:00,123.0,count/min,2,김하은의 Apple Watch,HKQuantityTypeIdentifierHeartRate
Heart rate,2026-07-03 17:43:13+09:00,125.0,count/min,2,김하은의 Apple Watch,HKQuantityTypeIdentifierHeartRate
Heart rate,2026-07-03 17:43:16+09:00,126.0,count/min,2,김하은의 Apple Watch,HKQuantityTypeIdentifierHeartRate
Heart rate,2026-07-03 17:43:21+09:00,128.0,count/min,2,김하은의 Apple Watch,HKQuantityTypeIdentifierHeartRate
Heart rate,2026-07-03 17:43:28+09:00,129.0,count/min,2,김하은의 Apple Watch,HKQuantityTypeIdentifierHeartRate
Heart rate,2026-07-03 17:43:32+09:00,131.0,count/min,2,김하은의 Apple Watch,HKQuantityTypeIdentifierHeartRate
Heart rate,2026-07-03 17:43:36+09:00,130.0,count/min,2,김하은의 Apple Watch,HKQuantityTypeIdentifierHeartRate
Heart rate,2026-07-03 17:43:41+09:00,131.0,count/min,2,김하은의 Apple Watch,HKQuantityTypeIdentifierHeartRate
Heart rate,2026-07-03 17:43:50+09:00,134.0,count/min,2,김하은의 Apple Watch,HKQuantityTypeIdentifierHeartRate
Heart rate,2026-07-03 17:43:54+09:00,132.0,count/min,2,김하은의 Apple Watch,HKQuantityTypeIdentifierHeartRate
Heart rate,2026-07-03 17:43:59+09:00,129.0,count/min,2,김하은의 Apple Watch,HKQuantityTypeIdentifierHeartRate
Heart rate,2026-07-03 17:44:03+09:00,129.0,count/min,2,김하은의 Apple Watch,HKQuantityTypeIdentifierHeartRate
Heart rate,2026-07-03 17:44:08+09:00,129.0,count/min,2,김하은의 Apple Watch,HKQuantityTypeIdentifierHeartRate
Heart rate,2026-07-03 17:44:11+09:00,131.0,count/min,2,김하은의 Apple Watch,HKQuantityTypeIdentifierHeartRate
Heart rate,2026-07-03 17:44:16+09:00,134.0,count/min,2,김하은의 Apple Watch,HKQuantityTypeIdentifierHeartRate
Heart rate,2026-07-03 17:44:25+09:00,138.0,count/min,2,김하은의 Apple Watch,HKQuantityTypeIdentifierHeartRate
Heart rate,2026-07-03 17:44:30+09:00,138.0,count/min,2,김하은의 Apple Watch,HKQuantityTypeIdentifierHeartRate
Heart rate,2026-07-03 17:44:31+09:00,137.0,count/min,2,김하은의 Apple Watch,HKQuantityTypeIdentifierHeartRate
Heart rate,2026-07-03 17:44:38+09:00,138.0,count/min,2,김하은의 Apple Watch,HKQuantityTypeIdentifierHeartRate
Heart rate,2026-07-03 17:44:41+09:00,136.0,count/min,2,김하은의 Apple Watch,HKQuantityTypeIdentifierHeartRate
Heart rate,2026-07-03 17:44:50+09:00,142.0,count/min,2,김하은의 Apple Watch,HKQuantityTypeIdentifierHeartRate
Heart rate,2026-07-03 17:44:54+09:00,144.0,count/min,2,김하은의 Apple Watch,HKQuantityTypeIdentifierHeartRate
Heart rate,2026-07-03 17:45:00+09:00,148.0,count/min,2,김하은의 Apple Watch,HKQuantityTypeIdentifierHeartRate
Heart rate,2026-07-03 17:45:05+09:00,152.0,count/min,2,김하은의 Apple Watch,HKQuantityTypeIdentifierHeartRate
Heart rate,2026-07-03 17:45:06+09:00,152.0,count/min,2,김하은의 Apple Watch,HKQuantityTypeIdentifierHeartRate
Heart rate,2026-07-03 17:45:13+09:00,153.0,count/min,2,김하은의 Apple Watch,HKQuantityTypeIdentifierHeartRate
Heart rate,2026-07-03 17:45:20+09:00,153.0,count/min,2,김하은의 Apple Watch,HKQuantityTypeIdentifierHeartRate
Heart rate,2026-07-03 17:45:21+09:00,154.0,count/min,2,김하은의 Apple Watch,HKQuantityTypeIdentifierHeartRate
Heart rate,2026-07-03 17:45:30+09:00,153.0,count/min,2,김하은의 Apple Watch,HKQuantityTypeIdentifierHeartRate
Heart rate,2026-07-03 17:45:34+09:00,152.0,count/min,2,김하은의 Apple Watch,HKQuantityTypeIdentifierHeartRate
Heart rate,2026-07-03 17:45:37+09:00,152.0,count/min,2,김하은의 Apple Watch,HKQuantityTypeIdentifierHeartRate
Heart rate,2026-07-03 17:45:42+09:00,152.0,count/min,2,김하은의 Apple Watch,HKQuantityTypeIdentifierHeartRate
Heart rate,2026-07-03 17:45:49+09:00,148.0,count/min,2,김하은의 Apple Watch,HKQuantityTypeIdentifierHeartRate
Heart rate,2026-07-03 17:45:51+09:00,148.0,count/min,2,김하은의 Apple Watch,HKQuantityTypeIdentifierHeartRate
Heart rate,2026-07-03 17:45:56+09:00,149.0,count/min,2,김하은의 Apple Watch,HKQuantityTypeIdentifierHeartRate
Heart rate,2026-07-03 17:46:05+09:00,151.0,count/min,2,김하은의 Apple Watch,HKQuantityTypeIdentifierHeartRate
Heart rate,2026-07-03 17:46:08+09:00,154.0,count/min,2,김하은의 Apple Watch,HKQuantityTypeIdentifierHeartRate
Heart rate,2026-07-03 17:46:14+09:00,158.0,count/min,2,김하은의 Apple Watch,HKQuantityTypeIdentifierHeartRate
Heart rate,2026-07-03 17:46:20+09:00,163.0,count/min,2,김하은의 Apple Watch,HKQuantityTypeIdentifierHeartRate
Heart rate,2026-07-03 17:46:21+09:00,164.0,count/min,2,김하은의 Apple Watch,HKQuantityTypeIdentifierHeartRate
Heart rate,2026-07-03 17:46:26+09:00,166.0,count/min,2,김하은의 Apple Watch,HKQuantityTypeIdentifierHeartRate
Heart rate,2026-07-03 17:46:31+09:00,165.0,count/min,2,김하은의 Apple Watch,HKQuantityTypeIdentifierHeartRate
Heart rate,2026-07-03 17:46:36+09:00,162.0,count/min,2,김하은의 Apple Watch,HKQuantityTypeIdentifierHeartRate
Heart rate,2026-07-03 17:46:42+09:00,161.0,count/min,2,김하은의 Apple Watch,HKQuantityTypeIdentifierHeartRate
Heart rate,2026-07-03 17:46:50+09:00,159.0,count/min,2,김하은의 Apple Watch,HKQuantityTypeIdentifierHeartRate
Heart rate,2026-07-03 17:46:55+09:00,158.0,count/min,2,김하은의 Apple Watch,HKQuantityTypeIdentifierHeartRate
Heart rate,2026-07-03 17:46:56+09:00,157.0,count/min,2,김하은의 Apple Watch,HKQuantityTypeIdentifierHeartRate
Heart rate,2026-07-03 17:47:05+09:00,153.0,count/min,2,김하은의 Apple Watch,HKQuantityTypeIdentifierHeartRate
Heart rate,2026-07-03 17:47:10+09:00,151.0,count/min,2,김하은의 Apple Watch,HKQuantityTypeIdentifierHeartRate
Heart rate,2026-07-03 17:47:12+09:00,151.0,count/min,2,김하은의 Apple Watch,HKQuantityTypeIdentifierHeartRate
Heart rate,2026-07-03 17:47:20+09:00,147.0,count/min,2,김하은의 Apple Watch,HKQuantityTypeIdentifierHeartRate
Heart rate,2026-07-03 17:47:25+09:00,146.0,count/min,2,김하은의 Apple Watch,HKQuantityTypeIdentifierHeartRate
Heart rate,2026-07-03 17:47:29+09:00,145.0,count/min,2,김하은의 Apple Watch,HKQuantityTypeIdentifierHeartRate
Heart rate,2026-07-03 17:47:35+09:00,143.0,count/min,2,김하은의 Apple Watch,HKQuantityTypeIdentifierHeartRate
Heart rate,2026-07-03 17:47:48+09:00,141.0,count/min,2,김하은의 Apple Watch,HKQuantityTypeIdentifierHeartRate
Heart rate,2026-07-03 17:47:51+09:00,142.0,count/min,2,김하은의 Apple Watch,HKQuantityTypeIdentifierHeartRate
Heart rate,2026-07-03 17:48:00+09:00,142.0,count/min,2,김하은의 Apple Watch,HKQuantityTypeIdentifierHeartRate
Heart rate,2026-07-03 17:48:05+09:00,145.0,count/min,2,김하은의 Apple Watch,HKQuantityTypeIdentifierHeartRate
Heart rate,2026-07-03 17:48:08+09:00,145.0,count/min,2,김하은의 Apple Watch,HKQuantityTypeIdentifierHeartRate
Heart rate,2026-07-03 17:48:15+09:00,145.0,count/min,2,김하은의 Apple Watch,HKQuantityTypeIdentifierHeartRate
Heart rate,2026-07-03 17:48:19+09:00,145.0,count/min,2,김하은의 Apple Watch,HKQuantityTypeIdentifierHeartRate
Heart rate,2026-07-03 17:48:21+09:00,145.0,count/min,2,김하은의 Apple Watch,HKQuantityTypeIdentifierHeartRate
Heart rate,2026-07-03 17:48:28+09:00,145.0,count/min,2,김하은의 Apple Watch,HKQuantityTypeIdentifierHeartRate
Heart rate,2026-07-03 17:48:32+09:00,145.0,count/min,2,김하은의 Apple Watch,HKQuantityTypeIdentifierHeartRate
Heart rate,2026-07-03 17:48:40+09:00,141.0,count/min,2,김하은의 Apple Watch,HKQuantityTypeIdentifierHeartRate
Heart rate,2026-07-03 17:48:44+09:00,140.0,count/min,2,김하은의 Apple Watch,HKQuantityTypeIdentifierHeartRate
Heart rate,2026-07-03 17:48:50+09:00,138.0,count/min,2,김하은의 Apple Watch,HKQuantityTypeIdentifierHeartRate
Heart rate,2026-07-03 17:48:54+09:00,139.0,count/min,2,김하은의 Apple Watch,HKQuantityTypeIdentifierHeartRate
Heart rate,2026-07-03 17:49:00+09:00,139.0,count/min,2,김하은의 Apple Watch,HKQuantityTypeIdentifierHeartRate
Heart rate,2026-07-03 17:49:05+09:00,141.0,count/min,2,김하은의 Apple Watch,HKQuantityTypeIdentifierHeartRate
Heart rate,2026-07-03 17:49:10+09:00,139.0,count/min,2,김하은의 Apple Watch,HKQuantityTypeIdentifierHeartRate
Heart rate,2026-07-03 17:49:11+09:00,138.0,count/min,2,김하은의 Apple Watch,HKQuantityTypeIdentifierHeartRate
Heart rate,2026-07-03 17:49:26+09:00,142.0,count/min,2,김하은의 Apple Watch,HKQuantityTypeIdentifierHeartRate
Heart rate,2026-07-03 17:49:34+09:00,146.0,count/min,2,김하은의 Apple Watch,HKQuantityTypeIdentifierHeartRate
Heart rate,2026-07-03 17:49:40+09:00,154.0,count/min,2,김하은의 Apple Watch,HKQuantityTypeIdentifierHeartRate
Heart rate,2026-07-03 17:49:42+09:00,154.0,count/min,2,김하은의 Apple Watch,HKQuantityTypeIdentifierHeartRate
Heart rate,2026-07-03 17:49:46+09:00,159.0,count/min,2,김하은의 Apple Watch,HKQuantityTypeIdentifierHeartRate
Heart rate,2026-07-03 17:49:51+09:00,162.0,count/min,2,김하은의 Apple Watch,HKQuantityTypeIdentifierHeartRate
Heart rate,2026-07-03 17:50:00+09:00,166.0,count/min,2,김하은의 Apple Watch,HKQuantityTypeIdentifierHeartRate
Heart rate,2026-07-03 17:50:01+09:00,167.0,count/min,2,김하은의 Apple Watch,HKQuantityTypeIdentifierHeartRate
Heart rate,2026-07-03 17:50:06+09:00,169.0,count/min,2,김하은의 Apple Watch,HKQuantityTypeIdentifierHeartRate
Heart rate,2026-07-03 17:50:49+09:00,179.0,count/min,2,김하은의 Apple Watch,HKQuantityTypeIdentifierHeartRate
Heart rate,2026-07-03 17:50:55+09:00,179.0,count/min,2,김하은의 Apple Watch,HKQuantityTypeIdentifierHeartRate
Heart rate,2026-07-03 17:51:02+09:00,178.0,count/min,2,김하은의 Apple Watch,HKQuantityTypeIdentifierHeartRate
Heart rate,2026-07-03 17:51:06+09:00,177.0,count/min,2,김하은의 Apple Watch,HKQuantityTypeIdentifierHeartRate
Heart rate,2026-07-03 17:51:13+09:00,173.0,count/min,2,김하은의 Apple Watch,HKQuantityTypeIdentifierHeartRate
Heart rate,2026-07-03 17:51:20+09:00,168.0,count/min,2,김하은의 Apple Watch,HKQuantityTypeIdentifierHeartRate
Heart rate,2026-07-03 17:51:25+09:00,166.0,count/min,2,김하은의 Apple Watch,HKQuantityTypeIdentifierHeartRate
Heart rate,2026-07-03 17:51:26+09:00,165.0,count/min,2,김하은의 Apple Watch,HKQuantityTypeIdentifierHeartRate
Heart rate,2026-07-03 17:51:31+09:00,161.0,count/min,2,김하은의 Apple Watch,HKQuantityTypeIdentifierHeartRate
Heart rate,2026-07-03 17:51:40+09:00,157.0,count/min,2,김하은의 Apple Watch,HKQuantityTypeIdentifierHeartRate
Heart rate,2026-07-03 17:51:43+09:00,156.0,count/min,2,김하은의 Apple Watch,HKQuantityTypeIdentifierHeartRate
Heart rate,2026-07-03 17:51:46+09:00,152.0,count/min,2,김하은의 Apple Watch,HKQuantityTypeIdentifierHeartRate
Heart rate,2026-07-03 17:51:55+09:00,147.0,count/min,2,김하은의 Apple Watch,HKQuantityTypeIdentifierHeartRate
Heart rate,2026-07-03 17:52:00+09:00,143.0,count/min,2,김하은의 Apple Watch,HKQuantityTypeIdentifierHeartRate
Heart rate,2026-07-03 17:52:03+09:00,142.0,count/min,2,김하은의 Apple Watch,HKQuantityTypeIdentifierHeartRate
Heart rate,2026-07-03 17:52:07+09:00,137.0,count/min,2,김하은의 Apple Watch,HKQuantityTypeIdentifierHeartRate
Heart rate,2026-07-03 17:52:14+09:00,130.0,count/min,2,김하은의 Apple Watch,HKQuantityTypeIdentifierHeartRate
Heart rate,2026-07-03 17:52:18+09:00,131.0,count/min,2,김하은의 Apple Watch,HKQuantityTypeIdentifierHeartRate
Heart rate,2026-07-03 17:52:23+09:00,125.0,count/min,2,김하은의 Apple Watch,HKQuantityTypeIdentifierHeartRate
Heart rate,2026-07-03 17:52:26+09:00,126.0,count/min,2,김하은의 Apple Watch,HKQuantityTypeIdentifierHeartRate
Heart rate,2026-07-03 17:52:35+09:00,129.0,count/min,2,김하은의 Apple Watch,HKQuantityTypeIdentifierHeartRate
Heart rate,2026-07-03 17:52:40+09:00,128.0,count/min,2,김하은의 Apple Watch,HKQuantityTypeIdentifierHeartRate
Heart rate,2026-07-03 17:52:41+09:00,128.0,count/min,2,김하은의 Apple Watch,HKQuantityTypeIdentifierHeartRate
Heart rate,2026-07-03 17:52:46+09:00,125.0,count/min,2,김하은의 Apple Watch,HKQuantityTypeIdentifierHeartRate
Heart rate,2026-07-03 17:52:51+09:00,122.0,count/min,2,김하은의 Apple Watch,HKQuantityTypeIdentifierHeartRate
Heart rate,2026-07-03 17:53:00+09:00,122.0,count/min,2,김하은의 Apple Watch,HKQuantityTypeIdentifierHeartRate
Heart rate,2026-07-03 17:53:05+09:00,121.0,count/min,2,김하은의 Apple Watch,HKQuantityTypeIdentifierHeartRate
Heart rate,2026-07-03 17:53:06+09:00,122.0,count/min,2,김하은의 Apple Watch,HKQuantityTypeIdentifierHeartRate
Heart rate,2026-07-03 17:53:15+09:00,128.0,count/min,2,김하은의 Apple Watch,HKQuantityTypeIdentifierHeartRate
Heart rate,2026-07-03 17:53:18+09:00,129.0,count/min,2,김하은의 Apple Watch,HKQuantityTypeIdentifierHeartRate
Heart rate,2026-07-03 17:53:24+09:00,132.0,count/min,2,김하은의 Apple Watch,HKQuantityTypeIdentifierHeartRate
Heart rate,2026-07-03 17:53:29+09:00,132.0,count/min,2,김하은의 Apple Watch,HKQuantityTypeIdentifierHeartRate
Heart rate,2026-07-03 17:53:32+09:00,132.0,count/min,2,김하은의 Apple Watch,HKQuantityTypeIdentifierHeartRate
Heart rate,2026-07-03 17:53:39+09:00,130.0,count/min,2,김하은의 Apple Watch,HKQuantityTypeIdentifierHeartRate
Heart rate,2026-07-03 17:53:45+09:00,128.0,count/min,2,김하은의 Apple Watch,HKQuantityTypeIdentifierHeartRate
Heart rate,2026-07-03 17:53:50+09:00,126.0,count/min,2,김하은의 Apple Watch,HKQuantityTypeIdentifierHeartRate
Heart rate,2026-07-03 17:53:51+09:00,125.0,count/min,2,김하은의 Apple Watch,HKQuantityTypeIdentifierHeartRate
Heart rate,2026-07-03 17:53:59+09:00,116.0,count/min,2,김하은의 Apple Watch,HKQuantityTypeIdentifierHeartRate
Heart rate,2026-07-03 17:54:03+09:00,114.0,count/min,2,김하은의 Apple Watch,HKQuantityTypeIdentifierHeartRate
Heart rate,2026-07-03 17:54:09+09:00,109.0,count/min,2,김하은의 Apple Watch,HKQuantityTypeIdentifierHeartRate
Heart rate,2026-07-03 17:54:14+09:00,111.0,count/min,2,김하은의 Apple Watch,HKQuantityTypeIdentifierHeartRate
Heart rate,2026-07-03 17:54:17+09:00,110.0,count/min,2,김하은의 Apple Watch,HKQuantityTypeIdentifierHeartRate
Heart rate,2026-07-03 17:54:24+09:00,117.0,count/min,2,김하은의 Apple Watch,HKQuantityTypeIdentifierHeartRate
Heart rate,2026-07-03 17:54:29+09:00,112.0,count/min,2,김하은의 Apple Watch,HKQuantityTypeIdentifierHeartRate
Heart rate,2026-07-03 17:54:34+09:00,112.0,count/min,2,김하은의 Apple Watch,HKQuantityTypeIdentifierHeartRate
Heart rate,2026-07-03 17:54:38+09:00,108.0,count/min,2,김하은의 Apple Watch,HKQuantityTypeIdentifierHeartRate
Heart rate,2026-07-03 17:54:41+09:00,108.0,count/min,2,김하은의 Apple Watch,HKQuantityTypeIdentifierHeartRate
Heart rate,2026-07-03 17:54:49+09:00,113.0,count/min,2,김하은의 Apple Watch,HKQuantityTypeIdentifierHeartRate
Heart rate,2026-07-03 17:54:51+09:00,114.0,count/min,2,김하은의 Apple Watch,HKQuantityTypeIdentifierHeartRate
Heart rate,2026-07-03 17:54:59+09:00,114.0,count/min,2,김하은의 Apple Watch,HKQuantityTypeIdentifierHeartRate
Heart rate,2026-07-03 17:55:01+09:00,115.0,count/min,2,김하은의 Apple Watch,HKQuantityTypeIdentifierHeartRate
Heart rate,2026-07-03 17:55:10+09:00,114.0,count/min,2,김하은의 Apple Watch,HKQuantityTypeIdentifierHeartRate
Heart rate,2026-07-03 17:55:15+09:00,115.0,count/min,2,김하은의 Apple Watch,HKQuantityTypeIdentifierHeartRate
Heart rate,2026-07-03 17:55:19+09:00,116.0,count/min,2,김하은의 Apple Watch,HKQuantityTypeIdentifierHeartRate
Heart rate,2026-07-03 17:55:25+09:00,114.0,count/min,2,김하은의 Apple Watch,HKQuantityTypeIdentifierHeartRate
Heart rate,2026-07-03 17:56:50+09:00,110.24,count/min,0,김하은의 Apple Watch,HKQuantityTypeIdentifierHeartRate
Heart rate,2026-07-03 17:56:54+09:00,109.0,count/min,1,김하은의 Apple Watch,HKQuantityTypeIdentifierHeartRate
Heart rate,2026-07-03 17:58:27+09:00,108.0,count/min,1,김하은의 Apple Watch,HKQuantityTypeIdentifierHeartRate
Heart rate,2026-07-03 18:59:29+09:00,105.0,count/min,1,김하은의 Apple Watch,HKQuantityTypeIdentifierHeartRate
Heart rate,2026-07-03 19:06:00+09:00,101.0,count/min,1,김하은의 Apple Watch,HKQuantityTypeIdentifierHeartRate
Heart rate,2026-07-03 19:09:10+09:00,100.0,count/min,1,김하은의 Apple Watch,HKQuantityTypeIdentifierHeartRate
Heart rate,2026-07-03 19:12:29+09:00,94.0,count/min,1,김하은의 Apple Watch,HKQuantityTypeIdentifierHeartRate
Heart rate,2026-07-03 19:17:21+09:00,96.0,count/min,1,김하은의 Apple Watch,HKQuantityTypeIdentifierHeartRate
Heart rate,2026-07-03 19:26:39+09:00,105.0,count/min,1,김하은의 Apple Watch,HKQuantityTypeIdentifierHeartRate
Heart rate,2026-07-03 19:28:12+09:00,99.0,count/min,1,김하은의 Apple Watch,HKQuantityTypeIdentifierHeartRate
Heart rate,2026-07-03 19:34:19+09:00,99.0,count/min,1,김하은의 Apple Watch,HKQuantityTypeIdentifierHeartRate
Heart rate,2026-07-03 19:37:28+09:00,99.0,count/min,1,김하은의 Apple Watch,HKQuantityTypeIdentifierHeartRate
Heart rate,2026-07-03 19:45:00+09:00,101.0,count/min,1,김하은의 Apple Watch,HKQuantityTypeIdentifierHeartRate
Heart rate,2026-07-03 19:50:15+09:00,98.0,count/min,1,김하은의 Apple Watch,HKQuantityTypeIdentifierHeartRate
Heart rate,2026-07-03 19:53:28+09:00,106.0,count/min,0,김하은의 Apple Watch,HKQuantityTypeIdentifierHeartRate
Heart rate,2026-07-03 19:53:29+09:00,103.0,count/min,1,김하은의 Apple Watch,HKQuantityTypeIdentifierHeartRate
Heart rate,2026-07-03 19:58:12+09:00,99.0,count/min,1,김하은의 Apple Watch,HKQuantityTypeIdentifierHeartRate
Heart rate,2026-07-03 20:06:37+09:00,98.0,count/min,1,김하은의 Apple Watch,HKQuantityTypeIdentifierHeartRate
Heart rate,2026-07-03 20:09:13+09:00,99.0,count/min,1,김하은의 Apple Watch,HKQuantityTypeIdentifierHeartRate
Heart rate,2026-07-03 20:09:39+09:00,101.235,count/min,0,김하은의 Apple Watch,HKQuantityTypeIdentifierHeartRate
Heart rate,2026-07-03 20:14:29+09:00,100.0,count/min,1,김하은의 Apple Watch,HKQuantityTypeIdentifierHeartRate
Heart rate,2026-07-03 20:18:43+09:00,98.0,count/min,1,김하은의 Apple Watch,HKQuantityTypeIdentifierHeartRate
Heart rate,2026-07-03 20:23:11+09:00,99.0,count/min,1,김하은의 Apple Watch,HKQuantityTypeIdentifierHeartRate
Heart rate,2026-07-03 20:31:58+09:00,104.0,count/min,1,김하은의 Apple Watch,HKQuantityTypeIdentifierHeartRate
Heart rate,2026-07-03 20:33:55+09:00,102.0,count/min,1,김하은의 Apple Watch,HKQuantityTypeIdentifierHeartRate
Heart rate,2026-07-03 20:41:51+09:00,97.0,count/min,1,김하은의 Apple Watch,HKQuantityTypeIdentifierHeartRate
Heart rate,2026-07-03 20:44:23+09:00,112.0,count/min,0,김하은의 Apple Watch,HKQuantityTypeIdentifierHeartRate
Heart rate,2026-07-03 20:44:27+09:00,113.0,count/min,0,김하은의 Apple Watch,HKQuantityTypeIdentifierHeartRate
Heart rate,2026-07-03 20:44:33+09:00,107.0,count/min,0,김하은의 Apple Watch,HKQuantityTypeIdentifierHeartRate
Heart rate,2026-07-03 20:44:38+09:00,106.0,count/min,0,김하은의 Apple Watch,HKQuantityTypeIdentifierHeartRate
Heart rate,2026-07-03 20:44:39+09:00,106.0,count/min,0,김하은의 Apple Watch,HKQuantityTypeIdentifierHeartRate
Heart rate,2026-07-03 20:47:12+09:00,100.0,count/min,0,김하은의 Apple Watch,HKQuantityTypeIdentifierHeartRate
Heart rate,2026-07-03 20:48:38+09:00,102.0,count/min,1,김하은의 Apple Watch,HKQuantityTypeIdentifierHeartRate
Heart rate,2026-07-03 21:19:04+09:00,100.0,count/min,1,김하은의 Apple Watch,HKQuantityTypeIdentifierHeartRate
Heart rate,2026-07-03 21:24:00+09:00,135.0,count/min,0,김하은의 Apple Watch,HKQuantityTypeIdentifierHeartRate
Heart rate,2026-07-03 21:24:02+09:00,136.0,count/min,0,김하은의 Apple Watch,HKQuantityTypeIdentifierHeartRate
Heart rate,2026-07-03 21:24:06+09:00,136.0,count/min,0,김하은의 Apple Watch,HKQuantityTypeIdentifierHeartRate
Heart rate,2026-07-03 21:24:15+09:00,133.0,count/min,0,김하은의 Apple Watch,HKQuantityTypeIdentifierHeartRate
Heart rate,2026-07-03 21:24:17+09:00,129.0,count/min,0,김하은의 Apple Watch,HKQuantityTypeIdentifierHeartRate
Heart rate,2026-07-03 21:24:25+09:00,127.0,count/min,0,김하은의 Apple Watch,HKQuantityTypeIdentifierHeartRate
Heart rate,2026-07-03 21:24:30+09:00,126.0,count/min,0,김하은의 Apple Watch,HKQuantityTypeIdentifierHeartRate
Heart rate,2026-07-03 21:24:31+09:00,125.0,count/min,0,김하은의 Apple Watch,HKQuantityTypeIdentifierHeartRate
Heart rate,2026-07-03 21:24:38+09:00,127.0,count/min,0,김하은의 Apple Watch,HKQuantityTypeIdentifierHeartRate
Heart rate,2026-07-03 21:24:43+09:00,124.0,count/min,0,김하은의 Apple Watch,HKQuantityTypeIdentifierHeartRate
Heart rate,2026-07-03 21:24:50+09:00,121.0,count/min,0,김하은의 Apple Watch,HKQuantityTypeIdentifierHeartRate
Heart rate,2026-07-03 21:24:51+09:00,121.0,count/min,0,김하은의 Apple Watch,HKQuantityTypeIdentifierHeartRate
Heart rate,2026-07-03 21:24:57+09:00,119.0,count/min,0,김하은의 Apple Watch,HKQuantityTypeIdentifierHeartRate
Heart rate,2026-07-03 21:25:01+09:00,118.0,count/min,0,김하은의 Apple Watch,HKQuantityTypeIdentifierHeartRate
Heart rate,2026-07-03 21:25:06+09:00,118.0,count/min,0,김하은의 Apple Watch,HKQuantityTypeIdentifierHeartRate
Heart rate,2026-07-03 21:25:14+09:00,118.0,count/min,0,김하은의 Apple Watch,HKQuantityTypeIdentifierHeartRate
Heart rate,2026-07-03 21:25:17+09:00,118.0,count/min,0,김하은의 Apple Watch,HKQuantityTypeIdentifierHeartRate
Heart rate,2026-07-03 21:25:25+09:00,116.0,count/min,0,김하은의 Apple Watch,HKQuantityTypeIdentifierHeartRate
Heart rate,2026-07-03 21:29:41+09:00,106.0,count/min,0,김하은의 Apple Watch,HKQuantityTypeIdentifierHeartRate
Heart rate,2026-07-03 21:29:50+09:00,101.0,count/min,0,김하은의 Apple Watch,HKQuantityTypeIdentifierHeartRate
Heart rate,2026-07-03 21:29:59+09:00,105.0,count/min,0,김하은의 Apple Watch,HKQuantityTypeIdentifierHeartRate
Heart rate,2026-07-03 21:30:17+09:00,104.0,count/min,0,김하은의 Apple Watch,HKQuantityTypeIdentifierHeartRate
Heart rate,2026-07-03 21:30:21+09:00,105.0,count/min,0,김하은의 Apple Watch,HKQuantityTypeIdentifierHeartRate
Heart rate,2026-07-03 21:30:27+09:00,105.0,count/min,0,김하은의 Apple Watch,HKQuantityTypeIdentifierHeartRate
Heart rate,2026-07-03 21:30:32+09:00,102.0,count/min,0,김하은의 Apple Watch,HKQuantityTypeIdentifierHeartRate
Heart rate,2026-07-03 21:30:33+09:00,102.0,count/min,0,김하은의 Apple Watch,HKQuantityTypeIdentifierHeartRate
Heart rate,2026-07-03 21:30:39+09:00,103.0,count/min,0,김하은의 Apple Watch,HKQuantityTypeIdentifierHeartRate
Heart rate,2026-07-03 21:30:43+09:00,103.0,count/min,0,김하은의 Apple Watch,HKQuantityTypeIdentifierHeartRate
Heart rate,2026-07-03 21:30:48+09:00,101.0,count/min,0,김하은의 Apple Watch,HKQuantityTypeIdentifierHeartRate
Heart rate,2026-07-03 21:30:54+09:00,102.0,count/min,0,김하은의 Apple Watch,HKQuantityTypeIdentifierHeartRate
Heart rate,2026-07-03 21:31:02+09:00,106.0,count/min,0,김하은의 Apple Watch,HKQuantityTypeIdentifierHeartRate
Heart rate,2026-07-03 21:31:51+09:00,110.0,count/min,0,김하은의 Apple Watch,HKQuantityTypeIdentifierHeartRate
Heart rate,2026-07-03 21:31:56+09:00,113.0,count/min,0,김하은의 Apple Watch,HKQuantityTypeIdentifierHeartRate
Heart rate,2026-07-03 21:32:01+09:00,111.0,count/min,0,김하은의 Apple Watch,HKQuantityTypeIdentifierHeartRate
Heart rate,2026-07-03 21:32:16+09:00,109.0,count/min,0,김하은의 Apple Watch,HKQuantityTypeIdentifierHeartRate
Heart rate,2026-07-03 21:32:21+09:00,108.0,count/min,0,김하은의 Apple Watch,HKQuantityTypeIdentifierHeartRate
Heart rate,2026-07-03 21:32:22+09:00,107.0,count/min,0,김하은의 Apple Watch,HKQuantityTypeIdentifierHeartRate
Heart rate,2026-07-03 21:32:55+09:00,99.0,count/min,1,김하은의 Apple Watch,HKQuantityTypeIdentifierHeartRate
Heart rate,2026-07-03 21:41:28+09:00,89.0,count/min,1,김하은의 Apple Watch,HKQuantityTypeIdentifierHeartRate
Heart rate,2026-07-03 21:42:58+09:00,89.0,count/min,1,김하은의 Apple Watch,HKQuantityTypeIdentifierHeartRate
Heart rate,2026-07-03 21:51:32+09:00,89.0,count/min,1,김하은의 Apple Watch,HKQuantityTypeIdentifierHeartRate
Heart rate,2026-07-03 21:52:08+09:00,90.0,count/min,0,김하은의 Apple Watch,HKQuantityTypeIdentifierHeartRate
Heart rate,2026-07-03 21:53:24+09:00,92.0,count/min,1,김하은의 Apple Watch,HKQuantityTypeIdentifierHeartRate
Heart rate,2026-07-03 21:59:08+09:00,85.0,count/min,1,김하은의 Apple Watch,HKQuantityTypeIdentifierHeartRate
Heart rate,2026-07-03 22:03:47+09:00,89.0,count/min,1,김하은의 Apple Watch,HKQuantityTypeIdentifierHeartRate
Heart rate,2026-07-03 22:07:44+09:00,86.0,count/min,1,김하은의 Apple Watch,HKQuantityTypeIdentifierHeartRate
Heart rate,2026-07-03 22:16:53+09:00,86.0,count/min,1,김하은의 Apple Watch,HKQuantityTypeIdentifierHeartRate
Heart rate,2026-07-03 22:19:57+09:00,85.0,count/min,1,김하은의 Apple Watch,HKQuantityTypeIdentifierHeartRate
Heart rate,2026-07-03 22:23:43+09:00,84.0,count/min,1,김하은의 Apple Watch,HKQuantityTypeIdentifierHeartRate
Heart rate,2026-07-03 22:27:42+09:00,85.0,count/min,1,김하은의 Apple Watch,HKQuantityTypeIdentifierHeartRate
Heart rate,2026-07-03 22:34:36+09:00,84.0,count/min,1,김하은의 Apple Watch,HKQuantityTypeIdentifierHeartRate
Heart rate,2026-07-03 22:42:05+09:00,84.0,count/min,1,김하은의 Apple Watch,HKQuantityTypeIdentifierHeartRate
Heart rate,2026-07-03 22:45:54+09:00,85.0,count/min,1,김하은의 Apple Watch,HKQuantityTypeIdentifierHeartRate
Heart rate,2026-07-03 22:48:50+09:00,84.0,count/min,1,김하은의 Apple Watch,HKQuantityTypeIdentifierHeartRate
Heart rate,2026-07-03 22:56:23+09:00,85.0,count/min,1,김하은의 Apple Watch,HKQuantityTypeIdentifierHeartRate
Heart rate,2026-07-03 23:00:13+09:00,83.0,count/min,1,김하은의 Apple Watch,HKQuantityTypeIdentifierHeartRate
Heart rate,2026-07-03 23:05:46+09:00,84.0,count/min,1,김하은의 Apple Watch,HKQuantityTypeIdentifierHeartRate
Heart rate,2026-07-03 23:08:07+09:00,88.0,count/min,1,김하은의 Apple Watch,HKQuantityTypeIdentifierHeartRate
Heart rate,2026-07-03 23:16:18+09:00,81.0,count/min,1,김하은의 Apple Watch,HKQuantityTypeIdentifierHeartRate
Heart rate,2026-07-03 23:19:58+09:00,83.0,count/min,1,김하은의 Apple Watch,HKQuantityTypeIdentifierHeartRate
Heart rate,2026-07-03 23:26:08+09:00,82.0675,count/min,0,김하은의 Apple Watch,HKQuantityTypeIdentifierHeartRate
Heart rate,2026-07-03 23:26:19+09:00,84.0,count/min,0,김하은의 Apple Watch,HKQuantityTypeIdentifierHeartRate
Heart rate,2026-07-03 23:27:13+09:00,84.0,count/min,1,김하은의 Apple Watch,HKQuantityTypeIdentifierHeartRate
Heart rate,2026-07-03 23:28:19+09:00,84.0,count/min,1,김하은의 Apple Watch,HKQuantityTypeIdentifierHeartRate
Heart rate,2026-07-04 00:40:15+09:00,84.0,count/min,0,김하은의 Apple Watch,HKQuantityTypeIdentifierHeartRate
Heart rate,2026-07-04 00:44:03+09:00,85.0,count/min,0,김하은의 Apple Watch,HKQuantityTypeIdentifierHeartRate
Heart rate,2026-07-04 00:49:13+09:00,86.0,count/min,0,김하은의 Apple Watch,HKQuantityTypeIdentifierHeartRate
Heart rate,2026-07-04 00:55:26+09:00,91.0,count/min,0,김하은의 Apple Watch,HKQuantityTypeIdentifierHeartRate
Heart rate,2026-07-04 00:57:09+09:00,89.0,count/min,0,김하은의 Apple Watch,HKQuantityTypeIdentifierHeartRate
Heart rate,2026-07-04 00:58:08+09:00,91.0,count/min,0,김하은의 Apple Watch,HKQuantityTypeIdentifierHeartRate
Heart rate,2026-07-04 01:02:25+09:00,85.0,count/min,0,김하은의 Apple Watch,HKQuantityTypeIdentifierHeartRate
Heart rate,2026-07-04 01:11:00+09:00,80.0,count/min,0,김하은의 Apple Watch,HKQuantityTypeIdentifierHeartRate
Heart rate,2026-07-04 01:12:23+09:00,80.0,count/min,0,김하은의 Apple Watch,HKQuantityTypeIdentifierHeartRate
Heart rate,2026-07-04 01:16:30+09:00,84.0,count/min,0,김하은의 Apple Watch,HKQuantityTypeIdentifierHeartRate
Heart rate,2026-07-04 12:39:22+09:00,103.0,count/min,0,김하은의 Apple Watch,HKQuantityTypeIdentifierHeartRate
Heart rate,2026-07-04 12:40:58+09:00,103.0,count/min,0,김하은의 Apple Watch,HKQuantityTypeIdentifierHeartRate
Heart rate,2026-07-04 12:41:01+09:00,101.0,count/min,0,김하은의 Apple Watch,HKQuantityTypeIdentifierHeartRate
Heart rate,2026-07-04 12:41:08+09:00,104.0,count/min,0,김하은의 Apple Watch,HKQuantityTypeIdentifierHeartRate
Heart rate,2026-07-04 12:41:12+09:00,100.0,count/min,0,김하은의 Apple Watch,HKQuantityTypeIdentifierHeartRate
Heart rate,2026-07-04 12:41:16+09:00,96.0,count/min,0,김하은의 Apple Watch,HKQuantityTypeIdentifierHeartRate
Heart rate,2026-07-04 12:41:23+09:00,90.0,count/min,0,김하은의 Apple Watch,HKQuantityTypeIdentifierHeartRate
Heart rate,2026-07-04 12:41:25+09:00,88.0,count/min,0,김하은의 Apple Watch,HKQuantityTypeIdentifierHeartRate
Heart rate,2026-07-04 12:41:30+09:00,86.0,count/min,0,김하은의 Apple Watch,HKQuantityTypeIdentifierHeartRate
Heart rate,2026-07-04 12:41:36+09:00,84.0,count/min,0,김하은의 Apple Watch,HKQuantityTypeIdentifierHeartRate
Heart rate,2026-07-04 12:44:36+09:00,78.0,count/min,1,김하은의 Apple Watch,HKQuantityTypeIdentifierHeartRate
Heart rate,2026-07-04 12:48:08+09:00,70.0,count/min,1,김하은의 Apple Watch,HKQuantityTypeIdentifierHeartRate
Heart rate,2026-07-04 12:50:17+09:00,71.0,count/min,1,김하은의 Apple Watch,HKQuantityTypeIdentifierHeartRate
Heart rate,2026-07-04 12:53:21+09:00,77.218,count/min,0,김하은의 Apple Watch,HKQuantityTypeIdentifierHeartRate
Heart rate,2026-07-04 12:56:43+09:00,74.0,count/min,1,김하은의 Apple Watch,HKQuantityTypeIdentifierHeartRate
Heart rate,2026-07-04 13:00:23+09:00,78.0,count/min,0,김하은의 Apple Watch,HKQuantityTypeIdentifierHeartRate
Heart rate,2026-07-04 13:02:06+09:00,77.0,count/min,1,김하은의 Apple Watch,HKQuantityTypeIdentifierHeartRate
Heart rate,2026-07-04 13:05:10+09:00,81.0,count/min,1,김하은의 Apple Watch,HKQuantityTypeIdentifierHeartRate
Heart rate,2026-07-04 13:10:21+09:00,115.0,count/min,2,김하은의 Apple Watch,HKQuantityTypeIdentifierHeartRate
Heart rate,2026-07-04 13:12:43+09:00,136.0,count/min,2,김하은의 Apple Watch,HKQuantityTypeIdentifierHeartRate
Heart rate,2026-07-04 13:14:03+09:00,112.0,count/min,0,김하은의 Apple Watch,HKQuantityTypeIdentifierHeartRate
Heart rate,2026-07-04 13:14:08+09:00,113.0,count/min,0,김하은의 Apple Watch,HKQuantityTypeIdentifierHeartRate
Heart rate,2026-07-04 13:14:13+09:00,111.0,count/min,0,김하은의 Apple Watch,HKQuantityTypeIdentifierHeartRate
Heart rate,2026-07-04 13:14:14+09:00,112.0,count/min,0,김하은의 Apple Watch,HKQuantityTypeIdentifierHeartRate
Heart rate,2026-07-04 13:14:23+09:00,111.0,count/min,0,김하은의 Apple Watch,HKQuantityTypeIdentifierHeartRate
Heart rate,2026-07-04 13:14:25+09:00,111.0,count/min,0,김하은의 Apple Watch,HKQuantityTypeIdentifierHeartRate
Heart rate,2026-07-04 13:14:30+09:00,113.0,count/min,0,김하은의 Apple Watch,HKQuantityTypeIdentifierHeartRate
Heart rate,2026-07-04 13:14:36+09:00,116.0,count/min,0,김하은의 Apple Watch,HKQuantityTypeIdentifierHeartRate
Heart rate,2026-07-04 13:14:43+09:00,113.0,count/min,0,김하은의 Apple Watch,HKQuantityTypeIdentifierHeartRate
Heart rate,2026-07-04 13:14:44+09:00,113.0,count/min,0,김하은의 Apple Watch,HKQuantityTypeIdentifierHeartRate
Heart rate,2026-07-04 13:14:53+09:00,115.0,count/min,0,김하은의 Apple Watch,HKQuantityTypeIdentifierHeartRate
Heart rate,2026-07-04 13:14:54+09:00,115.0,count/min,0,김하은의 Apple Watch,HKQuantityTypeIdentifierHeartRate
Heart rate,2026-07-04 13:15:00+09:00,115.0,count/min,0,김하은의 Apple Watch,HKQuantityTypeIdentifierHeartRate
Heart rate,2026-07-04 13:15:06+09:00,113.0,count/min,0,김하은의 Apple Watch,HKQuantityTypeIdentifierHeartRate
Heart rate,2026-07-04 13:15:13+09:00,111.0,count/min,0,김하은의 Apple Watch,HKQuantityTypeIdentifierHeartRate
Heart rate,2026-07-04 13:15:14+09:00,111.0,count/min,0,김하은의 Apple Watch,HKQuantityTypeIdentifierHeartRate
Heart rate,2026-07-04 13:15:21+09:00,111.0,count/min,0,김하은의 Apple Watch,HKQuantityTypeIdentifierHeartRate
Heart rate,2026-07-04 13:15:27+09:00,107.0,count/min,0,김하은의 Apple Watch,HKQuantityTypeIdentifierHeartRate
Heart rate,2026-07-04 13:15:30+09:00,107.0,count/min,0,김하은의 Apple Watch,HKQuantityTypeIdentifierHeartRate
Heart rate,2026-07-04 13:15:34+09:00,110.0,count/min,0,김하은의 Apple Watch,HKQuantityTypeIdentifierHeartRate
Heart rate,2026-07-04 13:15:42+09:00,113.0,count/min,0,김하은의 Apple Watch,HKQuantityTypeIdentifierHeartRate
Heart rate,2026-07-04 13:15:44+09:00,113.0,count/min,0,김하은의 Apple Watch,HKQuantityTypeIdentifierHeartRate
Heart rate,2026-07-04 13:15:53+09:00,110.0,count/min,0,김하은의 Apple Watch,HKQuantityTypeIdentifierHeartRate
Heart rate,2026-07-04 13:15:58+09:00,110.0,count/min,0,김하은의 Apple Watch,HKQuantityTypeIdentifierHeartRate
Heart rate,2026-07-04 13:16:03+09:00,110.0,count/min,0,김하은의 Apple Watch,HKQuantityTypeIdentifierHeartRate
Heart rate,2026-07-04 13:16:08+09:00,109.0,count/min,0,김하은의 Apple Watch,HKQuantityTypeIdentifierHeartRate
Heart rate,2026-07-04 13:16:15+09:00,110.0,count/min,0,김하은의 Apple Watch,HKQuantityTypeIdentifierHeartRate
Heart rate,2026-07-04 13:16:20+09:00,113.0,count/min,0,김하은의 Apple Watch,HKQuantityTypeIdentifierHeartRate
Heart rate,2026-07-04 13:16:28+09:00,117.0,count/min,0,김하은의 Apple Watch,HKQuantityTypeIdentifierHeartRate
Heart rate,2026-07-04 13:16:31+09:00,117.0,count/min,0,김하은의 Apple Watch,HKQuantityTypeIdentifierHeartRate
Heart rate,2026-07-04 13:16:40+09:00,122.0,count/min,0,김하은의 Apple Watch,HKQuantityTypeIdentifierHeartRate
Heart rate,2026-07-04 13:16:44+09:00,124.0,count/min,0,김하은의 Apple Watch,HKQuantityTypeIdentifierHeartRate
Heart rate,2026-07-04 13:16:51+09:00,124.0,count/min,0,김하은의 Apple Watch,HKQuantityTypeIdentifierHeartRate
Heart rate,2026-07-04 13:17:00+09:00,133.0,count/min,0,김하은의 Apple Watch,HKQuantityTypeIdentifierHeartRate
Heart rate,2026-07-04 13:19:56+09:00,103.0,count/min,2,김하은의 Apple Watch,HKQuantityTypeIdentifierHeartRate
Heart rate,2026-07-04 13:23:30+09:00,86.0,count/min,1,김하은의 Apple Watch,HKQuantityTypeIdentifierHeartRate
Heart rate,2026-07-04 13:25:42+09:00,84.0,count/min,1,김하은의 Apple Watch,HKQuantityTypeIdentifierHeartRate
Heart rate,2026-07-04 13:32:44+09:00,73.0,count/min,1,김하은의 Apple Watch,HKQuantityTypeIdentifierHeartRate
Heart rate,2026-07-04 13:38:29+09:00,76.0,count/min,1,김하은의 Apple Watch,HKQuantityTypeIdentifierHeartRate
Heart rate,2026-07-04 13:44:15+09:00,75.0,count/min,1,김하은의 Apple Watch,HKQuantityTypeIdentifierHeartRate
Heart rate,2026-07-04 13:46:22+09:00,74.0,count/min,1,김하은의 Apple Watch,HKQuantityTypeIdentifierHeartRate
Heart rate,2026-07-04 13:52:13+09:00,72.0,count/min,1,김하은의 Apple Watch,HKQuantityTypeIdentifierHeartRate
Heart rate,2026-07-04 13:56:48+09:00,97.0,count/min,0,김하은의 Apple Watch,HKQuantityTypeIdentifierHeartRate
Heart rate,2026-07-04 14:05:55+09:00,75.0,count/min,0,김하은의 Apple Watch,HKQuantityTypeIdentifierHeartRate
Heart rate,2026-07-04 14:09:09+09:00,100.0,count/min,2,김하은의 Apple Watch,HKQuantityTypeIdentifierHeartRate
Heart rate,2026-07-04 14:11:14+09:00,101.0,count/min,0,김하은의 Apple Watch,HKQuantityTypeIdentifierHeartRate
Heart rate,2026-07-04 14:11:19+09:00,99.0,count/min,0,김하은의 Apple Watch,HKQuantityTypeIdentifierHeartRate
Heart rate,2026-07-04 14:11:24+09:00,100.0,count/min,0,김하은의 Apple Watch,HKQuantityTypeIdentifierHeartRate
Heart rate,2026-07-04 14:11:31+09:00,102.0,count/min,0,김하은의 Apple Watch,HKQuantityTypeIdentifierHeartRate
Heart rate,2026-07-04 14:11:39+09:00,104.0,count/min,0,김하은의 Apple Watch,HKQuantityTypeIdentifierHeartRate
Heart rate,2026-07-04 14:11:41+09:00,104.0,count/min,0,김하은의 Apple Watch,HKQuantityTypeIdentifierHeartRate
Heart rate,2026-07-04 14:11:47+09:00,106.0,count/min,0,김하은의 Apple Watch,HKQuantityTypeIdentifierHeartRate
Heart rate,2026-07-04 14:11:54+09:00,108.0,count/min,0,김하은의 Apple Watch,HKQuantityTypeIdentifierHeartRate
Heart rate,2026-07-04 14:28:54+09:00,102.0,count/min,2,김하은의 Apple Watch,HKQuantityTypeIdentifierHeartRate
Heart rate,2026-07-04 14:31:54+09:00,102.0,count/min,2,김하은의 Apple Watch,HKQuantityTypeIdentifierHeartRate
Heart rate,2026-07-04 14:32:49+09:00,87.0,count/min,0,김하은의 Apple Watch,HKQuantityTypeIdentifierHeartRate
Heart rate,2026-07-04 14:38:29+09:00,93.0,count/min,1,김하은의 Apple Watch,HKQuantityTypeIdentifierHeartRate
Heart rate,2026-07-04 14:44:47+09:00,75.0,count/min,1,김하은의 Apple Watch,HKQuantityTypeIdentifierHeartRate
Heart rate,2026-07-04 14:46:32+09:00,77.0,count/min,1,김하은의 Apple Watch,HKQuantityTypeIdentifierHeartRate
Heart rate,2026-07-04 14:52:14+09:00,82.0,count/min,1,김하은의 Apple Watch,HKQuantityTypeIdentifierHeartRate
Heart rate,2026-07-04 14:56:35+09:00,80.0,count/min,1,김하은의 Apple Watch,HKQuantityTypeIdentifierHeartRate
Heart rate,2026-07-04 15:04:25+09:00,72.0,count/min,1,김하은의 Apple Watch,HKQuantityTypeIdentifierHeartRate
Heart rate,2026-07-04 15:07:40+09:00,76.0,count/min,1,김하은의 Apple Watch,HKQuantityTypeIdentifierHeartRate
Heart rate,2026-07-04 15:11:28+09:00,69.0,count/min,1,김하은의 Apple Watch,HKQuantityTypeIdentifierHeartRate
Heart rate,2026-07-04 15:15:48+09:00,77.0,count/min,1,김하은의 Apple Watch,HKQuantityTypeIdentifierHeartRate
Heart rate,2026-07-04 15:21:52+09:00,79.0,count/min,1,김하은의 Apple Watch,HKQuantityTypeIdentifierHeartRate
Heart rate,2026-07-04 15:25:00+09:00,77.0,count/min,1,김하은의 Apple Watch,HKQuantityTypeIdentifierHeartRate
Heart rate,2026-07-04 15:33:25+09:00,89.0,count/min,0,김하은의 Apple Watch,HKQuantityTypeIdentifierHeartRate
Heart rate,2026-07-04 15:35:23+09:00,81.0,count/min,1,김하은의 Apple Watch,HKQuantityTypeIdentifierHeartRate
Heart rate,2026-07-04 15:38:55+09:00,92.0,count/min,2,김하은의 Apple Watch,HKQuantityTypeIdentifierHeartRate
Heart rate,2026-07-04 15:45:52+09:00,92.0,count/min,2,김하은의 Apple Watch,HKQuantityTypeIdentifierHeartRate
Heart rate,2026-07-04 15:48:58+09:00,90.0,count/min,2,김하은의 Apple Watch,HKQuantityTypeIdentifierHeartRate
Heart rate,2026-07-04 15:53:23+09:00,85.0,count/min,0,김하은의 Apple Watch,HKQuantityTypeIdentifierHeartRate
Heart rate,2026-07-04 15:56:56+09:00,96.0,count/min,0,김하은의 Apple Watch,HKQuantityTypeIdentifierHeartRate
Heart rate,2026-07-04 16:01:04+09:00,84.0,count/min,1,김하은의 Apple Watch,HKQuantityTypeIdentifierHeartRate
Heart rate,2026-07-04 16:04:08+09:00,105.0,count/min,2,김하은의 Apple Watch,HKQuantityTypeIdentifierHeartRate
Heart rate,2026-07-04 16:11:54+09:00,76.0,count/min,1,김하은의 Apple Watch,HKQuantityTypeIdentifierHeartRate
Heart rate,2026-07-04 16:15:14+09:00,75.0,count/min,1,김하은의 Apple Watch,HKQuantityTypeIdentifierHeartRate
Heart rate,2026-07-04 16:18:03+09:00,104.0,count/min,2,김하은의 Apple Watch,HKQuantityTypeIdentifierHeartRate
Heart rate,2026-07-04 16:30:54+09:00,91.0,count/min,0,김하은의 Apple Watch,HKQuantityTypeIdentifierHeartRate
Heart rate,2026-07-04 16:34:09+09:00,101.0,count/min,0,김하은의 Apple Watch,HKQuantityTypeIdentifierHeartRate
Heart rate,2026-07-04 16:34:14+09:00,102.0,count/min,0,김하은의 Apple Watch,HKQuantityTypeIdentifierHeartRate
Heart rate,2026-07-04 16:34:29+09:00,107.0,count/min,0,김하은의 Apple Watch,HKQuantityTypeIdentifierHeartRate
Heart rate,2026-07-04 16:34:32+09:00,108.0,count/min,0,김하은의 Apple Watch,HKQuantityTypeIdentifierHeartRate
Heart rate,2026-07-04 16:34:38+09:00,107.0,count/min,0,김하은의 Apple Watch,HKQuantityTypeIdentifierHeartRate
Heart rate,2026-07-04 16:34:40+09:00,107.0,count/min,0,김하은의 Apple Watch,HKQuantityTypeIdentifierHeartRate
Heart rate,2026-07-04 16:37:49+09:00,102.0,count/min,0,김하은의 Apple Watch,HKQuantityTypeIdentifierHeartRate
Heart rate,2026-07-04 16:37:54+09:00,100.0,count/min,0,김하은의 Apple Watch,HKQuantityTypeIdentifierHeartRate
Heart rate,2026-07-04 16:37:59+09:00,100.0,count/min,0,김하은의 Apple Watch,HKQuantityTypeIdentifierHeartRate
Heart rate,2026-07-04 16:38:00+09:00,100.0,count/min,0,김하은의 Apple Watch,HKQuantityTypeIdentifierHeartRate
Heart rate,2026-07-04 16:38:24+09:00,101.0,count/min,0,김하은의 Apple Watch,HKQuantityTypeIdentifierHeartRate
Heart rate,2026-07-04 16:38:29+09:00,100.0,count/min,0,김하은의 Apple Watch,HKQuantityTypeIdentifierHeartRate
Heart rate,2026-07-04 16:38:33+09:00,100.0,count/min,0,김하은의 Apple Watch,HKQuantityTypeIdentifierHeartRate
Heart rate,2026-07-04 16:38:45+09:00,103.0,count/min,0,김하은의 Apple Watch,HKQuantityTypeIdentifierHeartRate
Heart rate,2026-07-04 16:38:51+09:00,104.0,count/min,0,김하은의 Apple Watch,HKQuantityTypeIdentifierHeartRate
Heart rate,2026-07-04 16:38:58+09:00,104.0,count/min,0,김하은의 Apple Watch,HKQuantityTypeIdentifierHeartRate
Heart rate,2026-07-04 16:39:11+09:00,105.0,count/min,0,김하은의 Apple Watch,HKQuantityTypeIdentifierHeartRate
Heart rate,2026-07-04 16:39:18+09:00,105.0,count/min,0,김하은의 Apple Watch,HKQuantityTypeIdentifierHeartRate
Heart rate,2026-07-04 16:39:20+09:00,106.0,count/min,0,김하은의 Apple Watch,HKQuantityTypeIdentifierHeartRate
Heart rate,2026-07-04 16:39:35+09:00,105.0,count/min,0,김하은의 Apple Watch,HKQuantityTypeIdentifierHeartRate
Heart rate,2026-07-04 16:39:41+09:00,105.0,count/min,0,김하은의 Apple Watch,HKQuantityTypeIdentifierHeartRate
Heart rate,2026-07-04 16:39:48+09:00,105.0,count/min,0,김하은의 Apple Watch,HKQuantityTypeIdentifierHeartRate
Heart rate,2026-07-04 16:39:50+09:00,106.0,count/min,0,김하은의 Apple Watch,HKQuantityTypeIdentifierHeartRate
Heart rate,2026-07-04 16:39:55+09:00,106.0,count/min,0,김하은의 Apple Watch,HKQuantityTypeIdentifierHeartRate
Heart rate,2026-07-04 16:40:04+09:00,106.0,count/min,0,김하은의 Apple Watch,HKQuantityTypeIdentifierHeartRate
Heart rate,2026-07-04 16:40:06+09:00,106.0,count/min,0,김하은의 Apple Watch,HKQuantityTypeIdentifierHeartRate
Heart rate,2026-07-04 16:40:20+09:00,105.0,count/min,0,김하은의 Apple Watch,HKQuantityTypeIdentifierHeartRate
Heart rate,2026-07-04 16:40:45+09:00,106.0,count/min,0,김하은의 Apple Watch,HKQuantityTypeIdentifierHeartRate
Heart rate,2026-07-04 16:43:01+09:00,80.0,count/min,1,김하은의 Apple Watch,HKQuantityTypeIdentifierHeartRate
Heart rate,2026-07-04 16:47:07+09:00,104.0,count/min,2,김하은의 Apple Watch,HKQuantityTypeIdentifierHeartRate
Heart rate,2026-07-04 16:49:21+09:00,86.0,count/min,1,김하은의 Apple Watch,HKQuantityTypeIdentifierHeartRate
Heart rate,2026-07-04 16:52:15+09:00,83.0,count/min,1,김하은의 Apple Watch,HKQuantityTypeIdentifierHeartRate
Heart rate,2026-07-04 16:55:37+09:00,84.0,count/min,1,김하은의 Apple Watch,HKQuantityTypeIdentifierHeartRate
Heart rate,2026-07-04 17:02:55+09:00,86.0,count/min,2,김하은의 Apple Watch,HKQuantityTypeIdentifierHeartRate
Heart rate,2026-07-04 17:04:08+09:00,78.0,count/min,1,김하은의 Apple Watch,HKQuantityTypeIdentifierHeartRate
Heart rate,2026-07-04 17:09:21+09:00,83.0,count/min,1,김하은의 Apple Watch,HKQuantityTypeIdentifierHeartRate
Heart rate,2026-07-04 17:12:02+09:00,93.0,count/min,2,김하은의 Apple Watch,HKQuantityTypeIdentifierHeartRate
Heart rate,2026-07-04 17:14:20+09:00,98.0,count/min,2,김하은의 Apple Watch,HKQuantityTypeIdentifierHeartRate
Heart rate,2026-07-04 17:17:00+09:00,98.0,count/min,0,김하은의 Apple Watch,HKQuantityTypeIdentifierHeartRate
Heart rate,2026-07-04 17:17:21+09:00,101.0,count/min,0,김하은의 Apple Watch,HKQuantityTypeIdentifierHeartRate
Heart rate,2026-07-04 17:17:30+09:00,97.0,count/min,0,김하은의 Apple Watch,HKQuantityTypeIdentifierHeartRate
Heart rate,2026-07-04 17:17:35+09:00,97.0,count/min,0,김하은의 Apple Watch,HKQuantityTypeIdentifierHeartRate
Heart rate,2026-07-04 17:22:59+09:00,99.0,count/min,0,김하은의 Apple Watch,HKQuantityTypeIdentifierHeartRate
Heart rate,2026-07-04 17:23:04+09:00,101.0,count/min,0,김하은의 Apple Watch,HKQuantityTypeIdentifierHeartRate
Heart rate,2026-07-04 17:23:08+09:00,100.0,count/min,0,김하은의 Apple Watch,HKQuantityTypeIdentifierHeartRate
Heart rate,2026-07-04 17:23:11+09:00,98.0,count/min,0,김하은의 Apple Watch,HKQuantityTypeIdentifierHeartRate
Heart rate,2026-07-04 17:23:16+09:00,98.0,count/min,0,김하은의 Apple Watch,HKQuantityTypeIdentifierHeartRate
Heart rate,2026-07-04 17:23:21+09:00,101.0,count/min,0,김하은의 Apple Watch,HKQuantityTypeIdentifierHeartRate
Heart rate,2026-07-04 17:23:27+09:00,102.0,count/min,0,김하은의 Apple Watch,HKQuantityTypeIdentifierHeartRate
Heart rate,2026-07-04 17:32:37+09:00,108.0,count/min,0,김하은의 Apple Watch,HKQuantityTypeIdentifierHeartRate
Heart rate,2026-07-04 17:32:42+09:00,112.0,count/min,0,김하은의 Apple Watch,HKQuantityTypeIdentifierHeartRate
Heart rate,2026-07-04 17:32:47+09:00,109.0,count/min,0,김하은의 Apple Watch,HKQuantityTypeIdentifierHeartRate
Heart rate,2026-07-04 17:32:51+09:00,109.0,count/min,0,김하은의 Apple Watch,HKQuantityTypeIdentifierHeartRate
Heart rate,2026-07-04 17:32:53+09:00,108.0,count/min,0,김하은의 Apple Watch,HKQuantityTypeIdentifierHeartRate
Heart rate,2026-07-04 17:33:01+09:00,99.0,count/min,0,김하은의 Apple Watch,HKQuantityTypeIdentifierHeartRate
Heart rate,2026-07-04 17:35:34+09:00,84.0,count/min,0,김하은의 Apple Watch,HKQuantityTypeIdentifierHeartRate
Heart rate,2026-07-04 17:50:48+09:00,86.0,count/min,0,김하은의 Apple Watch,HKQuantityTypeIdentifierHeartRate
Heart rate,2026-07-04 17:51:13+09:00,93.0,count/min,0,김하은의 Apple Watch,HKQuantityTypeIdentifierHeartRate
Heart rate,2026-07-04 17:51:18+09:00,94.0,count/min,0,김하은의 Apple Watch,HKQuantityTypeIdentifierHeartRate
Heart rate,2026-07-04 17:51:23+09:00,91.0,count/min,0,김하은의 Apple Watch,HKQuantityTypeIdentifierHeartRate
Heart rate,2026-07-04 17:51:25+09:00,91.0,count/min,0,김하은의 Apple Watch,HKQuantityTypeIdentifierHeartRate
Heart rate,2026-07-04 17:51:29+09:00,90.0,count/min,0,김하은의 Apple Watch,HKQuantityTypeIdentifierHeartRate
Heart rate,2026-07-04 17:51:38+09:00,96.0,count/min,0,김하은의 Apple Watch,HKQuantityTypeIdentifierHeartRate
Heart rate,2026-07-04 17:52:12+09:00,92.0,count/min,0,김하은의 Apple Watch,HKQuantityTypeIdentifierHeartRate
Heart rate,2026-07-04 17:52:57+09:00,90.0,count/min,0,김하은의 Apple Watch,HKQuantityTypeIdentifierHeartRate
Heart rate,2026-07-04 17:53:02+09:00,91.0,count/min,0,김하은의 Apple Watch,HKQuantityTypeIdentifierHeartRate
Heart rate,2026-07-04 17:53:07+09:00,91.0,count/min,0,김하은의 Apple Watch,HKQuantityTypeIdentifierHeartRate
Heart rate,2026-07-04 17:59:19+09:00,78.0,count/min,1,김하은의 Apple Watch,HKQuantityTypeIdentifierHeartRate
Heart rate,2026-07-04 18:03:58+09:00,78.0,count/min,0,김하은의 Apple Watch,HKQuantityTypeIdentifierHeartRate
Heart rate,2026-07-04 18:07:51+09:00,79.0,count/min,1,김하은의 Apple Watch,HKQuantityTypeIdentifierHeartRate
Heart rate,2026-07-04 18:13:08+09:00,81.0,count/min,1,김하은의 Apple Watch,HKQuantityTypeIdentifierHeartRate
Heart rate,2026-07-04 18:17:54+09:00,85.0,count/min,1,김하은의 Apple Watch,HKQuantityTypeIdentifierHeartRate
Heart rate,2026-07-04 18:22:10+09:00,84.0,count/min,1,김하은의 Apple Watch,HKQuantityTypeIdentifierHeartRate
Heart rate,2026-07-04 18:25:16+09:00,81.0,count/min,0,김하은의 Apple Watch,HKQuantityTypeIdentifierHeartRate
Heart rate,2026-07-04 19:12:27+09:00,74.0,count/min,0,김하은의 Apple Watch,HKQuantityTypeIdentifierHeartRate
Heart rate,2026-07-04 20:43:51+09:00,56.0,count/min,1,김하은의 Apple Watch,HKQuantityTypeIdentifierHeartRate
Heart rate,2026-07-04 21:18:29+09:00,75.0,count/min,0,김하은의 Apple Watch,HKQuantityTypeIdentifierHeartRate
Heart rate,2026-07-04 21:26:45+09:00,85.0,count/min,1,김하은의 Apple Watch,HKQuantityTypeIdentifierHeartRate
Heart rate,2026-07-04 21:32:41+09:00,88.0,count/min,1,김하은의 Apple Watch,HKQuantityTypeIdentifierHeartRate
Heart rate,2026-07-05 10:33:17+09:00,75.0,count/min,1,김하은의 Apple Watch,HKQuantityTypeIdentifierHeartRate
Heart rate,2026-07-05 10:35:30+09:00,72.0,count/min,1,김하은의 Apple Watch,HKQuantityTypeIdentifierHeartRate
Heart rate,2026-07-05 10:38:55+09:00,65.0,count/min,1,김하은의 Apple Watch,HKQuantityTypeIdentifierHeartRate
Heart rate,2026-07-05 10:44:39+09:00,109.0,count/min,0,김하은의 Apple Watch,HKQuantityTypeIdentifierHeartRate
Heart rate,2026-07-05 10:44:42+09:00,111.0,count/min,0,김하은의 Apple Watch,HKQuantityTypeIdentifierHeartRate
Heart rate,2026-07-05 10:44:48+09:00,113.0,count/min,0,김하은의 Apple Watch,HKQuantityTypeIdentifierHeartRate
Heart rate,2026-07-05 10:44:54+09:00,109.0,count/min,0,김하은의 Apple Watch,HKQuantityTypeIdentifierHeartRate
Heart rate,2026-07-05 10:44:57+09:00,109.0,count/min,0,김하은의 Apple Watch,HKQuantityTypeIdentifierHeartRate
Heart rate,2026-07-05 10:45:00+09:00,109.0,count/min,0,김하은의 Apple Watch,HKQuantityTypeIdentifierHeartRate
Heart rate,2026-07-05 10:45:09+09:00,106.0,count/min,0,김하은의 Apple Watch,HKQuantityTypeIdentifierHeartRate
Heart rate,2026-07-05 10:45:10+09:00,106.0,count/min,0,김하은의 Apple Watch,HKQuantityTypeIdentifierHeartRate
Heart rate,2026-07-05 10:45:19+09:00,108.0,count/min,0,김하은의 Apple Watch,HKQuantityTypeIdentifierHeartRate
Heart rate,2026-07-05 10:45:20+09:00,109.0,count/min,0,김하은의 Apple Watch,HKQuantityTypeIdentifierHeartRate
Heart rate,2026-07-05 10:45:25+09:00,103.0,count/min,0,김하은의 Apple Watch,HKQuantityTypeIdentifierHeartRate
Heart rate,2026-07-05 10:47:49+09:00,109.0,count/min,0,김하은의 Apple Watch,HKQuantityTypeIdentifierHeartRate
Heart rate,2026-07-05 10:47:53+09:00,108.0,count/min,0,김하은의 Apple Watch,HKQuantityTypeIdentifierHeartRate
Heart rate,2026-07-05 10:47:56+09:00,109.0,count/min,0,김하은의 Apple Watch,HKQuantityTypeIdentifierHeartRate
Heart rate,2026-07-05 10:48:02+09:00,110.0,count/min,0,김하은의 Apple Watch,HKQuantityTypeIdentifierHeartRate
Heart rate,2026-07-05 10:48:08+09:00,108.0,count/min,0,김하은의 Apple Watch,HKQuantityTypeIdentifierHeartRate
Heart rate,2026-07-05 10:48:12+09:00,108.0,count/min,0,김하은의 Apple Watch,HKQuantityTypeIdentifierHeartRate
Heart rate,2026-07-05 10:48:17+09:00,107.0,count/min,0,김하은의 Apple Watch,HKQuantityTypeIdentifierHeartRate
Heart rate,2026-07-05 10:48:21+09:00,105.0,count/min,0,김하은의 Apple Watch,HKQuantityTypeIdentifierHeartRate
Heart rate,2026-07-05 10:56:45+09:00,79.4158,count/min,0,김하은의 Apple Watch,HKQuantityTypeIdentifierHeartRate
Heart rate,2026-07-05 10:57:57+09:00,74.0,count/min,1,김하은의 Apple Watch,HKQuantityTypeIdentifierHeartRate
Heart rate,2026-07-05 11:00:05+09:00,69.0,count/min,0,김하은의 Apple Watch,HKQuantityTypeIdentifierHeartRate
Heart rate,2026-07-05 11:00:06+09:00,72.0,count/min,1,김하은의 Apple Watch,HKQuantityTypeIdentifierHeartRate
Heart rate,2026-07-05 11:01:16+09:00,74.1387,count/min,0,김하은의 Apple Watch,HKQuantityTypeIdentifierHeartRate
Heart rate,2026-07-05 11:04:26+09:00,69.0,count/min,1,김하은의 Apple Watch,HKQuantityTypeIdentifierHeartRate
Heart rate,2026-07-05 11:12:28+09:00,74.0,count/min,0,김하은의 Apple Watch,HKQuantityTypeIdentifierHeartRate
Heart rate,2026-07-05 11:18:50+09:00,95.0,count/min,0,김하은의 Apple Watch,HKQuantityTypeIdentifierHeartRate
Heart rate,2026-07-05 11:22:00+09:00,73.8306,count/min,0,김하은의 Apple Watch,HKQuantityTypeIdentifierHeartRate
Heart rate,2026-07-05 11:27:06+09:00,72.0,count/min,1,김하은의 Apple Watch,HKQuantityTypeIdentifierHeartRate
Heart rate,2026-07-05 11:30:13+09:00,78.0,count/min,1,김하은의 Apple Watch,HKQuantityTypeIdentifierHeartRate
Heart rate,2026-07-05 11:38:24+09:00,75.0,count/min,1,김하은의 Apple Watch,HKQuantityTypeIdentifierHeartRate
Heart rate,2026-07-05 11:40:14+09:00,72.0,count/min,1,김하은의 Apple Watch,HKQuantityTypeIdentifierHeartRate
Heart rate,2026-07-05 11:42:53+09:00,75.0,count/min,0,김하은의 Apple Watch,HKQuantityTypeIdentifierHeartRate
Heart rate,2026-07-05 11:44:54+09:00,72.0,count/min,1,김하은의 Apple Watch,HKQuantityTypeIdentifierHeartRate
Heart rate,2026-07-05 11:48:34+09:00,68.0,count/min,1,김하은의 Apple Watch,HKQuantityTypeIdentifierHeartRate
Heart rate,2026-07-05 11:55:01+09:00,64.0,count/min,1,김하은의 Apple Watch,HKQuantityTypeIdentifierHeartRate
Heart rate,2026-07-05 12:01:55+09:00,68.0,count/min,1,김하은의 Apple Watch,HKQuantityTypeIdentifierHeartRate
Heart rate,2026-07-05 12:05:06+09:00,64.0,count/min,1,김하은의 Apple Watch,HKQuantityTypeIdentifierHeartRate
Heart rate,2026-07-05 12:09:25+09:00,71.0,count/min,1,김하은의 Apple Watch,HKQuantityTypeIdentifierHeartRate
Heart rate,2026-07-05 12:13:09+09:00,70.0,count/min,0,김하은의 Apple Watch,HKQuantityTypeIdentifierHeartRate
Heart rate,2026-07-05 12:13:25+09:00,71.0,count/min,1,김하은의 Apple Watch,HKQuantityTypeIdentifierHeartRate
Heart rate,2026-07-05 12:21:28+09:00,72.0,count/min,1,김하은의 Apple Watch,HKQuantityTypeIdentifierHeartRate
Heart rate,2026-07-05 12:26:59+09:00,71.0,count/min,1,김하은의 Apple Watch,HKQuantityTypeIdentifierHeartRate
Heart rate,2026-07-05 12:29:26+09:00,68.0,count/min,1,김하은의 Apple Watch,HKQuantityTypeIdentifierHeartRate
Heart rate,2026-07-05 12:31:24+09:00,65.0,count/min,0,김하은의 Apple Watch,HKQuantityTypeIdentifierHeartRate
Heart rate,2026-07-05 12:31:57+09:00,63.0,count/min,0,김하은의 Apple Watch,HKQuantityTypeIdentifierHeartRate
Heart rate,2026-07-05 12:33:38+09:00,69.0,count/min,0,김하은의 Apple Watch,HKQuantityTypeIdentifierHeartRate
Heart rate,2026-07-05 12:33:39+09:00,63.0,count/min,0,김하은의 Apple Watch,HKQuantityTypeIdentifierHeartRate
Heart rate,2026-07-05 12:34:26+09:00,70.0,count/min,1,김하은의 Apple Watch,HKQuantityTypeIdentifierHeartRate
Heart rate,2026-07-05 12:39:03+09:00,69.0,count/min,0,김하은의 Apple Watch,HKQuantityTypeIdentifierHeartRate
Heart rate,2026-07-05 12:39:07+09:00,69.0,count/min,0,김하은의 Apple Watch,HKQuantityTypeIdentifierHeartRate
Heart rate,2026-07-05 12:39:09+09:00,68.0,count/min,0,김하은의 Apple Watch,HKQuantityTypeIdentifierHeartRate
Heart rate,2026-07-05 12:40:07+09:00,79.0,count/min,1,김하은의 Apple Watch,HKQuantityTypeIdentifierHeartRate
Heart rate,2026-07-05 12:45:10+09:00,90.0,count/min,0,김하은의 Apple Watch,HKQuantityTypeIdentifierHeartRate
Heart rate,2026-07-05 12:48:50+09:00,88.0,count/min,1,김하은의 Apple Watch,HKQuantityTypeIdentifierHeartRate
Heart rate,2026-07-05 12:56:04+09:00,123.0,count/min,0,김하은의 Apple Watch,HKQuantityTypeIdentifierHeartRate
Heart rate,2026-07-05 12:56:09+09:00,125.0,count/min,0,김하은의 Apple Watch,HKQuantityTypeIdentifierHeartRate
Heart rate,2026-07-05 12:56:11+09:00,126.0,count/min,0,김하은의 Apple Watch,HKQuantityTypeIdentifierHeartRate
Heart rate,2026-07-05 12:56:19+09:00,122.0,count/min,0,김하은의 Apple Watch,HKQuantityTypeIdentifierHeartRate
Heart rate,2026-07-05 12:56:23+09:00,119.0,count/min,0,김하은의 Apple Watch,HKQuantityTypeIdentifierHeartRate
Heart rate,2026-07-05 12:56:27+09:00,120.0,count/min,0,김하은의 Apple Watch,HKQuantityTypeIdentifierHeartRate
Heart rate,2026-07-05 12:57:36+09:00,98.0,count/min,0,김하은의 Apple Watch,HKQuantityTypeIdentifierHeartRate
Heart rate,2026-07-05 12:57:41+09:00,97.0,count/min,0,김하은의 Apple Watch,HKQuantityTypeIdentifierHeartRate
Heart rate,2026-07-05 12:57:46+09:00,95.0,count/min,0,김하은의 Apple Watch,HKQuantityTypeIdentifierHeartRate
Heart rate,2026-07-05 12:57:49+09:00,95.0,count/min,0,김하은의 Apple Watch,HKQuantityTypeIdentifierHeartRate
Heart rate,2026-07-05 12:57:52+09:00,94.0,count/min,0,김하은의 Apple Watch,HKQuantityTypeIdentifierHeartRate
Heart rate,2026-07-05 12:57:59+09:00,93.0,count/min,0,김하은의 Apple Watch,HKQuantityTypeIdentifierHeartRate
Heart rate,2026-07-05 12:58:02+09:00,95.0,count/min,0,김하은의 Apple Watch,HKQuantityTypeIdentifierHeartRate
Heart rate,2026-07-05 12:58:16+09:00,96.0,count/min,0,김하은의 Apple Watch,HKQuantityTypeIdentifierHeartRate
Heart rate,2026-07-05 12:58:20+09:00,98.0,count/min,0,김하은의 Apple Watch,HKQuantityTypeIdentifierHeartRate
Heart rate,2026-07-05 12:58:22+09:00,98.0,count/min,0,김하은의 Apple Watch,HKQuantityTypeIdentifierHeartRate
Heart rate,2026-07-05 12:58:31+09:00,86.0,count/min,0,김하은의 Apple Watch,HKQuantityTypeIdentifierHeartRate
Heart rate,2026-07-05 12:58:34+09:00,85.0,count/min,0,김하은의 Apple Watch,HKQuantityTypeIdentifierHeartRate
Heart rate,2026-07-05 12:58:38+09:00,85.0,count/min,0,김하은의 Apple Watch,HKQuantityTypeIdentifierHeartRate
Heart rate,2026-07-05 13:01:17+09:00,85.0,count/min,1,김하은의 Apple Watch,HKQuantityTypeIdentifierHeartRate
Heart rate,2026-07-05 13:08:06+09:00,77.0,count/min,0,김하은의 Apple Watch,HKQuantityTypeIdentifierHeartRate
Heart rate,2026-07-05 13:11:28+09:00,70.0,count/min,1,김하은의 Apple Watch,HKQuantityTypeIdentifierHeartRate
Heart rate,2026-07-05 13:22:45+09:00,75.0,count/min,1,김하은의 Apple Watch,HKQuantityTypeIdentifierHeartRate
Heart rate,2026-07-05 13:23:57+09:00,73.0,count/min,1,김하은의 Apple Watch,HKQuantityTypeIdentifierHeartRate
Heart rate,2026-07-05 13:37:24+09:00,71.0,count/min,1,김하은의 Apple Watch,HKQuantityTypeIdentifierHeartRate
Heart rate,2026-07-05 13:38:52+09:00,72.0,count/min,1,김하은의 Apple Watch,HKQuantityTypeIdentifierHeartRate
Heart rate,2026-07-05 13:47:10+09:00,80.0,count/min,1,김하은의 Apple Watch,HKQuantityTypeIdentifierHeartRate
Heart rate,2026-07-05 13:52:19+09:00,80.0,count/min,1,김하은의 Apple Watch,HKQuantityTypeIdentifierHeartRate
Heart rate,2026-07-05 13:53:45+09:00,76.0,count/min,1,김하은의 Apple Watch,HKQuantityTypeIdentifierHeartRate
Heart rate,2026-07-05 13:59:08+09:00,73.0,count/min,1,김하은의 Apple Watch,HKQuantityTypeIdentifierHeartRate
Heart rate,2026-07-05 14:03:32+09:00,77.0,count/min,1,김하은의 Apple Watch,HKQuantityTypeIdentifierHeartRate
Heart rate,2026-07-05 14:13:17+09:00,71.0,count/min,1,김하은의 Apple Watch,HKQuantityTypeIdentifierHeartRate
Heart rate,2026-07-05 14:15:01+09:00,77.0,count/min,1,김하은의 Apple Watch,HKQuantityTypeIdentifierHeartRate
Heart rate,2026-07-05 14:22:32+09:00,79.0,count/min,1,김하은의 Apple Watch,HKQuantityTypeIdentifierHeartRate
Heart rate,2026-07-05 14:24:24+09:00,79.0,count/min,1,김하은의 Apple Watch,HKQuantityTypeIdentifierHeartRate
Heart rate,2026-07-05 14:29:24+09:00,85.0,count/min,0,김하은의 Apple Watch,HKQuantityTypeIdentifierHeartRate
Heart rate,2026-07-05 14:44:44+09:00,79.0,count/min,1,김하은의 Apple Watch,HKQuantityTypeIdentifierHeartRate
Heart rate,2026-07-05 14:50:09+09:00,85.0,count/min,1,김하은의 Apple Watch,HKQuantityTypeIdentifierHeartRate
Heart rate,2026-07-05 14:56:58+09:00,83.0,count/min,1,김하은의 Apple Watch,HKQuantityTypeIdentifierHeartRate
Heart rate,2026-07-05 15:01:06+09:00,86.0,count/min,1,김하은의 Apple Watch,HKQuantityTypeIdentifierHeartRate
Heart rate,2026-07-05 15:05:23+09:00,87.0,count/min,0,김하은의 Apple Watch,HKQuantityTypeIdentifierHeartRate
Heart rate,2026-07-05 15:05:28+09:00,85.0,count/min,0,김하은의 Apple Watch,HKQuantityTypeIdentifierHeartRate
Heart rate,2026-07-05 15:05:33+09:00,83.0,count/min,0,김하은의 Apple Watch,HKQuantityTypeIdentifierHeartRate
Heart rate,2026-07-05 15:05:36+09:00,82.0,count/min,0,김하은의 Apple Watch,HKQuantityTypeIdentifierHeartRate
Heart rate,2026-07-05 15:05:39+09:00,81.0,count/min,0,김하은의 Apple Watch,HKQuantityTypeIdentifierHeartRate
Heart rate,2026-07-05 15:05:46+09:00,83.0,count/min,0,김하은의 Apple Watch,HKQuantityTypeIdentifierHeartRate
Heart rate,2026-07-05 15:05:53+09:00,78.0,count/min,0,김하은의 Apple Watch,HKQuantityTypeIdentifierHeartRate
Heart rate,2026-07-05 15:05:58+09:00,77.0,count/min,0,김하은의 Apple Watch,HKQuantityTypeIdentifierHeartRate
Heart rate,2026-07-05 15:05:59+09:00,78.0,count/min,0,김하은의 Apple Watch,HKQuantityTypeIdentifierHeartRate
Heart rate,2026-07-05 15:10:29+09:00,83.0,count/min,0,김하은의 Apple Watch,HKQuantityTypeIdentifierHeartRate
Heart rate,2026-07-05 15:15:23+09:00,80.0,count/min,1,김하은의 Apple Watch,HKQuantityTypeIdentifierHeartRate
Heart rate,2026-07-05 15:19:12+09:00,81.0,count/min,1,김하은의 Apple Watch,HKQuantityTypeIdentifierHeartRate
Heart rate,2026-07-05 15:28:21+09:00,82.0,count/min,1,김하은의 Apple Watch,HKQuantityTypeIdentifierHeartRate
Heart rate,2026-07-05 15:29:55+09:00,86.0,count/min,1,김하은의 Apple Watch,HKQuantityTypeIdentifierHeartRate
Heart rate,2026-07-05 15:37:01+09:00,83.0,count/min,1,김하은의 Apple Watch,HKQuantityTypeIdentifierHeartRate
Heart rate,2026-07-05 15:37:14+09:00,81.8595,count/min,0,김하은의 Apple Watch,HKQuantityTypeIdentifierHeartRate
Heart rate,2026-07-05 15:39:58+09:00,84.0,count/min,1,김하은의 Apple Watch,HKQuantityTypeIdentifierHeartRate
Heart rate,2026-07-05 15:43:51+09:00,84.0,count/min,1,김하은의 Apple Watch,HKQuantityTypeIdentifierHeartRate
Heart rate,2026-07-05 15:51:31+09:00,80.0,count/min,1,김하은의 Apple Watch,HKQuantityTypeIdentifierHeartRate
Heart rate,2026-07-05 15:55:13+09:00,83.0,count/min,1,김하은의 Apple Watch,HKQuantityTypeIdentifierHeartRate
Heart rate,2026-07-05 16:26:05+09:00,88.0,count/min,1,김하은의 Apple Watch,HKQuantityTypeIdentifierHeartRate
Heart rate,2026-07-05 16:31:42+09:00,84.0,count/min,0,김하은의 Apple Watch,HKQuantityTypeIdentifierHeartRate
Heart rate,2026-07-05 16:37:38+09:00,88.0,count/min,0,김하은의 Apple Watch,HKQuantityTypeIdentifierHeartRate
Heart rate,2026-07-05 16:39:35+09:00,85.0,count/min,1,김하은의 Apple Watch,HKQuantityTypeIdentifierHeartRate
Heart rate,2026-07-05 16:45:37+09:00,84.0,count/min,1,김하은의 Apple Watch,HKQuantityTypeIdentifierHeartRate
Heart rate,2026-07-05 16:51:33+09:00,84.0,count/min,1,김하은의 Apple Watch,HKQuantityTypeIdentifierHeartRate
Heart rate,2026-07-05 16:55:33+09:00,84.0,count/min,1,김하은의 Apple Watch,HKQuantityTypeIdentifierHeartRate
Heart rate,2026-07-05 16:58:27+09:00,80.0,count/min,1,김하은의 Apple Watch,HKQuantityTypeIdentifierHeartRate
Heart rate,2026-07-05 17:05:32+09:00,79.0,count/min,1,김하은의 Apple Watch,HKQuantityTypeIdentifierHeartRate
Heart rate,2026-07-05 17:08:33+09:00,79.0,count/min,1,김하은의 Apple Watch,HKQuantityTypeIdentifierHeartRate
Heart rate,2026-07-05 17:22:35+09:00,86.0,count/min,1,김하은의 Apple Watch,HKQuantityTypeIdentifierHeartRate
Heart rate,2026-07-05 17:23:13+09:00,84.3956,count/min,0,김하은의 Apple Watch,HKQuantityTypeIdentifierHeartRate
Heart rate,2026-07-05 17:24:13+09:00,84.0,count/min,1,김하은의 Apple Watch,HKQuantityTypeIdentifierHeartRate
Heart rate,2026-07-05 17:32:07+09:00,84.0,count/min,1,김하은의 Apple Watch,HKQuantityTypeIdentifierHeartRate
Heart rate,2026-07-05 17:37:06+09:00,84.0,count/min,1,김하은의 Apple Watch,HKQuantityTypeIdentifierHeartRate
Heart rate,2026-07-05 17:41:08+09:00,79.0,count/min,1,김하은의 Apple Watch,HKQuantityTypeIdentifierHeartRate
Heart rate,2026-07-05 17:48:01+09:00,79.0,count/min,1,김하은의 Apple Watch,HKQuantityTypeIdentifierHeartRate
Heart rate,2026-07-05 17:52:41+09:00,96.0,count/min,1,김하은의 Apple Watch,HKQuantityTypeIdentifierHeartRate
Heart rate,2026-07-06 12:46:01+09:00,81.0,count/min,1,김하은의 Apple Watch,HKQuantityTypeIdentifierHeartRate
Heart rate,2026-07-06 12:48:23+09:00,79.0,count/min,1,김하은의 Apple Watch,HKQuantityTypeIdentifierHeartRate
Heart rate,2026-07-06 12:48:49+09:00,85.0,count/min,0,김하은의 Apple Watch,HKQuantityTypeIdentifierHeartRate
Heart rate,2026-07-06 12:48:54+09:00,83.0,count/min,0,김하은의 Apple Watch,HKQuantityTypeIdentifierHeartRate
Heart rate,2026-07-06 12:48:59+09:00,81.0,count/min,0,김하은의 Apple Watch,HKQuantityTypeIdentifierHeartRate
Heart rate,2026-07-06 12:49:00+09:00,82.0,count/min,0,김하은의 Apple Watch,HKQuantityTypeIdentifierHeartRate
Heart rate,2026-07-06 12:49:09+09:00,82.0,count/min,0,김하은의 Apple Watch,HKQuantityTypeIdentifierHeartRate
Heart rate,2026-07-06 12:49:10+09:00,82.0,count/min,0,김하은의 Apple Watch,HKQuantityTypeIdentifierHeartRate
Heart rate,2026-07-06 12:49:18+09:00,82.0,count/min,0,김하은의 Apple Watch,HKQuantityTypeIdentifierHeartRate
Heart rate,2026-07-06 12:49:24+09:00,82.0,count/min,0,김하은의 Apple Watch,HKQuantityTypeIdentifierHeartRate
Heart rate,2026-07-06 12:49:27+09:00,83.0,count/min,0,김하은의 Apple Watch,HKQuantityTypeIdentifierHeartRate
Heart rate,2026-07-06 12:49:33+09:00,80.0,count/min,0,김하은의 Apple Watch,HKQuantityTypeIdentifierHeartRate
Heart rate,2026-07-06 12:49:42+09:00,80.0,count/min,0,김하은의 Apple Watch,HKQuantityTypeIdentifierHeartRate
Heart rate,2026-07-06 12:50:15+09:00,78.0,count/min,0,김하은의 Apple Watch,HKQuantityTypeIdentifierHeartRate
Heart rate,2026-07-06 12:50:16+09:00,78.0,count/min,0,김하은의 Apple Watch,HKQuantityTypeIdentifierHeartRate
Heart rate,2026-07-06 12:50:17+09:00,79.0,count/min,0,김하은의 Apple Watch,HKQuantityTypeIdentifierHeartRate
Heart rate,2026-07-06 12:50:18+09:00,79.0,count/min,0,김하은의 Apple Watch,HKQuantityTypeIdentifierHeartRate
Heart rate,2026-07-06 12:50:37+09:00,88.0,count/min,0,김하은의 Apple Watch,HKQuantityTypeIdentifierHeartRate
Heart rate,2026-07-06 12:50:47+09:00,83.0,count/min,0,김하은의 Apple Watch,HKQuantityTypeIdentifierHeartRate
Heart rate,2026-07-06 12:50:48+09:00,76.0,count/min,0,김하은의 Apple Watch,HKQuantityTypeIdentifierHeartRate
Heart rate,2026-07-06 12:50:50+09:00,81.0,count/min,0,김하은의 Apple Watch,HKQuantityTypeIdentifierHeartRate
Heart rate,2026-07-06 12:50:51+09:00,79.0,count/min,0,김하은의 Apple Watch,HKQuantityTypeIdentifierHeartRate
Heart rate,2026-07-06 12:50:52+09:00,84.0,count/min,0,김하은의 Apple Watch,HKQuantityTypeIdentifierHeartRate
Heart rate,2026-07-06 12:50:55+09:00,81.0,count/min,0,김하은의 Apple Watch,HKQuantityTypeIdentifierHeartRate
Heart rate,2026-07-06 12:50:56+09:00,84.0,count/min,0,김하은의 Apple Watch,HKQuantityTypeIdentifierHeartRate
Heart rate,2026-07-06 12:51:02+09:00,84.0,count/min,0,김하은의 Apple Watch,HKQuantityTypeIdentifierHeartRate
Heart rate,2026-07-06 12:51:21+09:00,84.0,count/min,0,김하은의 Apple Watch,HKQuantityTypeIdentifierHeartRate
Heart rate,2026-07-06 12:51:25+09:00,78.0,count/min,0,김하은의 Apple Watch,HKQuantityTypeIdentifierHeartRate
Heart rate,2026-07-06 12:51:38+09:00,88.0,count/min,0,김하은의 Apple Watch,HKQuantityTypeIdentifierHeartRate
Heart rate,2026-07-06 12:51:39+09:00,89.0,count/min,0,김하은의 Apple Watch,HKQuantityTypeIdentifierHeartRate
Heart rate,2026-07-06 12:51:42+09:00,86.0,count/min,0,김하은의 Apple Watch,HKQuantityTypeIdentifierHeartRate
Heart rate,2026-07-06 12:52:04+09:00,79.0,count/min,0,김하은의 Apple Watch,HKQuantityTypeIdentifierHeartRate
Heart rate,2026-07-06 12:53:08+09:00,98.0,count/min,0,김하은의 Apple Watch,HKQuantityTypeIdentifierHeartRate
Heart rate,2026-07-06 12:53:09+09:00,96.0,count/min,0,김하은의 Apple Watch,HKQuantityTypeIdentifierHeartRate
Heart rate,2026-07-06 12:53:10+09:00,94.0,count/min,0,김하은의 Apple Watch,HKQuantityTypeIdentifierHeartRate
Heart rate,2026-07-06 12:53:11+09:00,84.0,count/min,0,김하은의 Apple Watch,HKQuantityTypeIdentifierHeartRate
Heart rate,2026-07-06 12:54:19+09:00,85.0,count/min,0,김하은의 Apple Watch,HKQuantityTypeIdentifierHeartRate
Heart rate,2026-07-06 12:54:21+09:00,84.0,count/min,0,김하은의 Apple Watch,HKQuantityTypeIdentifierHeartRate
Heart rate,2026-07-06 12:54:42+09:00,78.0,count/min,0,김하은의 Apple Watch,HKQuantityTypeIdentifierHeartRate
Heart rate,2026-07-06 12:54:51+09:00,80.0,count/min,0,김하은의 Apple Watch,HKQuantityTypeIdentifierHeartRate
Heart rate,2026-07-06 12:54:52+09:00,79.0,count/min,0,김하은의 Apple Watch,HKQuantityTypeIdentifierHeartRate
Heart rate,2026-07-06 12:54:53+09:00,79.0,count/min,0,김하은의 Apple Watch,HKQuantityTypeIdentifierHeartRate
Heart rate,2026-07-06 12:55:00+09:00,79.0,count/min,0,김하은의 Apple Watch,HKQuantityTypeIdentifierHeartRate
Heart rate,2026-07-06 12:57:16+09:00,79.0,count/min,0,김하은의 Apple Watch,HKQuantityTypeIdentifierHeartRate
Heart rate,2026-07-06 12:57:21+09:00,82.0,count/min,0,김하은의 Apple Watch,HKQuantityTypeIdentifierHeartRate
Heart rate,2026-07-06 12:57:26+09:00,81.0,count/min,0,김하은의 Apple Watch,HKQuantityTypeIdentifierHeartRate
Heart rate,2026-07-06 12:57:31+09:00,81.0,count/min,0,김하은의 Apple Watch,HKQuantityTypeIdentifierHeartRate
Heart rate,2026-07-06 12:57:36+09:00,80.0,count/min,0,김하은의 Apple Watch,HKQuantityTypeIdentifierHeartRate
Heart rate,2026-07-06 12:57:40+09:00,79.0,count/min,0,김하은의 Apple Watch,HKQuantityTypeIdentifierHeartRate
Heart rate,2026-07-06 12:57:42+09:00,80.0,count/min,0,김하은의 Apple Watch,HKQuantityTypeIdentifierHeartRate
Heart rate,2026-07-06 12:57:49+09:00,82.0,count/min,0,김하은의 Apple Watch,HKQuantityTypeIdentifierHeartRate
Heart rate,2026-07-06 12:57:53+09:00,83.0,count/min,0,김하은의 Apple Watch,HKQuantityTypeIdentifierHeartRate
Heart rate,2026-07-06 12:57:59+09:00,85.0,count/min,0,김하은의 Apple Watch,HKQuantityTypeIdentifierHeartRate
Heart rate,2026-07-06 12:58:15+09:00,84.0,count/min,0,김하은의 Apple Watch,HKQuantityTypeIdentifierHeartRate
Heart rate,2026-07-06 12:58:20+09:00,84.0,count/min,0,김하은의 Apple Watch,HKQuantityTypeIdentifierHeartRate
Heart rate,2026-07-06 12:58:25+09:00,89.0,count/min,0,김하은의 Apple Watch,HKQuantityTypeIdentifierHeartRate
Heart rate,2026-07-06 12:58:30+09:00,89.0,count/min,0,김하은의 Apple Watch,HKQuantityTypeIdentifierHeartRate
Heart rate,2026-07-06 12:58:32+09:00,88.0,count/min,0,김하은의 Apple Watch,HKQuantityTypeIdentifierHeartRate
Heart rate,2026-07-06 12:58:36+09:00,87.0,count/min,0,김하은의 Apple Watch,HKQuantityTypeIdentifierHeartRate
Heart rate,2026-07-06 12:58:42+09:00,87.0,count/min,0,김하은의 Apple Watch,HKQuantityTypeIdentifierHeartRate
Heart rate,2026-07-06 12:58:46+09:00,85.0,count/min,0,김하은의 Apple Watch,HKQuantityTypeIdentifierHeartRate
Heart rate,2026-07-06 13:00:36+09:00,84.0,count/min,1,김하은의 Apple Watch,HKQuantityTypeIdentifierHeartRate
Heart rate,2026-07-06 13:05:06+09:00,80.0,count/min,0,김하은의 Apple Watch,HKQuantityTypeIdentifierHeartRate
Heart rate,2026-07-06 13:05:15+09:00,79.0,count/min,1,김하은의 Apple Watch,HKQuantityTypeIdentifierHeartRate
Heart rate,2026-07-06 13:06:21+09:00,79.0,count/min,1,김하은의 Apple Watch,HKQuantityTypeIdentifierHeartRate
Heart rate,2026-07-06 13:06:31+09:00,78.3593,count/min,0,김하은의 Apple Watch,HKQuantityTypeIdentifierHeartRate
Heart rate,2026-07-06 13:12:57+09:00,80.0,count/min,1,김하은의 Apple Watch,HKQuantityTypeIdentifierHeartRate
Heart rate,2026-07-06 13:20:40+09:00,80.0,count/min,1,김하은의 Apple Watch,HKQuantityTypeIdentifierHeartRate
Heart rate,2026-07-06 13:22:08+09:00,80.0,count/min,1,김하은의 Apple Watch,HKQuantityTypeIdentifierHeartRate
Heart rate,2026-07-06 13:26:42+09:00,71.0,count/min,1,김하은의 Apple Watch,HKQuantityTypeIdentifierHeartRate
Heart rate,2026-07-06 13:33:07+09:00,83.0,count/min,1,김하은의 Apple Watch,HKQuantityTypeIdentifierHeartRate
Heart rate,2026-07-06 13:40:42+09:00,74.0,count/min,1,김하은의 Apple Watch,HKQuantityTypeIdentifierHeartRate
Heart rate,2026-07-06 13:43:12+09:00,74.0,count/min,1,김하은의 Apple Watch,HKQuantityTypeIdentifierHeartRate
Heart rate,2026-07-06 13:46:59+09:00,83.0,count/min,0,김하은의 Apple Watch,HKQuantityTypeIdentifierHeartRate
Heart rate,2026-07-06 13:47:04+09:00,80.0,count/min,0,김하은의 Apple Watch,HKQuantityTypeIdentifierHeartRate
Heart rate,2026-07-06 13:49:43+09:00,73.0,count/min,1,김하은의 Apple Watch,HKQuantityTypeIdentifierHeartRate
Heart rate,2026-07-06 13:51:51+09:00,73.0,count/min,1,김하은의 Apple Watch,HKQuantityTypeIdentifierHeartRate
Heart rate,2026-07-06 14:37:57+09:00,80.0,count/min,0,김하은의 Apple Watch,HKQuantityTypeIdentifierHeartRate
Heart rate,2026-07-06 14:38:58+09:00,84.0,count/min,1,김하은의 Apple Watch,HKQuantityTypeIdentifierHeartRate
Heart rate,2026-07-06 14:39:21+09:00,83.0,count/min,0,김하은의 Apple Watch,HKQuantityTypeIdentifierHeartRate
Heart rate,2026-07-06 14:39:22+09:00,83.0,count/min,0,김하은의 Apple Watch,HKQuantityTypeIdentifierHeartRate
Heart rate,2026-07-06 14:39:33+09:00,70.0,count/min,0,김하은의 Apple Watch,HKQuantityTypeIdentifierHeartRate
Heart rate,2026-07-06 14:39:35+09:00,73.0,count/min,0,김하은의 Apple Watch,HKQuantityTypeIdentifierHeartRate
Heart rate,2026-07-06 14:39:56+09:00,75.0,count/min,0,김하은의 Apple Watch,HKQuantityTypeIdentifierHeartRate
Heart rate,2026-07-06 14:41:05+09:00,112.0,count/min,0,김하은의 Apple Watch,HKQuantityTypeIdentifierHeartRate
Heart rate,2026-07-06 14:43:02+09:00,78.0,count/min,0,김하은의 Apple Watch,HKQuantityTypeIdentifierHeartRate
Heart rate,2026-07-06 14:43:05+09:00,80.0,count/min,0,김하은의 Apple Watch,HKQuantityTypeIdentifierHeartRate
Heart rate,2026-07-06 14:44:41+09:00,60.0,count/min,0,김하은의 Apple Watch,HKQuantityTypeIdentifierHeartRate
Heart rate,2026-07-06 14:48:11+09:00,84.0,count/min,1,김하은의 Apple Watch,HKQuantityTypeIdentifierHeartRate
Heart rate,2026-07-06 14:51:47+09:00,85.0,count/min,1,김하은의 Apple Watch,HKQuantityTypeIdentifierHeartRate
Heart rate,2026-07-06 14:55:53+09:00,85.0,count/min,1,김하은의 Apple Watch,HKQuantityTypeIdentifierHeartRate
Heart rate,2026-07-06 15:05:15+09:00,84.0,count/min,1,김하은의 Apple Watch,HKQuantityTypeIdentifierHeartRate
Heart rate,2026-07-06 15:07:57+09:00,81.0,count/min,1,김하은의 Apple Watch,HKQuantityTypeIdentifierHeartRate
Heart rate,2026-07-06 15:10:49+09:00,78.0,count/min,1,김하은의 Apple Watch,HKQuantityTypeIdentifierHeartRate
Heart rate,2026-07-06 15:18:37+09:00,80.0,count/min,1,김하은의 Apple Watch,HKQuantityTypeIdentifierHeartRate
Heart rate,2026-07-06 15:20:38+09:00,79.0,count/min,0,김하은의 Apple Watch,HKQuantityTypeIdentifierHeartRate
Heart rate,2026-07-06 15:23:11+09:00,79.0,count/min,1,김하은의 Apple Watch,HKQuantityTypeIdentifierHeartRate
Heart rate,2026-07-06 15:24:22+09:00,80.7326,count/min,0,김하은의 Apple Watch,HKQuantityTypeIdentifierHeartRate
Heart rate,2026-07-06 15:28:35+09:00,80.0,count/min,1,김하은의 Apple Watch,HKQuantityTypeIdentifierHeartRate
Heart rate,2026-07-06 15:32:46+09:00,84.0,count/min,1,김하은의 Apple Watch,HKQuantityTypeIdentifierHeartRate
Heart rate,2026-07-06 15:39:16+09:00,85.0,count/min,1,김하은의 Apple Watch,HKQuantityTypeIdentifierHeartRate
Heart rate,2026-07-06 15:40:42+09:00,79.0,count/min,1,김하은의 Apple Watch,HKQuantityTypeIdentifierHeartRate
Heart rate,2026-07-06 15:49:17+09:00,80.0,count/min,1,김하은의 Apple Watch,HKQuantityTypeIdentifierHeartRate
Heart rate,2026-07-06 15:53:29+09:00,80.0,count/min,1,김하은의 Apple Watch,HKQuantityTypeIdentifierHeartRate
Heart rate,2026-07-06 15:59:57+09:00,79.0,count/min,1,김하은의 Apple Watch,HKQuantityTypeIdentifierHeartRate
Heart rate,2026-07-06 16:01:13+09:00,80.0,count/min,1,김하은의 Apple Watch,HKQuantityTypeIdentifierHeartRate
Heart rate,2026-07-06 16:06:46+09:00,80.0,count/min,1,김하은의 Apple Watch,HKQuantityTypeIdentifierHeartRate
Heart rate,2026-07-06 16:13:08+09:00,72.0,count/min,1,김하은의 Apple Watch,HKQuantityTypeIdentifierHeartRate
Heart rate,2026-07-06 16:13:41+09:00,73.0,count/min,0,김하은의 Apple Watch,HKQuantityTypeIdentifierHeartRate
Heart rate,2026-07-06 16:17:57+09:00,74.0,count/min,1,김하은의 Apple Watch,HKQuantityTypeIdentifierHeartRate
Heart rate,2026-07-06 16:24:49+09:00,72.0,count/min,1,김하은의 Apple Watch,HKQuantityTypeIdentifierHeartRate
Heart rate,2026-07-06 16:26:28+09:00,72.0,count/min,1,김하은의 Apple Watch,HKQuantityTypeIdentifierHeartRate
Heart rate,2026-07-06 16:30:43+09:00,76.0,count/min,1,김하은의 Apple Watch,HKQuantityTypeIdentifierHeartRate
Heart rate,2026-07-06 16:36:44+09:00,75.0,count/min,1,김하은의 Apple Watch,HKQuantityTypeIdentifierHeartRate
Heart rate,2026-07-06 16:45:16+09:00,72.0,count/min,1,김하은의 Apple Watch,HKQuantityTypeIdentifierHeartRate
Heart rate,2026-07-06 16:49:45+09:00,70.0,count/min,1,김하은의 Apple Watch,HKQuantityTypeIdentifierHeartRate
Heart rate,2026-07-06 16:52:17+09:00,72.0,count/min,1,김하은의 Apple Watch,HKQuantityTypeIdentifierHeartRate
Heart rate,2026-07-06 16:59:19+09:00,75.0,count/min,0,김하은의 Apple Watch,HKQuantityTypeIdentifierHeartRate
Heart rate,2026-07-06 16:59:29+09:00,71.0,count/min,1,김하은의 Apple Watch,HKQuantityTypeIdentifierHeartRate
Heart rate,2026-07-06 17:03:30+09:00,80.0,count/min,1,김하은의 Apple Watch,HKQuantityTypeIdentifierHeartRate
Heart rate,2026-07-06 17:07:59+09:00,75.0,count/min,1,김하은의 Apple Watch,HKQuantityTypeIdentifierHeartRate
Heart rate,2026-07-06 17:11:39+09:00,76.5195,count/min,0,김하은의 Apple Watch,HKQuantityTypeIdentifierHeartRate
Heart rate,2026-07-06 17:14:46+09:00,68.0,count/min,1,김하은의 Apple Watch,HKQuantityTypeIdentifierHeartRate
Heart rate,2026-07-06 17:20:13+09:00,76.0,count/min,1,김하은의 Apple Watch,HKQuantityTypeIdentifierHeartRate
Heart rate,2026-07-06 17:21:21+09:00,79.0,count/min,1,김하은의 Apple Watch,HKQuantityTypeIdentifierHeartRate
Heart rate,2026-07-06 17:25:47+09:00,80.0,count/min,1,김하은의 Apple Watch,HKQuantityTypeIdentifierHeartRate
Heart rate,2026-07-06 17:33:10+09:00,100.0,count/min,0,김하은의 Apple Watch,HKQuantityTypeIdentifierHeartRate
Heart rate,2026-07-06 17:33:15+09:00,97.0,count/min,0,김하은의 Apple Watch,HKQuantityTypeIdentifierHeartRate
Heart rate,2026-07-06 17:33:16+09:00,96.0,count/min,0,김하은의 Apple Watch,HKQuantityTypeIdentifierHeartRate
Heart rate,2026-07-06 17:56:55+09:00,77.0,count/min,1,김하은의 Apple Watch,HKQuantityTypeIdentifierHeartRate
Heart rate,2026-07-06 18:03:50+09:00,74.0,count/min,1,김하은의 Apple Watch,HKQuantityTypeIdentifierHeartRate
Heart rate,2026-07-06 18:07:11+09:00,74.0,count/min,1,김하은의 Apple Watch,HKQuantityTypeIdentifierHeartRate
Heart rate,2026-07-06 18:11:45+09:00,71.0,count/min,0,김하은의 Apple Watch,HKQuantityTypeIdentifierHeartRate
Heart rate,2026-07-06 18:12:11+09:00,75.0,count/min,1,김하은의 Apple Watch,HKQuantityTypeIdentifierHeartRate
Heart rate,2026-07-06 18:16:28+09:00,75.0,count/min,1,김하은의 Apple Watch,HKQuantityTypeIdentifierHeartRate
Heart rate,2026-07-06 18:22:38+09:00,73.0,count/min,1,김하은의 Apple Watch,HKQuantityTypeIdentifierHeartRate
Heart rate,2026-07-06 18:25:39+09:00,73.0,count/min,1,김하은의 Apple Watch,HKQuantityTypeIdentifierHeartRate
Heart rate,2026-07-06 18:34:47+09:00,74.0,count/min,1,김하은의 Apple Watch,HKQuantityTypeIdentifierHeartRate
Heart rate,2026-07-06 18:38:47+09:00,73.0,count/min,1,김하은의 Apple Watch,HKQuantityTypeIdentifierHeartRate
Heart rate,2026-07-06 18:44:39+09:00,73.0,count/min,1,김하은의 Apple Watch,HKQuantityTypeIdentifierHeartRate
Heart rate,2026-07-06 18:46:44+09:00,75.0,count/min,1,김하은의 Apple Watch,HKQuantityTypeIdentifierHeartRate
Heart rate,2026-07-06 18:55:22+09:00,80.0,count/min,0,김하은의 Apple Watch,HKQuantityTypeIdentifierHeartRate
Heart rate,2026-07-06 19:00:17+09:00,72.0,count/min,1,김하은의 Apple Watch,HKQuantityTypeIdentifierHeartRate
Heart rate,2026-07-06 19:03:49+09:00,71.0,count/min,1,김하은의 Apple Watch,HKQuantityTypeIdentifierHeartRate
Heart rate,2026-07-06 19:07:39+09:00,67.9533,count/min,0,김하은의 Apple Watch,HKQuantityTypeIdentifierHeartRate
Heart rate,2026-07-06 19:09:34+09:00,72.0,count/min,1,김하은의 Apple Watch,HKQuantityTypeIdentifierHeartRate
Heart rate,2026-07-06 19:13:44+09:00,71.0,count/min,1,김하은의 Apple Watch,HKQuantityTypeIdentifierHeartRate
Heart rate,2026-07-06 19:15:39+09:00,68.0,count/min,1,김하은의 Apple Watch,HKQuantityTypeIdentifierHeartRate
Heart rate,2026-07-06 19:25:21+09:00,74.0,count/min,1,김하은의 Apple Watch,HKQuantityTypeIdentifierHeartRate
Heart rate,2026-07-06 19:28:12+09:00,73.0,count/min,1,김하은의 Apple Watch,HKQuantityTypeIdentifierHeartRate
Heart rate,2026-07-06 19:30:26+09:00,69.0,count/min,1,김하은의 Apple Watch,HKQuantityTypeIdentifierHeartRate
Heart rate,2026-07-06 19:30:33+09:00,74.0,count/min,0,김하은의 Apple Watch,HKQuantityTypeIdentifierHeartRate
Heart rate,2026-07-06 19:39:09+09:00,72.0,count/min,1,김하은의 Apple Watch,HKQuantityTypeIdentifierHeartRate
Heart rate,2026-07-06 19:41:05+09:00,74.0,count/min,1,김하은의 Apple Watch,HKQuantityTypeIdentifierHeartRate
Heart rate,2026-07-06 19:48:46+09:00,74.0,count/min,1,김하은의 Apple Watch,HKQuantityTypeIdentifierHeartRate
Heart rate,2026-07-06 19:52:45+09:00,74.0,count/min,1,김하은의 Apple Watch,HKQuantityTypeIdentifierHeartRate
Heart rate,2026-07-06 19:58:47+09:00,79.0,count/min,1,김하은의 Apple Watch,HKQuantityTypeIdentifierHeartRate
Heart rate,2026-07-06 20:00:33+09:00,77.0,count/min,0,김하은의 Apple Watch,HKQuantityTypeIdentifierHeartRate
Heart rate,2026-07-06 20:00:34+09:00,74.0,count/min,1,김하은의 Apple Watch,HKQuantityTypeIdentifierHeartRate
Heart rate,2026-07-06 20:10:14+09:00,79.0,count/min,1,김하은의 Apple Watch,HKQuantityTypeIdentifierHeartRate
Heart rate,2026-07-06 20:11:59+09:00,78.0,count/min,1,김하은의 Apple Watch,HKQuantityTypeIdentifierHeartRate
Heart rate,2026-07-06 20:15:23+09:00,75.0,count/min,1,김하은의 Apple Watch,HKQuantityTypeIdentifierHeartRate
Heart rate,2026-07-06 20:23:33+09:00,80.0,count/min,1,김하은의 Apple Watch,HKQuantityTypeIdentifierHeartRate
Heart rate,2026-07-06 20:26:14+09:00,87.0,count/min,1,김하은의 Apple Watch,HKQuantityTypeIdentifierHeartRate
Heart rate,2026-07-06 20:32:05+09:00,86.0,count/min,1,김하은의 Apple Watch,HKQuantityTypeIdentifierHeartRate
Heart rate,2026-07-06 20:39:40+09:00,76.0,count/min,1,김하은의 Apple Watch,HKQuantityTypeIdentifierHeartRate
Heart rate,2026-07-06 20:42:54+09:00,79.0,count/min,0,김하은의 Apple Watch,HKQuantityTypeIdentifierHeartRate
Heart rate,2026-07-06 20:42:59+09:00,77.0,count/min,1,김하은의 Apple Watch,HKQuantityTypeIdentifierHeartRate
Heart rate,2026-07-06 20:49:18+09:00,77.0,count/min,1,김하은의 Apple Watch,HKQuantityTypeIdentifierHeartRate
Heart rate,2026-07-06 20:53:07+09:00,73.0,count/min,1,김하은의 Apple Watch,HKQuantityTypeIdentifierHeartRate
Heart rate,2026-07-06 20:56:02+09:00,75.0,count/min,1,김하은의 Apple Watch,HKQuantityTypeIdentifierHeartRate
Heart rate,2026-07-06 21:01:34+09:00,78.0,count/min,1,김하은의 Apple Watch,HKQuantityTypeIdentifierHeartRate
Heart rate,2026-07-06 21:05:27+09:00,79.0,count/min,1,김하은의 Apple Watch,HKQuantityTypeIdentifierHeartRate
Heart rate,2026-07-06 21:09:03+09:00,75.0483,count/min,0,김하은의 Apple Watch,HKQuantityTypeIdentifierHeartRate
Heart rate,2026-07-06 21:15:21+09:00,72.0,count/min,1,김하은의 Apple Watch,HKQuantityTypeIdentifierHeartRate
Heart rate,2026-07-06 21:16:54+09:00,72.0,count/min,1,김하은의 Apple Watch,HKQuantityTypeIdentifierHeartRate
Heart rate,2026-07-06 21:22:14+09:00,79.0,count/min,1,김하은의 Apple Watch,HKQuantityTypeIdentifierHeartRate
Heart rate,2026-07-06 21:26:47+09:00,74.0,count/min,1,김하은의 Apple Watch,HKQuantityTypeIdentifierHeartRate
Heart rate,2026-07-06 21:34:45+09:00,75.0,count/min,1,김하은의 Apple Watch,HKQuantityTypeIdentifierHeartRate
Heart rate,2026-07-06 21:40:19+09:00,76.0,count/min,1,김하은의 Apple Watch,HKQuantityTypeIdentifierHeartRate
Heart rate,2026-07-06 21:41:25+09:00,75.0,count/min,1,김하은의 Apple Watch,HKQuantityTypeIdentifierHeartRate
Heart rate,2026-07-06 21:47:51+09:00,79.0,count/min,1,김하은의 Apple Watch,HKQuantityTypeIdentifierHeartRate
Heart rate,2026-07-06 21:54:04+09:00,74.0,count/min,1,김하은의 Apple Watch,HKQuantityTypeIdentifierHeartRate
Heart rate,2026-07-06 21:59:04+09:00,73.0,count/min,1,김하은의 Apple Watch,HKQuantityTypeIdentifierHeartRate
Heart rate,2026-07-06 22:00:27+09:00,77.0,count/min,0,김하은의 Apple Watch,HKQuantityTypeIdentifierHeartRate
Heart rate,2026-07-06 22:03:00+09:00,122.0,count/min,0,김하은의 Apple Watch,HKQuantityTypeIdentifierHeartRate
Heart rate,2026-07-06 22:03:04+09:00,122.0,count/min,0,김하은의 Apple Watch,HKQuantityTypeIdentifierHeartRate
Heart rate,2026-07-06 22:03:08+09:00,121.0,count/min,0,김하은의 Apple Watch,HKQuantityTypeIdentifierHeartRate
Heart rate,2026-07-06 22:03:12+09:00,120.0,count/min,0,김하은의 Apple Watch,HKQuantityTypeIdentifierHeartRate
Heart rate,2026-07-06 22:03:16+09:00,117.0,count/min,0,김하은의 Apple Watch,HKQuantityTypeIdentifierHeartRate
Heart rate,2026-07-06 22:03:25+09:00,108.0,count/min,0,김하은의 Apple Watch,HKQuantityTypeIdentifierHeartRate
Heart rate,2026-07-06 22:03:27+09:00,108.0,count/min,0,김하은의 Apple Watch,HKQuantityTypeIdentifierHeartRate
Heart rate,2026-07-06 22:03:31+09:00,108.0,count/min,0,김하은의 Apple Watch,HKQuantityTypeIdentifierHeartRate
Heart rate,2026-07-06 22:03:40+09:00,108.0,count/min,0,김하은의 Apple Watch,HKQuantityTypeIdentifierHeartRate
Heart rate,2026-07-06 22:08:11+09:00,80.0,count/min,1,김하은의 Apple Watch,HKQuantityTypeIdentifierHeartRate
Heart rate,2026-07-06 22:11:39+09:00,119.0,count/min,2,김하은의 Apple Watch,HKQuantityTypeIdentifierHeartRate
Heart rate,2026-07-06 22:15:01+09:00,121.0,count/min,2,김하은의 Apple Watch,HKQuantityTypeIdentifierHeartRate
Heart rate,2026-07-06 22:18:09+09:00,79.0,count/min,0,김하은의 Apple Watch,HKQuantityTypeIdentifierHeartRate
Heart rate,2026-07-06 22:19:18+09:00,80.0,count/min,1,김하은의 Apple Watch,HKQuantityTypeIdentifierHeartRate
Heart rate,2026-07-06 22:21:28+09:00,80.0,count/min,1,김하은의 Apple Watch,HKQuantityTypeIdentifierHeartRate
Heart rate,2026-07-06 22:29:09+09:00,79.0,count/min,1,김하은의 Apple Watch,HKQuantityTypeIdentifierHeartRate
Heart rate,2026-07-06 22:31:20+09:00,84.0,count/min,1,김하은의 Apple Watch,HKQuantityTypeIdentifierHeartRate
Heart rate,2026-07-06 22:40:14+09:00,73.0,count/min,1,김하은의 Apple Watch,HKQuantityTypeIdentifierHeartRate
Heart rate,2026-07-06 22:49:43+09:00,83.0,count/min,1,김하은의 Apple Watch,HKQuantityTypeIdentifierHeartRate
Heart rate,2026-07-06 22:52:51+09:00,71.0,count/min,1,김하은의 Apple Watch,HKQuantityTypeIdentifierHeartRate
Heart rate,2026-07-06 22:57:21+09:00,70.0,count/min,1,김하은의 Apple Watch,HKQuantityTypeIdentifierHeartRate
Heart rate,2026-07-06 23:00:54+09:00,70.0,count/min,1,김하은의 Apple Watch,HKQuantityTypeIdentifierHeartRate
Heart rate,2026-07-06 23:06:43+09:00,70.2096,count/min,0,김하은의 Apple Watch,HKQuantityTypeIdentifierHeartRate
Heart rate,2026-07-06 23:08:27+09:00,71.0,count/min,1,김하은의 Apple Watch,HKQuantityTypeIdentifierHeartRate
Heart rate,2026-07-06 23:13:02+09:00,70.0,count/min,1,김하은의 Apple Watch,HKQuantityTypeIdentifierHeartRate
Heart rate,2026-07-06 23:20:22+09:00,71.0,count/min,1,김하은의 Apple Watch,HKQuantityTypeIdentifierHeartRate
Heart rate,2026-07-06 23:22:48+09:00,71.0,count/min,1,김하은의 Apple Watch,HKQuantityTypeIdentifierHeartRate
Heart rate,2026-07-06 23:27:54+09:00,69.0,count/min,1,김하은의 Apple Watch,HKQuantityTypeIdentifierHeartRate
Heart rate,2026-07-06 23:33:32+09:00,68.0,count/min,1,김하은의 Apple Watch,HKQuantityTypeIdentifierHeartRate
Heart rate,2026-07-06 23:39:49+09:00,67.0,count/min,1,김하은의 Apple Watch,HKQuantityTypeIdentifierHeartRate
Heart rate,2026-07-06 23:41:37+09:00,67.0,count/min,1,김하은의 Apple Watch,HKQuantityTypeIdentifierHeartRate
Heart rate,2026-07-06 23:45:59+09:00,67.0,count/min,1,김하은의 Apple Watch,HKQuantityTypeIdentifierHeartRate
Heart rate,2026-07-06 23:52:06+09:00,66.0,count/min,1,김하은의 Apple Watch,HKQuantityTypeIdentifierHeartRate
Heart rate,2026-07-06 23:57:33+09:00,68.0,count/min,1,김하은의 Apple Watch,HKQuantityTypeIdentifierHeartRate
Heart rate,2026-07-07 00:02:35+09:00,65.0,count/min,1,김하은의 Apple Watch,HKQuantityTypeIdentifierHeartRate
Heart rate,2026-07-07 00:08:16+09:00,69.0,count/min,1,김하은의 Apple Watch,HKQuantityTypeIdentifierHeartRate
Heart rate,2026-07-07 00:11:36+09:00,60.0,count/min,1,김하은의 Apple Watch,HKQuantityTypeIdentifierHeartRate
Heart rate,2026-07-07 00:16:52+09:00,66.0,count/min,1,김하은의 Apple Watch,HKQuantityTypeIdentifierHeartRate
Heart rate,2026-07-07 00:22:00+09:00,66.0,count/min,1,김하은의 Apple Watch,HKQuantityTypeIdentifierHeartRate
Heart rate,2026-07-07 00:27:01+09:00,67.0,count/min,1,김하은의 Apple Watch,HKQuantityTypeIdentifierHeartRate
Heart rate,2026-07-07 00:33:13+09:00,67.0,count/min,1,김하은의 Apple Watch,HKQuantityTypeIdentifierHeartRate
Heart rate,2026-07-07 00:35:41+09:00,69.0,count/min,0,김하은의 Apple Watch,HKQuantityTypeIdentifierHeartRate
Heart rate,2026-07-07 00:45:04+09:00,68.0,count/min,0,김하은의 Apple Watch,HKQuantityTypeIdentifierHeartRate
Heart rate,2026-07-07 00:48:00+09:00,66.0,count/min,0,김하은의 Apple Watch,HKQuantityTypeIdentifierHeartRate
Heart rate,2026-07-07 00:51:30+09:00,68.0,count/min,0,김하은의 Apple Watch,HKQuantityTypeIdentifierHeartRate
Heart rate,2026-07-07 00:57:29+09:00,69.0,count/min,0,김하은의 Apple Watch,HKQuantityTypeIdentifierHeartRate
Heart rate,2026-07-07 00:59:44+09:00,66.0,count/min,0,김하은의 Apple Watch,HKQuantityTypeIdentifierHeartRate
Heart rate,2026-07-07 01:04:10+09:00,66.0,count/min,0,김하은의 Apple Watch,HKQuantityTypeIdentifierHeartRate
Heart rate,2026-07-07 01:05:23+09:00,68.0,count/min,0,김하은의 Apple Watch,HKQuantityTypeIdentifierHeartRate
Heart rate,2026-07-07 01:06:10+09:00,69.1265,count/min,0,김하은의 Apple Watch,HKQuantityTypeIdentifierHeartRate
Heart rate,2026-07-07 01:12:02+09:00,64.0,count/min,0,김하은의 Apple Watch,HKQuantityTypeIdentifierHeartRate
Heart rate,2026-07-07 01:19:15+09:00,67.0,count/min,0,김하은의 Apple Watch,HKQuantityTypeIdentifierHeartRate
Heart rate,2026-07-07 01:22:47+09:00,72.0,count/min,0,김하은의 Apple Watch,HKQuantityTypeIdentifierHeartRate
Heart rate,2026-07-07 01:29:52+09:00,85.0,count/min,0,김하은의 Apple Watch,HKQuantityTypeIdentifierHeartRate
Heart rate,2026-07-07 01:33:22+09:00,65.0,count/min,0,김하은의 Apple Watch,HKQuantityTypeIdentifierHeartRate
Heart rate,2026-07-07 01:37:20+09:00,84.0,count/min,0,김하은의 Apple Watch,HKQuantityTypeIdentifierHeartRate
Heart rate,2026-07-07 01:41:34+09:00,91.0,count/min,0,김하은의 Apple Watch,HKQuantityTypeIdentifierHeartRate
Heart rate,2026-07-07 01:44:10+09:00,99.0,count/min,2,김하은의 Apple Watch,HKQuantityTypeIdentifierHeartRate
Heart rate,2026-07-07 01:47:28+09:00,72.0,count/min,0,김하은의 Apple Watch,HKQuantityTypeIdentifierHeartRate
Heart rate,2026-07-07 01:54:58+09:00,66.0,count/min,0,김하은의 Apple Watch,HKQuantityTypeIdentifierHeartRate
Heart rate,2026-07-07 01:56:25+09:00,67.0,count/min,0,김하은의 Apple Watch,HKQuantityTypeIdentifierHeartRate
Heart rate,2026-07-07 02:03:44+09:00,83.0,count/min,2,김하은의 Apple Watch,HKQuantityTypeIdentifierHeartRate
Heart rate,2026-07-07 02:05:06+09:00,74.0,count/min,0,김하은의 Apple Watch,HKQuantityTypeIdentifierHeartRate
Heart rate,2026-07-07 02:09:25+09:00,68.0,count/min,0,김하은의 Apple Watch,HKQuantityTypeIdentifierHeartRate
Heart rate,2026-07-07 02:14:14+09:00,67.0,count/min,0,김하은의 Apple Watch,HKQuantityTypeIdentifierHeartRate
Heart rate,2026-07-07 02:17:48+09:00,63.0,count/min,0,김하은의 Apple Watch,HKQuantityTypeIdentifierHeartRate
Heart rate,2026-07-07 02:20:57+09:00,66.0,count/min,0,김하은의 Apple Watch,HKQuantityTypeIdentifierHeartRate
Heart rate,2026-07-07 18:06:59+09:00,88.0,count/min,1,김하은의 Apple Watch,HKQuantityTypeIdentifierHeartRate
Heart rate,2026-07-07 18:07:13+09:00,90.3129,count/min,0,김하은의 Apple Watch,HKQuantityTypeIdentifierHeartRate
Heart rate,2026-07-07 18:12:46+09:00,97.0,count/min,1,김하은의 Apple Watch,HKQuantityTypeIdentifierHeartRate
Heart rate,2026-07-07 18:29:30+09:00,116.0,count/min,0,김하은의 Apple Watch,HKQuantityTypeIdentifierHeartRate
Heart rate,2026-07-07 18:30:44+09:00,94.0,count/min,1,김하은의 Apple Watch,HKQuantityTypeIdentifierHeartRate
Heart rate,2026-07-07 18:35:51+09:00,94.0,count/min,1,김하은의 Apple Watch,HKQuantityTypeIdentifierHeartRate
Heart rate,2026-07-07 18:41:42+09:00,103.0,count/min,0,김하은의 Apple Watch,HKQuantityTypeIdentifierHeartRate
Heart rate,2026-07-07 18:48:47+09:00,93.0,count/min,1,김하은의 Apple Watch,HKQuantityTypeIdentifierHeartRate
Heart rate,2026-07-07 18:53:30+09:00,91.0,count/min,1,김하은의 Apple Watch,HKQuantityTypeIdentifierHeartRate
Heart rate,2026-07-07 18:57:00+09:00,92.0,count/min,1,김하은의 Apple Watch,HKQuantityTypeIdentifierHeartRate
Heart rate,2026-07-07 19:00:03+09:00,90.0,count/min,0,김하은의 Apple Watch,HKQuantityTypeIdentifierHeartRate
Heart rate,2026-07-07 19:00:39+09:00,92.0,count/min,1,김하은의 Apple Watch,HKQuantityTypeIdentifierHeartRate
Heart rate,2026-07-07 19:06:03+09:00,91.0,count/min,1,김하은의 Apple Watch,HKQuantityTypeIdentifierHeartRate
Heart rate,2026-07-07 19:06:24+09:00,90.9428,count/min,0,김하은의 Apple Watch,HKQuantityTypeIdentifierHeartRate
Heart rate,2026-07-07 19:13:28+09:00,92.0,count/min,1,김하은의 Apple Watch,HKQuantityTypeIdentifierHeartRate
Heart rate,2026-07-07 19:18:25+09:00,88.0,count/min,1,김하은의 Apple Watch,HKQuantityTypeIdentifierHeartRate
Heart rate,2026-07-07 19:21:40+09:00,85.0,count/min,1,김하은의 Apple Watch,HKQuantityTypeIdentifierHeartRate
Heart rate,2026-07-07 19:27:26+09:00,85.0,count/min,1,김하은의 Apple Watch,HKQuantityTypeIdentifierHeartRate
Heart rate,2026-07-07 19:30:52+09:00,85.0,count/min,1,김하은의 Apple Watch,HKQuantityTypeIdentifierHeartRate
Heart rate,2026-07-07 19:38:52+09:00,79.0,count/min,1,김하은의 Apple Watch,HKQuantityTypeIdentifierHeartRate
Heart rate,2026-07-07 19:43:34+09:00,79.0,count/min,1,김하은의 Apple Watch,HKQuantityTypeIdentifierHeartRate
Heart rate,2026-07-07 19:50:03+09:00,84.0,count/min,1,김하은의 Apple Watch,HKQuantityTypeIdentifierHeartRate
Heart rate,2026-07-07 19:53:46+09:00,85.0,count/min,1,김하은의 Apple Watch,HKQuantityTypeIdentifierHeartRate
Heart rate,2026-07-07 19:59:33+09:00,80.0,count/min,1,김하은의 Apple Watch,HKQuantityTypeIdentifierHeartRate
Heart rate,2026-07-07 20:03:51+09:00,79.0,count/min,1,김하은의 Apple Watch,HKQuantityTypeIdentifierHeartRate
Heart rate,2026-07-07 20:07:00+09:00,84.0,count/min,1,김하은의 Apple Watch,HKQuantityTypeIdentifierHeartRate
Heart rate,2026-07-07 20:10:29+09:00,104.0,count/min,0,김하은의 Apple Watch,HKQuantityTypeIdentifierHeartRate
Heart rate,2026-07-07 20:13:12+09:00,84.0,count/min,1,김하은의 Apple Watch,HKQuantityTypeIdentifierHeartRate
Heart rate,2026-07-07 20:17:27+09:00,84.0,count/min,1,김하은의 Apple Watch,HKQuantityTypeIdentifierHeartRate
Heart rate,2026-07-07 20:21:04+09:00,79.0,count/min,1,김하은의 Apple Watch,HKQuantityTypeIdentifierHeartRate
Heart rate,2026-07-07 20:27:51+09:00,72.0,count/min,1,김하은의 Apple Watch,HKQuantityTypeIdentifierHeartRate
Heart rate,2026-07-07 20:32:15+09:00,81.0,count/min,1,김하은의 Apple Watch,HKQuantityTypeIdentifierHeartRate
Heart rate,2026-07-07 20:40:01+09:00,79.0,count/min,1,김하은의 Apple Watch,HKQuantityTypeIdentifierHeartRate
Heart rate,2026-07-07 20:41:55+09:00,80.0,count/min,1,김하은의 Apple Watch,HKQuantityTypeIdentifierHeartRate
Heart rate,2026-07-07 20:46:16+09:00,69.0,count/min,1,김하은의 Apple Watch,HKQuantityTypeIdentifierHeartRate
Heart rate,2026-07-07 20:50:25+09:00,83.0,count/min,1,김하은의 Apple Watch,HKQuantityTypeIdentifierHeartRate
Heart rate,2026-07-07 20:59:56+09:00,80.0,count/min,1,김하은의 Apple Watch,HKQuantityTypeIdentifierHeartRate
Heart rate,2026-07-07 21:02:58+09:00,74.0,count/min,1,김하은의 Apple Watch,HKQuantityTypeIdentifierHeartRate
Heart rate,2026-07-07 21:05:53+09:00,75.2869,count/min,0,김하은의 Apple Watch,HKQuantityTypeIdentifierHeartRate
Heart rate,2026-07-07 21:08:56+09:00,85.0,count/min,1,김하은의 Apple Watch,HKQuantityTypeIdentifierHeartRate
Heart rate,2026-07-07 21:14:22+09:00,80.0,count/min,1,김하은의 Apple Watch,HKQuantityTypeIdentifierHeartRate
Heart rate,2026-07-07 21:18:56+09:00,73.0,count/min,1,김하은의 Apple Watch,HKQuantityTypeIdentifierHeartRate
Heart rate,2026-07-07 21:23:40+09:00,69.0,count/min,1,김하은의 Apple Watch,HKQuantityTypeIdentifierHeartRate
Heart rate,2026-07-07 21:25:58+09:00,73.0,count/min,1,김하은의 Apple Watch,HKQuantityTypeIdentifierHeartRate
Heart rate,2026-07-07 21:30:25+09:00,84.0,count/min,1,김하은의 Apple Watch,HKQuantityTypeIdentifierHeartRate
Heart rate,2026-07-07 21:35:45+09:00,73.0,count/min,1,김하은의 Apple Watch,HKQuantityTypeIdentifierHeartRate
Heart rate,2026-07-07 21:43:20+09:00,72.0,count/min,1,김하은의 Apple Watch,HKQuantityTypeIdentifierHeartRate
Heart rate,2026-07-07 21:47:49+09:00,67.0,count/min,1,김하은의 Apple Watch,HKQuantityTypeIdentifierHeartRate
Heart rate,2026-07-07 21:51:32+09:00,72.0,count/min,1,김하은의 Apple Watch,HKQuantityTypeIdentifierHeartRate
Heart rate,2026-07-07 21:55:48+09:00,67.0,count/min,1,김하은의 Apple Watch,HKQuantityTypeIdentifierHeartRate
Heart rate,2026-07-07 22:01:56+09:00,79.0,count/min,1,김하은의 Apple Watch,HKQuantityTypeIdentifierHeartRate
Heart rate,2026-07-07 22:06:11+09:00,73.0,count/min,1,김하은의 Apple Watch,HKQuantityTypeIdentifierHeartRate
Heart rate,2026-07-07 22:13:14+09:00,70.0,count/min,1,김하은의 Apple Watch,HKQuantityTypeIdentifierHeartRate
Heart rate,2026-07-07 22:20:01+09:00,73.0,count/min,1,김하은의 Apple Watch,HKQuantityTypeIdentifierHeartRate
Heart rate,2026-07-07 22:21:52+09:00,72.0,count/min,1,김하은의 Apple Watch,HKQuantityTypeIdentifierHeartRate
Heart rate,2026-07-07 22:26:14+09:00,76.0,count/min,1,김하은의 Apple Watch,HKQuantityTypeIdentifierHeartRate
Heart rate,2026-07-07 22:30:49+09:00,69.0,count/min,1,김하은의 Apple Watch,HKQuantityTypeIdentifierHeartRate
Heart rate,2026-07-07 22:35:50+09:00,73.0,count/min,1,김하은의 Apple Watch,HKQuantityTypeIdentifierHeartRate
Heart rate,2026-07-07 22:42:21+09:00,69.0,count/min,1,김하은의 Apple Watch,HKQuantityTypeIdentifierHeartRate
Heart rate,2026-07-07 22:47:59+09:00,71.0,count/min,1,김하은의 Apple Watch,HKQuantityTypeIdentifierHeartRate
Heart rate,2026-07-07 22:51:27+09:00,72.0,count/min,1,김하은의 Apple Watch,HKQuantityTypeIdentifierHeartRate
Heart rate,2026-07-07 22:59:38+09:00,80.0,count/min,1,김하은의 Apple Watch,HKQuantityTypeIdentifierHeartRate
Heart rate,2026-07-07 23:04:55+09:00,73.0,count/min,1,김하은의 Apple Watch,HKQuantityTypeIdentifierHeartRate
Heart rate,2026-07-07 23:09:25+09:00,71.0,count/min,1,김하은의 Apple Watch,HKQuantityTypeIdentifierHeartRate
Heart rate,2026-07-07 23:11:31+09:00,84.358,count/min,0,김하은의 Apple Watch,HKQuantityTypeIdentifierHeartRate
Heart rate,2026-07-07 23:11:42+09:00,72.0,count/min,1,김하은의 Apple Watch,HKQuantityTypeIdentifierHeartRate
Heart rate,2026-07-08 02:23:41+09:00,65.0,count/min,0,김하은의 Apple Watch,HKQuantityTypeIdentifierHeartRate
Heart rate,2026-07-08 02:23:42+09:00,68.2282,count/min,0,김하은의 Apple Watch,HKQuantityTypeIdentifierHeartRate
Heart rate,2026-07-08 02:28:51+09:00,67.0,count/min,0,김하은의 Apple Watch,HKQuantityTypeIdentifierHeartRate
Heart rate,2026-07-08 02:35:03+09:00,68.0,count/min,0,김하은의 Apple Watch,HKQuantityTypeIdentifierHeartRate
Heart rate,2026-07-08 02:37:48+09:00,67.0,count/min,0,김하은의 Apple Watch,HKQuantityTypeIdentifierHeartRate
Heart rate,2026-07-08 02:40:40+09:00,67.0,count/min,0,김하은의 Apple Watch,HKQuantityTypeIdentifierHeartRate
Heart rate,2026-07-08 02:49:10+09:00,72.0,count/min,0,김하은의 Apple Watch,HKQuantityTypeIdentifierHeartRate
Heart rate,2026-07-08 02:53:52+09:00,65.0,count/min,0,김하은의 Apple Watch,HKQuantityTypeIdentifierHeartRate
Heart rate,2026-07-08 02:59:22+09:00,67.0,count/min,0,김하은의 Apple Watch,HKQuantityTypeIdentifierHeartRate
Heart rate,2026-07-08 03:00:35+09:00,71.0,count/min,0,김하은의 Apple Watch,HKQuantityTypeIdentifierHeartRate
Heart rate,2026-07-08 03:05:35+09:00,69.0,count/min,0,김하은의 Apple Watch,HKQuantityTypeIdentifierHeartRate
Heart rate,2026-07-08 03:05:53+09:00,70.2475,count/min,0,김하은의 Apple Watch,HKQuantityTypeIdentifierHeartRate
Heart rate,2026-07-08 03:10:23+09:00,66.0,count/min,0,김하은의 Apple Watch,HKQuantityTypeIdentifierHeartRate
Heart rate,2026-07-08 03:17:28+09:00,72.0,count/min,0,김하은의 Apple Watch,HKQuantityTypeIdentifierHeartRate
Heart rate,2026-07-08 03:23:21+09:00,67.0,count/min,0,김하은의 Apple Watch,HKQuantityTypeIdentifierHeartRate
Heart rate,2026-07-08 03:25:24+09:00,68.0,count/min,0,김하은의 Apple Watch,HKQuantityTypeIdentifierHeartRate
Heart rate,2026-07-08 03:30:56+09:00,73.0,count/min,0,김하은의 Apple Watch,HKQuantityTypeIdentifierHeartRate
Heart rate,2026-07-08 03:35:36+09:00,68.0,count/min,0,김하은의 Apple Watch,HKQuantityTypeIdentifierHeartRate
Heart rate,2026-07-08 03:44:21+09:00,72.0,count/min,0,김하은의 Apple Watch,HKQuantityTypeIdentifierHeartRate
Heart rate,2026-07-08 03:46:44+09:00,67.0,count/min,0,김하은의 Apple Watch,HKQuantityTypeIdentifierHeartRate
Heart rate,2026-07-08 03:53:54+09:00,68.0,count/min,0,김하은의 Apple Watch,HKQuantityTypeIdentifierHeartRate
Heart rate,2026-07-09 09:43:41+09:00,97.0,count/min,0,김하은의 Apple Watch,HKQuantityTypeIdentifierHeartRate
Heart rate,2026-07-09 09:50:09+09:00,77.0,count/min,1,김하은의 Apple Watch,HKQuantityTypeIdentifierHeartRate
Heart rate,2026-07-09 09:53:41+09:00,71.0,count/min,1,김하은의 Apple Watch,HKQuantityTypeIdentifierHeartRate
Heart rate,2026-07-09 09:55:55+09:00,79.0,count/min,1,김하은의 Apple Watch,HKQuantityTypeIdentifierHeartRate
Heart rate,2026-07-09 10:02:44+09:00,75.0,count/min,1,김하은의 Apple Watch,HKQuantityTypeIdentifierHeartRate
Heart rate,2026-07-09 10:10:01+09:00,70.0,count/min,1,김하은의 Apple Watch,HKQuantityTypeIdentifierHeartRate
Heart rate,2026-07-09 10:11:06+09:00,71.0,count/min,1,김하은의 Apple Watch,HKQuantityTypeIdentifierHeartRate
Heart rate,2026-07-09 10:19:24+09:00,70.0,count/min,1,김하은의 Apple Watch,HKQuantityTypeIdentifierHeartRate
Heart rate,2026-07-09 10:22:58+09:00,71.0,count/min,1,김하은의 Apple Watch,HKQuantityTypeIdentifierHeartRate
Heart rate,2026-07-09 10:23:45+09:00,75.3367,count/min,0,김하은의 Apple Watch,HKQuantityTypeIdentifierHeartRate
Heart rate,2026-07-09 10:26:44+09:00,80.0,count/min,1,김하은의 Apple Watch,HKQuantityTypeIdentifierHeartRate
Heart rate,2026-07-09 10:37:50+09:00,68.0,count/min,1,김하은의 Apple Watch,HKQuantityTypeIdentifierHeartRate
Heart rate,2026-07-09 10:45:03+09:00,70.0,count/min,1,김하은의 Apple Watch,HKQuantityTypeIdentifierHeartRate
Heart rate,2026-07-09 10:48:02+09:00,73.0,count/min,1,김하은의 Apple Watch,HKQuantityTypeIdentifierHeartRate
Heart rate,2026-07-09 10:51:23+09:00,73.0,count/min,1,김하은의 Apple Watch,HKQuantityTypeIdentifierHeartRate
Heart rate,2026-07-09 10:59:36+09:00,72.0,count/min,1,김하은의 Apple Watch,HKQuantityTypeIdentifierHeartRate
Heart rate,2026-07-09 11:02:51+09:00,71.0,count/min,1,김하은의 Apple Watch,HKQuantityTypeIdentifierHeartRate
Heart rate,2026-07-09 11:05:40+09:00,72.0,count/min,1,김하은의 Apple Watch,HKQuantityTypeIdentifierHeartRate
Heart rate,2026-07-09 11:07:24+09:00,78.3963,count/min,0,김하은의 Apple Watch,HKQuantityTypeIdentifierHeartRate
Heart rate,2026-07-09 11:13:04+09:00,72.0,count/min,1,김하은의 Apple Watch,HKQuantityTypeIdentifierHeartRate
Heart rate,2026-07-09 11:15:37+09:00,73.0,count/min,1,김하은의 Apple Watch,HKQuantityTypeIdentifierHeartRate
Heart rate,2026-07-09 11:21:04+09:00,73.0,count/min,1,김하은의 Apple Watch,HKQuantityTypeIdentifierHeartRate
Heart rate,2026-07-09 11:24:38+09:00,75.0,count/min,0,김하은의 Apple Watch,HKQuantityTypeIdentifierHeartRate
Heart rate,2026-07-09 11:25:51+09:00,72.0,count/min,1,김하은의 Apple Watch,HKQuantityTypeIdentifierHeartRate
Heart rate,2026-07-09 11:31:55+09:00,80.0,count/min,1,김하은의 Apple Watch,HKQuantityTypeIdentifierHeartRate
Heart rate,2026-07-09 11:39:21+09:00,70.0,count/min,1,김하은의 Apple Watch,HKQuantityTypeIdentifierHeartRate
Heart rate,2026-07-09 11:43:05+09:00,68.0,count/min,1,김하은의 Apple Watch,HKQuantityTypeIdentifierHeartRate
Heart rate,2026-07-09 11:46:36+09:00,69.0,count/min,1,김하은의 Apple Watch,HKQuantityTypeIdentifierHeartRate
Heart rate,2026-07-09 11:52:17+09:00,66.0,count/min,1,김하은의 Apple Watch,HKQuantityTypeIdentifierHeartRate
Heart rate,2026-07-09 12:04:09+09:00,68.0,count/min,1,김하은의 Apple Watch,HKQuantityTypeIdentifierHeartRate
Heart rate,2026-07-09 12:09:27+09:00,66.0,count/min,1,김하은의 Apple Watch,HKQuantityTypeIdentifierHeartRate
Heart rate,2026-07-09 12:15:01+09:00,65.0,count/min,1,김하은의 Apple Watch,HKQuantityTypeIdentifierHeartRate
Heart rate,2026-07-09 12:19:29+09:00,67.0,count/min,1,김하은의 Apple Watch,HKQuantityTypeIdentifierHeartRate
Heart rate,2026-07-09 12:21:52+09:00,66.0,count/min,1,김하은의 Apple Watch,HKQuantityTypeIdentifierHeartRate
Heart rate,2026-07-09 12:27:11+09:00,71.0,count/min,1,김하은의 Apple Watch,HKQuantityTypeIdentifierHeartRate
Heart rate,2026-07-09 12:34:14+09:00,63.0,count/min,1,김하은의 Apple Watch,HKQuantityTypeIdentifierHeartRate
Heart rate,2026-07-09 12:37:02+09:00,66.0,count/min,1,김하은의 Apple Watch,HKQuantityTypeIdentifierHeartRate
Heart rate,2026-07-09 12:41:33+09:00,67.0,count/min,1,김하은의 Apple Watch,HKQuantityTypeIdentifierHeartRate
Heart rate,2026-07-09 12:49:35+09:00,77.0,count/min,0,김하은의 Apple Watch,HKQuantityTypeIdentifierHeartRate
Heart rate,2026-07-09 12:54:25+09:00,69.0,count/min,1,김하은의 Apple Watch,HKQuantityTypeIdentifierHeartRate
Heart rate,2026-07-09 12:58:13+09:00,69.0,count/min,1,김하은의 Apple Watch,HKQuantityTypeIdentifierHeartRate
Heart rate,2026-07-09 13:01:48+09:00,79.0,count/min,1,김하은의 Apple Watch,HKQuantityTypeIdentifierHeartRate
Heart rate,2026-07-09 13:09:36+09:00,77.0,count/min,1,김하은의 Apple Watch,HKQuantityTypeIdentifierHeartRate
Heart rate,2026-07-09 13:13:06+09:00,84.0,count/min,1,김하은의 Apple Watch,HKQuantityTypeIdentifierHeartRate
Heart rate,2026-07-09 13:13:25+09:00,83.9467,count/min,0,김하은의 Apple Watch,HKQuantityTypeIdentifierHeartRate
Heart rate,2026-07-09 13:18:36+09:00,81.0,count/min,1,김하은의 Apple Watch,HKQuantityTypeIdentifierHeartRate
Heart rate,2026-07-09 13:22:33+09:00,79.0,count/min,1,김하은의 Apple Watch,HKQuantityTypeIdentifierHeartRate
Heart rate,2026-07-09 13:29:21+09:00,70.0,count/min,1,김하은의 Apple Watch,HKQuantityTypeIdentifierHeartRate
Heart rate,2026-07-09 13:32:33+09:00,63.0,count/min,1,김하은의 Apple Watch,HKQuantityTypeIdentifierHeartRate
Heart rate,2026-07-09 13:35:48+09:00,84.0,count/min,1,김하은의 Apple Watch,HKQuantityTypeIdentifierHeartRate
Heart rate,2026-07-09 17:15:34+09:00,115.0,count/min,2,김하은의 Apple Watch,HKQuantityTypeIdentifierHeartRate
Heart rate,2026-07-09 17:17:48+09:00,164.0,count/min,2,김하은의 Apple Watch,HKQuantityTypeIdentifierHeartRate
Heart rate,2026-07-09 17:20:31+09:00,110.0,count/min,0,김하은의 Apple Watch,HKQuantityTypeIdentifierHeartRate
Heart rate,2026-07-09 17:20:34+09:00,109.0,count/min,0,김하은의 Apple Watch,HKQuantityTypeIdentifierHeartRate
Heart rate,2026-07-09 17:20:37+09:00,109.0,count/min,0,김하은의 Apple Watch,HKQuantityTypeIdentifierHeartRate
Heart rate,2026-07-09 17:20:46+09:00,115.0,count/min,0,김하은의 Apple Watch,HKQuantityTypeIdentifierHeartRate
Heart rate,2026-07-09 17:20:51+09:00,118.0,count/min,0,김하은의 Apple Watch,HKQuantityTypeIdentifierHeartRate
Heart rate,2026-07-09 17:20:54+09:00,118.0,count/min,0,김하은의 Apple Watch,HKQuantityTypeIdentifierHeartRate
Heart rate,2026-07-09 17:21:01+09:00,119.0,count/min,0,김하은의 Apple Watch,HKQuantityTypeIdentifierHeartRate
Heart rate,2026-07-09 17:21:03+09:00,118.0,count/min,0,김하은의 Apple Watch,HKQuantityTypeIdentifierHeartRate
Heart rate,2026-07-09 17:21:11+09:00,120.0,count/min,0,김하은의 Apple Watch,HKQuantityTypeIdentifierHeartRate
Heart rate,2026-07-09 17:21:16+09:00,121.0,count/min,0,김하은의 Apple Watch,HKQuantityTypeIdentifierHeartRate
Heart rate,2026-07-09 17:21:19+09:00,122.0,count/min,0,김하은의 Apple Watch,HKQuantityTypeIdentifierHeartRate
Heart rate,2026-07-09 17:21:22+09:00,120.0,count/min,0,김하은의 Apple Watch,HKQuantityTypeIdentifierHeartRate
Heart rate,2026-07-09 17:21:27+09:00,114.0,count/min,0,김하은의 Apple Watch,HKQuantityTypeIdentifierHeartRate
Heart rate,2026-07-09 17:21:35+09:00,108.0,count/min,0,김하은의 Apple Watch,HKQuantityTypeIdentifierHeartRate
Heart rate,2026-07-09 17:21:41+09:00,108.0,count/min,0,김하은의 Apple Watch,HKQuantityTypeIdentifierHeartRate
Heart rate,2026-07-09 17:21:46+09:00,108.0,count/min,0,김하은의 Apple Watch,HKQuantityTypeIdentifierHeartRate
Heart rate,2026-07-09 17:21:49+09:00,108.0,count/min,0,김하은의 Apple Watch,HKQuantityTypeIdentifierHeartRate
Heart rate,2026-07-09 17:24:11+09:00,103.0,count/min,2,김하은의 Apple Watch,HKQuantityTypeIdentifierHeartRate
Heart rate,2026-07-09 17:24:49+09:00,99.0,count/min,0,김하은의 Apple Watch,HKQuantityTypeIdentifierHeartRate
Heart rate,2026-07-09 17:29:33+09:00,93.0,count/min,1,김하은의 Apple Watch,HKQuantityTypeIdentifierHeartRate
Heart rate,2026-07-09 17:30:59+09:00,96.6805,count/min,0,김하은의 Apple Watch,HKQuantityTypeIdentifierHeartRate
Heart rate,2026-07-09 17:33:11+09:00,90.0,count/min,0,김하은의 Apple Watch,HKQuantityTypeIdentifierHeartRate
Heart rate,2026-07-09 17:33:48+09:00,91.0,count/min,1,김하은의 Apple Watch,HKQuantityTypeIdentifierHeartRate
Heart rate,2026-07-09 17:39:57+09:00,92.0,count/min,1,김하은의 Apple Watch,HKQuantityTypeIdentifierHeartRate
Heart rate,2026-07-09 17:41:42+09:00,97.0,count/min,0,김하은의 Apple Watch,HKQuantityTypeIdentifierHeartRate
Heart rate,2026-07-09 17:48:42+09:00,85.0,count/min,1,김하은의 Apple Watch,HKQuantityTypeIdentifierHeartRate
Heart rate,2026-07-09 17:50:50+09:00,87.0,count/min,1,김하은의 Apple Watch,HKQuantityTypeIdentifierHeartRate
Heart rate,2026-07-09 17:55:00+09:00,144.0,count/min,2,김하은의 Apple Watch,HKQuantityTypeIdentifierHeartRate
Heart rate,2026-07-09 17:57:20+09:00,124.0,count/min,2,김하은의 Apple Watch,HKQuantityTypeIdentifierHeartRate
Heart rate,2026-07-09 17:59:53+09:00,157.0,count/min,2,김하은의 Apple Watch,HKQuantityTypeIdentifierHeartRate
Heart rate,2026-07-09 18:00:46+09:00,138.0,count/min,0,김하은의 Apple Watch,HKQuantityTypeIdentifierHeartRate
Heart rate,2026-07-09 18:00:51+09:00,135.0,count/min,0,김하은의 Apple Watch,HKQuantityTypeIdentifierHeartRate
Heart rate,2026-07-09 18:00:55+09:00,132.0,count/min,0,김하은의 Apple Watch,HKQuantityTypeIdentifierHeartRate
Heart rate,2026-07-09 18:01:01+09:00,130.0,count/min,0,김하은의 Apple Watch,HKQuantityTypeIdentifierHeartRate
Heart rate,2026-07-09 18:01:02+09:00,130.0,count/min,0,김하은의 Apple Watch,HKQuantityTypeIdentifierHeartRate
Heart rate,2026-07-09 18:01:11+09:00,129.0,count/min,0,김하은의 Apple Watch,HKQuantityTypeIdentifierHeartRate
Heart rate,2026-07-09 18:01:16+09:00,127.0,count/min,0,김하은의 Apple Watch,HKQuantityTypeIdentifierHeartRate
Heart rate,2026-07-09 18:01:20+09:00,127.0,count/min,0,김하은의 Apple Watch,HKQuantityTypeIdentifierHeartRate
Heart rate,2026-07-09 18:01:23+09:00,126.0,count/min,0,김하은의 Apple Watch,HKQuantityTypeIdentifierHeartRate
Heart rate,2026-07-09 18:01:27+09:00,126.0,count/min,0,김하은의 Apple Watch,HKQuantityTypeIdentifierHeartRate
Heart rate,2026-07-09 18:01:34+09:00,130.0,count/min,0,김하은의 Apple Watch,HKQuantityTypeIdentifierHeartRate
Heart rate,2026-07-09 18:01:39+09:00,136.0,count/min,0,김하은의 Apple Watch,HKQuantityTypeIdentifierHeartRate
Heart rate,2026-07-09 18:01:44+09:00,138.0,count/min,0,김하은의 Apple Watch,HKQuantityTypeIdentifierHeartRate
Heart rate,2026-07-09 18:01:48+09:00,139.0,count/min,0,김하은의 Apple Watch,HKQuantityTypeIdentifierHeartRate
Heart rate,2026-07-09 18:01:54+09:00,142.0,count/min,0,김하은의 Apple Watch,HKQuantityTypeIdentifierHeartRate
Heart rate,2026-07-09 18:01:57+09:00,144.0,count/min,0,김하은의 Apple Watch,HKQuantityTypeIdentifierHeartRate
Heart rate,2026-07-09 18:02:05+09:00,152.0,count/min,0,김하은의 Apple Watch,HKQuantityTypeIdentifierHeartRate
Heart rate,2026-07-09 18:02:07+09:00,153.0,count/min,0,김하은의 Apple Watch,HKQuantityTypeIdentifierHeartRate
Heart rate,2026-07-09 18:02:15+09:00,153.0,count/min,0,김하은의 Apple Watch,HKQuantityTypeIdentifierHeartRate
Heart rate,2026-07-09 18:02:20+09:00,153.0,count/min,0,김하은의 Apple Watch,HKQuantityTypeIdentifierHeartRate
Heart rate,2026-07-09 18:02:24+09:00,153.0,count/min,0,김하은의 Apple Watch,HKQuantityTypeIdentifierHeartRate
Heart rate,2026-07-09 18:02:28+09:00,152.0,count/min,0,김하은의 Apple Watch,HKQuantityTypeIdentifierHeartRate
Heart rate,2026-07-09 18:04:50+09:00,132.0,count/min,2,김하은의 Apple Watch,HKQuantityTypeIdentifierHeartRate
Heart rate,2026-07-09 18:06:21+09:00,156.0,count/min,0,김하은의 Apple Watch,HKQuantityTypeIdentifierHeartRate
Heart rate,2026-07-09 18:06:24+09:00,154.0,count/min,0,김하은의 Apple Watch,HKQuantityTypeIdentifierHeartRate
Heart rate,2026-07-09 18:06:29+09:00,150.0,count/min,0,김하은의 Apple Watch,HKQuantityTypeIdentifierHeartRate
Heart rate,2026-07-09 18:06:32+09:00,149.0,count/min,0,김하은의 Apple Watch,HKQuantityTypeIdentifierHeartRate
Heart rate,2026-07-09 18:06:41+09:00,143.0,count/min,0,김하은의 Apple Watch,HKQuantityTypeIdentifierHeartRate
Heart rate,2026-07-09 18:06:46+09:00,140.0,count/min,0,김하은의 Apple Watch,HKQuantityTypeIdentifierHeartRate
Heart rate,2026-07-09 18:06:48+09:00,139.0,count/min,0,김하은의 Apple Watch,HKQuantityTypeIdentifierHeartRate
Heart rate,2026-07-09 18:06:54+09:00,135.0,count/min,0,김하은의 Apple Watch,HKQuantityTypeIdentifierHeartRate
Heart rate,2026-07-09 18:06:58+09:00,135.0,count/min,0,김하은의 Apple Watch,HKQuantityTypeIdentifierHeartRate
Heart rate,2026-07-09 18:07:05+09:00,132.0,count/min,0,김하은의 Apple Watch,HKQuantityTypeIdentifierHeartRate
Heart rate,2026-07-09 18:07:08+09:00,132.0,count/min,0,김하은의 Apple Watch,HKQuantityTypeIdentifierHeartRate
Heart rate,2026-07-09 18:07:12+09:00,132.0,count/min,0,김하은의 Apple Watch,HKQuantityTypeIdentifierHeartRate
Heart rate,2026-07-09 18:07:17+09:00,132.0,count/min,0,김하은의 Apple Watch,HKQuantityTypeIdentifierHeartRate
Heart rate,2026-07-09 18:07:24+09:00,134.0,count/min,0,김하은의 Apple Watch,HKQuantityTypeIdentifierHeartRate
Heart rate,2026-07-09 18:07:28+09:00,132.0,count/min,0,김하은의 Apple Watch,HKQuantityTypeIdentifierHeartRate
Heart rate,2026-07-09 18:07:36+09:00,130.0,count/min,0,김하은의 Apple Watch,HKQuantityTypeIdentifierHeartRate
Heart rate,2026-07-09 18:07:37+09:00,131.0,count/min,0,김하은의 Apple Watch,HKQuantityTypeIdentifierHeartRate
Heart rate,2026-07-09 18:07:44+09:00,136.0,count/min,0,김하은의 Apple Watch,HKQuantityTypeIdentifierHeartRate
Heart rate,2026-07-09 18:07:48+09:00,136.0,count/min,0,김하은의 Apple Watch,HKQuantityTypeIdentifierHeartRate
Heart rate,2026-07-09 18:07:56+09:00,133.0,count/min,0,김하은의 Apple Watch,HKQuantityTypeIdentifierHeartRate
Heart rate,2026-07-09 18:07:57+09:00,133.0,count/min,0,김하은의 Apple Watch,HKQuantityTypeIdentifierHeartRate
Heart rate,2026-07-09 18:08:03+09:00,133.0,count/min,0,김하은의 Apple Watch,HKQuantityTypeIdentifierHeartRate
Heart rate,2026-07-09 18:08:07+09:00,133.0,count/min,0,김하은의 Apple Watch,HKQuantityTypeIdentifierHeartRate
Heart rate,2026-07-09 18:08:16+09:00,134.0,count/min,0,김하은의 Apple Watch,HKQuantityTypeIdentifierHeartRate
Heart rate,2026-07-09 18:08:19+09:00,133.0,count/min,0,김하은의 Apple Watch,HKQuantityTypeIdentifierHeartRate
Heart rate,2026-07-09 18:08:23+09:00,132.0,count/min,0,김하은의 Apple Watch,HKQuantityTypeIdentifierHeartRate
Heart rate,2026-07-09 18:08:29+09:00,134.0,count/min,0,김하은의 Apple Watch,HKQuantityTypeIdentifierHeartRate
Heart rate,2026-07-09 18:08:36+09:00,134.0,count/min,0,김하은의 Apple Watch,HKQuantityTypeIdentifierHeartRate
Heart rate,2026-07-09 18:08:41+09:00,134.0,count/min,0,김하은의 Apple Watch,HKQuantityTypeIdentifierHeartRate
Heart rate,2026-07-09 18:08:42+09:00,134.0,count/min,0,김하은의 Apple Watch,HKQuantityTypeIdentifierHeartRate
Heart rate,2026-07-09 18:08:49+09:00,133.0,count/min,0,김하은의 Apple Watch,HKQuantityTypeIdentifierHeartRate
Heart rate,2026-07-09 18:08:53+09:00,132.0,count/min,0,김하은의 Apple Watch,HKQuantityTypeIdentifierHeartRate
Heart rate,2026-07-09 18:08:58+09:00,131.0,count/min,0,김하은의 Apple Watch,HKQuantityTypeIdentifierHeartRate
Heart rate,2026-07-09 18:12:37+09:00,97.0,count/min,0,김하은의 Apple Watch,HKQuantityTypeIdentifierHeartRate
Heart rate,2026-07-09 18:14:33+09:00,99.0,count/min,1,김하은의 Apple Watch,HKQuantityTypeIdentifierHeartRate
Heart rate,2026-07-09 18:17:34+09:00,90.0,count/min,1,김하은의 Apple Watch,HKQuantityTypeIdentifierHeartRate
Heart rate,2026-07-09 18:24:23+09:00,95.0,count/min,1,김하은의 Apple Watch,HKQuantityTypeIdentifierHeartRate
Heart rate,2026-07-09 18:26:54+09:00,90.0,count/min,1,김하은의 Apple Watch,HKQuantityTypeIdentifierHeartRate
Heart rate,2026-07-09 18:32:59+09:00,95.0,count/min,1,김하은의 Apple Watch,HKQuantityTypeIdentifierHeartRate
Heart rate,2026-07-09 18:37:17+09:00,91.0,count/min,1,김하은의 Apple Watch,HKQuantityTypeIdentifierHeartRate
Heart rate,2026-07-09 18:45:18+09:00,91.0,count/min,1,김하은의 Apple Watch,HKQuantityTypeIdentifierHeartRate
Heart rate,2026-07-09 18:46:05+09:00,107.0,count/min,0,김하은의 Apple Watch,HKQuantityTypeIdentifierHeartRate
Heart rate,2026-07-09 18:46:30+09:00,104.0,count/min,1,김하은의 Apple Watch,HKQuantityTypeIdentifierHeartRate
Heart rate,2026-07-09 18:51:30+09:00,90.0,count/min,1,김하은의 Apple Watch,HKQuantityTypeIdentifierHeartRate
Heart rate,2026-07-09 18:58:13+09:00,92.0,count/min,1,김하은의 Apple Watch,HKQuantityTypeIdentifierHeartRate
Heart rate,2026-07-09 19:03:56+09:00,88.0,count/min,0,김하은의 Apple Watch,HKQuantityTypeIdentifierHeartRate
Heart rate,2026-07-09 19:08:48+09:00,93.0,count/min,1,김하은의 Apple Watch,HKQuantityTypeIdentifierHeartRate
Heart rate,2026-07-09 19:09:13+09:00,91.4084,count/min,0,김하은의 Apple Watch,HKQuantityTypeIdentifierHeartRate
Heart rate,2026-07-09 19:11:07+09:00,92.0,count/min,1,김하은의 Apple Watch,HKQuantityTypeIdentifierHeartRate
Heart rate,2026-07-09 19:17:17+09:00,85.0,count/min,1,김하은의 Apple Watch,HKQuantityTypeIdentifierHeartRate
Heart rate,2026-07-09 19:22:25+09:00,85.0,count/min,1,김하은의 Apple Watch,HKQuantityTypeIdentifierHeartRate
Heart rate,2026-07-09 19:27:07+09:00,85.0,count/min,1,김하은의 Apple Watch,HKQuantityTypeIdentifierHeartRate
Heart rate,2026-07-09 19:34:59+09:00,84.0,count/min,1,김하은의 Apple Watch,HKQuantityTypeIdentifierHeartRate
Heart rate,2026-07-09 19:37:08+09:00,90.0,count/min,1,김하은의 Apple Watch,HKQuantityTypeIdentifierHeartRate
Heart rate,2026-07-09 19:42:21+09:00,85.0,count/min,1,김하은의 Apple Watch,HKQuantityTypeIdentifierHeartRate
Heart rate,2026-07-09 19:43:10+09:00,85.0,count/min,0,김하은의 Apple Watch,HKQuantityTypeIdentifierHeartRate
Heart rate,2026-07-09 19:43:11+09:00,83.0,count/min,0,김하은의 Apple Watch,HKQuantityTypeIdentifierHeartRate
Heart rate,2026-07-09 19:43:12+09:00,83.0,count/min,0,김하은의 Apple Watch,HKQuantityTypeIdentifierHeartRate
Heart rate,2026-07-09 19:43:13+09:00,82.0,count/min,0,김하은의 Apple Watch,HKQuantityTypeIdentifierHeartRate
Heart rate,2026-07-09 19:43:14+09:00,81.0,count/min,0,김하은의 Apple Watch,HKQuantityTypeIdentifierHeartRate
Heart rate,2026-07-09 19:43:15+09:00,80.0,count/min,0,김하은의 Apple Watch,HKQuantityTypeIdentifierHeartRate
Heart rate,2026-07-09 19:43:16+09:00,80.0,count/min,0,김하은의 Apple Watch,HKQuantityTypeIdentifierHeartRate
Heart rate,2026-07-09 19:43:17+09:00,80.0,count/min,0,김하은의 Apple Watch,HKQuantityTypeIdentifierHeartRate
Heart rate,2026-07-09 19:43:18+09:00,81.0,count/min,0,김하은의 Apple Watch,HKQuantityTypeIdentifierHeartRate
Heart rate,2026-07-09 19:43:19+09:00,80.0,count/min,0,김하은의 Apple Watch,HKQuantityTypeIdentifierHeartRate
Heart rate,2026-07-09 19:43:20+09:00,82.0,count/min,0,김하은의 Apple Watch,HKQuantityTypeIdentifierHeartRate
Heart rate,2026-07-09 19:43:21+09:00,82.0,count/min,0,김하은의 Apple Watch,HKQuantityTypeIdentifierHeartRate
Heart rate,2026-07-09 19:43:22+09:00,83.0,count/min,0,김하은의 Apple Watch,HKQuantityTypeIdentifierHeartRate
Heart rate,2026-07-09 19:43:23+09:00,83.0,count/min,0,김하은의 Apple Watch,HKQuantityTypeIdentifierHeartRate
Heart rate,2026-07-09 19:43:24+09:00,82.0,count/min,0,김하은의 Apple Watch,HKQuantityTypeIdentifierHeartRate
Heart rate,2026-07-09 19:43:25+09:00,83.0,count/min,0,김하은의 Apple Watch,HKQuantityTypeIdentifierHeartRate
Heart rate,2026-07-09 19:43:26+09:00,83.0,count/min,0,김하은의 Apple Watch,HKQuantityTypeIdentifierHeartRate
Heart rate,2026-07-09 19:43:27+09:00,82.0,count/min,0,김하은의 Apple Watch,HKQuantityTypeIdentifierHeartRate
Heart rate,2026-07-09 19:43:28+09:00,83.0,count/min,0,김하은의 Apple Watch,HKQuantityTypeIdentifierHeartRate
Heart rate,2026-07-09 19:43:29+09:00,81.0,count/min,0,김하은의 Apple Watch,HKQuantityTypeIdentifierHeartRate
Heart rate,2026-07-09 19:43:30+09:00,81.0,count/min,0,김하은의 Apple Watch,HKQuantityTypeIdentifierHeartRate
Heart rate,2026-07-09 19:43:31+09:00,81.0,count/min,0,김하은의 Apple Watch,HKQuantityTypeIdentifierHeartRate
Heart rate,2026-07-09 19:43:32+09:00,81.0,count/min,0,김하은의 Apple Watch,HKQuantityTypeIdentifierHeartRate
Heart rate,2026-07-09 19:43:33+09:00,83.0,count/min,0,김하은의 Apple Watch,HKQuantityTypeIdentifierHeartRate
Heart rate,2026-07-09 19:43:34+09:00,83.0,count/min,0,김하은의 Apple Watch,HKQuantityTypeIdentifierHeartRate
Heart rate,2026-07-09 19:43:35+09:00,83.0,count/min,0,김하은의 Apple Watch,HKQuantityTypeIdentifierHeartRate
Heart rate,2026-07-09 19:43:36+09:00,83.0,count/min,0,김하은의 Apple Watch,HKQuantityTypeIdentifierHeartRate
Heart rate,2026-07-09 19:43:37+09:00,83.0,count/min,0,김하은의 Apple Watch,HKQuantityTypeIdentifierHeartRate
Heart rate,2026-07-09 19:44:25+09:00,97.0,count/min,0,김하은의 Apple Watch,HKQuantityTypeIdentifierHeartRate
Heart rate,2026-07-09 19:44:30+09:00,96.0,count/min,0,김하은의 Apple Watch,HKQuantityTypeIdentifierHeartRate
Heart rate,2026-07-09 19:44:31+09:00,96.0,count/min,0,김하은의 Apple Watch,HKQuantityTypeIdentifierHeartRate
Heart rate,2026-07-09 19:44:36+09:00,99.0,count/min,0,김하은의 Apple Watch,HKQuantityTypeIdentifierHeartRate
Heart rate,2026-07-09 19:44:45+09:00,89.0,count/min,0,김하은의 Apple Watch,HKQuantityTypeIdentifierHeartRate
Heart rate,2026-07-09 19:44:49+09:00,88.0,count/min,0,김하은의 Apple Watch,HKQuantityTypeIdentifierHeartRate
Heart rate,2026-07-09 19:44:53+09:00,86.0,count/min,0,김하은의 Apple Watch,HKQuantityTypeIdentifierHeartRate
Heart rate,2026-07-09 19:44:58+09:00,84.0,count/min,0,김하은의 Apple Watch,HKQuantityTypeIdentifierHeartRate
Heart rate,2026-07-09 19:45:05+09:00,86.0,count/min,0,김하은의 Apple Watch,HKQuantityTypeIdentifierHeartRate
Heart rate,2026-07-09 19:45:09+09:00,87.0,count/min,0,김하은의 Apple Watch,HKQuantityTypeIdentifierHeartRate
Heart rate,2026-07-09 19:49:01+09:00,87.0,count/min,1,김하은의 Apple Watch,HKQuantityTypeIdentifierHeartRate
Heart rate,2026-07-09 19:53:35+09:00,87.0,count/min,1,김하은의 Apple Watch,HKQuantityTypeIdentifierHeartRate
Heart rate,2026-07-09 19:55:52+09:00,82.0,count/min,1,김하은의 Apple Watch,HKQuantityTypeIdentifierHeartRate
Heart rate,2026-07-09 20:03:04+09:00,85.0,count/min,1,김하은의 Apple Watch,HKQuantityTypeIdentifierHeartRate
Heart rate,2026-07-09 20:08:10+09:00,86.0,count/min,1,김하은의 Apple Watch,HKQuantityTypeIdentifierHeartRate
Heart rate,2026-07-09 20:13:50+09:00,84.0,count/min,1,김하은의 Apple Watch,HKQuantityTypeIdentifierHeartRate
Heart rate,2026-07-09 20:15:43+09:00,80.0,count/min,1,김하은의 Apple Watch,HKQuantityTypeIdentifierHeartRate
Heart rate,2026-07-09 20:22:38+09:00,85.0,count/min,1,김하은의 Apple Watch,HKQuantityTypeIdentifierHeartRate
Heart rate,2026-07-09 20:29:52+09:00,85.0,count/min,1,김하은의 Apple Watch,HKQuantityTypeIdentifierHeartRate
Heart rate,2026-07-09 20:34:59+09:00,84.0,count/min,1,김하은의 Apple Watch,HKQuantityTypeIdentifierHeartRate
Heart rate,2026-07-09 20:36:29+09:00,79.0,count/min,1,김하은의 Apple Watch,HKQuantityTypeIdentifierHeartRate
Heart rate,2026-07-09 20:40:50+09:00,80.0,count/min,1,김하은의 Apple Watch,HKQuantityTypeIdentifierHeartRate
Heart rate,2026-07-09 20:45:29+09:00,84.0,count/min,1,김하은의 Apple Watch,HKQuantityTypeIdentifierHeartRate
Heart rate,2026-07-09 20:52:45+09:00,81.0,count/min,1,김하은의 Apple Watch,HKQuantityTypeIdentifierHeartRate
Heart rate,2026-07-09 20:55:30+09:00,83.0,count/min,1,김하은의 Apple Watch,HKQuantityTypeIdentifierHeartRate
Heart rate,2026-07-09 21:00:27+09:00,90.0,count/min,2,김하은의 Apple Watch,HKQuantityTypeIdentifierHeartRate
Heart rate,2026-07-09 21:03:48+09:00,84.0,count/min,1,김하은의 Apple Watch,HKQuantityTypeIdentifierHeartRate
Heart rate,2026-07-09 21:05:53+09:00,83.9801,count/min,0,김하은의 Apple Watch,HKQuantityTypeIdentifierHeartRate
Heart rate,2026-07-09 21:09:39+09:00,84.0,count/min,1,김하은의 Apple Watch,HKQuantityTypeIdentifierHeartRate
Heart rate,2026-07-09 21:11:52+09:00,92.0,count/min,1,김하은의 Apple Watch,HKQuantityTypeIdentifierHeartRate
Heart rate,2026-07-09 21:18:23+09:00,88.0,count/min,1,김하은의 Apple Watch,HKQuantityTypeIdentifierHeartRate
Heart rate,2026-07-09 21:22:46+09:00,87.0,count/min,1,김하은의 Apple Watch,HKQuantityTypeIdentifierHeartRate
Heart rate,2026-07-09 21:26:36+09:00,109.0,count/min,2,김하은의 Apple Watch,HKQuantityTypeIdentifierHeartRate
Heart rate,2026-07-09 21:33:52+09:00,105.0,count/min,2,김하은의 Apple Watch,HKQuantityTypeIdentifierHeartRate
Heart rate,2026-07-09 21:36:15+09:00,108.0,count/min,2,김하은의 Apple Watch,HKQuantityTypeIdentifierHeartRate
Heart rate,2026-07-09 21:36:54+09:00,92.0,count/min,0,김하은의 Apple Watch,HKQuantityTypeIdentifierHeartRate
Heart rate,2026-07-09 21:39:57+09:00,123.0,count/min,2,김하은의 Apple Watch,HKQuantityTypeIdentifierHeartRate
Heart rate,2026-07-09 21:42:00+09:00,86.0,count/min,1,김하은의 Apple Watch,HKQuantityTypeIdentifierHeartRate
Heart rate,2026-07-09 21:49:18+09:00,92.0,count/min,1,김하은의 Apple Watch,HKQuantityTypeIdentifierHeartRate
Heart rate,2026-07-09 21:54:08+09:00,79.0,count/min,0,김하은의 Apple Watch,HKQuantityTypeIdentifierHeartRate
Heart rate,2026-07-09 21:54:42+09:00,79.0,count/min,1,김하은의 Apple Watch,HKQuantityTypeIdentifierHeartRate
Heart rate,2026-07-09 21:56:22+09:00,84.0,count/min,1,김하은의 Apple Watch,HKQuantityTypeIdentifierHeartRate
Heart rate,2026-07-09 22:03:35+09:00,83.0,count/min,1,김하은의 Apple Watch,HKQuantityTypeIdentifierHeartRate
Heart rate,2026-07-09 22:06:45+09:00,95.0,count/min,0,김하은의 Apple Watch,HKQuantityTypeIdentifierHeartRate
Heart rate,2026-07-09 22:09:50+09:00,114.0,count/min,2,김하은의 Apple Watch,HKQuantityTypeIdentifierHeartRate
Heart rate,2026-07-09 22:13:24+09:00,115.0,count/min,2,김하은의 Apple Watch,HKQuantityTypeIdentifierHeartRate
Heart rate,2026-07-09 22:15:45+09:00,120.0,count/min,2,김하은의 Apple Watch,HKQuantityTypeIdentifierHeartRate
Heart rate,2026-07-09 22:17:37+09:00,122.0,count/min,0,김하은의 Apple Watch,HKQuantityTypeIdentifierHeartRate
Heart rate,2026-07-09 22:17:41+09:00,123.0,count/min,0,김하은의 Apple Watch,HKQuantityTypeIdentifierHeartRate
Heart rate,2026-07-09 22:17:47+09:00,123.0,count/min,0,김하은의 Apple Watch,HKQuantityTypeIdentifierHeartRate
Heart rate,2026-07-09 22:17:52+09:00,123.0,count/min,0,김하은의 Apple Watch,HKQuantityTypeIdentifierHeartRate
Heart rate,2026-07-09 22:17:54+09:00,123.0,count/min,0,김하은의 Apple Watch,HKQuantityTypeIdentifierHeartRate
Heart rate,2026-07-09 22:18:01+09:00,125.0,count/min,0,김하은의 Apple Watch,HKQuantityTypeIdentifierHeartRate
Heart rate,2026-07-09 22:18:04+09:00,125.0,count/min,0,김하은의 Apple Watch,HKQuantityTypeIdentifierHeartRate
Heart rate,2026-07-09 22:18:12+09:00,123.0,count/min,0,김하은의 Apple Watch,HKQuantityTypeIdentifierHeartRate
Heart rate,2026-07-09 22:18:15+09:00,123.0,count/min,0,김하은의 Apple Watch,HKQuantityTypeIdentifierHeartRate
Heart rate,2026-07-09 22:18:20+09:00,124.0,count/min,0,김하은의 Apple Watch,HKQuantityTypeIdentifierHeartRate
Heart rate,2026-07-09 22:18:23+09:00,124.0,count/min,0,김하은의 Apple Watch,HKQuantityTypeIdentifierHeartRate
Heart rate,2026-07-09 22:18:31+09:00,125.0,count/min,0,김하은의 Apple Watch,HKQuantityTypeIdentifierHeartRate
Heart rate,2026-07-09 22:18:36+09:00,125.0,count/min,0,김하은의 Apple Watch,HKQuantityTypeIdentifierHeartRate
Heart rate,2026-07-09 22:18:38+09:00,124.0,count/min,0,김하은의 Apple Watch,HKQuantityTypeIdentifierHeartRate
Heart rate,2026-07-09 22:18:47+09:00,116.0,count/min,0,김하은의 Apple Watch,HKQuantityTypeIdentifierHeartRate
Heart rate,2026-07-09 22:18:51+09:00,115.0,count/min,0,김하은의 Apple Watch,HKQuantityTypeIdentifierHeartRate
Heart rate,2026-07-09 22:18:53+09:00,114.0,count/min,0,김하은의 Apple Watch,HKQuantityTypeIdentifierHeartRate
Heart rate,2026-07-09 22:19:00+09:00,109.0,count/min,0,김하은의 Apple Watch,HKQuantityTypeIdentifierHeartRate
Heart rate,2026-07-09 22:19:03+09:00,109.0,count/min,0,김하은의 Apple Watch,HKQuantityTypeIdentifierHeartRate
Heart rate,2026-07-09 22:21:29+09:00,128.0,count/min,2,김하은의 Apple Watch,HKQuantityTypeIdentifierHeartRate
Heart rate,2026-07-09 22:23:47+09:00,121.0,count/min,2,김하은의 Apple Watch,HKQuantityTypeIdentifierHeartRate
Heart rate,2026-07-09 22:24:28+09:00,110.0,count/min,0,김하은의 Apple Watch,HKQuantityTypeIdentifierHeartRate
Heart rate,2026-07-09 22:24:33+09:00,117.0,count/min,0,김하은의 Apple Watch,HKQuantityTypeIdentifierHeartRate
Heart rate,2026-07-09 22:24:38+09:00,113.0,count/min,0,김하은의 Apple Watch,HKQuantityTypeIdentifierHeartRate
Heart rate,2026-07-09 22:24:43+09:00,111.0,count/min,0,김하은의 Apple Watch,HKQuantityTypeIdentifierHeartRate
Heart rate,2026-07-09 22:24:44+09:00,112.0,count/min,0,김하은의 Apple Watch,HKQuantityTypeIdentifierHeartRate
Heart rate,2026-07-09 22:24:49+09:00,115.0,count/min,0,김하은의 Apple Watch,HKQuantityTypeIdentifierHeartRate
Heart rate,2026-07-09 22:24:55+09:00,116.0,count/min,0,김하은의 Apple Watch,HKQuantityTypeIdentifierHeartRate
Heart rate,2026-07-09 22:25:03+09:00,117.0,count/min,0,김하은의 Apple Watch,HKQuantityTypeIdentifierHeartRate
Heart rate,2026-07-09 22:25:08+09:00,117.0,count/min,0,김하은의 Apple Watch,HKQuantityTypeIdentifierHeartRate
Heart rate,2026-07-09 22:25:09+09:00,117.0,count/min,0,김하은의 Apple Watch,HKQuantityTypeIdentifierHeartRate
Heart rate,2026-07-09 22:25:18+09:00,116.0,count/min,0,김하은의 Apple Watch,HKQuantityTypeIdentifierHeartRate
Heart rate,2026-07-09 22:25:19+09:00,115.0,count/min,0,김하은의 Apple Watch,HKQuantityTypeIdentifierHeartRate
Heart rate,2026-07-09 22:25:27+09:00,113.0,count/min,0,김하은의 Apple Watch,HKQuantityTypeIdentifierHeartRate
Heart rate,2026-07-09 22:25:29+09:00,113.0,count/min,0,김하은의 Apple Watch,HKQuantityTypeIdentifierHeartRate
Heart rate,2026-07-09 22:25:34+09:00,113.0,count/min,0,김하은의 Apple Watch,HKQuantityTypeIdentifierHeartRate
Heart rate,2026-07-09 22:25:40+09:00,115.0,count/min,0,김하은의 Apple Watch,HKQuantityTypeIdentifierHeartRate
Heart rate,2026-07-09 22:25:44+09:00,116.0,count/min,0,김하은의 Apple Watch,HKQuantityTypeIdentifierHeartRate
Heart rate,2026-07-09 22:25:51+09:00,117.0,count/min,0,김하은의 Apple Watch,HKQuantityTypeIdentifierHeartRate
Heart rate,2026-07-09 22:25:58+09:00,117.0,count/min,0,김하은의 Apple Watch,HKQuantityTypeIdentifierHeartRate
Heart rate,2026-07-09 22:26:03+09:00,115.0,count/min,0,김하은의 Apple Watch,HKQuantityTypeIdentifierHeartRate
Heart rate,2026-07-09 22:26:07+09:00,115.0,count/min,0,김하은의 Apple Watch,HKQuantityTypeIdentifierHeartRate
Heart rate,2026-07-09 22:26:09+09:00,115.0,count/min,0,김하은의 Apple Watch,HKQuantityTypeIdentifierHeartRate
Heart rate,2026-07-09 22:26:23+09:00,117.0,count/min,0,김하은의 Apple Watch,HKQuantityTypeIdentifierHeartRate
Heart rate,2026-07-09 22:26:24+09:00,118.0,count/min,0,김하은의 Apple Watch,HKQuantityTypeIdentifierHeartRate
Heart rate,2026-07-09 22:26:32+09:00,117.0,count/min,0,김하은의 Apple Watch,HKQuantityTypeIdentifierHeartRate
Heart rate,2026-07-09 22:26:34+09:00,116.0,count/min,0,김하은의 Apple Watch,HKQuantityTypeIdentifierHeartRate
Heart rate,2026-07-09 22:26:42+09:00,113.0,count/min,0,김하은의 Apple Watch,HKQuantityTypeIdentifierHeartRate
Heart rate,2026-07-09 22:26:47+09:00,111.0,count/min,0,김하은의 Apple Watch,HKQuantityTypeIdentifierHeartRate
Heart rate,2026-07-09 22:26:49+09:00,111.0,count/min,0,김하은의 Apple Watch,HKQuantityTypeIdentifierHeartRate
Heart rate,2026-07-09 22:26:58+09:00,114.0,count/min,0,김하은의 Apple Watch,HKQuantityTypeIdentifierHeartRate
Heart rate,2026-07-09 22:27:03+09:00,113.0,count/min,0,김하은의 Apple Watch,HKQuantityTypeIdentifierHeartRate
Heart rate,2026-07-09 22:27:07+09:00,112.0,count/min,0,김하은의 Apple Watch,HKQuantityTypeIdentifierHeartRate
Heart rate,2026-07-09 22:27:13+09:00,112.0,count/min,0,김하은의 Apple Watch,HKQuantityTypeIdentifierHeartRate
Heart rate,2026-07-09 22:27:16+09:00,112.0,count/min,0,김하은의 Apple Watch,HKQuantityTypeIdentifierHeartRate
Heart rate,2026-07-09 22:27:20+09:00,113.0,count/min,0,김하은의 Apple Watch,HKQuantityTypeIdentifierHeartRate
Heart rate,2026-07-09 22:27:27+09:00,115.0,count/min,0,김하은의 Apple Watch,HKQuantityTypeIdentifierHeartRate
Heart rate,2026-07-09 22:27:33+09:00,115.0,count/min,0,김하은의 Apple Watch,HKQuantityTypeIdentifierHeartRate
Heart rate,2026-07-09 22:27:34+09:00,114.0,count/min,0,김하은의 Apple Watch,HKQuantityTypeIdentifierHeartRate
Heart rate,2026-07-09 22:27:39+09:00,114.0,count/min,0,김하은의 Apple Watch,HKQuantityTypeIdentifierHeartRate
Heart rate,2026-07-09 22:27:47+09:00,114.0,count/min,0,김하은의 Apple Watch,HKQuantityTypeIdentifierHeartRate
Heart rate,2026-07-09 22:27:52+09:00,115.0,count/min,0,김하은의 Apple Watch,HKQuantityTypeIdentifierHeartRate
Heart rate,2026-07-09 22:27:58+09:00,117.0,count/min,0,김하은의 Apple Watch,HKQuantityTypeIdentifierHeartRate
Heart rate,2026-07-09 22:28:01+09:00,117.0,count/min,0,김하은의 Apple Watch,HKQuantityTypeIdentifierHeartRate
Heart rate,2026-07-09 22:28:08+09:00,117.0,count/min,0,김하은의 Apple Watch,HKQuantityTypeIdentifierHeartRate
Heart rate,2026-07-09 22:28:10+09:00,117.0,count/min,0,김하은의 Apple Watch,HKQuantityTypeIdentifierHeartRate
Heart rate,2026-07-09 22:28:18+09:00,117.0,count/min,0,김하은의 Apple Watch,HKQuantityTypeIdentifierHeartRate
Heart rate,2026-07-09 22:28:21+09:00,117.0,count/min,0,김하은의 Apple Watch,HKQuantityTypeIdentifierHeartRate
Heart rate,2026-07-09 22:28:28+09:00,116.0,count/min,0,김하은의 Apple Watch,HKQuantityTypeIdentifierHeartRate
Heart rate,2026-07-09 22:28:33+09:00,116.0,count/min,0,김하은의 Apple Watch,HKQuantityTypeIdentifierHeartRate
Heart rate,2026-07-09 22:28:38+09:00,117.0,count/min,0,김하은의 Apple Watch,HKQuantityTypeIdentifierHeartRate
Heart rate,2026-07-09 22:28:39+09:00,116.0,count/min,0,김하은의 Apple Watch,HKQuantityTypeIdentifierHeartRate
Heart rate,2026-07-09 22:28:48+09:00,115.0,count/min,0,김하은의 Apple Watch,HKQuantityTypeIdentifierHeartRate
Heart rate,2026-07-09 22:28:49+09:00,115.0,count/min,0,김하은의 Apple Watch,HKQuantityTypeIdentifierHeartRate
Heart rate,2026-07-09 22:28:54+09:00,116.0,count/min,0,김하은의 Apple Watch,HKQuantityTypeIdentifierHeartRate
Heart rate,2026-07-09 22:29:01+09:00,115.0,count/min,0,김하은의 Apple Watch,HKQuantityTypeIdentifierHeartRate
Heart rate,2026-07-09 22:29:08+09:00,115.0,count/min,0,김하은의 Apple Watch,HKQuantityTypeIdentifierHeartRate
Heart rate,2026-07-09 22:29:13+09:00,115.0,count/min,0,김하은의 Apple Watch,HKQuantityTypeIdentifierHeartRate
Heart rate,2026-07-09 22:29:16+09:00,114.0,count/min,0,김하은의 Apple Watch,HKQuantityTypeIdentifierHeartRate
Heart rate,2026-07-09 22:29:23+09:00,114.0,count/min,0,김하은의 Apple Watch,HKQuantityTypeIdentifierHeartRate
Heart rate,2026-07-09 22:29:26+09:00,115.0,count/min,0,김하은의 Apple Watch,HKQuantityTypeIdentifierHeartRate
Heart rate,2026-07-09 22:29:29+09:00,116.0,count/min,0,김하은의 Apple Watch,HKQuantityTypeIdentifierHeartRate
Heart rate,2026-07-09 22:29:38+09:00,117.0,count/min,0,김하은의 Apple Watch,HKQuantityTypeIdentifierHeartRate
Heart rate,2026-07-09 22:29:43+09:00,118.0,count/min,0,김하은의 Apple Watch,HKQuantityTypeIdentifierHeartRate
Heart rate,2026-07-09 22:29:44+09:00,118.0,count/min,0,김하은의 Apple Watch,HKQuantityTypeIdentifierHeartRate
Heart rate,2026-07-09 22:29:51+09:00,120.0,count/min,0,김하은의 Apple Watch,HKQuantityTypeIdentifierHeartRate
Heart rate,2026-07-09 22:29:57+09:00,124.0,count/min,0,김하은의 Apple Watch,HKQuantityTypeIdentifierHeartRate
Heart rate,2026-07-09 22:30:01+09:00,126.0,count/min,0,김하은의 Apple Watch,HKQuantityTypeIdentifierHeartRate
Heart rate,2026-07-09 22:30:06+09:00,130.0,count/min,0,김하은의 Apple Watch,HKQuantityTypeIdentifierHeartRate
Heart rate,2026-07-09 22:30:09+09:00,131.0,count/min,0,김하은의 Apple Watch,HKQuantityTypeIdentifierHeartRate
Heart rate,2026-07-09 22:30:17+09:00,135.0,count/min,0,김하은의 Apple Watch,HKQuantityTypeIdentifierHeartRate
Heart rate,2026-07-09 22:30:19+09:00,136.0,count/min,0,김하은의 Apple Watch,HKQuantityTypeIdentifierHeartRate
Heart rate,2026-07-09 22:30:28+09:00,139.0,count/min,0,김하은의 Apple Watch,HKQuantityTypeIdentifierHeartRate
Heart rate,2026-07-09 22:30:32+09:00,138.0,count/min,0,김하은의 Apple Watch,HKQuantityTypeIdentifierHeartRate
Heart rate,2026-07-09 22:30:36+09:00,138.0,count/min,0,김하은의 Apple Watch,HKQuantityTypeIdentifierHeartRate
Heart rate,2026-07-09 22:30:42+09:00,135.0,count/min,0,김하은의 Apple Watch,HKQuantityTypeIdentifierHeartRate
Heart rate,2026-07-09 22:30:48+09:00,132.0,count/min,0,김하은의 Apple Watch,HKQuantityTypeIdentifierHeartRate
Heart rate,2026-07-09 22:30:51+09:00,130.0,count/min,0,김하은의 Apple Watch,HKQuantityTypeIdentifierHeartRate
Heart rate,2026-07-09 22:30:55+09:00,127.0,count/min,0,김하은의 Apple Watch,HKQuantityTypeIdentifierHeartRate
Heart rate,2026-07-09 22:31:00+09:00,122.0,count/min,0,김하은의 Apple Watch,HKQuantityTypeIdentifierHeartRate
Heart rate,2026-07-09 22:31:08+09:00,116.0,count/min,0,김하은의 Apple Watch,HKQuantityTypeIdentifierHeartRate
Heart rate,2026-07-09 22:31:13+09:00,119.0,count/min,0,김하은의 Apple Watch,HKQuantityTypeIdentifierHeartRate
Heart rate,2026-07-09 22:31:16+09:00,119.0,count/min,0,김하은의 Apple Watch,HKQuantityTypeIdentifierHeartRate
Heart rate,2026-07-09 22:31:23+09:00,116.0,count/min,0,김하은의 Apple Watch,HKQuantityTypeIdentifierHeartRate
Heart rate,2026-07-09 22:31:24+09:00,116.0,count/min,0,김하은의 Apple Watch,HKQuantityTypeIdentifierHeartRate
Heart rate,2026-07-09 22:31:31+09:00,114.0,count/min,0,김하은의 Apple Watch,HKQuantityTypeIdentifierHeartRate
Heart rate,2026-07-09 22:31:34+09:00,114.0,count/min,0,김하은의 Apple Watch,HKQuantityTypeIdentifierHeartRate
Heart rate,2026-07-09 22:31:42+09:00,108.0,count/min,0,김하은의 Apple Watch,HKQuantityTypeIdentifierHeartRate
Heart rate,2026-07-09 22:31:44+09:00,108.0,count/min,0,김하은의 Apple Watch,HKQuantityTypeIdentifierHeartRate
Heart rate,2026-07-09 22:31:51+09:00,103.0,count/min,0,김하은의 Apple Watch,HKQuantityTypeIdentifierHeartRate
Heart rate,2026-07-09 22:31:56+09:00,105.0,count/min,0,김하은의 Apple Watch,HKQuantityTypeIdentifierHeartRate
Heart rate,2026-07-09 22:32:03+09:00,108.0,count/min,0,김하은의 Apple Watch,HKQuantityTypeIdentifierHeartRate
Heart rate,2026-07-09 22:32:05+09:00,108.0,count/min,0,김하은의 Apple Watch,HKQuantityTypeIdentifierHeartRate
Heart rate,2026-07-09 22:32:10+09:00,111.0,count/min,0,김하은의 Apple Watch,HKQuantityTypeIdentifierHeartRate
Heart rate,2026-07-09 22:32:14+09:00,113.0,count/min,0,김하은의 Apple Watch,HKQuantityTypeIdentifierHeartRate
Heart rate,2026-07-09 22:32:23+09:00,112.0,count/min,0,김하은의 Apple Watch,HKQuantityTypeIdentifierHeartRate
Heart rate,2026-07-09 22:32:27+09:00,111.0,count/min,0,김하은의 Apple Watch,HKQuantityTypeIdentifierHeartRate
Heart rate,2026-07-09 22:32:33+09:00,109.0,count/min,0,김하은의 Apple Watch,HKQuantityTypeIdentifierHeartRate
Heart rate,2026-07-09 22:32:35+09:00,110.0,count/min,0,김하은의 Apple Watch,HKQuantityTypeIdentifierHeartRate
Heart rate,2026-07-09 22:32:42+09:00,115.0,count/min,0,김하은의 Apple Watch,HKQuantityTypeIdentifierHeartRate
Heart rate,2026-07-09 22:32:44+09:00,116.0,count/min,0,김하은의 Apple Watch,HKQuantityTypeIdentifierHeartRate
Heart rate,2026-07-09 22:32:50+09:00,114.0,count/min,0,김하은의 Apple Watch,HKQuantityTypeIdentifierHeartRate
Heart rate,2026-07-09 22:32:54+09:00,113.0,count/min,0,김하은의 Apple Watch,HKQuantityTypeIdentifierHeartRate
Heart rate,2026-07-09 22:32:59+09:00,110.0,count/min,0,김하은의 Apple Watch,HKQuantityTypeIdentifierHeartRate
Heart rate,2026-07-09 22:33:04+09:00,108.0,count/min,0,김하은의 Apple Watch,HKQuantityTypeIdentifierHeartRate
Heart rate,2026-07-09 22:33:11+09:00,103.0,count/min,0,김하은의 Apple Watch,HKQuantityTypeIdentifierHeartRate
Heart rate,2026-07-09 22:33:14+09:00,102.0,count/min,0,김하은의 Apple Watch,HKQuantityTypeIdentifierHeartRate
Heart rate,2026-07-09 22:33:38+09:00,97.0,count/min,0,김하은의 Apple Watch,HKQuantityTypeIdentifierHeartRate
Heart rate,2026-07-10 18:19:22+09:00,87.0,count/min,1,김하은의 Apple Watch,HKQuantityTypeIdentifierHeartRate
Heart rate,2026-07-10 18:22:48+09:00,131.0,count/min,0,김하은의 Apple Watch,HKQuantityTypeIdentifierHeartRate
Heart rate,2026-07-10 18:23:08+09:00,118.0,count/min,0,김하은의 Apple Watch,HKQuantityTypeIdentifierHeartRate
Heart rate,2026-07-10 18:23:09+09:00,116.0,count/min,0,김하은의 Apple Watch,HKQuantityTypeIdentifierHeartRate
Heart rate,2026-07-10 18:23:18+09:00,100.0,count/min,0,김하은의 Apple Watch,HKQuantityTypeIdentifierHeartRate
Heart rate,2026-07-10 18:23:23+09:00,98.0,count/min,0,김하은의 Apple Watch,HKQuantityTypeIdentifierHeartRate
Heart rate,2026-07-10 18:23:27+09:00,100.0,count/min,0,김하은의 Apple Watch,HKQuantityTypeIdentifierHeartRate
Heart rate,2026-07-10 18:23:33+09:00,93.0,count/min,0,김하은의 Apple Watch,HKQuantityTypeIdentifierHeartRate
Heart rate,2026-07-10 18:24:17+09:00,86.0,count/min,0,김하은의 Apple Watch,HKQuantityTypeIdentifierHeartRate
Heart rate,2026-07-10 18:27:14+09:00,88.0,count/min,1,김하은의 Apple Watch,HKQuantityTypeIdentifierHeartRate
Heart rate,2026-07-10 18:34:01+09:00,107.0,count/min,2,김하은의 Apple Watch,HKQuantityTypeIdentifierHeartRate
Heart rate,2026-07-10 18:34:55+09:00,104.0,count/min,0,김하은의 Apple Watch,HKQuantityTypeIdentifierHeartRate
Heart rate,2026-07-10 18:39:26+09:00,90.0,count/min,1,김하은의 Apple Watch,HKQuantityTypeIdentifierHeartRate
Heart rate,2026-07-10 18:43:25+09:00,93.0,count/min,1,김하은의 Apple Watch,HKQuantityTypeIdentifierHeartRate
Heart rate,2026-07-10 18:46:27+09:00,107.0,count/min,2,김하은의 Apple Watch,HKQuantityTypeIdentifierHeartRate
Heart rate,2026-07-10 18:48:14+09:00,98.0,count/min,0,김하은의 Apple Watch,HKQuantityTypeIdentifierHeartRate
Heart rate,2026-07-10 18:54:28+09:00,92.9369,count/min,0,김하은의 Apple Watch,HKQuantityTypeIdentifierHeartRate
Heart rate,2026-07-10 18:54:41+09:00,90.0,count/min,1,김하은의 Apple Watch,HKQuantityTypeIdentifierHeartRate
Heart rate,2026-07-10 18:58:23+09:00,84.0,count/min,1,김하은의 Apple Watch,HKQuantityTypeIdentifierHeartRate
Heart rate,2026-07-10 19:02:32+09:00,85.0,count/min,1,김하은의 Apple Watch,HKQuantityTypeIdentifierHeartRate
Heart rate,2026-07-10 19:07:20+09:00,87.0,count/min,1,김하은의 Apple Watch,HKQuantityTypeIdentifierHeartRate
Heart rate,2026-07-10 19:10:34+09:00,118.0,count/min,2,김하은의 Apple Watch,HKQuantityTypeIdentifierHeartRate
Heart rate,2026-07-10 19:14:53+09:00,92.0,count/min,1,김하은의 Apple Watch,HKQuantityTypeIdentifierHeartRate
Heart rate,2026-07-10 19:17:32+09:00,98.0,count/min,1,김하은의 Apple Watch,HKQuantityTypeIdentifierHeartRate
Heart rate,2026-07-10 19:21:03+09:00,97.0,count/min,2,김하은의 Apple Watch,HKQuantityTypeIdentifierHeartRate
Heart rate,2026-07-10 19:23:05+09:00,77.0,count/min,1,김하은의 Apple Watch,HKQuantityTypeIdentifierHeartRate
Heart rate,2026-07-10 19:28:09+09:00,84.0,count/min,1,김하은의 Apple Watch,HKQuantityTypeIdentifierHeartRate
Heart rate,2026-07-10 19:34:07+09:00,84.0,count/min,1,김하은의 Apple Watch,HKQuantityTypeIdentifierHeartRate
Heart rate,2026-07-10 19:39:39+09:00,85.0,count/min,1,김하은의 Apple Watch,HKQuantityTypeIdentifierHeartRate
Heart rate,2026-07-10 19:41:44+09:00,88.0,count/min,1,김하은의 Apple Watch,HKQuantityTypeIdentifierHeartRate
Heart rate,2026-07-10 19:49:26+09:00,92.0,count/min,1,김하은의 Apple Watch,HKQuantityTypeIdentifierHeartRate
Heart rate,2026-07-10 19:55:55+09:00,83.0,count/min,1,김하은의 Apple Watch,HKQuantityTypeIdentifierHeartRate
Heart rate,2026-07-10 20:00:19+09:00,94.0,count/min,1,김하은의 Apple Watch,HKQuantityTypeIdentifierHeartRate
Heart rate,2026-07-10 20:06:03+09:00,84.0,count/min,1,김하은의 Apple Watch,HKQuantityTypeIdentifierHeartRate
Heart rate,2026-07-10 20:07:27+09:00,80.0,count/min,1,김하은의 Apple Watch,HKQuantityTypeIdentifierHeartRate
Heart rate,2026-07-10 20:15:51+09:00,84.0,count/min,1,김하은의 Apple Watch,HKQuantityTypeIdentifierHeartRate
Heart rate,2026-07-10 20:17:26+09:00,84.0,count/min,1,김하은의 Apple Watch,HKQuantityTypeIdentifierHeartRate
Heart rate,2026-07-10 20:25:19+09:00,84.0,count/min,1,김하은의 Apple Watch,HKQuantityTypeIdentifierHeartRate
Heart rate,2026-07-10 20:28:39+09:00,97.0,count/min,1,김하은의 Apple Watch,HKQuantityTypeIdentifierHeartRate
Heart rate,2026-07-10 20:44:22+09:00,96.0,count/min,2,김하은의 Apple Watch,HKQuantityTypeIdentifierHeartRate
Heart rate,2026-07-10 20:47:27+09:00,110.0,count/min,2,김하은의 Apple Watch,HKQuantityTypeIdentifierHeartRate
Heart rate,2026-07-10 20:50:05+09:00,84.0,count/min,1,김하은의 Apple Watch,HKQuantityTypeIdentifierHeartRate
Heart rate,2026-07-10 20:52:36+09:00,87.0,count/min,0,김하은의 Apple Watch,HKQuantityTypeIdentifierHeartRate
Heart rate,2026-07-10 20:53:00+09:00,86.8331,count/min,0,김하은의 Apple Watch,HKQuantityTypeIdentifierHeartRate
Heart rate,2026-07-10 20:59:30+09:00,81.0,count/min,0,김하은의 Apple Watch,HKQuantityTypeIdentifierHeartRate
Heart rate,2026-07-10 20:59:31+09:00,78.0,count/min,0,김하은의 Apple Watch,HKQuantityTypeIdentifierHeartRate
Heart rate,2026-07-10 20:59:32+09:00,77.0,count/min,0,김하은의 Apple Watch,HKQuantityTypeIdentifierHeartRate
Heart rate,2026-07-10 20:59:33+09:00,78.0,count/min,0,김하은의 Apple Watch,HKQuantityTypeIdentifierHeartRate
Heart rate,2026-07-10 20:59:34+09:00,78.0,count/min,0,김하은의 Apple Watch,HKQuantityTypeIdentifierHeartRate
Heart rate,2026-07-10 20:59:35+09:00,78.0,count/min,0,김하은의 Apple Watch,HKQuantityTypeIdentifierHeartRate
Heart rate,2026-07-10 20:59:36+09:00,78.0,count/min,0,김하은의 Apple Watch,HKQuantityTypeIdentifierHeartRate
Heart rate,2026-07-10 20:59:37+09:00,80.0,count/min,0,김하은의 Apple Watch,HKQuantityTypeIdentifierHeartRate
Heart rate,2026-07-10 20:59:38+09:00,79.0,count/min,0,김하은의 Apple Watch,HKQuantityTypeIdentifierHeartRate
Heart rate,2026-07-10 20:59:39+09:00,81.0,count/min,0,김하은의 Apple Watch,HKQuantityTypeIdentifierHeartRate
Heart rate,2026-07-10 20:59:40+09:00,82.0,count/min,0,김하은의 Apple Watch,HKQuantityTypeIdentifierHeartRate
Heart rate,2026-07-10 20:59:41+09:00,83.0,count/min,0,김하은의 Apple Watch,HKQuantityTypeIdentifierHeartRate
Heart rate,2026-07-10 20:59:42+09:00,83.0,count/min,0,김하은의 Apple Watch,HKQuantityTypeIdentifierHeartRate
Heart rate,2026-07-10 20:59:43+09:00,85.0,count/min,0,김하은의 Apple Watch,HKQuantityTypeIdentifierHeartRate
Heart rate,2026-07-10 20:59:44+09:00,85.0,count/min,0,김하은의 Apple Watch,HKQuantityTypeIdentifierHeartRate
Heart rate,2026-07-10 20:59:45+09:00,84.0,count/min,0,김하은의 Apple Watch,HKQuantityTypeIdentifierHeartRate
Heart rate,2026-07-10 20:59:46+09:00,83.0,count/min,0,김하은의 Apple Watch,HKQuantityTypeIdentifierHeartRate
Heart rate,2026-07-10 20:59:47+09:00,83.0,count/min,0,김하은의 Apple Watch,HKQuantityTypeIdentifierHeartRate
Heart rate,2026-07-10 20:59:48+09:00,82.0,count/min,0,김하은의 Apple Watch,HKQuantityTypeIdentifierHeartRate
Heart rate,2026-07-10 20:59:49+09:00,82.0,count/min,0,김하은의 Apple Watch,HKQuantityTypeIdentifierHeartRate
Heart rate,2026-07-10 20:59:50+09:00,83.0,count/min,0,김하은의 Apple Watch,HKQuantityTypeIdentifierHeartRate
Heart rate,2026-07-10 20:59:51+09:00,84.0,count/min,0,김하은의 Apple Watch,HKQuantityTypeIdentifierHeartRate
Heart rate,2026-07-10 20:59:52+09:00,84.0,count/min,0,김하은의 Apple Watch,HKQuantityTypeIdentifierHeartRate
Heart rate,2026-07-10 20:59:53+09:00,85.0,count/min,0,김하은의 Apple Watch,HKQuantityTypeIdentifierHeartRate
Heart rate,2026-07-10 20:59:54+09:00,85.0,count/min,0,김하은의 Apple Watch,HKQuantityTypeIdentifierHeartRate
Heart rate,2026-07-10 21:00:35+09:00,96.0,count/min,1,김하은의 Apple Watch,HKQuantityTypeIdentifierHeartRate
Heart rate,2026-07-10 21:03:13+09:00,88.0,count/min,1,김하은의 Apple Watch,HKQuantityTypeIdentifierHeartRate
Heart rate,2026-07-10 21:08:53+09:00,85.0,count/min,1,김하은의 Apple Watch,HKQuantityTypeIdentifierHeartRate
Heart rate,2026-07-10 21:12:06+09:00,99.0,count/min,1,김하은의 Apple Watch,HKQuantityTypeIdentifierHeartRate
Heart rate,2026-07-10 21:14:54+09:00,108.0,count/min,2,김하은의 Apple Watch,HKQuantityTypeIdentifierHeartRate
Heart rate,2026-07-10 21:17:36+09:00,116.0,count/min,2,김하은의 Apple Watch,HKQuantityTypeIdentifierHeartRate
Heart rate,2026-07-10 21:19:40+09:00,93.0,count/min,1,김하은의 Apple Watch,HKQuantityTypeIdentifierHeartRate
Heart rate,2026-07-10 21:24:34+09:00,89.0,count/min,1,김하은의 Apple Watch,HKQuantityTypeIdentifierHeartRate
Heart rate,2026-07-10 21:27:14+09:00,91.0,count/min,1,김하은의 Apple Watch,HKQuantityTypeIdentifierHeartRate
Heart rate,2026-07-10 21:31:42+09:00,82.0,count/min,1,김하은의 Apple Watch,HKQuantityTypeIdentifierHeartRate
Heart rate,2026-07-10 21:39:40+09:00,84.0,count/min,1,김하은의 Apple Watch,HKQuantityTypeIdentifierHeartRate
Heart rate,2026-07-10 21:42:08+09:00,108.0,count/min,2,김하은의 Apple Watch,HKQuantityTypeIdentifierHeartRate
Heart rate,2026-07-10 21:42:41+09:00,94.0,count/min,1,김하은의 Apple Watch,HKQuantityTypeIdentifierHeartRate
Heart rate,2026-07-10 21:50:50+09:00,95.0,count/min,0,김하은의 Apple Watch,HKQuantityTypeIdentifierHeartRate
Heart rate,2026-07-10 21:52:04+09:00,92.0,count/min,1,김하은의 Apple Watch,HKQuantityTypeIdentifierHeartRate
Heart rate,2026-07-10 21:59:25+09:00,96.0,count/min,0,김하은의 Apple Watch,HKQuantityTypeIdentifierHeartRate
Heart rate,2026-07-12 10:14:28+09:00,96.0,count/min,2,김하은의 Apple Watch,HKQuantityTypeIdentifierHeartRate
Heart rate,2026-07-12 10:18:07+09:00,76.0,count/min,1,김하은의 Apple Watch,HKQuantityTypeIdentifierHeartRate
Heart rate,2026-07-12 10:22:59+09:00,64.0953,count/min,0,김하은의 Apple Watch,HKQuantityTypeIdentifierHeartRate
Heart rate,2026-07-12 10:23:04+09:00,68.0,count/min,1,김하은의 Apple Watch,HKQuantityTypeIdentifierHeartRate
Heart rate,2026-07-12 10:31:20+09:00,70.0,count/min,1,김하은의 Apple Watch,HKQuantityTypeIdentifierHeartRate
Heart rate,2026-07-12 10:36:02+09:00,70.0,count/min,1,김하은의 Apple Watch,HKQuantityTypeIdentifierHeartRate
Heart rate,2026-07-12 10:41:00+09:00,69.0,count/min,1,김하은의 Apple Watch,HKQuantityTypeIdentifierHeartRate
Heart rate,2026-07-12 10:45:51+09:00,72.0,count/min,1,김하은의 Apple Watch,HKQuantityTypeIdentifierHeartRate
Heart rate,2026-07-12 10:48:56+09:00,109.0,count/min,2,김하은의 Apple Watch,HKQuantityTypeIdentifierHeartRate
Heart rate,2026-07-12 10:50:14+09:00,106.0,count/min,0,김하은의 Apple Watch,HKQuantityTypeIdentifierHeartRate
Heart rate,2026-07-12 10:51:36+09:00,95.0,count/min,0,김하은의 Apple Watch,HKQuantityTypeIdentifierHeartRate
Heart rate,2026-07-12 10:53:34+09:00,104.0,count/min,0,김하은의 Apple Watch,HKQuantityTypeIdentifierHeartRate
Heart rate,2026-07-12 10:53:39+09:00,105.0,count/min,0,김하은의 Apple Watch,HKQuantityTypeIdentifierHeartRate
Heart rate,2026-07-12 10:53:40+09:00,106.0,count/min,0,김하은의 Apple Watch,HKQuantityTypeIdentifierHeartRate
Heart rate,2026-07-12 10:53:46+09:00,107.0,count/min,0,김하은의 Apple Watch,HKQuantityTypeIdentifierHeartRate
Heart rate,2026-07-12 10:53:53+09:00,110.0,count/min,0,김하은의 Apple Watch,HKQuantityTypeIdentifierHeartRate
Heart rate,2026-07-12 10:53:56+09:00,111.0,count/min,0,김하은의 Apple Watch,HKQuantityTypeIdentifierHeartRate
Heart rate,2026-07-12 10:54:00+09:00,113.0,count/min,0,김하은의 Apple Watch,HKQuantityTypeIdentifierHeartRate
Heart rate,2026-07-12 10:54:09+09:00,115.0,count/min,0,김하은의 Apple Watch,HKQuantityTypeIdentifierHeartRate
Heart rate,2026-07-12 10:54:14+09:00,111.0,count/min,0,김하은의 Apple Watch,HKQuantityTypeIdentifierHeartRate
Heart rate,2026-07-12 10:54:17+09:00,110.0,count/min,0,김하은의 Apple Watch,HKQuantityTypeIdentifierHeartRate
Heart rate,2026-07-12 10:56:23+09:00,105.0,count/min,0,김하은의 Apple Watch,HKQuantityTypeIdentifierHeartRate
Heart rate,2026-07-12 10:56:28+09:00,103.0,count/min,0,김하은의 Apple Watch,HKQuantityTypeIdentifierHeartRate
Heart rate,2026-07-12 10:56:33+09:00,103.0,count/min,0,김하은의 Apple Watch,HKQuantityTypeIdentifierHeartRate
Heart rate,2026-07-12 10:56:34+09:00,103.0,count/min,0,김하은의 Apple Watch,HKQuantityTypeIdentifierHeartRate
Heart rate,2026-07-12 10:56:39+09:00,105.0,count/min,0,김하은의 Apple Watch,HKQuantityTypeIdentifierHeartRate
Heart rate,2026-07-12 10:56:48+09:00,101.0,count/min,0,김하은의 Apple Watch,HKQuantityTypeIdentifierHeartRate
Heart rate,2026-07-12 10:56:52+09:00,100.0,count/min,0,김하은의 Apple Watch,HKQuantityTypeIdentifierHeartRate
Heart rate,2026-07-12 10:56:58+09:00,96.0,count/min,0,김하은의 Apple Watch,HKQuantityTypeIdentifierHeartRate
Heart rate,2026-07-12 10:56:59+09:00,95.0,count/min,0,김하은의 Apple Watch,HKQuantityTypeIdentifierHeartRate
Heart rate,2026-07-12 10:59:34+09:00,94.0,count/min,0,김하은의 Apple Watch,HKQuantityTypeIdentifierHeartRate
Heart rate,2026-07-12 11:00:32+09:00,126.0,count/min,2,김하은의 Apple Watch,HKQuantityTypeIdentifierHeartRate
Heart rate,2026-07-12 11:02:50+09:00,106.0,count/min,0,김하은의 Apple Watch,HKQuantityTypeIdentifierHeartRate
Heart rate,2026-07-12 11:02:55+09:00,107.0,count/min,0,김하은의 Apple Watch,HKQuantityTypeIdentifierHeartRate
Heart rate,2026-07-12 11:02:56+09:00,107.0,count/min,0,김하은의 Apple Watch,HKQuantityTypeIdentifierHeartRate
Heart rate,2026-07-12 11:03:05+09:00,104.0,count/min,0,김하은의 Apple Watch,HKQuantityTypeIdentifierHeartRate
Heart rate,2026-07-12 11:03:06+09:00,104.0,count/min,0,김하은의 Apple Watch,HKQuantityTypeIdentifierHeartRate
Heart rate,2026-07-12 11:03:13+09:00,104.0,count/min,0,김하은의 Apple Watch,HKQuantityTypeIdentifierHeartRate
Heart rate,2026-07-12 11:03:19+09:00,105.0,count/min,0,김하은의 Apple Watch,HKQuantityTypeIdentifierHeartRate
Heart rate,2026-07-12 11:03:22+09:00,102.0,count/min,0,김하은의 Apple Watch,HKQuantityTypeIdentifierHeartRate
Heart rate,2026-07-12 11:05:57+09:00,111.0,count/min,0,김하은의 Apple Watch,HKQuantityTypeIdentifierHeartRate
Heart rate,2026-07-12 11:06:04+09:00,113.0,count/min,0,김하은의 Apple Watch,HKQuantityTypeIdentifierHeartRate
Heart rate,2026-07-12 11:06:05+09:00,114.0,count/min,0,김하은의 Apple Watch,HKQuantityTypeIdentifierHeartRate
Heart rate,2026-07-12 11:06:13+09:00,115.0,count/min,0,김하은의 Apple Watch,HKQuantityTypeIdentifierHeartRate
Heart rate,2026-07-12 11:06:15+09:00,114.0,count/min,0,김하은의 Apple Watch,HKQuantityTypeIdentifierHeartRate
Heart rate,2026-07-12 11:06:58+09:00,91.0,count/min,1,김하은의 Apple Watch,HKQuantityTypeIdentifierHeartRate
Heart rate,2026-07-12 11:10:01+09:00,101.0,count/min,2,김하은의 Apple Watch,HKQuantityTypeIdentifierHeartRate
Heart rate,2026-07-12 11:12:32+09:00,110.0,count/min,0,김하은의 Apple Watch,HKQuantityTypeIdentifierHeartRate
Heart rate,2026-07-12 11:13:13+09:00,108.0,count/min,2,김하은의 Apple Watch,HKQuantityTypeIdentifierHeartRate
Heart rate,2026-07-12 11:14:14+09:00,109.0,count/min,0,김하은의 Apple Watch,HKQuantityTypeIdentifierHeartRate
Heart rate,2026-07-12 11:14:19+09:00,112.0,count/min,0,김하은의 Apple Watch,HKQuantityTypeIdentifierHeartRate
Heart rate,2026-07-12 11:14:21+09:00,112.0,count/min,0,김하은의 Apple Watch,HKQuantityTypeIdentifierHeartRate
Heart rate,2026-07-12 11:14:26+09:00,109.0,count/min,0,김하은의 Apple Watch,HKQuantityTypeIdentifierHeartRate
Heart rate,2026-07-12 11:14:35+09:00,110.0,count/min,0,김하은의 Apple Watch,HKQuantityTypeIdentifierHeartRate
Heart rate,2026-07-12 11:14:40+09:00,112.0,count/min,0,김하은의 Apple Watch,HKQuantityTypeIdentifierHeartRate
Heart rate,2026-07-12 11:14:49+09:00,113.0,count/min,0,김하은의 Apple Watch,HKQuantityTypeIdentifierHeartRate
Heart rate,2026-07-12 11:14:54+09:00,115.0,count/min,0,김하은의 Apple Watch,HKQuantityTypeIdentifierHeartRate
Heart rate,2026-07-12 11:14:59+09:00,116.0,count/min,0,김하은의 Apple Watch,HKQuantityTypeIdentifierHeartRate
Heart rate,2026-07-12 11:15:01+09:00,116.0,count/min,0,김하은의 Apple Watch,HKQuantityTypeIdentifierHeartRate
Heart rate,2026-07-12 11:17:32+09:00,129.0,count/min,2,김하은의 Apple Watch,HKQuantityTypeIdentifierHeartRate
Heart rate,2026-07-12 11:18:09+09:00,130.0,count/min,0,김하은의 Apple Watch,HKQuantityTypeIdentifierHeartRate
Heart rate,2026-07-12 11:18:13+09:00,133.0,count/min,0,김하은의 Apple Watch,HKQuantityTypeIdentifierHeartRate
Heart rate,2026-07-12 11:18:16+09:00,131.0,count/min,0,김하은의 Apple Watch,HKQuantityTypeIdentifierHeartRate
Heart rate,2026-07-12 11:18:22+09:00,127.0,count/min,0,김하은의 Apple Watch,HKQuantityTypeIdentifierHeartRate
Heart rate,2026-07-12 11:18:29+09:00,126.0,count/min,0,김하은의 Apple Watch,HKQuantityTypeIdentifierHeartRate
Heart rate,2026-07-12 11:18:30+09:00,125.0,count/min,0,김하은의 Apple Watch,HKQuantityTypeIdentifierHeartRate
Heart rate,2026-07-12 11:18:38+09:00,123.0,count/min,0,김하은의 Apple Watch,HKQuantityTypeIdentifierHeartRate
Heart rate,2026-07-12 11:18:41+09:00,123.0,count/min,0,김하은의 Apple Watch,HKQuantityTypeIdentifierHeartRate
Heart rate,2026-07-12 11:18:45+09:00,122.0,count/min,0,김하은의 Apple Watch,HKQuantityTypeIdentifierHeartRate
Heart rate,2026-07-12 11:18:52+09:00,118.0,count/min,0,김하은의 Apple Watch,HKQuantityTypeIdentifierHeartRate
Heart rate,2026-07-12 11:18:56+09:00,119.0,count/min,0,김하은의 Apple Watch,HKQuantityTypeIdentifierHeartRate
Heart rate,2026-07-12 11:19:01+09:00,120.0,count/min,0,김하은의 Apple Watch,HKQuantityTypeIdentifierHeartRate
Heart rate,2026-07-12 11:19:09+09:00,122.0,count/min,0,김하은의 Apple Watch,HKQuantityTypeIdentifierHeartRate
Heart rate,2026-07-12 11:19:13+09:00,123.0,count/min,0,김하은의 Apple Watch,HKQuantityTypeIdentifierHeartRate
Heart rate,2026-07-12 11:19:19+09:00,122.0,count/min,0,김하은의 Apple Watch,HKQuantityTypeIdentifierHeartRate
Heart rate,2026-07-12 11:19:24+09:00,122.0,count/min,0,김하은의 Apple Watch,HKQuantityTypeIdentifierHeartRate
Heart rate,2026-07-12 11:19:26+09:00,123.0,count/min,0,김하은의 Apple Watch,HKQuantityTypeIdentifierHeartRate
Heart rate,2026-07-12 11:19:33+09:00,123.0,count/min,0,김하은의 Apple Watch,HKQuantityTypeIdentifierHeartRate
Heart rate,2026-07-12 11:20:31+09:00,99.0,count/min,1,김하은의 Apple Watch,HKQuantityTypeIdentifierHeartRate
Heart rate,2026-07-12 11:26:18+09:00,80.0,count/min,1,김하은의 Apple Watch,HKQuantityTypeIdentifierHeartRate
Heart rate,2026-07-12 11:26:57+09:00,81.696,count/min,0,김하은의 Apple Watch,HKQuantityTypeIdentifierHeartRate
Heart rate,2026-07-12 11:28:10+09:00,80.0,count/min,1,김하은의 Apple Watch,HKQuantityTypeIdentifierHeartRate
Heart rate,2026-07-12 11:35:38+09:00,75.0,count/min,1,김하은의 Apple Watch,HKQuantityTypeIdentifierHeartRate
Heart rate,2026-07-12 11:36:56+09:00,74.0,count/min,1,김하은의 Apple Watch,HKQuantityTypeIdentifierHeartRate
Heart rate,2026-07-12 11:41:47+09:00,111.0,count/min,2,김하은의 Apple Watch,HKQuantityTypeIdentifierHeartRate
Heart rate,2026-07-12 11:44:36+09:00,88.0,count/min,1,김하은의 Apple Watch,HKQuantityTypeIdentifierHeartRate
Heart rate,2026-07-12 11:47:27+09:00,74.0,count/min,0,김하은의 Apple Watch,HKQuantityTypeIdentifierHeartRate
Heart rate,2026-07-12 11:48:23+09:00,75.0,count/min,1,김하은의 Apple Watch,HKQuantityTypeIdentifierHeartRate
Heart rate,2026-07-12 11:52:47+09:00,79.0,count/min,1,김하은의 Apple Watch,HKQuantityTypeIdentifierHeartRate
Heart rate,2026-07-12 11:58:45+09:00,79.0,count/min,1,김하은의 Apple Watch,HKQuantityTypeIdentifierHeartRate
Heart rate,2026-07-12 12:01:59+09:00,76.0,count/min,1,김하은의 Apple Watch,HKQuantityTypeIdentifierHeartRate
Heart rate,2026-07-12 12:06:38+09:00,78.0,count/min,1,김하은의 Apple Watch,HKQuantityTypeIdentifierHeartRate
Heart rate,2026-07-12 12:09:55+09:00,92.0,count/min,2,김하은의 Apple Watch,HKQuantityTypeIdentifierHeartRate
Heart rate,2026-07-12 12:14:14+09:00,82.0,count/min,2,김하은의 Apple Watch,HKQuantityTypeIdentifierHeartRate
Heart rate,2026-07-12 12:15:48+09:00,73.0,count/min,1,김하은의 Apple Watch,HKQuantityTypeIdentifierHeartRate
Heart rate,2026-07-12 12:20:05+09:00,73.0,count/min,0,김하은의 Apple Watch,HKQuantityTypeIdentifierHeartRate
Heart rate,2026-07-12 12:20:36+09:00,72.0,count/min,1,김하은의 Apple Watch,HKQuantityTypeIdentifierHeartRate
Heart rate,2026-07-12 12:23:27+09:00,84.0,count/min,1,김하은의 Apple Watch,HKQuantityTypeIdentifierHeartRate
Heart rate,2026-07-12 12:28:28+09:00,72.0,count/min,1,김하은의 Apple Watch,HKQuantityTypeIdentifierHeartRate
Heart rate,2026-07-12 12:34:59+09:00,81.0,count/min,1,김하은의 Apple Watch,HKQuantityTypeIdentifierHeartRate
Heart rate,2026-07-12 12:37:31+09:00,78.0,count/min,1,김하은의 Apple Watch,HKQuantityTypeIdentifierHeartRate
Heart rate,2026-07-12 12:41:47+09:00,80.0,count/min,1,김하은의 Apple Watch,HKQuantityTypeIdentifierHeartRate
Heart rate,2026-07-12 12:45:00+09:00,128.0,count/min,2,김하은의 Apple Watch,HKQuantityTypeIdentifierHeartRate
Heart rate,2026-07-12 12:47:20+09:00,109.0,count/min,2,김하은의 Apple Watch,HKQuantityTypeIdentifierHeartRate
Heart rate,2026-07-12 12:48:40+09:00,110.0,count/min,0,김하은의 Apple Watch,HKQuantityTypeIdentifierHeartRate
Heart rate,2026-07-12 12:48:41+09:00,110.0,count/min,0,김하은의 Apple Watch,HKQuantityTypeIdentifierHeartRate
Heart rate,2026-07-12 12:48:46+09:00,110.0,count/min,0,김하은의 Apple Watch,HKQuantityTypeIdentifierHeartRate
Heart rate,2026-07-12 12:48:51+09:00,109.0,count/min,0,김하은의 Apple Watch,HKQuantityTypeIdentifierHeartRate
Heart rate,2026-07-12 12:51:48+09:00,127.0,count/min,2,김하은의 Apple Watch,HKQuantityTypeIdentifierHeartRate
Heart rate,2026-07-12 12:54:13+09:00,88.0,count/min,1,김하은의 Apple Watch,HKQuantityTypeIdentifierHeartRate
Heart rate,2026-07-12 12:57:29+09:00,86.0,count/min,1,김하은의 Apple Watch,HKQuantityTypeIdentifierHeartRate
Heart rate,2026-07-12 13:02:15+09:00,80.0,count/min,1,김하은의 Apple Watch,HKQuantityTypeIdentifierHeartRate
Heart rate,2026-07-12 13:02:32+09:00,79.8493,count/min,0,김하은의 Apple Watch,HKQuantityTypeIdentifierHeartRate
Heart rate,2026-07-12 13:08:22+09:00,75.0,count/min,1,김하은의 Apple Watch,HKQuantityTypeIdentifierHeartRate
Heart rate,2026-07-12 13:15:16+09:00,73.0,count/min,1,김하은의 Apple Watch,HKQuantityTypeIdentifierHeartRate
Heart rate,2026-07-12 13:20:15+09:00,73.0,count/min,1,김하은의 Apple Watch,HKQuantityTypeIdentifierHeartRate
Heart rate,2026-07-12 13:22:09+09:00,74.0,count/min,1,김하은의 Apple Watch,HKQuantityTypeIdentifierHeartRate
Heart rate,2026-07-12 13:27:58+09:00,119.0,count/min,2,김하은의 Apple Watch,HKQuantityTypeIdentifierHeartRate
Heart rate,2026-07-12 13:30:39+09:00,74.0,count/min,1,김하은의 Apple Watch,HKQuantityTypeIdentifierHeartRate
Heart rate,2026-07-12 13:31:59+09:00,73.0,count/min,0,김하은의 Apple Watch,HKQuantityTypeIdentifierHeartRate
Heart rate,2026-07-12 13:39:00+09:00,72.0,count/min,1,김하은의 Apple Watch,HKQuantityTypeIdentifierHeartRate
Heart rate,2026-07-12 13:41:59+09:00,111.0,count/min,2,김하은의 Apple Watch,HKQuantityTypeIdentifierHeartRate
Heart rate,2026-07-12 13:45:20+09:00,109.0,count/min,2,김하은의 Apple Watch,HKQuantityTypeIdentifierHeartRate
Heart rate,2026-07-12 13:46:30+09:00,87.0,count/min,1,김하은의 Apple Watch,HKQuantityTypeIdentifierHeartRate
Heart rate,2026-07-12 13:47:54+09:00,88.0,count/min,1,김하은의 Apple Watch,HKQuantityTypeIdentifierHeartRate
Heart rate,2026-07-12 13:52:02+09:00,81.0,count/min,1,김하은의 Apple Watch,HKQuantityTypeIdentifierHeartRate
Heart rate,2026-07-12 13:56:28+09:00,107.0,count/min,2,김하은의 Apple Watch,HKQuantityTypeIdentifierHeartRate
Heart rate,2026-07-12 14:08:33+09:00,102.0,count/min,2,김하은의 Apple Watch,HKQuantityTypeIdentifierHeartRate
Heart rate,2026-07-12 14:21:11+09:00,65.0,count/min,1,김하은의 Apple Watch,HKQuantityTypeIdentifierHeartRate
Heart rate,2026-07-12 14:22:18+09:00,66.0,count/min,0,김하은의 Apple Watch,HKQuantityTypeIdentifierHeartRate
Heart rate,2026-07-12 14:25:33+09:00,84.0,count/min,1,김하은의 Apple Watch,HKQuantityTypeIdentifierHeartRate
Heart rate,2026-07-12 14:28:16+09:00,85.0,count/min,1,김하은의 Apple Watch,HKQuantityTypeIdentifierHeartRate
Heart rate,2026-07-12 14:35:44+09:00,71.0,count/min,1,김하은의 Apple Watch,HKQuantityTypeIdentifierHeartRate
Heart rate,2026-07-12 14:37:48+09:00,72.0,count/min,1,김하은의 Apple Watch,HKQuantityTypeIdentifierHeartRate
Heart rate,2026-07-12 14:42:12+09:00,84.0,count/min,1,김하은의 Apple Watch,HKQuantityTypeIdentifierHeartRate
Heart rate,2026-07-12 14:50:43+09:00,75.0,count/min,1,김하은의 Apple Watch,HKQuantityTypeIdentifierHeartRate
Heart rate,2026-07-12 14:53:22+09:00,73.4423,count/min,0,김하은의 Apple Watch,HKQuantityTypeIdentifierHeartRate
Heart rate,2026-07-12 14:55:37+09:00,69.0,count/min,1,김하은의 Apple Watch,HKQuantityTypeIdentifierHeartRate
Heart rate,2026-07-12 15:01:00+09:00,72.0,count/min,1,김하은의 Apple Watch,HKQuantityTypeIdentifierHeartRate
Heart rate,2026-07-12 15:03:14+09:00,75.0,count/min,1,김하은의 Apple Watch,HKQuantityTypeIdentifierHeartRate
Heart rate,2026-07-12 15:09:15+09:00,71.0,count/min,1,김하은의 Apple Watch,HKQuantityTypeIdentifierHeartRate
Heart rate,2026-07-12 15:14:38+09:00,74.0,count/min,1,김하은의 Apple Watch,HKQuantityTypeIdentifierHeartRate
Heart rate,2026-07-12 15:21:22+09:00,67.0,count/min,1,김하은의 Apple Watch,HKQuantityTypeIdentifierHeartRate
Heart rate,2026-07-12 15:23:17+09:00,74.0,count/min,1,김하은의 Apple Watch,HKQuantityTypeIdentifierHeartRate
Heart rate,2026-07-12 15:27:06+09:00,70.0,count/min,0,김하은의 Apple Watch,HKQuantityTypeIdentifierHeartRate
Heart rate,2026-07-12 15:29:49+09:00,70.0,count/min,1,김하은의 Apple Watch,HKQuantityTypeIdentifierHeartRate
Heart rate,2026-07-12 15:31:35+09:00,80.0,count/min,0,김하은의 Apple Watch,HKQuantityTypeIdentifierHeartRate
Heart rate,2026-07-12 15:39:44+09:00,73.0,count/min,1,김하은의 Apple Watch,HKQuantityTypeIdentifierHeartRate
Heart rate,2026-07-12 15:41:43+09:00,79.0,count/min,1,김하은의 Apple Watch,HKQuantityTypeIdentifierHeartRate
Heart rate,2026-07-12 15:51:06+09:00,80.0,count/min,1,김하은의 Apple Watch,HKQuantityTypeIdentifierHeartRate
Heart rate,2026-07-12 15:52:43+09:00,78.0,count/min,1,김하은의 Apple Watch,HKQuantityTypeIdentifierHeartRate
Heart rate,2026-07-13 11:05:11+09:00,112.0,count/min,2,김하은의 Apple Watch,HKQuantityTypeIdentifierHeartRate
Heart rate,2026-07-13 11:07:53+09:00,140.0,count/min,0,김하은의 Apple Watch,HKQuantityTypeIdentifierHeartRate
Heart rate,2026-07-13 11:07:54+09:00,139.0,count/min,0,김하은의 Apple Watch,HKQuantityTypeIdentifierHeartRate
Heart rate,2026-07-13 11:07:59+09:00,137.0,count/min,0,김하은의 Apple Watch,HKQuantityTypeIdentifierHeartRate
Heart rate,2026-07-13 11:08:04+09:00,137.0,count/min,0,김하은의 Apple Watch,HKQuantityTypeIdentifierHeartRate
Heart rate,2026-07-13 11:08:09+09:00,134.0,count/min,0,김하은의 Apple Watch,HKQuantityTypeIdentifierHeartRate
Heart rate,2026-07-13 11:08:17+09:00,130.0,count/min,0,김하은의 Apple Watch,HKQuantityTypeIdentifierHeartRate
Heart rate,2026-07-13 11:08:20+09:00,128.0,count/min,0,김하은의 Apple Watch,HKQuantityTypeIdentifierHeartRate
Heart rate,2026-07-13 11:08:26+09:00,127.0,count/min,0,김하은의 Apple Watch,HKQuantityTypeIdentifierHeartRate
Heart rate,2026-07-13 11:08:29+09:00,126.0,count/min,0,김하은의 Apple Watch,HKQuantityTypeIdentifierHeartRate
Heart rate,2026-07-13 11:08:38+09:00,126.0,count/min,0,김하은의 Apple Watch,HKQuantityTypeIdentifierHeartRate
Heart rate,2026-07-13 11:08:42+09:00,129.0,count/min,0,김하은의 Apple Watch,HKQuantityTypeIdentifierHeartRate
Heart rate,2026-07-13 11:08:48+09:00,120.0,count/min,0,김하은의 Apple Watch,HKQuantityTypeIdentifierHeartRate
Heart rate,2026-07-13 11:08:50+09:00,120.0,count/min,0,김하은의 Apple Watch,HKQuantityTypeIdentifierHeartRate
Heart rate,2026-07-13 11:08:57+09:00,120.0,count/min,0,김하은의 Apple Watch,HKQuantityTypeIdentifierHeartRate
Heart rate,2026-07-13 11:08:59+09:00,119.0,count/min,0,김하은의 Apple Watch,HKQuantityTypeIdentifierHeartRate
Heart rate,2026-07-13 11:09:07+09:00,117.0,count/min,0,김하은의 Apple Watch,HKQuantityTypeIdentifierHeartRate
Heart rate,2026-07-13 11:09:12+09:00,117.0,count/min,0,김하은의 Apple Watch,HKQuantityTypeIdentifierHeartRate
Heart rate,2026-07-13 11:09:18+09:00,116.0,count/min,0,김하은의 Apple Watch,HKQuantityTypeIdentifierHeartRate
Heart rate,2026-07-13 11:09:23+09:00,117.0,count/min,0,김하은의 Apple Watch,HKQuantityTypeIdentifierHeartRate
Heart rate,2026-07-13 11:09:26+09:00,117.0,count/min,0,김하은의 Apple Watch,HKQuantityTypeIdentifierHeartRate
Heart rate,2026-07-13 11:09:29+09:00,117.0,count/min,0,김하은의 Apple Watch,HKQuantityTypeIdentifierHeartRate
Heart rate,2026-07-13 11:09:37+09:00,118.0,count/min,0,김하은의 Apple Watch,HKQuantityTypeIdentifierHeartRate
Heart rate,2026-07-13 11:09:40+09:00,118.0,count/min,0,김하은의 Apple Watch,HKQuantityTypeIdentifierHeartRate
Heart rate,2026-07-13 11:09:44+09:00,117.0,count/min,0,김하은의 Apple Watch,HKQuantityTypeIdentifierHeartRate
Heart rate,2026-07-13 11:09:49+09:00,119.0,count/min,0,김하은의 Apple Watch,HKQuantityTypeIdentifierHeartRate
Heart rate,2026-07-13 11:09:58+09:00,118.0,count/min,0,김하은의 Apple Watch,HKQuantityTypeIdentifierHeartRate
Heart rate,2026-07-13 11:09:59+09:00,117.0,count/min,0,김하은의 Apple Watch,HKQuantityTypeIdentifierHeartRate
Heart rate,2026-07-13 11:10:08+09:00,115.0,count/min,0,김하은의 Apple Watch,HKQuantityTypeIdentifierHeartRate
Heart rate,2026-07-13 11:10:11+09:00,116.0,count/min,0,김하은의 Apple Watch,HKQuantityTypeIdentifierHeartRate
Heart rate,2026-07-13 11:10:17+09:00,115.0,count/min,0,김하은의 Apple Watch,HKQuantityTypeIdentifierHeartRate
Heart rate,2026-07-13 11:10:19+09:00,115.0,count/min,0,김하은의 Apple Watch,HKQuantityTypeIdentifierHeartRate
Heart rate,2026-07-13 11:10:24+09:00,116.0,count/min,0,김하은의 Apple Watch,HKQuantityTypeIdentifierHeartRate
Heart rate,2026-07-13 11:14:20+09:00,114.0,count/min,0,김하은의 Apple Watch,HKQuantityTypeIdentifierHeartRate
Heart rate,2026-07-13 11:14:50+09:00,105.269,count/min,0,김하은의 Apple Watch,HKQuantityTypeIdentifierHeartRate
Heart rate,2026-07-13 11:14:57+09:00,103.0,count/min,0,김하은의 Apple Watch,HKQuantityTypeIdentifierHeartRate
Heart rate,2026-07-13 11:17:40+09:00,92.0,count/min,0,김하은의 Apple Watch,HKQuantityTypeIdentifierHeartRate
Heart rate,2026-07-13 11:26:29+09:00,96.0,count/min,0,김하은의 Apple Watch,HKQuantityTypeIdentifierHeartRate
Heart rate,2026-07-13 11:30:09+09:00,77.0,count/min,1,김하은의 Apple Watch,HKQuantityTypeIdentifierHeartRate
Heart rate,2026-07-13 11:32:32+09:00,80.0,count/min,1,김하은의 Apple Watch,HKQuantityTypeIdentifierHeartRate
Heart rate,2026-07-13 11:40:16+09:00,94.0,count/min,1,김하은의 Apple Watch,HKQuantityTypeIdentifierHeartRate
Heart rate,2026-07-13 11:46:27+09:00,99.0,count/min,1,김하은의 Apple Watch,HKQuantityTypeIdentifierHeartRate
Heart rate,2026-07-13 11:48:36+09:00,97.0,count/min,1,김하은의 Apple Watch,HKQuantityTypeIdentifierHeartRate
Heart rate,2026-07-13 11:56:45+09:00,115.0,count/min,2,김하은의 Apple Watch,HKQuantityTypeIdentifierHeartRate
Heart rate,2026-07-13 11:58:51+09:00,93.0,count/min,1,김하은의 Apple Watch,HKQuantityTypeIdentifierHeartRate
Heart rate,2026-07-13 12:03:09+09:00,85.0,count/min,1,김하은의 Apple Watch,HKQuantityTypeIdentifierHeartRate
Heart rate,2026-07-13 12:06:39+09:00,84.0,count/min,1,김하은의 Apple Watch,HKQuantityTypeIdentifierHeartRate
Heart rate,2026-07-13 12:15:26+09:00,112.0,count/min,0,김하은의 Apple Watch,HKQuantityTypeIdentifierHeartRate
Heart rate,2026-07-13 12:20:33+09:00,116.0,count/min,2,김하은의 Apple Watch,HKQuantityTypeIdentifierHeartRate
Heart rate,2026-07-13 12:21:29+09:00,111.0,count/min,0,김하은의 Apple Watch,HKQuantityTypeIdentifierHeartRate
Heart rate,2026-07-13 12:22:47+09:00,109.0,count/min,2,김하은의 Apple Watch,HKQuantityTypeIdentifierHeartRate
Heart rate,2026-07-13 12:26:59+09:00,113.0,count/min,2,김하은의 Apple Watch,HKQuantityTypeIdentifierHeartRate
Heart rate,2026-07-13 12:29:13+09:00,117.0,count/min,2,김하은의 Apple Watch,HKQuantityTypeIdentifierHeartRate
Heart rate,2026-07-13 12:31:34+09:00,142.0,count/min,2,김하은의 Apple Watch,HKQuantityTypeIdentifierHeartRate
Heart rate,2026-07-13 12:33:28+09:00,125.0,count/min,0,김하은의 Apple Watch,HKQuantityTypeIdentifierHeartRate
Heart rate,2026-07-13 12:33:32+09:00,126.0,count/min,0,김하은의 Apple Watch,HKQuantityTypeIdentifierHeartRate
Heart rate,2026-07-13 12:33:40+09:00,131.0,count/min,0,김하은의 Apple Watch,HKQuantityTypeIdentifierHeartRate
Heart rate,2026-07-13 12:33:45+09:00,131.0,count/min,0,김하은의 Apple Watch,HKQuantityTypeIdentifierHeartRate
Heart rate,2026-07-13 12:33:48+09:00,131.0,count/min,0,김하은의 Apple Watch,HKQuantityTypeIdentifierHeartRate
Heart rate,2026-07-13 12:43:01+09:00,105.0,count/min,1,김하은의 Apple Watch,HKQuantityTypeIdentifierHeartRate
Heart rate,2026-07-13 12:48:10+09:00,111.0,count/min,0,김하은의 Apple Watch,HKQuantityTypeIdentifierHeartRate
Heart rate,2026-07-13 12:53:46+09:00,100.0,count/min,0,김하은의 Apple Watch,HKQuantityTypeIdentifierHeartRate
Heart rate,2026-07-13 13:03:50+09:00,108.0,count/min,1,김하은의 Apple Watch,HKQuantityTypeIdentifierHeartRate
Heart rate,2026-07-13 13:09:32+09:00,109.0,count/min,1,김하은의 Apple Watch,HKQuantityTypeIdentifierHeartRate
Heart rate,2026-07-13 13:16:28+09:00,105.0,count/min,1,김하은의 Apple Watch,HKQuantityTypeIdentifierHeartRate
Heart rate,2026-07-13 13:16:38+09:00,105.709,count/min,0,김하은의 Apple Watch,HKQuantityTypeIdentifierHeartRate
Heart rate,2026-07-13 13:17:33+09:00,106.0,count/min,1,김하은의 Apple Watch,HKQuantityTypeIdentifierHeartRate
Heart rate,2026-07-13 13:20:47+09:00,123.0,count/min,2,김하은의 Apple Watch,HKQuantityTypeIdentifierHeartRate
Heart rate,2026-07-13 13:21:40+09:00,119.0,count/min,0,김하은의 Apple Watch,HKQuantityTypeIdentifierHeartRate
Heart rate,2026-07-13 13:21:44+09:00,127.0,count/min,0,김하은의 Apple Watch,HKQuantityTypeIdentifierHeartRate
Heart rate,2026-07-13 13:21:46+09:00,127.0,count/min,0,김하은의 Apple Watch,HKQuantityTypeIdentifierHeartRate
Heart rate,2026-07-13 13:21:51+09:00,126.0,count/min,0,김하은의 Apple Watch,HKQuantityTypeIdentifierHeartRate
Heart rate,2026-07-13 13:22:00+09:00,133.0,count/min,0,김하은의 Apple Watch,HKQuantityTypeIdentifierHeartRate
Heart rate,2026-07-13 13:22:02+09:00,135.0,count/min,0,김하은의 Apple Watch,HKQuantityTypeIdentifierHeartRate
Heart rate,2026-07-13 13:22:10+09:00,134.0,count/min,0,김하은의 Apple Watch,HKQuantityTypeIdentifierHeartRate
Heart rate,2026-07-13 13:22:14+09:00,133.0,count/min,0,김하은의 Apple Watch,HKQuantityTypeIdentifierHeartRate
Heart rate,2026-07-13 13:22:16+09:00,133.0,count/min,0,김하은의 Apple Watch,HKQuantityTypeIdentifierHeartRate
Heart rate,2026-07-13 13:22:35+09:00,131.0,count/min,0,김하은의 Apple Watch,HKQuantityTypeIdentifierHeartRate
Heart rate,2026-07-13 13:22:38+09:00,131.0,count/min,0,김하은의 Apple Watch,HKQuantityTypeIdentifierHeartRate
Heart rate,2026-07-13 13:22:41+09:00,131.0,count/min,0,김하은의 Apple Watch,HKQuantityTypeIdentifierHeartRate
Heart rate,2026-07-13 13:22:49+09:00,125.0,count/min,0,김하은의 Apple Watch,HKQuantityTypeIdentifierHeartRate
Heart rate,2026-07-13 13:22:55+09:00,124.0,count/min,0,김하은의 Apple Watch,HKQuantityTypeIdentifierHeartRate
Heart rate,2026-07-13 13:22:57+09:00,123.0,count/min,0,김하은의 Apple Watch,HKQuantityTypeIdentifierHeartRate
Heart rate,2026-07-13 13:23:02+09:00,121.0,count/min,0,김하은의 Apple Watch,HKQuantityTypeIdentifierHeartRate
Heart rate,2026-07-13 13:23:08+09:00,119.0,count/min,0,김하은의 Apple Watch,HKQuantityTypeIdentifierHeartRate
Heart rate,2026-07-13 13:23:11+09:00,118.0,count/min,0,김하은의 Apple Watch,HKQuantityTypeIdentifierHeartRate
Heart rate,2026-07-13 13:23:18+09:00,117.0,count/min,0,김하은의 Apple Watch,HKQuantityTypeIdentifierHeartRate
Heart rate,2026-07-13 13:23:25+09:00,118.0,count/min,0,김하은의 Apple Watch,HKQuantityTypeIdentifierHeartRate
Heart rate,2026-07-13 13:23:29+09:00,117.0,count/min,0,김하은의 Apple Watch,HKQuantityTypeIdentifierHeartRate
Heart rate,2026-07-13 13:23:33+09:00,118.0,count/min,0,김하은의 Apple Watch,HKQuantityTypeIdentifierHeartRate
Heart rate,2026-07-13 13:23:40+09:00,116.0,count/min,0,김하은의 Apple Watch,HKQuantityTypeIdentifierHeartRate
Heart rate,2026-07-13 13:23:41+09:00,116.0,count/min,0,김하은의 Apple Watch,HKQuantityTypeIdentifierHeartRate
Heart rate,2026-07-13 13:23:46+09:00,116.0,count/min,0,김하은의 Apple Watch,HKQuantityTypeIdentifierHeartRate
Heart rate,2026-07-13 13:24:00+09:00,118.0,count/min,0,김하은의 Apple Watch,HKQuantityTypeIdentifierHeartRate
Heart rate,2026-07-13 13:24:05+09:00,119.0,count/min,0,김하은의 Apple Watch,HKQuantityTypeIdentifierHeartRate
Heart rate,2026-07-13 13:24:08+09:00,118.0,count/min,0,김하은의 Apple Watch,HKQuantityTypeIdentifierHeartRate
Heart rate,2026-07-13 13:24:14+09:00,116.0,count/min,0,김하은의 Apple Watch,HKQuantityTypeIdentifierHeartRate
Heart rate,2026-07-13 13:24:19+09:00,116.0,count/min,0,김하은의 Apple Watch,HKQuantityTypeIdentifierHeartRate
Heart rate,2026-07-13 13:24:24+09:00,117.0,count/min,0,김하은의 Apple Watch,HKQuantityTypeIdentifierHeartRate
Heart rate,2026-07-13 13:24:28+09:00,119.0,count/min,0,김하은의 Apple Watch,HKQuantityTypeIdentifierHeartRate
Heart rate,2026-07-13 13:24:31+09:00,120.0,count/min,0,김하은의 Apple Watch,HKQuantityTypeIdentifierHeartRate
Heart rate,2026-07-13 13:27:00+09:00,113.0,count/min,2,김하은의 Apple Watch,HKQuantityTypeIdentifierHeartRate
Heart rate,2026-07-13 13:34:03+09:00,99.0,count/min,0,김하은의 Apple Watch,HKQuantityTypeIdentifierHeartRate
Heart rate,2026-07-13 13:34:52+09:00,110.0,count/min,2,김하은의 Apple Watch,HKQuantityTypeIdentifierHeartRate
Heart rate,2026-07-13 13:37:16+09:00,132.0,count/min,2,김하은의 Apple Watch,HKQuantityTypeIdentifierHeartRate
Heart rate,2026-07-13 13:41:57+09:00,109.0,count/min,2,김하은의 Apple Watch,HKQuantityTypeIdentifierHeartRate
Heart rate,2026-07-13 13:44:17+09:00,114.0,count/min,2,김하은의 Apple Watch,HKQuantityTypeIdentifierHeartRate
Heart rate,2026-07-13 13:45:12+09:00,108.0,count/min,0,김하은의 Apple Watch,HKQuantityTypeIdentifierHeartRate
Heart rate,2026-07-13 13:45:18+09:00,112.0,count/min,0,김하은의 Apple Watch,HKQuantityTypeIdentifierHeartRate
Heart rate,2026-07-13 13:45:24+09:00,116.0,count/min,0,김하은의 Apple Watch,HKQuantityTypeIdentifierHeartRate
Heart rate,2026-07-13 13:45:25+09:00,116.0,count/min,0,김하은의 Apple Watch,HKQuantityTypeIdentifierHeartRate
Heart rate,2026-07-13 13:45:30+09:00,115.0,count/min,0,김하은의 Apple Watch,HKQuantityTypeIdentifierHeartRate
Heart rate,2026-07-13 13:45:35+09:00,115.0,count/min,0,김하은의 Apple Watch,HKQuantityTypeIdentifierHeartRate
Heart rate,2026-07-13 13:45:42+09:00,119.0,count/min,0,김하은의 Apple Watch,HKQuantityTypeIdentifierHeartRate
Heart rate,2026-07-13 13:45:49+09:00,117.0,count/min,0,김하은의 Apple Watch,HKQuantityTypeIdentifierHeartRate
Heart rate,2026-07-13 13:49:50+09:00,110.0,count/min,2,김하은의 Apple Watch,HKQuantityTypeIdentifierHeartRate
Heart rate,2026-07-13 13:51:22+09:00,103.0,count/min,0,김하은의 Apple Watch,HKQuantityTypeIdentifierHeartRate
Heart rate,2026-07-13 13:55:33+09:00,105.0,count/min,2,김하은의 Apple Watch,HKQuantityTypeIdentifierHeartRate
Heart rate,2026-07-13 13:58:25+09:00,107.0,count/min,2,김하은의 Apple Watch,HKQuantityTypeIdentifierHeartRate
Heart rate,2026-07-13 14:00:56+09:00,97.0,count/min,1,김하은의 Apple Watch,HKQuantityTypeIdentifierHeartRate
Heart rate,2026-07-13 14:03:16+09:00,106.0,count/min,2,김하은의 Apple Watch,HKQuantityTypeIdentifierHeartRate
Heart rate,2026-07-13 14:03:55+09:00,106.0,count/min,0,김하은의 Apple Watch,HKQuantityTypeIdentifierHeartRate
Heart rate,2026-07-13 14:04:00+09:00,105.0,count/min,0,김하은의 Apple Watch,HKQuantityTypeIdentifierHeartRate
Heart rate,2026-07-13 14:04:02+09:00,104.0,count/min,0,김하은의 Apple Watch,HKQuantityTypeIdentifierHeartRate
Heart rate,2026-07-13 14:04:07+09:00,101.0,count/min,0,김하은의 Apple Watch,HKQuantityTypeIdentifierHeartRate
Heart rate,2026-07-13 14:04:11+09:00,99.0,count/min,0,김하은의 Apple Watch,HKQuantityTypeIdentifierHeartRate
Heart rate,2026-07-13 14:04:20+09:00,99.0,count/min,0,김하은의 Apple Watch,HKQuantityTypeIdentifierHeartRate
Heart rate,2026-07-13 14:04:24+09:00,102.0,count/min,0,김하은의 Apple Watch,HKQuantityTypeIdentifierHeartRate
Heart rate,2026-07-13 14:08:00+09:00,102.0,count/min,2,김하은의 Apple Watch,HKQuantityTypeIdentifierHeartRate
Heart rate,2026-07-13 14:09:11+09:00,98.0,count/min,0,김하은의 Apple Watch,HKQuantityTypeIdentifierHeartRate
Heart rate,2026-07-13 14:10:26+09:00,100.0,count/min,2,김하은의 Apple Watch,HKQuantityTypeIdentifierHeartRate
Heart rate,2026-07-13 14:15:09+09:00,96.0,count/min,0,김하은의 Apple Watch,HKQuantityTypeIdentifierHeartRate
Heart rate,2026-07-13 14:21:21+09:00,94.0,count/min,0,김하은의 Apple Watch,HKQuantityTypeIdentifierHeartRate
Heart rate,2026-07-13 14:33:04+09:00,92.0,count/min,1,김하은의 Apple Watch,HKQuantityTypeIdentifierHeartRate
Heart rate,2026-07-13 14:38:28+09:00,100.0,count/min,0,김하은의 Apple Watch,HKQuantityTypeIdentifierHeartRate
Heart rate,2026-07-13 14:54:56+09:00,89.0,count/min,1,김하은의 Apple Watch,HKQuantityTypeIdentifierHeartRate
Heart rate,2026-07-13 15:00:12+09:00,96.0,count/min,0,김하은의 Apple Watch,HKQuantityTypeIdentifierHeartRate
Heart rate,2026-07-13 15:00:17+09:00,95.0,count/min,0,김하은의 Apple Watch,HKQuantityTypeIdentifierHeartRate
Heart rate,2026-07-13 15:00:30+09:00,99.0,count/min,0,김하은의 Apple Watch,HKQuantityTypeIdentifierHeartRate
Heart rate,2026-07-13 15:08:12+09:00,96.0,count/min,1,김하은의 Apple Watch,HKQuantityTypeIdentifierHeartRate
Heart rate,2026-07-13 15:19:08+09:00,99.0,count/min,1,김하은의 Apple Watch,HKQuantityTypeIdentifierHeartRate
Heart rate,2026-07-13 15:30:11+09:00,95.0,count/min,0,김하은의 Apple Watch,HKQuantityTypeIdentifierHeartRate
Heart rate,2026-07-13 15:35:35+09:00,90.0,count/min,1,김하은의 Apple Watch,HKQuantityTypeIdentifierHeartRate
Heart rate,2026-07-13 15:37:06+09:00,101.0,count/min,0,김하은의 Apple Watch,HKQuantityTypeIdentifierHeartRate
Heart rate,2026-07-13 15:43:09+09:00,106.0,count/min,0,김하은의 Apple Watch,HKQuantityTypeIdentifierHeartRate
Heart rate,2026-07-13 15:43:14+09:00,108.0,count/min,0,김하은의 Apple Watch,HKQuantityTypeIdentifierHeartRate
Heart rate,2026-07-13 15:43:19+09:00,109.0,count/min,0,김하은의 Apple Watch,HKQuantityTypeIdentifierHeartRate
Heart rate,2026-07-13 15:43:20+09:00,109.0,count/min,0,김하은의 Apple Watch,HKQuantityTypeIdentifierHeartRate
Heart rate,2026-07-13 15:43:29+09:00,107.0,count/min,0,김하은의 Apple Watch,HKQuantityTypeIdentifierHeartRate
Heart rate,2026-07-13 15:43:34+09:00,106.0,count/min,0,김하은의 Apple Watch,HKQuantityTypeIdentifierHeartRate
Heart rate,2026-07-13 15:43:39+09:00,108.0,count/min,0,김하은의 Apple Watch,HKQuantityTypeIdentifierHeartRate
Heart rate,2026-07-13 15:43:42+09:00,110.0,count/min,0,김하은의 Apple Watch,HKQuantityTypeIdentifierHeartRate
Heart rate,2026-07-13 15:43:46+09:00,110.0,count/min,0,김하은의 Apple Watch,HKQuantityTypeIdentifierHeartRate
Heart rate,2026-07-13 15:43:54+09:00,109.0,count/min,0,김하은의 Apple Watch,HKQuantityTypeIdentifierHeartRate
Heart rate,2026-07-13 15:43:58+09:00,109.0,count/min,0,김하은의 Apple Watch,HKQuantityTypeIdentifierHeartRate
Heart rate,2026-07-13 15:44:00+09:00,109.0,count/min,0,김하은의 Apple Watch,HKQuantityTypeIdentifierHeartRate
Heart rate,2026-07-13 15:44:05+09:00,109.0,count/min,0,김하은의 Apple Watch,HKQuantityTypeIdentifierHeartRate
Heart rate,2026-07-13 15:44:13+09:00,105.0,count/min,0,김하은의 Apple Watch,HKQuantityTypeIdentifierHeartRate
Heart rate,2026-07-13 15:44:19+09:00,105.0,count/min,0,김하은의 Apple Watch,HKQuantityTypeIdentifierHeartRate
Heart rate,2026-07-13 15:44:20+09:00,105.0,count/min,0,김하은의 Apple Watch,HKQuantityTypeIdentifierHeartRate
Heart rate,2026-07-13 15:44:25+09:00,105.0,count/min,0,김하은의 Apple Watch,HKQuantityTypeIdentifierHeartRate
Heart rate,2026-07-13 15:44:39+09:00,108.0,count/min,0,김하은의 Apple Watch,HKQuantityTypeIdentifierHeartRate
Heart rate,2026-07-13 15:44:43+09:00,108.0,count/min,0,김하은의 Apple Watch,HKQuantityTypeIdentifierHeartRate
Heart rate,2026-07-13 15:46:30+09:00,120.0,count/min,0,김하은의 Apple Watch,HKQuantityTypeIdentifierHeartRate
Heart rate,2026-07-13 15:46:35+09:00,119.0,count/min,0,김하은의 Apple Watch,HKQuantityTypeIdentifierHeartRate
Heart rate,2026-07-13 15:46:40+09:00,116.0,count/min,0,김하은의 Apple Watch,HKQuantityTypeIdentifierHeartRate
Heart rate,2026-07-13 15:46:44+09:00,115.0,count/min,0,김하은의 Apple Watch,HKQuantityTypeIdentifierHeartRate
Heart rate,2026-07-13 15:46:49+09:00,114.0,count/min,0,김하은의 Apple Watch,HKQuantityTypeIdentifierHeartRate
Heart rate,2026-07-13 15:46:52+09:00,114.0,count/min,0,김하은의 Apple Watch,HKQuantityTypeIdentifierHeartRate
Heart rate,2026-07-13 15:48:50+09:00,101.0,count/min,1,김하은의 Apple Watch,HKQuantityTypeIdentifierHeartRate
Heart rate,2026-07-13 15:55:33+09:00,99.0,count/min,1,김하은의 Apple Watch,HKQuantityTypeIdentifierHeartRate
Heart rate,2026-07-13 15:56:40+09:00,101.0,count/min,1,김하은의 Apple Watch,HKQuantityTypeIdentifierHeartRate
Heart rate,2026-07-13 16:03:56+09:00,98.0,count/min,1,김하은의 Apple Watch,HKQuantityTypeIdentifierHeartRate
Heart rate,2026-07-13 16:11:54+09:00,87.0,count/min,1,김하은의 Apple Watch,HKQuantityTypeIdentifierHeartRate
Heart rate,2026-07-13 16:36:07+09:00,84.0,count/min,1,김하은의 Apple Watch,HKQuantityTypeIdentifierHeartRate
Heart rate,2026-07-13 16:40:57+09:00,81.0,count/min,1,김하은의 Apple Watch,HKQuantityTypeIdentifierHeartRate
Heart rate,2026-07-13 16:45:17+09:00,85.0,count/min,1,김하은의 Apple Watch,HKQuantityTypeIdentifierHeartRate
Heart rate,2026-07-13 16:49:25+09:00,85.0,count/min,1,김하은의 Apple Watch,HKQuantityTypeIdentifierHeartRate
Heart rate,2026-07-13 16:53:23+09:00,84.0,count/min,1,김하은의 Apple Watch,HKQuantityTypeIdentifierHeartRate
Heart rate,2026-07-13 16:54:35+09:00,83.2391,count/min,0,김하은의 Apple Watch,HKQuantityTypeIdentifierHeartRate
Heart rate,2026-07-13 16:54:42+09:00,81.0,count/min,0,김하은의 Apple Watch,HKQuantityTypeIdentifierHeartRate
Heart rate,2026-07-13 16:57:31+09:00,84.0,count/min,1,김하은의 Apple Watch,HKQuantityTypeIdentifierHeartRate
Heart rate,2026-07-13 17:02:25+09:00,85.0,count/min,1,김하은의 Apple Watch,HKQuantityTypeIdentifierHeartRate
Heart rate,2026-07-13 17:10:10+09:00,84.0,count/min,1,김하은의 Apple Watch,HKQuantityTypeIdentifierHeartRate
Heart rate,2026-07-13 17:12:59+09:00,84.0,count/min,1,김하은의 Apple Watch,HKQuantityTypeIdentifierHeartRate
Heart rate,2026-07-13 17:21:01+09:00,85.0,count/min,1,김하은의 Apple Watch,HKQuantityTypeIdentifierHeartRate
Heart rate,2026-07-13 17:22:24+09:00,84.0,count/min,1,김하은의 Apple Watch,HKQuantityTypeIdentifierHeartRate
Heart rate,2026-07-13 17:29:38+09:00,88.0,count/min,1,김하은의 Apple Watch,HKQuantityTypeIdentifierHeartRate
Heart rate,2026-07-13 17:31:35+09:00,89.0,count/min,1,김하은의 Apple Watch,HKQuantityTypeIdentifierHeartRate
Heart rate,2026-07-13 17:36:35+09:00,96.0,count/min,0,김하은의 Apple Watch,HKQuantityTypeIdentifierHeartRate
Heart rate,2026-07-13 17:46:00+09:00,89.0,count/min,0,김하은의 Apple Watch,HKQuantityTypeIdentifierHeartRate
Heart rate,2026-07-13 17:48:52+09:00,88.0,count/min,1,김하은의 Apple Watch,HKQuantityTypeIdentifierHeartRate
Heart rate,2026-07-13 17:55:39+09:00,84.0,count/min,1,김하은의 Apple Watch,HKQuantityTypeIdentifierHeartRate
Heart rate,2026-07-13 17:56:54+09:00,85.0,count/min,1,김하은의 Apple Watch,HKQuantityTypeIdentifierHeartRate
Heart rate,2026-07-13 18:05:47+09:00,86.0,count/min,1,김하은의 Apple Watch,HKQuantityTypeIdentifierHeartRate
Heart rate,2026-07-13 18:11:22+09:00,83.0,count/min,1,김하은의 Apple Watch,HKQuantityTypeIdentifierHeartRate
Heart rate,2026-07-13 18:14:28+09:00,83.0,count/min,1,김하은의 Apple Watch,HKQuantityTypeIdentifierHeartRate
Heart rate,2026-07-13 18:17:45+09:00,83.0,count/min,1,김하은의 Apple Watch,HKQuantityTypeIdentifierHeartRate
Heart rate,2026-07-13 18:22:42+09:00,79.0,count/min,1,김하은의 Apple Watch,HKQuantityTypeIdentifierHeartRate
Heart rate,2026-07-13 18:27:42+09:00,81.0,count/min,1,김하은의 Apple Watch,HKQuantityTypeIdentifierHeartRate
Heart rate,2026-07-13 18:35:53+09:00,84.0,count/min,1,김하은의 Apple Watch,HKQuantityTypeIdentifierHeartRate
Heart rate,2026-07-13 18:37:13+09:00,80.0,count/min,1,김하은의 Apple Watch,HKQuantityTypeIdentifierHeartRate
Heart rate,2026-07-13 18:43:50+09:00,77.0,count/min,1,김하은의 Apple Watch,HKQuantityTypeIdentifierHeartRate
Heart rate,2026-07-13 18:50:43+09:00,99.0,count/min,1,김하은의 Apple Watch,HKQuantityTypeIdentifierHeartRate
Heart rate,2026-07-13 18:53:49+09:00,111.0,count/min,0,김하은의 Apple Watch,HKQuantityTypeIdentifierHeartRate
Heart rate,2026-07-13 19:01:05+09:00,101.0,count/min,0,김하은의 Apple Watch,HKQuantityTypeIdentifierHeartRate
Heart rate,2026-07-13 19:01:09+09:00,101.0,count/min,0,김하은의 Apple Watch,HKQuantityTypeIdentifierHeartRate
Heart rate,2026-07-13 19:01:11+09:00,100.0,count/min,0,김하은의 Apple Watch,HKQuantityTypeIdentifierHeartRate
Heart rate,2026-07-13 19:01:19+09:00,103.0,count/min,0,김하은의 Apple Watch,HKQuantityTypeIdentifierHeartRate
Heart rate,2026-07-13 19:01:24+09:00,105.0,count/min,0,김하은의 Apple Watch,HKQuantityTypeIdentifierHeartRate
Heart rate,2026-07-13 19:01:35+09:00,112.0,count/min,0,김하은의 Apple Watch,HKQuantityTypeIdentifierHeartRate
Heart rate,2026-07-13 19:01:37+09:00,111.0,count/min,0,김하은의 Apple Watch,HKQuantityTypeIdentifierHeartRate
Heart rate,2026-07-13 19:01:56+09:00,106.0,count/min,0,김하은의 Apple Watch,HKQuantityTypeIdentifierHeartRate
Heart rate,2026-07-13 19:05:55+09:00,82.717,count/min,0,김하은의 Apple Watch,HKQuantityTypeIdentifierHeartRate
Heart rate,2026-07-13 19:06:02+09:00,85.0,count/min,1,김하은의 Apple Watch,HKQuantityTypeIdentifierHeartRate
Heart rate,2026-07-13 19:08:26+09:00,83.0,count/min,1,김하은의 Apple Watch,HKQuantityTypeIdentifierHeartRate
Heart rate,2026-07-13 19:14:25+09:00,101.0,count/min,0,김하은의 Apple Watch,HKQuantityTypeIdentifierHeartRate
Heart rate,2026-07-13 19:21:23+09:00,100.0,count/min,1,김하은의 Apple Watch,HKQuantityTypeIdentifierHeartRate
Heart rate,2026-07-13 19:22:44+09:00,97.0,count/min,1,김하은의 Apple Watch,HKQuantityTypeIdentifierHeartRate
Heart rate,2026-07-13 19:28:52+09:00,98.0,count/min,1,김하은의 Apple Watch,HKQuantityTypeIdentifierHeartRate
Heart rate,2026-07-13 19:35:20+09:00,97.0,count/min,1,김하은의 Apple Watch,HKQuantityTypeIdentifierHeartRate
Heart rate,2026-07-13 19:36:56+09:00,96.0,count/min,1,김하은의 Apple Watch,HKQuantityTypeIdentifierHeartRate
Heart rate,2026-07-13 19:43:09+09:00,105.0,count/min,1,김하은의 Apple Watch,HKQuantityTypeIdentifierHeartRate
Heart rate,2026-07-13 19:48:03+09:00,106.0,count/min,1,김하은의 Apple Watch,HKQuantityTypeIdentifierHeartRate
Heart rate,2026-07-13 19:53:29+09:00,105.0,count/min,1,김하은의 Apple Watch,HKQuantityTypeIdentifierHeartRate
Heart rate,2026-07-13 20:00:06+09:00,103.0,count/min,1,김하은의 Apple Watch,HKQuantityTypeIdentifierHeartRate
Heart rate,2026-07-13 20:02:09+09:00,104.0,count/min,1,김하은의 Apple Watch,HKQuantityTypeIdentifierHeartRate
Heart rate,2026-07-13 20:08:13+09:00,99.0,count/min,1,김하은의 Apple Watch,HKQuantityTypeIdentifierHeartRate
Heart rate,2026-07-13 20:11:44+09:00,99.0,count/min,1,김하은의 Apple Watch,HKQuantityTypeIdentifierHeartRate
Heart rate,2026-07-13 20:15:55+09:00,91.0,count/min,0,김하은의 Apple Watch,HKQuantityTypeIdentifierHeartRate
Heart rate,2026-07-13 20:19:54+09:00,96.0,count/min,1,김하은의 Apple Watch,HKQuantityTypeIdentifierHeartRate
Heart rate,2026-07-13 20:21:56+09:00,101.0,count/min,1,김하은의 Apple Watch,HKQuantityTypeIdentifierHeartRate
Heart rate,2026-07-13 20:30:07+09:00,88.0,count/min,1,김하은의 Apple Watch,HKQuantityTypeIdentifierHeartRate
Heart rate,2026-07-13 20:31:49+09:00,95.0,count/min,1,김하은의 Apple Watch,HKQuantityTypeIdentifierHeartRate
Heart rate,2026-07-13 20:46:30+09:00,81.0,count/min,0,김하은의 Apple Watch,HKQuantityTypeIdentifierHeartRate
Heart rate,2026-07-13 20:51:17+09:00,88.0,count/min,1,김하은의 Apple Watch,HKQuantityTypeIdentifierHeartRate
Heart rate,2026-07-13 20:52:32+09:00,87.2632,count/min,0,김하은의 Apple Watch,HKQuantityTypeIdentifierHeartRate
Heart rate,2026-07-13 20:53:16+09:00,90.0,count/min,0,김하은의 Apple Watch,HKQuantityTypeIdentifierHeartRate
Heart rate,2026-07-13 21:02:15+09:00,87.0,count/min,1,김하은의 Apple Watch,HKQuantityTypeIdentifierHeartRate
Heart rate,2026-07-13 21:07:16+09:00,92.0,count/min,0,김하은의 Apple Watch,HKQuantityTypeIdentifierHeartRate
Heart rate,2026-07-13 21:11:39+09:00,96.0,count/min,0,김하은의 Apple Watch,HKQuantityTypeIdentifierHeartRate
Heart rate,2026-07-13 21:11:44+09:00,97.0,count/min,0,김하은의 Apple Watch,HKQuantityTypeIdentifierHeartRate
Heart rate,2026-07-13 21:11:49+09:00,97.0,count/min,0,김하은의 Apple Watch,HKQuantityTypeIdentifierHeartRate
Heart rate,2026-07-13 21:17:43+09:00,90.0,count/min,0,김하은의 Apple Watch,HKQuantityTypeIdentifierHeartRate
Heart rate,2026-07-13 21:22:59+09:00,87.0,count/min,0,김하은의 Apple Watch,HKQuantityTypeIdentifierHeartRate
Heart rate,2026-07-13 21:32:47+09:00,106.0,count/min,1,김하은의 Apple Watch,HKQuantityTypeIdentifierHeartRate
Heart rate,2026-07-13 21:39:05+09:00,90.0,count/min,1,김하은의 Apple Watch,HKQuantityTypeIdentifierHeartRate
Heart rate,2026-07-13 21:55:20+09:00,97.0,count/min,1,김하은의 Apple Watch,HKQuantityTypeIdentifierHeartRate
Heart rate,2026-07-13 21:56:49+09:00,99.0,count/min,1,김하은의 Apple Watch,HKQuantityTypeIdentifierHeartRate
Heart rate,2026-07-13 22:00:08+09:00,85.0,count/min,0,김하은의 Apple Watch,HKQuantityTypeIdentifierHeartRate
Heart rate,2026-07-13 22:02:02+09:00,81.0,count/min,1,김하은의 Apple Watch,HKQuantityTypeIdentifierHeartRate
Heart rate,2026-07-13 22:10:39+09:00,79.0,count/min,1,김하은의 Apple Watch,HKQuantityTypeIdentifierHeartRate
Heart rate,2026-07-13 22:12:53+09:00,88.0,count/min,1,김하은의 Apple Watch,HKQuantityTypeIdentifierHeartRate
Heart rate,2026-07-13 22:16:48+09:00,83.0,count/min,1,김하은의 Apple Watch,HKQuantityTypeIdentifierHeartRate
Heart rate,2026-07-13 22:25:39+09:00,80.0,count/min,1,김하은의 Apple Watch,HKQuantityTypeIdentifierHeartRate
Heart rate,2026-07-13 22:37:17+09:00,105.0,count/min,0,김하은의 Apple Watch,HKQuantityTypeIdentifierHeartRate
Heart rate,2026-07-13 22:41:36+09:00,88.0,count/min,0,김하은의 Apple Watch,HKQuantityTypeIdentifierHeartRate
Heart rate,2026-07-14 12:58:21+09:00,98.0,count/min,0,김하은의 Apple Watch,HKQuantityTypeIdentifierHeartRate
Heart rate,2026-07-14 13:03:52+09:00,76.0,count/min,1,김하은의 Apple Watch,HKQuantityTypeIdentifierHeartRate
Heart rate,2026-07-14 13:09:40+09:00,90.0,count/min,0,김하은의 Apple Watch,HKQuantityTypeIdentifierHeartRate
Heart rate,2026-07-14 13:20:57+09:00,75.0,count/min,1,김하은의 Apple Watch,HKQuantityTypeIdentifierHeartRate
Heart rate,2026-07-14 13:22:59+09:00,67.0,count/min,1,김하은의 Apple Watch,HKQuantityTypeIdentifierHeartRate
Heart rate,2026-07-14 13:30:16+09:00,75.0,count/min,1,김하은의 Apple Watch,HKQuantityTypeIdentifierHeartRate
Heart rate,2026-07-14 13:35:47+09:00,80.3863,count/min,0,김하은의 Apple Watch,HKQuantityTypeIdentifierHeartRate
Heart rate,2026-07-14 13:35:52+09:00,83.0,count/min,0,김하은의 Apple Watch,HKQuantityTypeIdentifierHeartRate
Heart rate,2026-07-14 13:36:26+09:00,80.0,count/min,1,김하은의 Apple Watch,HKQuantityTypeIdentifierHeartRate
Heart rate,2026-07-14 13:37:38+09:00,74.0,count/min,1,김하은의 Apple Watch,HKQuantityTypeIdentifierHeartRate
Heart rate,2026-07-14 13:43:06+09:00,79.0,count/min,1,김하은의 Apple Watch,HKQuantityTypeIdentifierHeartRate
Heart rate,2026-07-14 13:54:02+09:00,84.0,count/min,1,김하은의 Apple Watch,HKQuantityTypeIdentifierHeartRate
Heart rate,2026-07-14 14:00:21+09:00,95.0,count/min,1,김하은의 Apple Watch,HKQuantityTypeIdentifierHeartRate
Heart rate,2026-07-14 14:02:57+09:00,81.0,count/min,1,김하은의 Apple Watch,HKQuantityTypeIdentifierHeartRate
Heart rate,2026-07-14 14:07:12+09:00,75.0,count/min,1,김하은의 Apple Watch,HKQuantityTypeIdentifierHeartRate
Heart rate,2026-07-14 14:12:12+09:00,80.0,count/min,1,김하은의 Apple Watch,HKQuantityTypeIdentifierHeartRate
Heart rate,2026-07-14 14:19:17+09:00,79.0,count/min,1,김하은의 Apple Watch,HKQuantityTypeIdentifierHeartRate
Heart rate,2026-07-14 14:21:49+09:00,86.0,count/min,1,김하은의 Apple Watch,HKQuantityTypeIdentifierHeartRate
Heart rate,2026-07-14 14:28:00+09:00,73.0,count/min,1,김하은의 Apple Watch,HKQuantityTypeIdentifierHeartRate
Heart rate,2026-07-14 14:34:36+09:00,79.0,count/min,1,김하은의 Apple Watch,HKQuantityTypeIdentifierHeartRate
Heart rate,2026-07-15 10:44:40+09:00,100.0,count/min,0,김하은의 Apple Watch,HKQuantityTypeIdentifierHeartRate
Heart rate,2026-07-15 10:45:23+09:00,96.0,count/min,2,김하은의 Apple Watch,HKQuantityTypeIdentifierHeartRate
Heart rate,2026-07-15 10:47:42+09:00,139.0,count/min,2,김하은의 Apple Watch,HKQuantityTypeIdentifierHeartRate
Heart rate,2026-07-15 10:50:02+09:00,104.0,count/min,2,김하은의 Apple Watch,HKQuantityTypeIdentifierHeartRate
Heart rate,2026-07-15 10:52:19+09:00,149.0,count/min,2,김하은의 Apple Watch,HKQuantityTypeIdentifierHeartRate
Heart rate,2026-07-15 10:52:49+09:00,154.0,count/min,0,김하은의 Apple Watch,HKQuantityTypeIdentifierHeartRate
Heart rate,2026-07-15 10:52:54+09:00,151.0,count/min,0,김하은의 Apple Watch,HKQuantityTypeIdentifierHeartRate
Heart rate,2026-07-15 10:52:56+09:00,149.0,count/min,0,김하은의 Apple Watch,HKQuantityTypeIdentifierHeartRate
Heart rate,2026-07-15 10:53:04+09:00,142.0,count/min,0,김하은의 Apple Watch,HKQuantityTypeIdentifierHeartRate
Heart rate,2026-07-15 10:53:06+09:00,141.0,count/min,0,김하은의 Apple Watch,HKQuantityTypeIdentifierHeartRate
Heart rate,2026-07-15 10:53:12+09:00,137.0,count/min,0,김하은의 Apple Watch,HKQuantityTypeIdentifierHeartRate
Heart rate,2026-07-15 10:53:19+09:00,131.0,count/min,0,김하은의 Apple Watch,HKQuantityTypeIdentifierHeartRate
Heart rate,2026-07-15 10:53:21+09:00,131.0,count/min,0,김하은의 Apple Watch,HKQuantityTypeIdentifierHeartRate
Heart rate,2026-07-15 10:53:29+09:00,126.0,count/min,0,김하은의 Apple Watch,HKQuantityTypeIdentifierHeartRate
Heart rate,2026-07-15 10:53:34+09:00,121.0,count/min,0,김하은의 Apple Watch,HKQuantityTypeIdentifierHeartRate
Heart rate,2026-07-15 10:53:38+09:00,119.0,count/min,0,김하은의 Apple Watch,HKQuantityTypeIdentifierHeartRate
Heart rate,2026-07-15 10:53:44+09:00,121.0,count/min,0,김하은의 Apple Watch,HKQuantityTypeIdentifierHeartRate
Heart rate,2026-07-15 10:53:46+09:00,122.0,count/min,0,김하은의 Apple Watch,HKQuantityTypeIdentifierHeartRate
Heart rate,2026-07-15 10:53:54+09:00,123.0,count/min,0,김하은의 Apple Watch,HKQuantityTypeIdentifierHeartRate
Heart rate,2026-07-15 10:53:55+09:00,123.0,count/min,0,김하은의 Apple Watch,HKQuantityTypeIdentifierHeartRate
Heart rate,2026-07-15 10:54:00+09:00,122.0,count/min,0,김하은의 Apple Watch,HKQuantityTypeIdentifierHeartRate
Heart rate,2026-07-15 10:54:09+09:00,102.0,count/min,0,김하은의 Apple Watch,HKQuantityTypeIdentifierHeartRate
Heart rate,2026-07-15 10:54:14+09:00,98.0,count/min,0,김하은의 Apple Watch,HKQuantityTypeIdentifierHeartRate
Heart rate,2026-07-15 10:54:16+09:00,98.0,count/min,0,김하은의 Apple Watch,HKQuantityTypeIdentifierHeartRate
Heart rate,2026-07-15 10:54:26+09:00,96.0,count/min,0,김하은의 Apple Watch,HKQuantityTypeIdentifierHeartRate
Heart rate,2026-07-15 10:54:52+09:00,94.0,count/min,1,김하은의 Apple Watch,HKQuantityTypeIdentifierHeartRate
Heart rate,2026-07-15 11:01:27+09:00,84.0,count/min,1,김하은의 Apple Watch,HKQuantityTypeIdentifierHeartRate
Heart rate,2026-07-15 11:05:32+09:00,86.0,count/min,1,김하은의 Apple Watch,HKQuantityTypeIdentifierHeartRate
Heart rate,2026-07-15 11:11:11+09:00,80.0,count/min,1,김하은의 Apple Watch,HKQuantityTypeIdentifierHeartRate
Heart rate,2026-07-15 11:13:29+09:00,78.3139,count/min,0,김하은의 Apple Watch,HKQuantityTypeIdentifierHeartRate
Heart rate,2026-07-15 11:18:27+09:00,80.0,count/min,1,김하은의 Apple Watch,HKQuantityTypeIdentifierHeartRate
Heart rate,2026-07-15 11:22:17+09:00,78.0,count/min,1,김하은의 Apple Watch,HKQuantityTypeIdentifierHeartRate
Heart rate,2026-07-15 11:23:07+09:00,80.0,count/min,0,김하은의 Apple Watch,HKQuantityTypeIdentifierHeartRate
Heart rate,2026-07-15 11:24:52+09:00,84.0,count/min,1,김하은의 Apple Watch,HKQuantityTypeIdentifierHeartRate
Heart rate,2026-07-15 11:30:25+09:00,104.0,count/min,0,김하은의 Apple Watch,HKQuantityTypeIdentifierHeartRate
Heart rate,2026-07-15 11:31:23+09:00,99.0,count/min,2,김하은의 Apple Watch,HKQuantityTypeIdentifierHeartRate
Heart rate,2026-07-15 11:37:56+09:00,86.0,count/min,0,김하은의 Apple Watch,HKQuantityTypeIdentifierHeartRate
Heart rate,2026-07-15 11:42:04+09:00,80.0,count/min,1,김하은의 Apple Watch,HKQuantityTypeIdentifierHeartRate
Heart rate,2026-07-15 11:44:33+09:00,82.0,count/min,0,김하은의 Apple Watch,HKQuantityTypeIdentifierHeartRate
Heart rate,2026-07-15 11:57:55+09:00,79.0,count/min,1,김하은의 Apple Watch,HKQuantityTypeIdentifierHeartRate
Heart rate,2026-07-15 12:00:33+09:00,91.0,count/min,1,김하은의 Apple Watch,HKQuantityTypeIdentifierHeartRate
Heart rate,2026-07-15 12:06:19+09:00,90.0,count/min,1,김하은의 Apple Watch,HKQuantityTypeIdentifierHeartRate
Heart rate,2026-07-15 12:11:27+09:00,93.0,count/min,1,김하은의 Apple Watch,HKQuantityTypeIdentifierHeartRate
Heart rate,2026-07-15 12:13:54+09:00,93.0,count/min,1,김하은의 Apple Watch,HKQuantityTypeIdentifierHeartRate
Heart rate,2026-07-15 12:20:22+09:00,93.0,count/min,1,김하은의 Apple Watch,HKQuantityTypeIdentifierHeartRate
Heart rate,2026-07-15 12:25:32+09:00,94.0,count/min,1,김하은의 Apple Watch,HKQuantityTypeIdentifierHeartRate
Heart rate,2026-07-15 12:29:01+09:00,86.7181,count/min,0,김하은의 Apple Watch,HKQuantityTypeIdentifierHeartRate
Heart rate,2026-07-15 12:33:46+09:00,89.0,count/min,1,김하은의 Apple Watch,HKQuantityTypeIdentifierHeartRate
Heart rate,2026-07-15 12:37:32+09:00,88.0,count/min,1,김하은의 Apple Watch,HKQuantityTypeIdentifierHeartRate
Heart rate,2026-07-15 12:43:03+09:00,81.0,count/min,1,김하은의 Apple Watch,HKQuantityTypeIdentifierHeartRate
Heart rate,2026-07-15 12:45:48+09:00,89.0,count/min,1,김하은의 Apple Watch,HKQuantityTypeIdentifierHeartRate
Heart rate,2026-07-15 12:48:54+09:00,81.0,count/min,1,김하은의 Apple Watch,HKQuantityTypeIdentifierHeartRate
Heart rate,2026-07-15 12:59:42+09:00,97.0,count/min,0,김하은의 Apple Watch,HKQuantityTypeIdentifierHeartRate
Heart rate,2026-07-15 13:05:39+09:00,87.0,count/min,1,김하은의 Apple Watch,HKQuantityTypeIdentifierHeartRate
Heart rate,2026-07-15 13:09:49+09:00,85.0,count/min,1,김하은의 Apple Watch,HKQuantityTypeIdentifierHeartRate
Heart rate,2026-07-15 13:14:00+09:00,88.0,count/min,0,김하은의 Apple Watch,HKQuantityTypeIdentifierHeartRate
Heart rate,2026-07-15 13:16:42+09:00,112.0,count/min,2,김하은의 Apple Watch,HKQuantityTypeIdentifierHeartRate
Heart rate,2026-07-15 13:16:50+09:00,113.0,count/min,0,김하은의 Apple Watch,HKQuantityTypeIdentifierHeartRate
Heart rate,2026-07-15 13:16:55+09:00,114.0,count/min,0,김하은의 Apple Watch,HKQuantityTypeIdentifierHeartRate
Heart rate,2026-07-15 13:17:00+09:00,111.0,count/min,0,김하은의 Apple Watch,HKQuantityTypeIdentifierHeartRate
Heart rate,2026-07-15 13:17:04+09:00,111.0,count/min,0,김하은의 Apple Watch,HKQuantityTypeIdentifierHeartRate
Heart rate,2026-07-15 13:17:06+09:00,113.0,count/min,0,김하은의 Apple Watch,HKQuantityTypeIdentifierHeartRate
Heart rate,2026-07-15 13:17:14+09:00,114.0,count/min,0,김하은의 Apple Watch,HKQuantityTypeIdentifierHeartRate
Heart rate,2026-07-15 13:17:20+09:00,113.0,count/min,0,김하은의 Apple Watch,HKQuantityTypeIdentifierHeartRate
Heart rate,2026-07-15 13:17:21+09:00,113.0,count/min,0,김하은의 Apple Watch,HKQuantityTypeIdentifierHeartRate
Heart rate,2026-07-15 13:20:03+09:00,121.0,count/min,0,김하은의 Apple Watch,HKQuantityTypeIdentifierHeartRate
Heart rate,2026-07-15 13:20:08+09:00,125.0,count/min,0,김하은의 Apple Watch,HKQuantityTypeIdentifierHeartRate
Heart rate,2026-07-15 13:20:12+09:00,122.0,count/min,0,김하은의 Apple Watch,HKQuantityTypeIdentifierHeartRate
Heart rate,2026-07-15 13:20:15+09:00,120.0,count/min,0,김하은의 Apple Watch,HKQuantityTypeIdentifierHeartRate
Heart rate,2026-07-15 13:20:20+09:00,118.0,count/min,0,김하은의 Apple Watch,HKQuantityTypeIdentifierHeartRate
Heart rate,2026-07-15 13:20:25+09:00,115.0,count/min,0,김하은의 Apple Watch,HKQuantityTypeIdentifierHeartRate
Heart rate,2026-07-15 13:20:29+09:00,111.0,count/min,0,김하은의 Apple Watch,HKQuantityTypeIdentifierHeartRate
Heart rate,2026-07-15 13:20:38+09:00,108.0,count/min,0,김하은의 Apple Watch,HKQuantityTypeIdentifierHeartRate
Heart rate,2026-07-15 13:20:39+09:00,108.0,count/min,0,김하은의 Apple Watch,HKQuantityTypeIdentifierHeartRate
Heart rate,2026-07-15 13:22:35+09:00,99.0,count/min,0,김하은의 Apple Watch,HKQuantityTypeIdentifierHeartRate
Heart rate,2026-07-15 13:22:42+09:00,100.0,count/min,0,김하은의 Apple Watch,HKQuantityTypeIdentifierHeartRate
Heart rate,2026-07-15 13:22:57+09:00,107.0,count/min,0,김하은의 Apple Watch,HKQuantityTypeIdentifierHeartRate
Heart rate,2026-07-15 13:23:00+09:00,107.0,count/min,0,김하은의 Apple Watch,HKQuantityTypeIdentifierHeartRate
Heart rate,2026-07-15 13:23:03+09:00,107.0,count/min,0,김하은의 Apple Watch,HKQuantityTypeIdentifierHeartRate
Heart rate,2026-07-15 13:23:12+09:00,110.0,count/min,0,김하은의 Apple Watch,HKQuantityTypeIdentifierHeartRate
Heart rate,2026-07-15 13:23:15+09:00,110.0,count/min,0,김하은의 Apple Watch,HKQuantityTypeIdentifierHeartRate
Heart rate,2026-07-15 13:23:27+09:00,110.0,count/min,0,김하은의 Apple Watch,HKQuantityTypeIdentifierHeartRate
Heart rate,2026-07-15 13:23:30+09:00,110.0,count/min,0,김하은의 Apple Watch,HKQuantityTypeIdentifierHeartRate
Heart rate,2026-07-15 13:23:33+09:00,111.0,count/min,0,김하은의 Apple Watch,HKQuantityTypeIdentifierHeartRate
Heart rate,2026-07-15 13:23:38+09:00,112.0,count/min,0,김하은의 Apple Watch,HKQuantityTypeIdentifierHeartRate
Heart rate,2026-07-15 13:27:17+09:00,97.0,count/min,0,김하은의 Apple Watch,HKQuantityTypeIdentifierHeartRate
Heart rate,2026-07-15 13:27:19+09:00,94.0,count/min,0,김하은의 Apple Watch,HKQuantityTypeIdentifierHeartRate
Heart rate,2026-07-15 13:27:25+09:00,94.0,count/min,0,김하은의 Apple Watch,HKQuantityTypeIdentifierHeartRate
Heart rate,2026-07-15 13:27:33+09:00,95.0,count/min,0,김하은의 Apple Watch,HKQuantityTypeIdentifierHeartRate
Heart rate,2026-07-15 13:27:38+09:00,95.0,count/min,0,김하은의 Apple Watch,HKQuantityTypeIdentifierHeartRate
Heart rate,2026-07-15 13:27:42+09:00,94.0,count/min,0,김하은의 Apple Watch,HKQuantityTypeIdentifierHeartRate
Heart rate,2026-07-15 13:27:47+09:00,93.0,count/min,0,김하은의 Apple Watch,HKQuantityTypeIdentifierHeartRate
Heart rate,2026-07-15 13:28:20+09:00,86.0,count/min,0,김하은의 Apple Watch,HKQuantityTypeIdentifierHeartRate
Heart rate,2026-07-15 13:28:28+09:00,88.0,count/min,0,김하은의 Apple Watch,HKQuantityTypeIdentifierHeartRate
Heart rate,2026-07-15 13:28:32+09:00,90.0,count/min,0,김하은의 Apple Watch,HKQuantityTypeIdentifierHeartRate
Heart rate,2026-07-15 13:29:37+09:00,123.0,count/min,0,김하은의 Apple Watch,HKQuantityTypeIdentifierHeartRate
Heart rate,2026-07-15 13:34:55+09:00,132.0,count/min,2,김하은의 Apple Watch,HKQuantityTypeIdentifierHeartRate
Heart rate,2026-07-15 13:37:20+09:00,135.0,count/min,2,김하은의 Apple Watch,HKQuantityTypeIdentifierHeartRate
Heart rate,2026-07-15 13:40:33+09:00,100.0,count/min,0,김하은의 Apple Watch,HKQuantityTypeIdentifierHeartRate
Heart rate,2026-07-15 13:52:28+09:00,91.0,count/min,1,김하은의 Apple Watch,HKQuantityTypeIdentifierHeartRate
Heart rate,2026-07-15 13:54:49+09:00,82.0,count/min,1,김하은의 Apple Watch,HKQuantityTypeIdentifierHeartRate
Heart rate,2026-07-15 14:00:30+09:00,102.0,count/min,2,김하은의 Apple Watch,HKQuantityTypeIdentifierHeartRate
Heart rate,2026-07-15 14:02:30+09:00,86.0,count/min,1,김하은의 Apple Watch,HKQuantityTypeIdentifierHeartRate
Heart rate,2026-07-15 14:04:16+09:00,98.0,count/min,1,김하은의 Apple Watch,HKQuantityTypeIdentifierHeartRate
Heart rate,2026-07-15 14:10:09+09:00,89.0,count/min,0,김하은의 Apple Watch,HKQuantityTypeIdentifierHeartRate
Heart rate,2026-07-15 14:14:06+09:00,91.0,count/min,1,김하은의 Apple Watch,HKQuantityTypeIdentifierHeartRate
Heart rate,2026-07-15 14:19:14+09:00,81.0,count/min,1,김하은의 Apple Watch,HKQuantityTypeIdentifierHeartRate
Heart rate,2026-07-15 14:28:37+09:00,82.0,count/min,1,김하은의 Apple Watch,HKQuantityTypeIdentifierHeartRate
Heart rate,2026-07-15 14:32:47+09:00,81.0,count/min,1,김하은의 Apple Watch,HKQuantityTypeIdentifierHeartRate
Heart rate,2026-07-15 14:37:48+09:00,81.0,count/min,1,김하은의 Apple Watch,HKQuantityTypeIdentifierHeartRate
Heart rate,2026-07-15 14:38:58+09:00,96.0,count/min,1,김하은의 Apple Watch,HKQuantityTypeIdentifierHeartRate
Heart rate,2026-07-15 14:44:37+09:00,90.0,count/min,1,김하은의 Apple Watch,HKQuantityTypeIdentifierHeartRate
Heart rate,2026-07-15 14:54:32+09:00,95.0,count/min,0,김하은의 Apple Watch,HKQuantityTypeIdentifierHeartRate
Heart rate,2026-07-15 15:01:01+09:00,86.0,count/min,1,김하은의 Apple Watch,HKQuantityTypeIdentifierHeartRate
Heart rate,2026-07-15 15:06:33+09:00,115.0,count/min,2,김하은의 Apple Watch,HKQuantityTypeIdentifierHeartRate
Heart rate,2026-07-15 15:09:07+09:00,102.0,count/min,2,김하은의 Apple Watch,HKQuantityTypeIdentifierHeartRate
Heart rate,2026-07-15 15:11:26+09:00,133.0,count/min,2,김하은의 Apple Watch,HKQuantityTypeIdentifierHeartRate
Heart rate,2026-07-15 15:16:07+09:00,84.0,count/min,0,김하은의 Apple Watch,HKQuantityTypeIdentifierHeartRate
Heart rate,2026-07-15 15:18:54+09:00,72.0,count/min,0,김하은의 Apple Watch,HKQuantityTypeIdentifierHeartRate
Heart rate,2026-07-15 15:27:00+09:00,91.0,count/min,1,김하은의 Apple Watch,HKQuantityTypeIdentifierHeartRate
Heart rate,2026-07-15 15:28:28+09:00,88.8776,count/min,0,김하은의 Apple Watch,HKQuantityTypeIdentifierHeartRate
Heart rate,2026-07-15 15:39:45+09:00,86.0,count/min,2,김하은의 Apple Watch,HKQuantityTypeIdentifierHeartRate
Heart rate,2026-07-15 15:41:51+09:00,88.0,count/min,1,김하은의 Apple Watch,HKQuantityTypeIdentifierHeartRate
Heart rate,2026-07-15 15:47:16+09:00,87.0,count/min,2,김하은의 Apple Watch,HKQuantityTypeIdentifierHeartRate
Heart rate,2026-07-15 15:53:00+09:00,78.0,count/min,0,김하은의 Apple Watch,HKQuantityTypeIdentifierHeartRate
Heart rate,2026-07-15 15:57:43+09:00,85.0,count/min,0,김하은의 Apple Watch,HKQuantityTypeIdentifierHeartRate
Heart rate,2026-07-15 16:02:25+09:00,79.0,count/min,1,김하은의 Apple Watch,HKQuantityTypeIdentifierHeartRate
Heart rate,2026-07-15 16:06:36+09:00,94.0,count/min,2,김하은의 Apple Watch,HKQuantityTypeIdentifierHeartRate
Heart rate,2026-07-15 16:07:31+09:00,88.0,count/min,0,김하은의 Apple Watch,HKQuantityTypeIdentifierHeartRate
Heart rate,2026-07-15 16:09:21+09:00,74.0,count/min,0,김하은의 Apple Watch,HKQuantityTypeIdentifierHeartRate
Heart rate,2026-07-15 16:13:46+09:00,87.0,count/min,2,김하은의 Apple Watch,HKQuantityTypeIdentifierHeartRate
Heart rate,2026-07-15 16:16:05+09:00,101.0,count/min,2,김하은의 Apple Watch,HKQuantityTypeIdentifierHeartRate
Heart rate,2026-07-15 16:18:46+09:00,87.0,count/min,0,김하은의 Apple Watch,HKQuantityTypeIdentifierHeartRate
Heart rate,2026-07-15 16:21:30+09:00,103.0,count/min,2,김하은의 Apple Watch,HKQuantityTypeIdentifierHeartRate
Heart rate,2026-07-15 16:23:54+09:00,100.0,count/min,2,김하은의 Apple Watch,HKQuantityTypeIdentifierHeartRate
Heart rate,2026-07-15 16:26:15+09:00,96.0,count/min,2,김하은의 Apple Watch,HKQuantityTypeIdentifierHeartRate
Heart rate,2026-07-15 16:28:08+09:00,83.0,count/min,1,김하은의 Apple Watch,HKQuantityTypeIdentifierHeartRate
Heart rate,2026-07-15 16:30:06+09:00,83.4994,count/min,0,김하은의 Apple Watch,HKQuantityTypeIdentifierHeartRate
Heart rate,2026-07-15 16:30:51+09:00,84.0,count/min,1,김하은의 Apple Watch,HKQuantityTypeIdentifierHeartRate
Heart rate,2026-07-15 16:34:31+09:00,80.0,count/min,1,김하은의 Apple Watch,HKQuantityTypeIdentifierHeartRate
Heart rate,2026-07-15 16:35:03+09:00,82.0,count/min,0,김하은의 Apple Watch,HKQuantityTypeIdentifierHeartRate
Heart rate,2026-07-15 16:43:36+09:00,79.0,count/min,1,김하은의 Apple Watch,HKQuantityTypeIdentifierHeartRate
Heart rate,2026-07-15 16:45:28+09:00,85.0,count/min,1,김하은의 Apple Watch,HKQuantityTypeIdentifierHeartRate
Heart rate,2026-07-15 16:50:13+09:00,83.0,count/min,1,김하은의 Apple Watch,HKQuantityTypeIdentifierHeartRate
Heart rate,2026-07-15 16:55:33+09:00,117.0,count/min,2,김하은의 Apple Watch,HKQuantityTypeIdentifierHeartRate
Heart rate,2026-07-15 16:57:55+09:00,100.0,count/min,2,김하은의 Apple Watch,HKQuantityTypeIdentifierHeartRate
Heart rate,2026-07-15 17:00:16+09:00,121.0,count/min,2,김하은의 Apple Watch,HKQuantityTypeIdentifierHeartRate
Heart rate,2026-07-15 17:01:55+09:00,113.0,count/min,0,김하은의 Apple Watch,HKQuantityTypeIdentifierHeartRate
Heart rate,2026-07-15 17:01:59+09:00,114.0,count/min,0,김하은의 Apple Watch,HKQuantityTypeIdentifierHeartRate
Heart rate,2026-07-15 17:02:02+09:00,114.0,count/min,0,김하은의 Apple Watch,HKQuantityTypeIdentifierHeartRate
Heart rate,2026-07-15 17:02:10+09:00,111.0,count/min,0,김하은의 Apple Watch,HKQuantityTypeIdentifierHeartRate
Heart rate,2026-07-15 17:02:13+09:00,111.0,count/min,0,김하은의 Apple Watch,HKQuantityTypeIdentifierHeartRate
Heart rate,2026-07-15 17:02:20+09:00,111.0,count/min,0,김하은의 Apple Watch,HKQuantityTypeIdentifierHeartRate
Heart rate,2026-07-15 17:02:21+09:00,110.0,count/min,0,김하은의 Apple Watch,HKQuantityTypeIdentifierHeartRate
Heart rate,2026-07-15 17:02:30+09:00,99.0,count/min,0,김하은의 Apple Watch,HKQuantityTypeIdentifierHeartRate
Heart rate,2026-07-15 17:02:35+09:00,96.0,count/min,0,김하은의 Apple Watch,HKQuantityTypeIdentifierHeartRate
Heart rate,2026-07-15 17:02:38+09:00,95.0,count/min,0,김하은의 Apple Watch,HKQuantityTypeIdentifierHeartRate
Heart rate,2026-07-15 17:02:42+09:00,97.0,count/min,0,김하은의 Apple Watch,HKQuantityTypeIdentifierHeartRate
Heart rate,2026-07-15 17:02:50+09:00,103.0,count/min,0,김하은의 Apple Watch,HKQuantityTypeIdentifierHeartRate
Heart rate,2026-07-15 17:02:53+09:00,103.0,count/min,0,김하은의 Apple Watch,HKQuantityTypeIdentifierHeartRate
Heart rate,2026-07-15 17:03:00+09:00,102.0,count/min,0,김하은의 Apple Watch,HKQuantityTypeIdentifierHeartRate
Heart rate,2026-07-15 17:03:05+09:00,101.0,count/min,0,김하은의 Apple Watch,HKQuantityTypeIdentifierHeartRate
Heart rate,2026-07-15 17:03:08+09:00,101.0,count/min,0,김하은의 Apple Watch,HKQuantityTypeIdentifierHeartRate
Heart rate,2026-07-15 17:07:00+09:00,84.0,count/min,1,김하은의 Apple Watch,HKQuantityTypeIdentifierHeartRate
Heart rate,2026-07-15 17:12:14+09:00,79.0,count/min,1,김하은의 Apple Watch,HKQuantityTypeIdentifierHeartRate
Heart rate,2026-07-15 17:16:34+09:00,79.0,count/min,1,김하은의 Apple Watch,HKQuantityTypeIdentifierHeartRate
Heart rate,2026-07-15 17:21:09+09:00,80.0,count/min,1,김하은의 Apple Watch,HKQuantityTypeIdentifierHeartRate
Heart rate,2026-07-15 17:24:38+09:00,84.0,count/min,1,김하은의 Apple Watch,HKQuantityTypeIdentifierHeartRate
Heart rate,2026-07-15 20:24:30+09:00,112.0,count/min,2,김하은의 Apple Watch,HKQuantityTypeIdentifierHeartRate
Heart rate,2026-07-15 20:28:09+09:00,97.0,count/min,0,김하은의 Apple Watch,HKQuantityTypeIdentifierHeartRate
Heart rate,2026-07-15 20:31:00+09:00,103.0,count/min,2,김하은의 Apple Watch,HKQuantityTypeIdentifierHeartRate
Heart rate,2026-07-15 20:35:47+09:00,84.0,count/min,1,김하은의 Apple Watch,HKQuantityTypeIdentifierHeartRate
Heart rate,2026-07-15 20:39:01+09:00,85.0,count/min,1,김하은의 Apple Watch,HKQuantityTypeIdentifierHeartRate
Heart rate,2026-07-15 20:45:13+09:00,172.0,count/min,0,김하은의 Apple Watch,HKQuantityTypeIdentifierHeartRate
Heart rate,2026-07-15 20:45:17+09:00,170.0,count/min,0,김하은의 Apple Watch,HKQuantityTypeIdentifierHeartRate
Heart rate,2026-07-15 20:45:23+09:00,170.0,count/min,0,김하은의 Apple Watch,HKQuantityTypeIdentifierHeartRate
Heart rate,2026-07-15 20:45:25+09:00,171.0,count/min,0,김하은의 Apple Watch,HKQuantityTypeIdentifierHeartRate
Heart rate,2026-07-15 20:45:29+09:00,169.0,count/min,0,김하은의 Apple Watch,HKQuantityTypeIdentifierHeartRate
Heart rate,2026-07-15 20:45:38+09:00,166.0,count/min,0,김하은의 Apple Watch,HKQuantityTypeIdentifierHeartRate
Heart rate,2026-07-15 20:45:39+09:00,165.0,count/min,0,김하은의 Apple Watch,HKQuantityTypeIdentifierHeartRate
Heart rate,2026-07-15 20:45:48+09:00,160.0,count/min,0,김하은의 Apple Watch,HKQuantityTypeIdentifierHeartRate
Heart rate,2026-07-15 20:46:39+09:00,146.0,count/min,0,김하은의 Apple Watch,HKQuantityTypeIdentifierHeartRate
Heart rate,2026-07-15 20:46:44+09:00,148.0,count/min,0,김하은의 Apple Watch,HKQuantityTypeIdentifierHeartRate
Heart rate,2026-07-15 20:46:45+09:00,148.0,count/min,0,김하은의 Apple Watch,HKQuantityTypeIdentifierHeartRate
Heart rate,2026-07-15 20:47:04+09:00,147.0,count/min,0,김하은의 Apple Watch,HKQuantityTypeIdentifierHeartRate
Heart rate,2026-07-15 20:47:06+09:00,146.0,count/min,0,김하은의 Apple Watch,HKQuantityTypeIdentifierHeartRate
Heart rate,2026-07-15 20:47:10+09:00,145.0,count/min,0,김하은의 Apple Watch,HKQuantityTypeIdentifierHeartRate
Heart rate,2026-07-15 20:47:19+09:00,141.0,count/min,0,김하은의 Apple Watch,HKQuantityTypeIdentifierHeartRate
Heart rate,2026-07-15 20:47:20+09:00,141.0,count/min,0,김하은의 Apple Watch,HKQuantityTypeIdentifierHeartRate
Heart rate,2026-07-15 20:47:38+09:00,139.0,count/min,0,김하은의 Apple Watch,HKQuantityTypeIdentifierHeartRate
Heart rate,2026-07-15 20:47:43+09:00,139.0,count/min,0,김하은의 Apple Watch,HKQuantityTypeIdentifierHeartRate
Heart rate,2026-07-15 20:47:48+09:00,138.0,count/min,0,김하은의 Apple Watch,HKQuantityTypeIdentifierHeartRate
Heart rate,2026-07-15 20:47:54+09:00,137.0,count/min,0,김하은의 Apple Watch,HKQuantityTypeIdentifierHeartRate
Heart rate,2026-07-15 20:47:56+09:00,137.0,count/min,0,김하은의 Apple Watch,HKQuantityTypeIdentifierHeartRate
Heart rate,2026-07-15 20:48:01+09:00,136.0,count/min,0,김하은의 Apple Watch,HKQuantityTypeIdentifierHeartRate
Heart rate,2026-07-15 20:48:09+09:00,134.0,count/min,0,김하은의 Apple Watch,HKQuantityTypeIdentifierHeartRate
Heart rate,2026-07-15 20:48:13+09:00,134.0,count/min,0,김하은의 Apple Watch,HKQuantityTypeIdentifierHeartRate
Heart rate,2026-07-15 20:48:17+09:00,134.0,count/min,0,김하은의 Apple Watch,HKQuantityTypeIdentifierHeartRate
Heart rate,2026-07-15 20:48:24+09:00,133.0,count/min,0,김하은의 Apple Watch,HKQuantityTypeIdentifierHeartRate
Heart rate,2026-07-15 20:48:36+09:00,135.0,count/min,0,김하은의 Apple Watch,HKQuantityTypeIdentifierHeartRate
Heart rate,2026-07-15 20:48:40+09:00,136.0,count/min,0,김하은의 Apple Watch,HKQuantityTypeIdentifierHeartRate
Heart rate,2026-07-15 20:48:48+09:00,135.0,count/min,0,김하은의 Apple Watch,HKQuantityTypeIdentifierHeartRate
Heart rate,2026-07-15 20:48:53+09:00,132.0,count/min,0,김하은의 Apple Watch,HKQuantityTypeIdentifierHeartRate
Heart rate,2026-07-15 20:49:04+09:00,132.0,count/min,0,김하은의 Apple Watch,HKQuantityTypeIdentifierHeartRate
Heart rate,2026-07-15 20:49:08+09:00,133.0,count/min,0,김하은의 Apple Watch,HKQuantityTypeIdentifierHeartRate
Heart rate,2026-07-15 20:49:13+09:00,134.0,count/min,0,김하은의 Apple Watch,HKQuantityTypeIdentifierHeartRate
Heart rate,2026-07-15 20:49:15+09:00,134.0,count/min,0,김하은의 Apple Watch,HKQuantityTypeIdentifierHeartRate
Heart rate,2026-07-15 20:49:24+09:00,138.0,count/min,0,김하은의 Apple Watch,HKQuantityTypeIdentifierHeartRate
Heart rate,2026-07-15 20:49:29+09:00,138.0,count/min,0,김하은의 Apple Watch,HKQuantityTypeIdentifierHeartRate
Heart rate,2026-07-15 20:49:34+09:00,137.0,count/min,0,김하은의 Apple Watch,HKQuantityTypeIdentifierHeartRate
Heart rate,2026-07-15 20:49:36+09:00,137.0,count/min,0,김하은의 Apple Watch,HKQuantityTypeIdentifierHeartRate
Heart rate,2026-07-15 20:51:07+09:00,139.0,count/min,0,김하은의 Apple Watch,HKQuantityTypeIdentifierHeartRate
Heart rate,2026-07-15 20:51:11+09:00,143.0,count/min,0,김하은의 Apple Watch,HKQuantityTypeIdentifierHeartRate
Heart rate,2026-07-15 20:51:17+09:00,145.0,count/min,0,김하은의 Apple Watch,HKQuantityTypeIdentifierHeartRate
Heart rate,2026-07-15 20:51:22+09:00,145.0,count/min,0,김하은의 Apple Watch,HKQuantityTypeIdentifierHeartRate
Heart rate,2026-07-15 20:51:27+09:00,142.0,count/min,0,김하은의 Apple Watch,HKQuantityTypeIdentifierHeartRate
Heart rate,2026-07-15 20:51:29+09:00,143.0,count/min,0,김하은의 Apple Watch,HKQuantityTypeIdentifierHeartRate
Heart rate,2026-07-15 20:51:36+09:00,145.0,count/min,0,김하은의 Apple Watch,HKQuantityTypeIdentifierHeartRate
Heart rate,2026-07-15 20:51:38+09:00,146.0,count/min,0,김하은의 Apple Watch,HKQuantityTypeIdentifierHeartRate
Heart rate,2026-07-15 20:51:43+09:00,145.0,count/min,0,김하은의 Apple Watch,HKQuantityTypeIdentifierHeartRate
Heart rate,2026-07-15 20:51:48+09:00,144.0,count/min,0,김하은의 Apple Watch,HKQuantityTypeIdentifierHeartRate
Heart rate,2026-07-15 20:51:57+09:00,147.0,count/min,0,김하은의 Apple Watch,HKQuantityTypeIdentifierHeartRate
Heart rate,2026-07-15 20:51:58+09:00,147.0,count/min,0,김하은의 Apple Watch,HKQuantityTypeIdentifierHeartRate
Heart rate,2026-07-15 20:52:04+09:00,148.0,count/min,0,김하은의 Apple Watch,HKQuantityTypeIdentifierHeartRate
Heart rate,2026-07-15 20:52:11+09:00,154.0,count/min,0,김하은의 Apple Watch,HKQuantityTypeIdentifierHeartRate
Heart rate,2026-07-15 20:52:15+09:00,156.0,count/min,0,김하은의 Apple Watch,HKQuantityTypeIdentifierHeartRate
Heart rate,2026-07-15 20:52:22+09:00,159.0,count/min,0,김하은의 Apple Watch,HKQuantityTypeIdentifierHeartRate
Heart rate,2026-07-15 20:52:27+09:00,160.0,count/min,0,김하은의 Apple Watch,HKQuantityTypeIdentifierHeartRate
Heart rate,2026-07-15 20:52:28+09:00,160.0,count/min,0,김하은의 Apple Watch,HKQuantityTypeIdentifierHeartRate
Heart rate,2026-07-15 20:52:33+09:00,159.0,count/min,0,김하은의 Apple Watch,HKQuantityTypeIdentifierHeartRate
Heart rate,2026-07-15 20:52:38+09:00,159.0,count/min,0,김하은의 Apple Watch,HKQuantityTypeIdentifierHeartRate
Heart rate,2026-07-15 20:52:47+09:00,156.0,count/min,0,김하은의 Apple Watch,HKQuantityTypeIdentifierHeartRate
Heart rate,2026-07-15 20:52:48+09:00,156.0,count/min,0,김하은의 Apple Watch,HKQuantityTypeIdentifierHeartRate
Heart rate,2026-07-15 20:52:57+09:00,156.0,count/min,0,김하은의 Apple Watch,HKQuantityTypeIdentifierHeartRate
Heart rate,2026-07-15 20:53:02+09:00,156.0,count/min,0,김하은의 Apple Watch,HKQuantityTypeIdentifierHeartRate
Heart rate,2026-07-15 20:53:05+09:00,157.0,count/min,0,김하은의 Apple Watch,HKQuantityTypeIdentifierHeartRate
Heart rate,2026-07-15 20:53:08+09:00,157.0,count/min,0,김하은의 Apple Watch,HKQuantityTypeIdentifierHeartRate
Heart rate,2026-07-15 20:53:13+09:00,159.0,count/min,0,김하은의 Apple Watch,HKQuantityTypeIdentifierHeartRate
Heart rate,2026-07-15 20:53:18+09:00,159.0,count/min,0,김하은의 Apple Watch,HKQuantityTypeIdentifierHeartRate
Heart rate,2026-07-15 20:53:27+09:00,158.0,count/min,0,김하은의 Apple Watch,HKQuantityTypeIdentifierHeartRate
Heart rate,2026-07-15 20:53:28+09:00,158.0,count/min,0,김하은의 Apple Watch,HKQuantityTypeIdentifierHeartRate
Heart rate,2026-07-15 20:53:34+09:00,158.0,count/min,0,김하은의 Apple Watch,HKQuantityTypeIdentifierHeartRate
Heart rate,2026-07-15 20:53:38+09:00,158.0,count/min,0,김하은의 Apple Watch,HKQuantityTypeIdentifierHeartRate
Heart rate,2026-07-15 20:53:47+09:00,160.0,count/min,0,김하은의 Apple Watch,HKQuantityTypeIdentifierHeartRate
Heart rate,2026-07-15 20:53:52+09:00,160.0,count/min,0,김하은의 Apple Watch,HKQuantityTypeIdentifierHeartRate
Heart rate,2026-07-15 20:53:55+09:00,159.0,count/min,0,김하은의 Apple Watch,HKQuantityTypeIdentifierHeartRate
Heart rate,2026-07-15 20:53:58+09:00,159.0,count/min,0,김하은의 Apple Watch,HKQuantityTypeIdentifierHeartRate
Heart rate,2026-07-15 20:54:03+09:00,161.0,count/min,0,김하은의 Apple Watch,HKQuantityTypeIdentifierHeartRate
Heart rate,2026-07-15 20:54:08+09:00,162.0,count/min,0,김하은의 Apple Watch,HKQuantityTypeIdentifierHeartRate
Heart rate,2026-07-15 20:54:13+09:00,162.0,count/min,0,김하은의 Apple Watch,HKQuantityTypeIdentifierHeartRate
Heart rate,2026-07-15 20:54:18+09:00,162.0,count/min,0,김하은의 Apple Watch,HKQuantityTypeIdentifierHeartRate
Heart rate,2026-07-15 20:54:24+09:00,162.0,count/min,0,김하은의 Apple Watch,HKQuantityTypeIdentifierHeartRate
Heart rate,2026-07-15 20:54:28+09:00,163.0,count/min,0,김하은의 Apple Watch,HKQuantityTypeIdentifierHeartRate
Heart rate,2026-07-15 20:54:35+09:00,166.0,count/min,0,김하은의 Apple Watch,HKQuantityTypeIdentifierHeartRate
Heart rate,2026-07-15 20:54:42+09:00,168.0,count/min,0,김하은의 Apple Watch,HKQuantityTypeIdentifierHeartRate
Heart rate,2026-07-15 20:54:43+09:00,168.0,count/min,0,김하은의 Apple Watch,HKQuantityTypeIdentifierHeartRate
Heart rate,2026-07-15 20:54:48+09:00,170.0,count/min,0,김하은의 Apple Watch,HKQuantityTypeIdentifierHeartRate
Heart rate,2026-07-15 20:54:53+09:00,170.0,count/min,0,김하은의 Apple Watch,HKQuantityTypeIdentifierHeartRate
Heart rate,2026-07-15 20:55:01+09:00,171.0,count/min,0,김하은의 Apple Watch,HKQuantityTypeIdentifierHeartRate
Heart rate,2026-07-15 20:55:04+09:00,172.0,count/min,0,김하은의 Apple Watch,HKQuantityTypeIdentifierHeartRate
Heart rate,2026-07-15 20:55:12+09:00,174.0,count/min,0,김하은의 Apple Watch,HKQuantityTypeIdentifierHeartRate
Heart rate,2026-07-15 20:55:16+09:00,176.0,count/min,0,김하은의 Apple Watch,HKQuantityTypeIdentifierHeartRate
Heart rate,2026-07-15 20:55:18+09:00,176.0,count/min,0,김하은의 Apple Watch,HKQuantityTypeIdentifierHeartRate
Heart rate,2026-07-15 20:55:27+09:00,176.0,count/min,0,김하은의 Apple Watch,HKQuantityTypeIdentifierHeartRate
Heart rate,2026-07-15 20:55:31+09:00,175.0,count/min,0,김하은의 Apple Watch,HKQuantityTypeIdentifierHeartRate
Heart rate,2026-07-15 20:55:37+09:00,178.0,count/min,0,김하은의 Apple Watch,HKQuantityTypeIdentifierHeartRate
Heart rate,2026-07-15 20:55:42+09:00,180.0,count/min,0,김하은의 Apple Watch,HKQuantityTypeIdentifierHeartRate
Heart rate,2026-07-15 20:55:47+09:00,184.0,count/min,0,김하은의 Apple Watch,HKQuantityTypeIdentifierHeartRate
Heart rate,2026-07-15 20:55:52+09:00,186.0,count/min,0,김하은의 Apple Watch,HKQuantityTypeIdentifierHeartRate
Heart rate,2026-07-15 20:55:53+09:00,186.0,count/min,0,김하은의 Apple Watch,HKQuantityTypeIdentifierHeartRate
Heart rate,2026-07-15 20:56:02+09:00,188.0,count/min,0,김하은의 Apple Watch,HKQuantityTypeIdentifierHeartRate
Heart rate,2026-07-15 20:56:42+09:00,167.0,count/min,0,김하은의 Apple Watch,HKQuantityTypeIdentifierHeartRate
Heart rate,2026-07-15 20:56:44+09:00,166.0,count/min,0,김하은의 Apple Watch,HKQuantityTypeIdentifierHeartRate
Heart rate,2026-07-15 20:56:50+09:00,164.0,count/min,0,김하은의 Apple Watch,HKQuantityTypeIdentifierHeartRate
Heart rate,2026-07-15 20:56:56+09:00,161.0,count/min,0,김하은의 Apple Watch,HKQuantityTypeIdentifierHeartRate
Heart rate,2026-07-15 20:57:01+09:00,160.0,count/min,0,김하은의 Apple Watch,HKQuantityTypeIdentifierHeartRate
Heart rate,2026-07-15 20:57:06+09:00,155.0,count/min,0,김하은의 Apple Watch,HKQuantityTypeIdentifierHeartRate
Heart rate,2026-07-15 20:57:12+09:00,154.0,count/min,0,김하은의 Apple Watch,HKQuantityTypeIdentifierHeartRate
Heart rate,2026-07-15 20:57:17+09:00,154.0,count/min,0,김하은의 Apple Watch,HKQuantityTypeIdentifierHeartRate
Heart rate,2026-07-15 20:57:21+09:00,154.0,count/min,0,김하은의 Apple Watch,HKQuantityTypeIdentifierHeartRate
Heart rate,2026-07-15 20:57:23+09:00,153.0,count/min,0,김하은의 Apple Watch,HKQuantityTypeIdentifierHeartRate
Heart rate,2026-07-15 20:57:31+09:00,153.0,count/min,0,김하은의 Apple Watch,HKQuantityTypeIdentifierHeartRate
Heart rate,2026-07-15 20:57:37+09:00,152.0,count/min,0,김하은의 Apple Watch,HKQuantityTypeIdentifierHeartRate
Heart rate,2026-07-15 20:57:38+09:00,152.0,count/min,0,김하은의 Apple Watch,HKQuantityTypeIdentifierHeartRate
Heart rate,2026-07-15 20:57:43+09:00,150.0,count/min,0,김하은의 Apple Watch,HKQuantityTypeIdentifierHeartRate
Heart rate,2026-07-15 20:57:49+09:00,157.0,count/min,0,김하은의 Apple Watch,HKQuantityTypeIdentifierHeartRate
Heart rate,2026-07-15 20:57:56+09:00,163.0,count/min,0,김하은의 Apple Watch,HKQuantityTypeIdentifierHeartRate
Heart rate,2026-07-15 20:57:59+09:00,167.0,count/min,0,김하은의 Apple Watch,HKQuantityTypeIdentifierHeartRate
Heart rate,2026-07-15 20:58:03+09:00,172.0,count/min,0,김하은의 Apple Watch,HKQuantityTypeIdentifierHeartRate
Heart rate,2026-07-15 20:58:12+09:00,175.0,count/min,0,김하은의 Apple Watch,HKQuantityTypeIdentifierHeartRate
Heart rate,2026-07-15 20:58:15+09:00,174.0,count/min,0,김하은의 Apple Watch,HKQuantityTypeIdentifierHeartRate
Heart rate,2026-07-15 20:58:19+09:00,177.0,count/min,0,김하은의 Apple Watch,HKQuantityTypeIdentifierHeartRate
Heart rate,2026-07-15 20:58:24+09:00,176.0,count/min,0,김하은의 Apple Watch,HKQuantityTypeIdentifierHeartRate
Heart rate,2026-07-15 20:58:32+09:00,180.0,count/min,0,김하은의 Apple Watch,HKQuantityTypeIdentifierHeartRate
Heart rate,2026-07-15 20:58:34+09:00,181.0,count/min,0,김하은의 Apple Watch,HKQuantityTypeIdentifierHeartRate
Heart rate,2026-07-15 20:58:42+09:00,184.0,count/min,0,김하은의 Apple Watch,HKQuantityTypeIdentifierHeartRate
Heart rate,2026-07-15 20:58:43+09:00,184.0,count/min,0,김하은의 Apple Watch,HKQuantityTypeIdentifierHeartRate
Heart rate,2026-07-15 20:58:48+09:00,185.0,count/min,0,김하은의 Apple Watch,HKQuantityTypeIdentifierHeartRate
Heart rate,2026-07-15 20:58:57+09:00,187.0,count/min,0,김하은의 Apple Watch,HKQuantityTypeIdentifierHeartRate
Heart rate,2026-07-15 20:59:00+09:00,189.0,count/min,0,김하은의 Apple Watch,HKQuantityTypeIdentifierHeartRate
Heart rate,2026-07-15 20:59:07+09:00,192.0,count/min,0,김하은의 Apple Watch,HKQuantityTypeIdentifierHeartRate
Heart rate,2026-07-15 20:59:12+09:00,194.0,count/min,0,김하은의 Apple Watch,HKQuantityTypeIdentifierHeartRate
Heart rate,2026-07-15 20:59:17+09:00,192.0,count/min,0,김하은의 Apple Watch,HKQuantityTypeIdentifierHeartRate
Heart rate,2026-07-15 20:59:20+09:00,191.0,count/min,0,김하은의 Apple Watch,HKQuantityTypeIdentifierHeartRate
Heart rate,2026-07-15 20:59:23+09:00,190.0,count/min,0,김하은의 Apple Watch,HKQuantityTypeIdentifierHeartRate
Heart rate,2026-07-15 20:59:29+09:00,189.0,count/min,0,김하은의 Apple Watch,HKQuantityTypeIdentifierHeartRate
Heart rate,2026-07-15 20:59:37+09:00,188.0,count/min,0,김하은의 Apple Watch,HKQuantityTypeIdentifierHeartRate
Heart rate,2026-07-15 20:59:38+09:00,187.0,count/min,0,김하은의 Apple Watch,HKQuantityTypeIdentifierHeartRate
Heart rate,2026-07-15 20:59:44+09:00,186.0,count/min,0,김하은의 Apple Watch,HKQuantityTypeIdentifierHeartRate
Heart rate,2026-07-15 20:59:51+09:00,185.0,count/min,0,김하은의 Apple Watch,HKQuantityTypeIdentifierHeartRate
Heart rate,2026-07-15 21:00:02+09:00,179.0,count/min,0,김하은의 Apple Watch,HKQuantityTypeIdentifierHeartRate
Heart rate,2026-07-15 21:00:03+09:00,179.0,count/min,0,김하은의 Apple Watch,HKQuantityTypeIdentifierHeartRate
Heart rate,2026-07-15 21:00:10+09:00,175.0,count/min,0,김하은의 Apple Watch,HKQuantityTypeIdentifierHeartRate
Heart rate,2026-07-15 21:00:15+09:00,173.0,count/min,0,김하은의 Apple Watch,HKQuantityTypeIdentifierHeartRate
Heart rate,2026-07-15 21:00:22+09:00,169.0,count/min,0,김하은의 Apple Watch,HKQuantityTypeIdentifierHeartRate
Heart rate,2026-07-15 21:00:26+09:00,169.0,count/min,0,김하은의 Apple Watch,HKQuantityTypeIdentifierHeartRate
Heart rate,2026-07-15 21:00:31+09:00,167.0,count/min,0,김하은의 Apple Watch,HKQuantityTypeIdentifierHeartRate
Heart rate,2026-07-15 21:00:34+09:00,167.0,count/min,0,김하은의 Apple Watch,HKQuantityTypeIdentifierHeartRate
Heart rate,2026-07-15 21:00:41+09:00,163.0,count/min,0,김하은의 Apple Watch,HKQuantityTypeIdentifierHeartRate
Heart rate,2026-07-15 21:00:45+09:00,162.0,count/min,0,김하은의 Apple Watch,HKQuantityTypeIdentifierHeartRate
Heart rate,2026-07-15 21:00:48+09:00,161.0,count/min,0,김하은의 Apple Watch,HKQuantityTypeIdentifierHeartRate
Heart rate,2026-07-15 21:00:56+09:00,162.0,count/min,0,김하은의 Apple Watch,HKQuantityTypeIdentifierHeartRate
Heart rate,2026-07-15 21:00:59+09:00,165.0,count/min,0,김하은의 Apple Watch,HKQuantityTypeIdentifierHeartRate
Heart rate,2026-07-15 21:01:04+09:00,169.0,count/min,0,김하은의 Apple Watch,HKQuantityTypeIdentifierHeartRate
Heart rate,2026-07-15 21:01:09+09:00,172.0,count/min,0,김하은의 Apple Watch,HKQuantityTypeIdentifierHeartRate
Heart rate,2026-07-15 21:01:17+09:00,174.0,count/min,0,김하은의 Apple Watch,HKQuantityTypeIdentifierHeartRate
Heart rate,2026-07-15 21:01:19+09:00,175.0,count/min,0,김하은의 Apple Watch,HKQuantityTypeIdentifierHeartRate
Heart rate,2026-07-15 21:01:26+09:00,177.0,count/min,0,김하은의 Apple Watch,HKQuantityTypeIdentifierHeartRate
Heart rate,2026-07-15 21:01:28+09:00,177.0,count/min,0,김하은의 Apple Watch,HKQuantityTypeIdentifierHeartRate
Heart rate,2026-07-15 21:01:36+09:00,178.0,count/min,0,김하은의 Apple Watch,HKQuantityTypeIdentifierHeartRate
Heart rate,2026-07-15 21:01:39+09:00,179.0,count/min,0,김하은의 Apple Watch,HKQuantityTypeIdentifierHeartRate
Heart rate,2026-07-15 21:01:47+09:00,183.0,count/min,0,김하은의 Apple Watch,HKQuantityTypeIdentifierHeartRate
Heart rate,2026-07-15 21:01:51+09:00,184.0,count/min,0,김하은의 Apple Watch,HKQuantityTypeIdentifierHeartRate
Heart rate,2026-07-15 21:01:56+09:00,185.0,count/min,0,김하은의 Apple Watch,HKQuantityTypeIdentifierHeartRate
Heart rate,2026-07-15 21:02:02+09:00,184.0,count/min,0,김하은의 Apple Watch,HKQuantityTypeIdentifierHeartRate
Heart rate,2026-07-15 21:02:04+09:00,184.0,count/min,0,김하은의 Apple Watch,HKQuantityTypeIdentifierHeartRate
Heart rate,2026-07-15 21:02:11+09:00,180.0,count/min,0,김하은의 Apple Watch,HKQuantityTypeIdentifierHeartRate
Heart rate,2026-07-15 21:02:16+09:00,179.0,count/min,0,김하은의 Apple Watch,HKQuantityTypeIdentifierHeartRate
Heart rate,2026-07-15 21:02:20+09:00,177.0,count/min,0,김하은의 Apple Watch,HKQuantityTypeIdentifierHeartRate
Heart rate,2026-07-15 21:02:27+09:00,176.0,count/min,0,김하은의 Apple Watch,HKQuantityTypeIdentifierHeartRate
Heart rate,2026-07-15 21:02:28+09:00,175.0,count/min,0,김하은의 Apple Watch,HKQuantityTypeIdentifierHeartRate
Heart rate,2026-07-15 21:02:34+09:00,173.0,count/min,0,김하은의 Apple Watch,HKQuantityTypeIdentifierHeartRate
Heart rate,2026-07-15 21:02:40+09:00,171.0,count/min,0,김하은의 Apple Watch,HKQuantityTypeIdentifierHeartRate
Heart rate,2026-07-15 21:02:46+09:00,169.0,count/min,0,김하은의 Apple Watch,HKQuantityTypeIdentifierHeartRate
Heart rate,2026-07-15 21:02:50+09:00,167.0,count/min,0,김하은의 Apple Watch,HKQuantityTypeIdentifierHeartRate
Heart rate,2026-07-15 21:02:53+09:00,167.0,count/min,0,김하은의 Apple Watch,HKQuantityTypeIdentifierHeartRate
Heart rate,2026-07-15 21:03:02+09:00,160.0,count/min,0,김하은의 Apple Watch,HKQuantityTypeIdentifierHeartRate
Heart rate,2026-07-15 21:03:05+09:00,159.0,count/min,0,김하은의 Apple Watch,HKQuantityTypeIdentifierHeartRate
Heart rate,2026-07-15 21:03:08+09:00,158.0,count/min,0,김하은의 Apple Watch,HKQuantityTypeIdentifierHeartRate
Heart rate,2026-07-15 21:03:13+09:00,157.0,count/min,0,김하은의 Apple Watch,HKQuantityTypeIdentifierHeartRate
Heart rate,2026-07-15 21:03:18+09:00,156.0,count/min,0,김하은의 Apple Watch,HKQuantityTypeIdentifierHeartRate
Heart rate,2026-07-15 21:03:27+09:00,158.0,count/min,0,김하은의 Apple Watch,HKQuantityTypeIdentifierHeartRate
Heart rate,2026-07-15 21:03:31+09:00,159.0,count/min,0,김하은의 Apple Watch,HKQuantityTypeIdentifierHeartRate
Heart rate,2026-07-15 21:03:34+09:00,157.0,count/min,0,김하은의 Apple Watch,HKQuantityTypeIdentifierHeartRate
Heart rate,2026-07-15 21:03:39+09:00,154.0,count/min,0,김하은의 Apple Watch,HKQuantityTypeIdentifierHeartRate
Heart rate,2026-07-15 21:03:48+09:00,154.0,count/min,0,김하은의 Apple Watch,HKQuantityTypeIdentifierHeartRate
Heart rate,2026-07-15 21:03:53+09:00,157.0,count/min,0,김하은의 Apple Watch,HKQuantityTypeIdentifierHeartRate
Heart rate,2026-07-15 21:04:02+09:00,166.0,count/min,0,김하은의 Apple Watch,HKQuantityTypeIdentifierHeartRate
Heart rate,2026-07-15 21:04:07+09:00,168.0,count/min,0,김하은의 Apple Watch,HKQuantityTypeIdentifierHeartRate
Heart rate,2026-07-15 21:04:12+09:00,172.0,count/min,0,김하은의 Apple Watch,HKQuantityTypeIdentifierHeartRate
Heart rate,2026-07-15 21:04:16+09:00,173.0,count/min,0,김하은의 Apple Watch,HKQuantityTypeIdentifierHeartRate
Heart rate,2026-07-15 21:04:22+09:00,177.0,count/min,0,김하은의 Apple Watch,HKQuantityTypeIdentifierHeartRate
Heart rate,2026-07-15 21:04:27+09:00,179.0,count/min,0,김하은의 Apple Watch,HKQuantityTypeIdentifierHeartRate
Heart rate,2026-07-15 21:04:28+09:00,179.0,count/min,0,김하은의 Apple Watch,HKQuantityTypeIdentifierHeartRate
Heart rate,2026-07-15 21:04:35+09:00,183.0,count/min,0,김하은의 Apple Watch,HKQuantityTypeIdentifierHeartRate
Heart rate,2026-07-15 21:04:39+09:00,184.0,count/min,0,김하은의 Apple Watch,HKQuantityTypeIdentifierHeartRate
Heart rate,2026-07-15 21:04:44+09:00,185.0,count/min,0,김하은의 Apple Watch,HKQuantityTypeIdentifierHeartRate
Heart rate,2026-07-15 21:04:52+09:00,189.0,count/min,0,김하은의 Apple Watch,HKQuantityTypeIdentifierHeartRate
Heart rate,2026-07-15 21:04:57+09:00,189.0,count/min,0,김하은의 Apple Watch,HKQuantityTypeIdentifierHeartRate
Heart rate,2026-07-15 21:05:10+09:00,184.0,count/min,0,김하은의 Apple Watch,HKQuantityTypeIdentifierHeartRate
Heart rate,2026-07-15 21:05:17+09:00,182.0,count/min,0,김하은의 Apple Watch,HKQuantityTypeIdentifierHeartRate
Heart rate,2026-07-15 21:05:20+09:00,181.0,count/min,0,김하은의 Apple Watch,HKQuantityTypeIdentifierHeartRate
Heart rate,2026-07-15 21:05:26+09:00,180.0,count/min,0,김하은의 Apple Watch,HKQuantityTypeIdentifierHeartRate
Heart rate,2026-07-15 21:05:31+09:00,179.0,count/min,0,김하은의 Apple Watch,HKQuantityTypeIdentifierHeartRate
Heart rate,2026-07-15 21:05:37+09:00,178.0,count/min,0,김하은의 Apple Watch,HKQuantityTypeIdentifierHeartRate
Heart rate,2026-07-15 21:05:40+09:00,176.0,count/min,0,김하은의 Apple Watch,HKQuantityTypeIdentifierHeartRate
Heart rate,2026-07-15 21:05:46+09:00,169.0,count/min,0,김하은의 Apple Watch,HKQuantityTypeIdentifierHeartRate
Heart rate,2026-07-15 21:05:52+09:00,168.0,count/min,0,김하은의 Apple Watch,HKQuantityTypeIdentifierHeartRate
Heart rate,2026-07-15 21:05:53+09:00,167.0,count/min,0,김하은의 Apple Watch,HKQuantityTypeIdentifierHeartRate
Heart rate,2026-07-15 21:05:58+09:00,165.0,count/min,0,김하은의 Apple Watch,HKQuantityTypeIdentifierHeartRate
Heart rate,2026-07-15 21:06:07+09:00,162.0,count/min,0,김하은의 Apple Watch,HKQuantityTypeIdentifierHeartRate
Heart rate,2026-07-15 21:06:08+09:00,162.0,count/min,0,김하은의 Apple Watch,HKQuantityTypeIdentifierHeartRate
Heart rate,2026-07-15 21:06:13+09:00,159.0,count/min,0,김하은의 Apple Watch,HKQuantityTypeIdentifierHeartRate
Heart rate,2026-07-15 21:06:18+09:00,157.0,count/min,0,김하은의 Apple Watch,HKQuantityTypeIdentifierHeartRate
Heart rate,2026-07-15 21:06:27+09:00,153.0,count/min,0,김하은의 Apple Watch,HKQuantityTypeIdentifierHeartRate
Heart rate,2026-07-15 21:06:29+09:00,152.0,count/min,0,김하은의 Apple Watch,HKQuantityTypeIdentifierHeartRate
Heart rate,2026-07-15 21:06:37+09:00,150.0,count/min,0,김하은의 Apple Watch,HKQuantityTypeIdentifierHeartRate
Heart rate,2026-07-15 21:06:42+09:00,151.0,count/min,0,김하은의 Apple Watch,HKQuantityTypeIdentifierHeartRate
Heart rate,2026-07-15 21:06:46+09:00,151.0,count/min,0,김하은의 Apple Watch,HKQuantityTypeIdentifierHeartRate
Heart rate,2026-07-15 21:06:51+09:00,150.0,count/min,0,김하은의 Apple Watch,HKQuantityTypeIdentifierHeartRate
Heart rate,2026-07-15 21:06:54+09:00,149.0,count/min,0,김하은의 Apple Watch,HKQuantityTypeIdentifierHeartRate
Heart rate,2026-07-15 21:06:58+09:00,148.0,count/min,0,김하은의 Apple Watch,HKQuantityTypeIdentifierHeartRate
Heart rate,2026-07-15 21:07:07+09:00,145.0,count/min,0,김하은의 Apple Watch,HKQuantityTypeIdentifierHeartRate
Heart rate,2026-07-15 21:07:10+09:00,143.0,count/min,0,김하은의 Apple Watch,HKQuantityTypeIdentifierHeartRate
Heart rate,2026-07-15 21:07:17+09:00,143.0,count/min,0,김하은의 Apple Watch,HKQuantityTypeIdentifierHeartRate
Heart rate,2026-07-15 21:07:22+09:00,143.0,count/min,0,김하은의 Apple Watch,HKQuantityTypeIdentifierHeartRate
Heart rate,2026-07-15 21:07:25+09:00,143.0,count/min,0,김하은의 Apple Watch,HKQuantityTypeIdentifierHeartRate
Heart rate,2026-07-15 21:07:28+09:00,142.0,count/min,0,김하은의 Apple Watch,HKQuantityTypeIdentifierHeartRate
Heart rate,2026-07-15 21:07:35+09:00,141.0,count/min,0,김하은의 Apple Watch,HKQuantityTypeIdentifierHeartRate
Heart rate,2026-07-15 21:07:38+09:00,142.0,count/min,0,김하은의 Apple Watch,HKQuantityTypeIdentifierHeartRate
Heart rate,2026-07-15 21:07:43+09:00,143.0,count/min,0,김하은의 Apple Watch,HKQuantityTypeIdentifierHeartRate
Heart rate,2026-07-15 21:07:50+09:00,144.0,count/min,0,김하은의 Apple Watch,HKQuantityTypeIdentifierHeartRate
Heart rate,2026-07-15 21:07:53+09:00,144.0,count/min,0,김하은의 Apple Watch,HKQuantityTypeIdentifierHeartRate
Heart rate,2026-07-15 21:08:01+09:00,142.0,count/min,0,김하은의 Apple Watch,HKQuantityTypeIdentifierHeartRate
Heart rate,2026-07-15 21:08:07+09:00,140.0,count/min,0,김하은의 Apple Watch,HKQuantityTypeIdentifierHeartRate
Heart rate,2026-07-15 21:08:09+09:00,140.0,count/min,0,김하은의 Apple Watch,HKQuantityTypeIdentifierHeartRate
Heart rate,2026-07-15 21:08:13+09:00,140.0,count/min,0,김하은의 Apple Watch,HKQuantityTypeIdentifierHeartRate
Heart rate,2026-07-15 21:08:20+09:00,141.0,count/min,0,김하은의 Apple Watch,HKQuantityTypeIdentifierHeartRate
Heart rate,2026-07-15 21:08:26+09:00,141.0,count/min,0,김하은의 Apple Watch,HKQuantityTypeIdentifierHeartRate
Heart rate,2026-07-15 21:08:28+09:00,141.0,count/min,0,김하은의 Apple Watch,HKQuantityTypeIdentifierHeartRate
Heart rate,2026-07-15 21:08:36+09:00,138.0,count/min,0,김하은의 Apple Watch,HKQuantityTypeIdentifierHeartRate
Heart rate,2026-07-15 21:08:41+09:00,139.0,count/min,0,김하은의 Apple Watch,HKQuantityTypeIdentifierHeartRate
Heart rate,2026-07-15 21:08:47+09:00,140.0,count/min,0,김하은의 Apple Watch,HKQuantityTypeIdentifierHeartRate
Heart rate,2026-07-15 21:08:49+09:00,140.0,count/min,0,김하은의 Apple Watch,HKQuantityTypeIdentifierHeartRate
Heart rate,2026-07-15 21:08:55+09:00,141.0,count/min,0,김하은의 Apple Watch,HKQuantityTypeIdentifierHeartRate
Heart rate,2026-07-15 21:08:59+09:00,141.0,count/min,0,김하은의 Apple Watch,HKQuantityTypeIdentifierHeartRate
Heart rate,2026-07-15 21:09:04+09:00,141.0,count/min,0,김하은의 Apple Watch,HKQuantityTypeIdentifierHeartRate
Heart rate,2026-07-15 21:09:10+09:00,142.0,count/min,0,김하은의 Apple Watch,HKQuantityTypeIdentifierHeartRate
Heart rate,2026-07-15 21:09:14+09:00,142.0,count/min,0,김하은의 Apple Watch,HKQuantityTypeIdentifierHeartRate
Heart rate,2026-07-15 21:09:22+09:00,143.0,count/min,0,김하은의 Apple Watch,HKQuantityTypeIdentifierHeartRate
Heart rate,2026-07-15 21:09:27+09:00,141.0,count/min,0,김하은의 Apple Watch,HKQuantityTypeIdentifierHeartRate
Heart rate,2026-07-15 21:09:28+09:00,141.0,count/min,0,김하은의 Apple Watch,HKQuantityTypeIdentifierHeartRate
Heart rate,2026-07-15 21:09:33+09:00,140.0,count/min,0,김하은의 Apple Watch,HKQuantityTypeIdentifierHeartRate
Heart rate,2026-07-15 21:09:39+09:00,139.0,count/min,0,김하은의 Apple Watch,HKQuantityTypeIdentifierHeartRate
Heart rate,2026-07-15 21:09:43+09:00,136.0,count/min,0,김하은의 Apple Watch,HKQuantityTypeIdentifierHeartRate
Heart rate,2026-07-15 21:09:48+09:00,136.0,count/min,0,김하은의 Apple Watch,HKQuantityTypeIdentifierHeartRate
Heart rate,2026-07-15 21:09:57+09:00,132.0,count/min,0,김하은의 Apple Watch,HKQuantityTypeIdentifierHeartRate
Heart rate,2026-07-15 21:09:59+09:00,131.0,count/min,0,김하은의 Apple Watch,HKQuantityTypeIdentifierHeartRate
Heart rate,2026-07-15 21:10:07+09:00,129.0,count/min,0,김하은의 Apple Watch,HKQuantityTypeIdentifierHeartRate
Heart rate,2026-07-15 21:10:08+09:00,129.0,count/min,0,김하은의 Apple Watch,HKQuantityTypeIdentifierHeartRate
Heart rate,2026-07-15 21:10:14+09:00,127.0,count/min,0,김하은의 Apple Watch,HKQuantityTypeIdentifierHeartRate
Heart rate,2026-07-15 21:10:18+09:00,129.0,count/min,0,김하은의 Apple Watch,HKQuantityTypeIdentifierHeartRate
Heart rate,2026-07-15 21:10:27+09:00,130.0,count/min,0,김하은의 Apple Watch,HKQuantityTypeIdentifierHeartRate
Heart rate,2026-07-15 21:10:32+09:00,131.0,count/min,0,김하은의 Apple Watch,HKQuantityTypeIdentifierHeartRate
Heart rate,2026-07-15 21:10:33+09:00,130.0,count/min,0,김하은의 Apple Watch,HKQuantityTypeIdentifierHeartRate
Heart rate,2026-07-15 21:10:41+09:00,128.0,count/min,0,김하은의 Apple Watch,HKQuantityTypeIdentifierHeartRate
Heart rate,2026-07-15 21:10:45+09:00,127.0,count/min,0,김하은의 Apple Watch,HKQuantityTypeIdentifierHeartRate
Heart rate,2026-07-15 21:10:48+09:00,127.0,count/min,0,김하은의 Apple Watch,HKQuantityTypeIdentifierHeartRate
Heart rate,2026-07-15 21:10:56+09:00,124.0,count/min,0,김하은의 Apple Watch,HKQuantityTypeIdentifierHeartRate
Heart rate,2026-07-15 21:11:01+09:00,121.0,count/min,0,김하은의 Apple Watch,HKQuantityTypeIdentifierHeartRate
Heart rate,2026-07-15 21:11:04+09:00,121.0,count/min,0,김하은의 Apple Watch,HKQuantityTypeIdentifierHeartRate
Heart rate,2026-07-15 21:11:09+09:00,121.0,count/min,0,김하은의 Apple Watch,HKQuantityTypeIdentifierHeartRate
Heart rate,2026-07-15 21:11:13+09:00,121.0,count/min,0,김하은의 Apple Watch,HKQuantityTypeIdentifierHeartRate
Heart rate,2026-07-15 21:11:19+09:00,119.0,count/min,0,김하은의 Apple Watch,HKQuantityTypeIdentifierHeartRate
Heart rate,2026-07-15 21:11:27+09:00,121.0,count/min,0,김하은의 Apple Watch,HKQuantityTypeIdentifierHeartRate
Heart rate,2026-07-15 21:11:28+09:00,121.0,count/min,0,김하은의 Apple Watch,HKQuantityTypeIdentifierHeartRate
Heart rate,2026-07-15 21:11:37+09:00,122.0,count/min,0,김하은의 Apple Watch,HKQuantityTypeIdentifierHeartRate
Heart rate,2026-07-15 21:11:38+09:00,122.0,count/min,0,김하은의 Apple Watch,HKQuantityTypeIdentifierHeartRate
Heart rate,2026-07-15 21:11:43+09:00,122.0,count/min,0,김하은의 Apple Watch,HKQuantityTypeIdentifierHeartRate
Heart rate,2026-07-15 21:11:52+09:00,122.0,count/min,0,김하은의 Apple Watch,HKQuantityTypeIdentifierHeartRate
Heart rate,2026-07-15 21:11:53+09:00,122.0,count/min,0,김하은의 Apple Watch,HKQuantityTypeIdentifierHeartRate
Heart rate,2026-07-15 21:12:02+09:00,123.0,count/min,0,김하은의 Apple Watch,HKQuantityTypeIdentifierHeartRate
Heart rate,2026-07-15 21:12:06+09:00,122.0,count/min,0,김하은의 Apple Watch,HKQuantityTypeIdentifierHeartRate
Heart rate,2026-07-15 21:12:12+09:00,123.0,count/min,0,김하은의 Apple Watch,HKQuantityTypeIdentifierHeartRate
Heart rate,2026-07-15 21:12:16+09:00,123.0,count/min,0,김하은의 Apple Watch,HKQuantityTypeIdentifierHeartRate
Heart rate,2026-07-15 21:12:19+09:00,121.0,count/min,0,김하은의 Apple Watch,HKQuantityTypeIdentifierHeartRate
Heart rate,2026-07-15 21:12:23+09:00,120.0,count/min,0,김하은의 Apple Watch,HKQuantityTypeIdentifierHeartRate
Heart rate,2026-07-15 21:12:32+09:00,121.0,count/min,0,김하은의 Apple Watch,HKQuantityTypeIdentifierHeartRate
Heart rate,2026-07-15 21:12:33+09:00,121.0,count/min,0,김하은의 Apple Watch,HKQuantityTypeIdentifierHeartRate
Heart rate,2026-07-15 21:12:38+09:00,120.0,count/min,0,김하은의 Apple Watch,HKQuantityTypeIdentifierHeartRate
Heart rate,2026-07-15 21:13:58+09:00,122.0,count/min,0,김하은의 Apple Watch,HKQuantityTypeIdentifierHeartRate
Heart rate,2026-07-15 21:13:59+09:00,121.0,count/min,0,김하은의 Apple Watch,HKQuantityTypeIdentifierHeartRate
Heart rate,2026-07-15 21:14:00+09:00,120.0,count/min,0,김하은의 Apple Watch,HKQuantityTypeIdentifierHeartRate
Heart rate,2026-07-15 21:14:03+09:00,118.0,count/min,0,김하은의 Apple Watch,HKQuantityTypeIdentifierHeartRate
Heart rate,2026-07-15 21:14:04+09:00,116.0,count/min,0,김하은의 Apple Watch,HKQuantityTypeIdentifierHeartRate
Heart rate,2026-07-15 21:14:05+09:00,116.0,count/min,0,김하은의 Apple Watch,HKQuantityTypeIdentifierHeartRate
Heart rate,2026-07-15 21:14:06+09:00,118.0,count/min,0,김하은의 Apple Watch,HKQuantityTypeIdentifierHeartRate
Heart rate,2026-07-15 21:14:07+09:00,116.0,count/min,0,김하은의 Apple Watch,HKQuantityTypeIdentifierHeartRate
Heart rate,2026-07-15 21:14:09+09:00,116.0,count/min,0,김하은의 Apple Watch,HKQuantityTypeIdentifierHeartRate
Heart rate,2026-07-15 21:14:10+09:00,116.0,count/min,0,김하은의 Apple Watch,HKQuantityTypeIdentifierHeartRate
Heart rate,2026-07-15 21:14:11+09:00,116.0,count/min,0,김하은의 Apple Watch,HKQuantityTypeIdentifierHeartRate
Heart rate,2026-07-15 21:14:12+09:00,116.0,count/min,0,김하은의 Apple Watch,HKQuantityTypeIdentifierHeartRate
Heart rate,2026-07-15 21:14:14+09:00,118.0,count/min,0,김하은의 Apple Watch,HKQuantityTypeIdentifierHeartRate
Heart rate,2026-07-15 21:14:15+09:00,118.0,count/min,0,김하은의 Apple Watch,HKQuantityTypeIdentifierHeartRate
Heart rate,2026-07-15 21:14:19+09:00,117.0,count/min,0,김하은의 Apple Watch,HKQuantityTypeIdentifierHeartRate
Heart rate,2026-07-15 21:18:25+09:00,109.0,count/min,0,김하은의 Apple Watch,HKQuantityTypeIdentifierHeartRate
Heart rate,2026-07-15 21:23:34+09:00,100.0,count/min,1,김하은의 Apple Watch,HKQuantityTypeIdentifierHeartRate
Heart rate,2026-07-15 21:23:50+09:00,102.432,count/min,0,김하은의 Apple Watch,HKQuantityTypeIdentifierHeartRate
Heart rate,2026-07-15 21:24:42+09:00,100.0,count/min,1,김하은의 Apple Watch,HKQuantityTypeIdentifierHeartRate
Heart rate,2026-07-15 21:33:43+09:00,92.0,count/min,1,김하은의 Apple Watch,HKQuantityTypeIdentifierHeartRate
Heart rate,2026-07-15 21:36:15+09:00,95.0,count/min,1,김하은의 Apple Watch,HKQuantityTypeIdentifierHeartRate
Heart rate,2026-07-15 21:57:44+09:00,100.0,count/min,1,김하은의 Apple Watch,HKQuantityTypeIdentifierHeartRate
Heart rate,2026-07-15 21:59:58+09:00,91.0,count/min,1,김하은의 Apple Watch,HKQuantityTypeIdentifierHeartRate
Heart rate,2026-07-15 22:03:52+09:00,89.0,count/min,1,김하은의 Apple Watch,HKQuantityTypeIdentifierHeartRate
Heart rate,2026-07-15 22:10:15+09:00,93.0,count/min,1,김하은의 Apple Watch,HKQuantityTypeIdentifierHeartRate
Heart rate,2026-07-15 22:14:02+09:00,91.0,count/min,1,김하은의 Apple Watch,HKQuantityTypeIdentifierHeartRate
Heart rate,2026-07-15 22:14:17+09:00,92.5546,count/min,0,김하은의 Apple Watch,HKQuantityTypeIdentifierHeartRate
Heart rate,2026-07-15 22:18:55+09:00,91.0,count/min,1,김하은의 Apple Watch,HKQuantityTypeIdentifierHeartRate
Heart rate,2026-07-15 22:25:46+09:00,85.0,count/min,1,김하은의 Apple Watch,HKQuantityTypeIdentifierHeartRate
Heart rate,2026-07-15 22:29:12+09:00,99.0,count/min,1,김하은의 Apple Watch,HKQuantityTypeIdentifierHeartRate
Heart rate,2026-07-16 13:51:50+09:00,106.0,count/min,0,김하은의 Apple Watch,HKQuantityTypeIdentifierHeartRate
Heart rate,2026-07-16 13:54:09+09:00,110.0,count/min,2,김하은의 Apple Watch,HKQuantityTypeIdentifierHeartRate
Heart rate,2026-07-16 14:02:05+09:00,80.8525,count/min,0,김하은의 Apple Watch,HKQuantityTypeIdentifierHeartRate
Heart rate,2026-07-16 14:02:05+09:00,80.0,count/min,1,김하은의 Apple Watch,HKQuantityTypeIdentifierHeartRate
Heart rate,2026-07-16 14:04:16+09:00,76.0,count/min,1,김하은의 Apple Watch,HKQuantityTypeIdentifierHeartRate
Heart rate,2026-07-16 14:07:23+09:00,88.0,count/min,0,김하은의 Apple Watch,HKQuantityTypeIdentifierHeartRate
Heart rate,2026-07-16 14:09:05+09:00,89.0,count/min,1,김하은의 Apple Watch,HKQuantityTypeIdentifierHeartRate
Heart rate,2026-07-16 14:16:57+09:00,101.0,count/min,2,김하은의 Apple Watch,HKQuantityTypeIdentifierHeartRate
Heart rate,2026-07-16 14:18:47+09:00,88.0,count/min,1,김하은의 Apple Watch,HKQuantityTypeIdentifierHeartRate
Heart rate,2026-07-16 14:21:41+09:00,86.0,count/min,1,김하은의 Apple Watch,HKQuantityTypeIdentifierHeartRate
Heart rate,2026-07-16 14:24:43+09:00,84.0,count/min,1,김하은의 Apple Watch,HKQuantityTypeIdentifierHeartRate
Heart rate,2026-07-16 14:29:47+09:00,80.0,count/min,1,김하은의 Apple Watch,HKQuantityTypeIdentifierHeartRate
Heart rate,2026-07-16 14:29:58+09:00,77.7012,count/min,0,김하은의 Apple Watch,HKQuantityTypeIdentifierHeartRate
Heart rate,2026-07-16 14:37:49+09:00,113.0,count/min,2,김하은의 Apple Watch,HKQuantityTypeIdentifierHeartRate
Heart rate,2026-07-16 14:38:12+09:00,95.0,count/min,0,김하은의 Apple Watch,HKQuantityTypeIdentifierHeartRate
Heart rate,2026-07-16 14:41:20+09:00,115.0,count/min,2,김하은의 Apple Watch,HKQuantityTypeIdentifierHeartRate
Heart rate,2026-07-16 14:44:02+09:00,116.0,count/min,2,김하은의 Apple Watch,HKQuantityTypeIdentifierHeartRate
Heart rate,2026-07-16 14:46:32+09:00,92.0,count/min,1,김하은의 Apple Watch,HKQuantityTypeIdentifierHeartRate
Heart rate,2026-07-16 14:52:52+09:00,84.0,count/min,1,김하은의 Apple Watch,HKQuantityTypeIdentifierHeartRate
Heart rate,2026-07-16 14:54:46+09:00,84.0,count/min,1,김하은의 Apple Watch,HKQuantityTypeIdentifierHeartRate
Heart rate,2026-07-16 15:00:10+09:00,83.0,count/min,1,김하은의 Apple Watch,HKQuantityTypeIdentifierHeartRate
Heart rate,2026-07-16 15:05:54+09:00,132.0,count/min,2,김하은의 Apple Watch,HKQuantityTypeIdentifierHeartRate
Heart rate,2026-07-16 15:08:16+09:00,143.0,count/min,2,김하은의 Apple Watch,HKQuantityTypeIdentifierHeartRate
Heart rate,2026-07-16 15:10:36+09:00,128.0,count/min,2,김하은의 Apple Watch,HKQuantityTypeIdentifierHeartRate
Heart rate,2026-07-16 15:12:21+09:00,111.0,count/min,0,김하은의 Apple Watch,HKQuantityTypeIdentifierHeartRate
Heart rate,2026-07-16 15:12:26+09:00,113.0,count/min,0,김하은의 Apple Watch,HKQuantityTypeIdentifierHeartRate
Heart rate,2026-07-16 15:12:28+09:00,113.0,count/min,0,김하은의 Apple Watch,HKQuantityTypeIdentifierHeartRate
Heart rate,2026-07-16 15:12:35+09:00,114.0,count/min,0,김하은의 Apple Watch,HKQuantityTypeIdentifierHeartRate
Heart rate,2026-07-16 15:12:37+09:00,114.0,count/min,0,김하은의 Apple Watch,HKQuantityTypeIdentifierHeartRate
Heart rate,2026-07-16 15:12:43+09:00,119.0,count/min,0,김하은의 Apple Watch,HKQuantityTypeIdentifierHeartRate
Heart rate,2026-07-16 15:12:47+09:00,123.0,count/min,0,김하은의 Apple Watch,HKQuantityTypeIdentifierHeartRate
Heart rate,2026-07-16 15:13:10+09:00,135.0,count/min,0,김하은의 Apple Watch,HKQuantityTypeIdentifierHeartRate
Heart rate,2026-07-16 15:13:13+09:00,137.0,count/min,0,김하은의 Apple Watch,HKQuantityTypeIdentifierHeartRate
Heart rate,2026-07-16 15:13:19+09:00,139.0,count/min,0,김하은의 Apple Watch,HKQuantityTypeIdentifierHeartRate
Heart rate,2026-07-16 15:13:24+09:00,140.0,count/min,0,김하은의 Apple Watch,HKQuantityTypeIdentifierHeartRate
Heart rate,2026-07-16 15:13:48+09:00,126.0,count/min,0,김하은의 Apple Watch,HKQuantityTypeIdentifierHeartRate
Heart rate,2026-07-16 15:13:52+09:00,126.0,count/min,0,김하은의 Apple Watch,HKQuantityTypeIdentifierHeartRate
Heart rate,2026-07-16 15:14:00+09:00,124.0,count/min,0,김하은의 Apple Watch,HKQuantityTypeIdentifierHeartRate
Heart rate,2026-07-16 15:14:05+09:00,122.0,count/min,0,김하은의 Apple Watch,HKQuantityTypeIdentifierHeartRate
Heart rate,2026-07-16 15:14:07+09:00,122.0,count/min,0,김하은의 Apple Watch,HKQuantityTypeIdentifierHeartRate
Heart rate,2026-07-16 15:14:12+09:00,119.0,count/min,0,김하은의 Apple Watch,HKQuantityTypeIdentifierHeartRate
Heart rate,2026-07-16 15:14:20+09:00,117.0,count/min,0,김하은의 Apple Watch,HKQuantityTypeIdentifierHeartRate
Heart rate,2026-07-16 15:14:24+09:00,117.0,count/min,0,김하은의 Apple Watch,HKQuantityTypeIdentifierHeartRate
Heart rate,2026-07-16 15:14:27+09:00,118.0,count/min,0,김하은의 Apple Watch,HKQuantityTypeIdentifierHeartRate
Heart rate,2026-07-16 15:14:35+09:00,119.0,count/min,0,김하은의 Apple Watch,HKQuantityTypeIdentifierHeartRate
Heart rate,2026-07-16 15:14:42+09:00,116.0,count/min,0,김하은의 Apple Watch,HKQuantityTypeIdentifierHeartRate
Heart rate,2026-07-16 15:14:47+09:00,117.0,count/min,0,김하은의 Apple Watch,HKQuantityTypeIdentifierHeartRate
Heart rate,2026-07-16 15:14:48+09:00,117.0,count/min,0,김하은의 Apple Watch,HKQuantityTypeIdentifierHeartRate
Heart rate,2026-07-16 15:14:57+09:00,117.0,count/min,0,김하은의 Apple Watch,HKQuantityTypeIdentifierHeartRate
Heart rate,2026-07-16 15:14:58+09:00,116.0,count/min,0,김하은의 Apple Watch,HKQuantityTypeIdentifierHeartRate
Heart rate,2026-07-16 15:15:07+09:00,118.0,count/min,0,김하은의 Apple Watch,HKQuantityTypeIdentifierHeartRate
Heart rate,2026-07-16 15:15:10+09:00,116.0,count/min,0,김하은의 Apple Watch,HKQuantityTypeIdentifierHeartRate
Heart rate,2026-07-16 15:15:17+09:00,116.0,count/min,0,김하은의 Apple Watch,HKQuantityTypeIdentifierHeartRate
Heart rate,2026-07-16 15:15:19+09:00,115.0,count/min,0,김하은의 Apple Watch,HKQuantityTypeIdentifierHeartRate
Heart rate,2026-07-16 15:15:24+09:00,113.0,count/min,0,김하은의 Apple Watch,HKQuantityTypeIdentifierHeartRate
Heart rate,2026-07-16 15:15:32+09:00,114.0,count/min,0,김하은의 Apple Watch,HKQuantityTypeIdentifierHeartRate
Heart rate,2026-07-16 15:15:35+09:00,114.0,count/min,0,김하은의 Apple Watch,HKQuantityTypeIdentifierHeartRate
Heart rate,2026-07-16 15:15:39+09:00,115.0,count/min,0,김하은의 Apple Watch,HKQuantityTypeIdentifierHeartRate
Heart rate,2026-07-16 15:15:46+09:00,119.0,count/min,0,김하은의 Apple Watch,HKQuantityTypeIdentifierHeartRate
Heart rate,2026-07-16 15:15:48+09:00,119.0,count/min,0,김하은의 Apple Watch,HKQuantityTypeIdentifierHeartRate
Heart rate,2026-07-16 15:15:53+09:00,116.0,count/min,0,김하은의 Apple Watch,HKQuantityTypeIdentifierHeartRate
Heart rate,2026-07-16 15:16:01+09:00,115.0,count/min,0,김하은의 Apple Watch,HKQuantityTypeIdentifierHeartRate
Heart rate,2026-07-16 15:16:03+09:00,116.0,count/min,0,김하은의 Apple Watch,HKQuantityTypeIdentifierHeartRate
Heart rate,2026-07-16 15:16:12+09:00,116.0,count/min,0,김하은의 Apple Watch,HKQuantityTypeIdentifierHeartRate
Heart rate,2026-07-16 15:16:17+09:00,118.0,count/min,0,김하은의 Apple Watch,HKQuantityTypeIdentifierHeartRate
Heart rate,2026-07-16 15:16:25+09:00,118.0,count/min,0,김하은의 Apple Watch,HKQuantityTypeIdentifierHeartRate
Heart rate,2026-07-16 15:16:28+09:00,116.0,count/min,0,김하은의 Apple Watch,HKQuantityTypeIdentifierHeartRate
Heart rate,2026-07-16 15:16:37+09:00,105.0,count/min,0,김하은의 Apple Watch,HKQuantityTypeIdentifierHeartRate
Heart rate,2026-07-16 15:16:39+09:00,105.0,count/min,0,김하은의 Apple Watch,HKQuantityTypeIdentifierHeartRate
Heart rate,2026-07-16 15:16:45+09:00,106.0,count/min,0,김하은의 Apple Watch,HKQuantityTypeIdentifierHeartRate
Heart rate,2026-07-16 15:16:48+09:00,107.0,count/min,0,김하은의 Apple Watch,HKQuantityTypeIdentifierHeartRate
Heart rate,2026-07-16 15:16:55+09:00,107.0,count/min,0,김하은의 Apple Watch,HKQuantityTypeIdentifierHeartRate
Heart rate,2026-07-16 15:17:02+09:00,105.0,count/min,0,김하은의 Apple Watch,HKQuantityTypeIdentifierHeartRate
Heart rate,2026-07-16 15:17:08+09:00,106.0,count/min,0,김하은의 Apple Watch,HKQuantityTypeIdentifierHeartRate
Heart rate,2026-07-16 15:17:17+09:00,110.0,count/min,0,김하은의 Apple Watch,HKQuantityTypeIdentifierHeartRate
Heart rate,2026-07-16 15:17:22+09:00,108.0,count/min,0,김하은의 Apple Watch,HKQuantityTypeIdentifierHeartRate
Heart rate,2026-07-16 15:17:24+09:00,107.0,count/min,0,김하은의 Apple Watch,HKQuantityTypeIdentifierHeartRate
Heart rate,2026-07-16 15:17:28+09:00,107.0,count/min,0,김하은의 Apple Watch,HKQuantityTypeIdentifierHeartRate
Heart rate,2026-07-16 15:17:36+09:00,101.0,count/min,0,김하은의 Apple Watch,HKQuantityTypeIdentifierHeartRate
Heart rate,2026-07-16 15:17:38+09:00,101.0,count/min,0,김하은의 Apple Watch,HKQuantityTypeIdentifierHeartRate
Heart rate,2026-07-16 15:17:43+09:00,100.0,count/min,0,김하은의 Apple Watch,HKQuantityTypeIdentifierHeartRate
Heart rate,2026-07-16 15:17:48+09:00,102.0,count/min,0,김하은의 Apple Watch,HKQuantityTypeIdentifierHeartRate
Heart rate,2026-07-16 15:17:55+09:00,104.0,count/min,0,김하은의 Apple Watch,HKQuantityTypeIdentifierHeartRate
Heart rate,2026-07-16 15:17:58+09:00,104.0,count/min,0,김하은의 Apple Watch,HKQuantityTypeIdentifierHeartRate
Heart rate,2026-07-16 15:18:05+09:00,105.0,count/min,0,김하은의 Apple Watch,HKQuantityTypeIdentifierHeartRate
Heart rate,2026-07-16 15:18:12+09:00,104.0,count/min,0,김하은의 Apple Watch,HKQuantityTypeIdentifierHeartRate
Heart rate,2026-07-16 15:18:17+09:00,103.0,count/min,0,김하은의 Apple Watch,HKQuantityTypeIdentifierHeartRate
Heart rate,2026-07-16 15:18:22+09:00,107.0,count/min,0,김하은의 Apple Watch,HKQuantityTypeIdentifierHeartRate
Heart rate,2026-07-16 15:18:27+09:00,107.0,count/min,0,김하은의 Apple Watch,HKQuantityTypeIdentifierHeartRate
Heart rate,2026-07-16 15:18:31+09:00,106.0,count/min,0,김하은의 Apple Watch,HKQuantityTypeIdentifierHeartRate
Heart rate,2026-07-16 15:18:36+09:00,105.0,count/min,0,김하은의 Apple Watch,HKQuantityTypeIdentifierHeartRate
Heart rate,2026-07-16 15:18:39+09:00,105.0,count/min,0,김하은의 Apple Watch,HKQuantityTypeIdentifierHeartRate
Heart rate,2026-07-16 15:18:46+09:00,104.0,count/min,0,김하은의 Apple Watch,HKQuantityTypeIdentifierHeartRate
Heart rate,2026-07-16 15:18:49+09:00,102.0,count/min,0,김하은의 Apple Watch,HKQuantityTypeIdentifierHeartRate
Heart rate,2026-07-16 15:18:56+09:00,97.0,count/min,0,김하은의 Apple Watch,HKQuantityTypeIdentifierHeartRate
Heart rate,2026-07-16 15:19:02+09:00,100.0,count/min,0,김하은의 Apple Watch,HKQuantityTypeIdentifierHeartRate
Heart rate,2026-07-16 15:19:07+09:00,99.0,count/min,0,김하은의 Apple Watch,HKQuantityTypeIdentifierHeartRate
Heart rate,2026-07-16 15:19:12+09:00,98.0,count/min,0,김하은의 Apple Watch,HKQuantityTypeIdentifierHeartRate
Heart rate,2026-07-16 15:19:15+09:00,99.0,count/min,0,김하은의 Apple Watch,HKQuantityTypeIdentifierHeartRate
Heart rate,2026-07-16 15:19:18+09:00,100.0,count/min,0,김하은의 Apple Watch,HKQuantityTypeIdentifierHeartRate
Heart rate,2026-07-16 15:19:27+09:00,102.0,count/min,0,김하은의 Apple Watch,HKQuantityTypeIdentifierHeartRate
Heart rate,2026-07-16 15:19:29+09:00,103.0,count/min,0,김하은의 Apple Watch,HKQuantityTypeIdentifierHeartRate
Heart rate,2026-07-16 15:19:36+09:00,105.0,count/min,0,김하은의 Apple Watch,HKQuantityTypeIdentifierHeartRate
Heart rate,2026-07-16 15:19:51+09:00,104.0,count/min,0,김하은의 Apple Watch,HKQuantityTypeIdentifierHeartRate
Heart rate,2026-07-16 15:20:07+09:00,103.0,count/min,0,김하은의 Apple Watch,HKQuantityTypeIdentifierHeartRate
Heart rate,2026-07-16 15:20:12+09:00,100.0,count/min,0,김하은의 Apple Watch,HKQuantityTypeIdentifierHeartRate
Heart rate,2026-07-16 15:20:16+09:00,103.0,count/min,0,김하은의 Apple Watch,HKQuantityTypeIdentifierHeartRate
Heart rate,2026-07-16 15:20:22+09:00,109.0,count/min,0,김하은의 Apple Watch,HKQuantityTypeIdentifierHeartRate
Heart rate,2026-07-16 15:20:25+09:00,108.0,count/min,0,김하은의 Apple Watch,HKQuantityTypeIdentifierHeartRate
Heart rate,2026-07-16 15:20:29+09:00,105.0,count/min,0,김하은의 Apple Watch,HKQuantityTypeIdentifierHeartRate
Heart rate,2026-07-16 15:20:33+09:00,105.0,count/min,0,김하은의 Apple Watch,HKQuantityTypeIdentifierHeartRate
Heart rate,2026-07-16 15:20:38+09:00,99.0,count/min,0,김하은의 Apple Watch,HKQuantityTypeIdentifierHeartRate
Heart rate,2026-07-16 15:20:43+09:00,100.0,count/min,0,김하은의 Apple Watch,HKQuantityTypeIdentifierHeartRate
Heart rate,2026-07-16 15:20:52+09:00,99.0,count/min,0,김하은의 Apple Watch,HKQuantityTypeIdentifierHeartRate
Heart rate,2026-07-16 15:20:56+09:00,99.0,count/min,0,김하은의 Apple Watch,HKQuantityTypeIdentifierHeartRate
Heart rate,2026-07-16 15:20:59+09:00,99.0,count/min,0,김하은의 Apple Watch,HKQuantityTypeIdentifierHeartRate
Heart rate,2026-07-16 15:21:06+09:00,100.0,count/min,0,김하은의 Apple Watch,HKQuantityTypeIdentifierHeartRate
Heart rate,2026-07-16 15:21:12+09:00,99.0,count/min,0,김하은의 Apple Watch,HKQuantityTypeIdentifierHeartRate
Heart rate,2026-07-16 15:21:13+09:00,99.0,count/min,0,김하은의 Apple Watch,HKQuantityTypeIdentifierHeartRate
Heart rate,2026-07-16 15:21:22+09:00,100.0,count/min,0,김하은의 Apple Watch,HKQuantityTypeIdentifierHeartRate
Heart rate,2026-07-16 15:21:23+09:00,101.0,count/min,0,김하은의 Apple Watch,HKQuantityTypeIdentifierHeartRate
Heart rate,2026-07-16 15:21:28+09:00,104.0,count/min,0,김하은의 Apple Watch,HKQuantityTypeIdentifierHeartRate
Heart rate,2026-07-16 15:21:36+09:00,99.0,count/min,0,김하은의 Apple Watch,HKQuantityTypeIdentifierHeartRate
Heart rate,2026-07-16 15:30:36+09:00,98.0,count/min,2,김하은의 Apple Watch,HKQuantityTypeIdentifierHeartRate
Heart rate,2026-07-16 15:33:48+09:00,84.0,count/min,1,김하은의 Apple Watch,HKQuantityTypeIdentifierHeartRate
Heart rate,2026-07-16 15:35:14+09:00,89.0,count/min,1,김하은의 Apple Watch,HKQuantityTypeIdentifierHeartRate
Heart rate,2026-07-16 15:43:11+09:00,80.0,count/min,1,김하은의 Apple Watch,HKQuantityTypeIdentifierHeartRate
Heart rate,2026-07-16 15:44:36+09:00,86.0,count/min,1,김하은의 Apple Watch,HKQuantityTypeIdentifierHeartRate
Heart rate,2026-07-16 15:50:45+09:00,85.0,count/min,1,김하은의 Apple Watch,HKQuantityTypeIdentifierHeartRate
Heart rate,2026-07-16 15:56:30+09:00,97.0,count/min,1,김하은의 Apple Watch,HKQuantityTypeIdentifierHeartRate
Heart rate,2026-07-16 16:07:28+09:00,84.0,count/min,1,김하은의 Apple Watch,HKQuantityTypeIdentifierHeartRate
Heart rate,2026-07-16 16:09:47+09:00,89.0,count/min,1,김하은의 Apple Watch,HKQuantityTypeIdentifierHeartRate
Heart rate,2026-07-16 16:14:52+09:00,83.0,count/min,1,김하은의 Apple Watch,HKQuantityTypeIdentifierHeartRate
Heart rate,2026-07-16 16:20:09+09:00,78.3595,count/min,0,김하은의 Apple Watch,HKQuantityTypeIdentifierHeartRate
Heart rate,2026-07-16 16:21:28+09:00,80.0,count/min,1,김하은의 Apple Watch,HKQuantityTypeIdentifierHeartRate
Heart rate,2026-07-16 16:25:33+09:00,84.0,count/min,1,김하은의 Apple Watch,HKQuantityTypeIdentifierHeartRate
Heart rate,2026-07-16 16:29:35+09:00,84.0,count/min,1,김하은의 Apple Watch,HKQuantityTypeIdentifierHeartRate
Heart rate,2026-07-16 16:35:27+09:00,81.0,count/min,0,김하은의 Apple Watch,HKQuantityTypeIdentifierHeartRate
Heart rate,2026-07-16 16:38:04+09:00,79.0,count/min,1,김하은의 Apple Watch,HKQuantityTypeIdentifierHeartRate
Heart rate,2026-07-16 16:40:02+09:00,85.0,count/min,1,김하은의 Apple Watch,HKQuantityTypeIdentifierHeartRate
Heart rate,2026-07-16 16:48:13+09:00,83.0,count/min,1,김하은의 Apple Watch,HKQuantityTypeIdentifierHeartRate
Heart rate,2026-07-16 16:52:18+09:00,80.0,count/min,1,김하은의 Apple Watch,HKQuantityTypeIdentifierHeartRate
Heart rate,2026-07-16 16:55:57+09:00,80.0,count/min,1,김하은의 Apple Watch,HKQuantityTypeIdentifierHeartRate
Heart rate,2026-07-16 17:03:28+09:00,74.0,count/min,1,김하은의 Apple Watch,HKQuantityTypeIdentifierHeartRate
Heart rate,2026-07-16 17:08:43+09:00,82.0,count/min,1,김하은의 Apple Watch,HKQuantityTypeIdentifierHeartRate
Heart rate,2026-07-16 17:13:35+09:00,83.0,count/min,1,김하은의 Apple Watch,HKQuantityTypeIdentifierHeartRate
Heart rate,2026-07-16 17:14:54+09:00,80.0,count/min,1,김하은의 Apple Watch,HKQuantityTypeIdentifierHeartRate
Heart rate,2026-07-16 17:22:34+09:00,74.0,count/min,1,김하은의 Apple Watch,HKQuantityTypeIdentifierHeartRate
Heart rate,2026-07-16 17:24:55+09:00,79.0,count/min,1,김하은의 Apple Watch,HKQuantityTypeIdentifierHeartRate
Heart rate,2026-07-16 17:32:59+09:00,80.0,count/min,1,김하은의 Apple Watch,HKQuantityTypeIdentifierHeartRate
Heart rate,2026-07-16 17:34:18+09:00,74.0,count/min,1,김하은의 Apple Watch,HKQuantityTypeIdentifierHeartRate
Heart rate,2026-07-16 17:41:17+09:00,81.0,count/min,1,김하은의 Apple Watch,HKQuantityTypeIdentifierHeartRate
Heart rate,2026-07-16 17:44:55+09:00,79.0,count/min,1,김하은의 Apple Watch,HKQuantityTypeIdentifierHeartRate
Heart rate,2026-07-16 17:52:38+09:00,80.0,count/min,0,김하은의 Apple Watch,HKQuantityTypeIdentifierHeartRate
Heart rate,2026-07-16 17:53:33+09:00,79.0,count/min,1,김하은의 Apple Watch,HKQuantityTypeIdentifierHeartRate
Heart rate,2026-07-16 17:55:03+09:00,84.0,count/min,1,김하은의 Apple Watch,HKQuantityTypeIdentifierHeartRate
Heart rate,2026-07-16 17:59:23+09:00,83.0,count/min,1,김하은의 Apple Watch,HKQuantityTypeIdentifierHeartRate
Heart rate,2026-07-16 18:03:53+09:00,83.0,count/min,1,김하은의 Apple Watch,HKQuantityTypeIdentifierHeartRate
Heart rate,2026-07-16 18:11:54+09:00,84.0,count/min,1,김하은의 Apple Watch,HKQuantityTypeIdentifierHeartRate
Heart rate,2026-07-16 18:18:10+09:00,79.0,count/min,1,김하은의 Apple Watch,HKQuantityTypeIdentifierHeartRate
Heart rate,2026-07-16 18:18:17+09:00,78.9818,count/min,0,김하은의 Apple Watch,HKQuantityTypeIdentifierHeartRate
Heart rate,2026-07-16 18:19:35+09:00,79.0,count/min,1,김하은의 Apple Watch,HKQuantityTypeIdentifierHeartRate
Heart rate,2026-07-16 18:24:23+09:00,79.0,count/min,1,김하은의 Apple Watch,HKQuantityTypeIdentifierHeartRate
Heart rate,2026-07-16 18:33:25+09:00,80.0,count/min,1,김하은의 Apple Watch,HKQuantityTypeIdentifierHeartRate
Heart rate,2026-07-16 18:38:26+09:00,79.0,count/min,1,김하은의 Apple Watch,HKQuantityTypeIdentifierHeartRate
Heart rate,2026-07-16 18:42:16+09:00,76.0,count/min,1,김하은의 Apple Watch,HKQuantityTypeIdentifierHeartRate
Heart rate,2026-07-16 18:45:54+09:00,83.0,count/min,1,김하은의 Apple Watch,HKQuantityTypeIdentifierHeartRate
Heart rate,2026-07-16 18:50:53+09:00,73.0,count/min,1,김하은의 Apple Watch,HKQuantityTypeIdentifierHeartRate
Heart rate,2026-07-16 18:53:56+09:00,56.0,count/min,1,김하은의 Apple Watch,HKQuantityTypeIdentifierHeartRate
Heart rate,2026-07-16 19:02:58+09:00,90.0,count/min,0,김하은의 Apple Watch,HKQuantityTypeIdentifierHeartRate
Heart rate,2026-07-16 19:08:47+09:00,91.0,count/min,1,김하은의 Apple Watch,HKQuantityTypeIdentifierHeartRate
Heart rate,2026-07-16 19:10:16+09:00,91.0,count/min,1,김하은의 Apple Watch,HKQuantityTypeIdentifierHeartRate
Heart rate,2026-07-16 19:17:11+09:00,85.0,count/min,1,김하은의 Apple Watch,HKQuantityTypeIdentifierHeartRate
Heart rate,2026-07-16 19:19:39+09:00,92.0,count/min,1,김하은의 Apple Watch,HKQuantityTypeIdentifierHeartRate
Heart rate,2026-07-16 19:25:41+09:00,86.0,count/min,1,김하은의 Apple Watch,HKQuantityTypeIdentifierHeartRate
Heart rate,2026-07-16 19:29:13+09:00,94.0,count/min,1,김하은의 Apple Watch,HKQuantityTypeIdentifierHeartRate
Heart rate,2026-07-16 19:34:27+09:00,91.0,count/min,1,김하은의 Apple Watch,HKQuantityTypeIdentifierHeartRate
Heart rate,2026-07-16 19:42:38+09:00,84.0,count/min,1,김하은의 Apple Watch,HKQuantityTypeIdentifierHeartRate
Heart rate,2026-07-16 19:44:18+09:00,83.0,count/min,1,김하은의 Apple Watch,HKQuantityTypeIdentifierHeartRate
Heart rate,2026-07-16 19:46:47+09:00,94.0,count/min,0,김하은의 Apple Watch,HKQuantityTypeIdentifierHeartRate
Heart rate,2026-07-16 19:46:52+09:00,92.0,count/min,0,김하은의 Apple Watch,HKQuantityTypeIdentifierHeartRate
Heart rate,2026-07-16 19:52:52+09:00,85.0,count/min,1,김하은의 Apple Watch,HKQuantityTypeIdentifierHeartRate
Heart rate,2026-07-16 19:53:55+09:00,81.0,count/min,1,김하은의 Apple Watch,HKQuantityTypeIdentifierHeartRate
Heart rate,2026-07-16 19:59:51+09:00,79.0,count/min,1,김하은의 Apple Watch,HKQuantityTypeIdentifierHeartRate
Heart rate,2026-07-16 20:05:57+09:00,81.0,count/min,1,김하은의 Apple Watch,HKQuantityTypeIdentifierHeartRate
Heart rate,2026-07-16 20:11:16+09:00,80.0,count/min,1,김하은의 Apple Watch,HKQuantityTypeIdentifierHeartRate
Heart rate,2026-07-16 20:13:37+09:00,83.681,count/min,0,김하은의 Apple Watch,HKQuantityTypeIdentifierHeartRate
Heart rate,2026-07-16 20:14:12+09:00,81.0,count/min,1,김하은의 Apple Watch,HKQuantityTypeIdentifierHeartRate
Heart rate,2026-07-16 20:23:28+09:00,80.0,count/min,1,김하은의 Apple Watch,HKQuantityTypeIdentifierHeartRate
Heart rate,2026-07-16 20:25:15+09:00,81.0,count/min,1,김하은의 Apple Watch,HKQuantityTypeIdentifierHeartRate
Heart rate,2026-07-16 20:29:38+09:00,79.0,count/min,1,김하은의 Apple Watch,HKQuantityTypeIdentifierHeartRate
Heart rate,2026-07-16 20:38:15+09:00,81.0,count/min,1,김하은의 Apple Watch,HKQuantityTypeIdentifierHeartRate
Heart rate,2026-07-16 20:38:51+09:00,75.0,count/min,0,김하은의 Apple Watch,HKQuantityTypeIdentifierHeartRate
Heart rate,2026-07-16 20:39:48+09:00,80.0,count/min,1,김하은의 Apple Watch,HKQuantityTypeIdentifierHeartRate
Heart rate,2026-07-16 20:47:32+09:00,86.0,count/min,1,김하은의 Apple Watch,HKQuantityTypeIdentifierHeartRate
Heart rate,2026-07-16 20:49:06+09:00,83.0,count/min,1,김하은의 Apple Watch,HKQuantityTypeIdentifierHeartRate
Heart rate,2026-07-16 20:57:36+09:00,88.0,count/min,1,김하은의 Apple Watch,HKQuantityTypeIdentifierHeartRate
Heart rate,2026-07-16 21:02:37+09:00,80.0,count/min,1,김하은의 Apple Watch,HKQuantityTypeIdentifierHeartRate
Heart rate,2026-07-16 21:07:34+09:00,84.0,count/min,1,김하은의 Apple Watch,HKQuantityTypeIdentifierHeartRate
Heart rate,2026-07-16 21:12:27+09:00,91.0,count/min,1,김하은의 Apple Watch,HKQuantityTypeIdentifierHeartRate
Heart rate,2026-07-16 21:18:00+09:00,79.0,count/min,1,김하은의 Apple Watch,HKQuantityTypeIdentifierHeartRate
Heart rate,2026-07-16 21:23:14+09:00,84.0,count/min,1,김하은의 Apple Watch,HKQuantityTypeIdentifierHeartRate
Heart rate,2026-07-16 21:28:26+09:00,84.0,count/min,1,김하은의 Apple Watch,HKQuantityTypeIdentifierHeartRate
Heart rate,2026-07-16 21:32:45+09:00,80.0,count/min,1,김하은의 Apple Watch,HKQuantityTypeIdentifierHeartRate
Heart rate,2026-07-16 21:34:18+09:00,80.0,count/min,1,김하은의 Apple Watch,HKQuantityTypeIdentifierHeartRate
Heart rate,2026-07-16 21:39:37+09:00,83.0,count/min,1,김하은의 Apple Watch,HKQuantityTypeIdentifierHeartRate
Heart rate,2026-07-16 21:48:22+09:00,84.0,count/min,1,김하은의 Apple Watch,HKQuantityTypeIdentifierHeartRate
Heart rate,2026-07-16 21:49:24+09:00,87.0,count/min,0,김하은의 Apple Watch,HKQuantityTypeIdentifierHeartRate
Heart rate,2026-07-16 21:51:49+09:00,84.0,count/min,1,김하은의 Apple Watch,HKQuantityTypeIdentifierHeartRate
Heart rate,2026-07-16 21:55:54+09:00,84.0,count/min,1,김하은의 Apple Watch,HKQuantityTypeIdentifierHeartRate
Heart rate,2026-07-16 22:00:46+09:00,84.0,count/min,1,김하은의 Apple Watch,HKQuantityTypeIdentifierHeartRate
Heart rate,2026-07-16 22:07:09+09:00,84.0,count/min,1,김하은의 Apple Watch,HKQuantityTypeIdentifierHeartRate
Heart rate,2026-07-16 22:13:11+09:00,86.0,count/min,1,김하은의 Apple Watch,HKQuantityTypeIdentifierHeartRate
Heart rate,2026-07-16 22:14:38+09:00,80.0,count/min,1,김하은의 Apple Watch,HKQuantityTypeIdentifierHeartRate
Heart rate,2026-07-16 22:20:12+09:00,80.0,count/min,1,김하은의 Apple Watch,HKQuantityTypeIdentifierHeartRate
Heart rate,2026-07-16 22:22:29+09:00,83.6096,count/min,0,김하은의 Apple Watch,HKQuantityTypeIdentifierHeartRate
Heart rate,2026-07-16 22:23:50+09:00,80.0,count/min,1,김하은의 Apple Watch,HKQuantityTypeIdentifierHeartRate
Heart rate,2026-07-16 22:33:41+09:00,77.0,count/min,1,김하은의 Apple Watch,HKQuantityTypeIdentifierHeartRate
Heart rate,2026-07-16 22:36:43+09:00,80.0,count/min,1,김하은의 Apple Watch,HKQuantityTypeIdentifierHeartRate
Heart rate,2026-07-16 22:40:03+09:00,79.0,count/min,1,김하은의 Apple Watch,HKQuantityTypeIdentifierHeartRate
Heart rate,2026-07-16 22:45:48+09:00,78.0,count/min,1,김하은의 Apple Watch,HKQuantityTypeIdentifierHeartRate
Heart rate,2026-07-16 22:51:19+09:00,72.0,count/min,1,김하은의 Apple Watch,HKQuantityTypeIdentifierHeartRate
Heart rate,2026-07-16 22:54:24+09:00,73.0,count/min,1,김하은의 Apple Watch,HKQuantityTypeIdentifierHeartRate
Heart rate,2026-07-16 23:02:43+09:00,84.0,count/min,1,김하은의 Apple Watch,HKQuantityTypeIdentifierHeartRate
Heart rate,2026-07-16 23:07:24+09:00,79.0,count/min,1,김하은의 Apple Watch,HKQuantityTypeIdentifierHeartRate
Heart rate,2026-07-16 23:13:43+09:00,81.0,count/min,1,김하은의 Apple Watch,HKQuantityTypeIdentifierHeartRate
Heart rate,2026-07-16 23:17:45+09:00,80.0,count/min,1,김하은의 Apple Watch,HKQuantityTypeIdentifierHeartRate
Heart rate,2026-07-16 23:21:48+09:00,80.0,count/min,1,김하은의 Apple Watch,HKQuantityTypeIdentifierHeartRate
Heart rate,2026-07-16 23:22:48+09:00,85.0,count/min,0,김하은의 Apple Watch,HKQuantityTypeIdentifierHeartRate
Heart rate,2026-07-16 23:24:01+09:00,80.0,count/min,1,김하은의 Apple Watch,HKQuantityTypeIdentifierHeartRate
Heart rate,2026-07-16 23:30:03+09:00,79.0,count/min,1,김하은의 Apple Watch,HKQuantityTypeIdentifierHeartRate
Heart rate,2026-07-16 23:34:01+09:00,84.0,count/min,1,김하은의 Apple Watch,HKQuantityTypeIdentifierHeartRate
Heart rate,2026-07-16 23:40:55+09:00,73.0,count/min,1,김하은의 Apple Watch,HKQuantityTypeIdentifierHeartRate
Heart rate,2026-07-16 23:45:08+09:00,78.0,count/min,1,김하은의 Apple Watch,HKQuantityTypeIdentifierHeartRate
Heart rate,2026-07-16 23:52:45+09:00,105.0,count/min,1,김하은의 Apple Watch,HKQuantityTypeIdentifierHeartRate
Heart rate,2026-07-16 23:55:36+09:00,80.0,count/min,1,김하은의 Apple Watch,HKQuantityTypeIdentifierHeartRate
Heart rate,2026-07-17 00:00:27+09:00,76.0,count/min,1,김하은의 Apple Watch,HKQuantityTypeIdentifierHeartRate
Heart rate,2026-07-17 00:05:17+09:00,77.0,count/min,1,김하은의 Apple Watch,HKQuantityTypeIdentifierHeartRate
Heart rate,2026-07-17 00:13:27+09:00,68.0,count/min,1,김하은의 Apple Watch,HKQuantityTypeIdentifierHeartRate
Heart rate,2026-07-17 00:17:49+09:00,68.0,count/min,0,김하은의 Apple Watch,HKQuantityTypeIdentifierHeartRate
Heart rate,2026-07-17 00:18:26+09:00,71.0,count/min,1,김하은의 Apple Watch,HKQuantityTypeIdentifierHeartRate
Heart rate,2026-07-17 00:19:43+09:00,73.8474,count/min,0,김하은의 Apple Watch,HKQuantityTypeIdentifierHeartRate
Heart rate,2026-07-17 00:21:48+09:00,68.0,count/min,1,김하은의 Apple Watch,HKQuantityTypeIdentifierHeartRate
Heart rate,2026-07-17 00:28:38+09:00,81.0,count/min,0,김하은의 Apple Watch,HKQuantityTypeIdentifierHeartRate
Heart rate,2026-07-17 00:30:58+09:00,68.0,count/min,1,김하은의 Apple Watch,HKQuantityTypeIdentifierHeartRate
Heart rate,2026-07-17 00:36:35+09:00,68.0,count/min,0,김하은의 Apple Watch,HKQuantityTypeIdentifierHeartRate
Heart rate,2026-07-17 00:42:40+09:00,67.0,count/min,0,김하은의 Apple Watch,HKQuantityTypeIdentifierHeartRate
Heart rate,2026-07-17 00:45:51+09:00,73.0,count/min,0,김하은의 Apple Watch,HKQuantityTypeIdentifierHeartRate
Heart rate,2026-07-17 00:53:14+09:00,71.0,count/min,0,김하은의 Apple Watch,HKQuantityTypeIdentifierHeartRate
Heart rate,2026-07-17 00:58:11+09:00,71.0,count/min,0,김하은의 Apple Watch,HKQuantityTypeIdentifierHeartRate
Heart rate,2026-07-17 01:03:01+09:00,71.0,count/min,0,김하은의 Apple Watch,HKQuantityTypeIdentifierHeartRate
Heart rate,2026-07-17 01:06:17+09:00,69.0,count/min,0,김하은의 Apple Watch,HKQuantityTypeIdentifierHeartRate
Heart rate,2026-07-17 01:11:36+09:00,68.0,count/min,0,김하은의 Apple Watch,HKQuantityTypeIdentifierHeartRate
Heart rate,2026-07-17 01:14:09+09:00,68.0,count/min,0,김하은의 Apple Watch,HKQuantityTypeIdentifierHeartRate
Heart rate,2026-07-17 01:19:32+09:00,67.0,count/min,0,김하은의 Apple Watch,HKQuantityTypeIdentifierHeartRate
Heart rate,2026-07-17 01:24:23+09:00,66.0,count/min,0,김하은의 Apple Watch,HKQuantityTypeIdentifierHeartRate
Heart rate,2026-07-17 01:31:54+09:00,83.0,count/min,0,김하은의 Apple Watch,HKQuantityTypeIdentifierHeartRate
Heart rate,2026-07-17 17:23:18+09:00,92.0,count/min,1,김하은의 Apple Watch,HKQuantityTypeIdentifierHeartRate
Heart rate,2026-07-17 17:30:35+09:00,85.0,count/min,0,김하은의 Apple Watch,HKQuantityTypeIdentifierHeartRate
Heart rate,2026-07-17 17:37:26+09:00,58.0,count/min,1,김하은의 Apple Watch,HKQuantityTypeIdentifierHeartRate
Heart rate,2026-07-17 17:37:32+09:00,85.3769,count/min,0,김하은의 Apple Watch,HKQuantityTypeIdentifierHeartRate
Heart rate,2026-07-17 17:42:02+09:00,86.0,count/min,1,김하은의 Apple Watch,HKQuantityTypeIdentifierHeartRate
Heart rate,2026-07-17 17:46:25+09:00,86.0,count/min,1,김하은의 Apple Watch,HKQuantityTypeIdentifierHeartRate
Heart rate,2026-07-17 17:49:45+09:00,79.0,count/min,1,김하은의 Apple Watch,HKQuantityTypeIdentifierHeartRate
Heart rate,2026-07-17 17:52:11+09:00,111.0,count/min,2,김하은의 Apple Watch,HKQuantityTypeIdentifierHeartRate
Heart rate,2026-07-17 17:53:31+09:00,102.0,count/min,0,김하은의 Apple Watch,HKQuantityTypeIdentifierHeartRate
Heart rate,2026-07-17 17:53:36+09:00,100.0,count/min,0,김하은의 Apple Watch,HKQuantityTypeIdentifierHeartRate
Heart rate,2026-07-17 17:53:40+09:00,100.0,count/min,0,김하은의 Apple Watch,HKQuantityTypeIdentifierHeartRate
Heart rate,2026-07-17 17:53:46+09:00,99.0,count/min,0,김하은의 Apple Watch,HKQuantityTypeIdentifierHeartRate
Heart rate,2026-07-17 17:53:50+09:00,100.0,count/min,0,김하은의 Apple Watch,HKQuantityTypeIdentifierHeartRate
Heart rate,2026-07-17 17:53:52+09:00,99.0,count/min,0,김하은의 Apple Watch,HKQuantityTypeIdentifierHeartRate
Heart rate,2026-07-17 17:53:59+09:00,96.0,count/min,0,김하은의 Apple Watch,HKQuantityTypeIdentifierHeartRate
Heart rate,2026-07-17 17:54:02+09:00,96.0,count/min,0,김하은의 Apple Watch,HKQuantityTypeIdentifierHeartRate
Heart rate,2026-07-17 17:54:07+09:00,90.0,count/min,0,김하은의 Apple Watch,HKQuantityTypeIdentifierHeartRate
Heart rate,2026-07-17 17:54:14+09:00,86.0,count/min,0,김하은의 Apple Watch,HKQuantityTypeIdentifierHeartRate
Heart rate,2026-07-17 17:54:21+09:00,95.0,count/min,0,김하은의 Apple Watch,HKQuantityTypeIdentifierHeartRate
Heart rate,2026-07-17 17:54:22+09:00,96.0,count/min,0,김하은의 Apple Watch,HKQuantityTypeIdentifierHeartRate
Heart rate,2026-07-17 17:54:29+09:00,93.0,count/min,0,김하은의 Apple Watch,HKQuantityTypeIdentifierHeartRate
Heart rate,2026-07-17 17:54:36+09:00,92.0,count/min,0,김하은의 Apple Watch,HKQuantityTypeIdentifierHeartRate
Heart rate,2026-07-17 17:54:39+09:00,92.0,count/min,0,김하은의 Apple Watch,HKQuantityTypeIdentifierHeartRate
Heart rate,2026-07-17 17:54:42+09:00,92.0,count/min,0,김하은의 Apple Watch,HKQuantityTypeIdentifierHeartRate
Heart rate,2026-07-17 17:54:50+09:00,94.0,count/min,0,김하은의 Apple Watch,HKQuantityTypeIdentifierHeartRate
Heart rate,2026-07-17 17:54:52+09:00,95.0,count/min,0,김하은의 Apple Watch,HKQuantityTypeIdentifierHeartRate
Heart rate,2026-07-17 17:54:57+09:00,97.0,count/min,0,김하은의 Apple Watch,HKQuantityTypeIdentifierHeartRate
Heart rate,2026-07-17 17:55:05+09:00,102.0,count/min,0,김하은의 Apple Watch,HKQuantityTypeIdentifierHeartRate
Heart rate,2026-07-17 17:55:11+09:00,99.0,count/min,0,김하은의 Apple Watch,HKQuantityTypeIdentifierHeartRate
Heart rate,2026-07-17 17:55:12+09:00,99.0,count/min,0,김하은의 Apple Watch,HKQuantityTypeIdentifierHeartRate
Heart rate,2026-07-17 17:55:17+09:00,101.0,count/min,0,김하은의 Apple Watch,HKQuantityTypeIdentifierHeartRate
Heart rate,2026-07-17 17:55:25+09:00,103.0,count/min,0,김하은의 Apple Watch,HKQuantityTypeIdentifierHeartRate
Heart rate,2026-07-17 17:55:27+09:00,102.0,count/min,0,김하은의 Apple Watch,HKQuantityTypeIdentifierHeartRate
Heart rate,2026-07-17 17:55:32+09:00,104.0,count/min,0,김하은의 Apple Watch,HKQuantityTypeIdentifierHeartRate
Heart rate,2026-07-17 17:55:39+09:00,104.0,count/min,0,김하은의 Apple Watch,HKQuantityTypeIdentifierHeartRate
Heart rate,2026-07-17 17:55:42+09:00,105.0,count/min,0,김하은의 Apple Watch,HKQuantityTypeIdentifierHeartRate
Heart rate,2026-07-17 17:55:51+09:00,106.0,count/min,0,김하은의 Apple Watch,HKQuantityTypeIdentifierHeartRate
Heart rate,2026-07-17 17:55:56+09:00,103.0,count/min,0,김하은의 Apple Watch,HKQuantityTypeIdentifierHeartRate
Heart rate,2026-07-17 17:55:58+09:00,103.0,count/min,0,김하은의 Apple Watch,HKQuantityTypeIdentifierHeartRate
Heart rate,2026-07-17 17:56:02+09:00,103.0,count/min,0,김하은의 Apple Watch,HKQuantityTypeIdentifierHeartRate
Heart rate,2026-07-17 17:56:11+09:00,108.0,count/min,0,김하은의 Apple Watch,HKQuantityTypeIdentifierHeartRate
Heart rate,2026-07-17 17:56:35+09:00,105.0,count/min,0,김하은의 Apple Watch,HKQuantityTypeIdentifierHeartRate
Heart rate,2026-07-17 17:56:40+09:00,105.0,count/min,0,김하은의 Apple Watch,HKQuantityTypeIdentifierHeartRate
Heart rate,2026-07-17 17:56:41+09:00,106.0,count/min,0,김하은의 Apple Watch,HKQuantityTypeIdentifierHeartRate
Heart rate,2026-07-17 17:56:49+09:00,105.0,count/min,0,김하은의 Apple Watch,HKQuantityTypeIdentifierHeartRate
Heart rate,2026-07-17 17:56:55+09:00,107.0,count/min,0,김하은의 Apple Watch,HKQuantityTypeIdentifierHeartRate
Heart rate,2026-07-17 17:57:00+09:00,107.0,count/min,0,김하은의 Apple Watch,HKQuantityTypeIdentifierHeartRate
Heart rate,2026-07-17 17:57:03+09:00,107.0,count/min,0,김하은의 Apple Watch,HKQuantityTypeIdentifierHeartRate
Heart rate,2026-07-17 17:57:10+09:00,106.0,count/min,0,김하은의 Apple Watch,HKQuantityTypeIdentifierHeartRate
Heart rate,2026-07-17 17:57:11+09:00,106.0,count/min,0,김하은의 Apple Watch,HKQuantityTypeIdentifierHeartRate
Heart rate,2026-07-17 17:57:20+09:00,100.0,count/min,0,김하은의 Apple Watch,HKQuantityTypeIdentifierHeartRate
Heart rate,2026-07-17 17:57:21+09:00,100.0,count/min,0,김하은의 Apple Watch,HKQuantityTypeIdentifierHeartRate
Heart rate,2026-07-17 17:57:27+09:00,99.0,count/min,0,김하은의 Apple Watch,HKQuantityTypeIdentifierHeartRate
Heart rate,2026-07-17 17:57:31+09:00,99.0,count/min,0,김하은의 Apple Watch,HKQuantityTypeIdentifierHeartRate
Heart rate,2026-07-17 17:57:40+09:00,99.0,count/min,0,김하은의 Apple Watch,HKQuantityTypeIdentifierHeartRate
Heart rate,2026-07-17 17:57:41+09:00,99.0,count/min,0,김하은의 Apple Watch,HKQuantityTypeIdentifierHeartRate
Heart rate,2026-07-17 17:57:49+09:00,93.0,count/min,0,김하은의 Apple Watch,HKQuantityTypeIdentifierHeartRate
Heart rate,2026-07-17 17:57:53+09:00,94.0,count/min,0,김하은의 Apple Watch,HKQuantityTypeIdentifierHeartRate
Heart rate,2026-07-17 17:57:56+09:00,96.0,count/min,0,김하은의 Apple Watch,HKQuantityTypeIdentifierHeartRate
Heart rate,2026-07-17 18:01:12+09:00,91.0,count/min,1,김하은의 Apple Watch,HKQuantityTypeIdentifierHeartRate
Heart rate,2026-07-17 18:06:02+09:00,97.0,count/min,2,김하은의 Apple Watch,HKQuantityTypeIdentifierHeartRate
Heart rate,2026-07-17 18:08:38+09:00,88.0,count/min,0,김하은의 Apple Watch,HKQuantityTypeIdentifierHeartRate
Heart rate,2026-07-17 18:10:50+09:00,85.0,count/min,1,김하은의 Apple Watch,HKQuantityTypeIdentifierHeartRate
Heart rate,2026-07-17 18:13:40+09:00,89.0654,count/min,0,김하은의 Apple Watch,HKQuantityTypeIdentifierHeartRate
Heart rate,2026-07-17 18:15:36+09:00,86.0,count/min,0,김하은의 Apple Watch,HKQuantityTypeIdentifierHeartRate
Heart rate,2026-07-17 18:16:06+09:00,81.0,count/min,1,김하은의 Apple Watch,HKQuantityTypeIdentifierHeartRate
Heart rate,2026-07-17 18:19:10+09:00,89.0,count/min,2,김하은의 Apple Watch,HKQuantityTypeIdentifierHeartRate
Heart rate,2026-07-17 18:21:14+09:00,74.0,count/min,1,김하은의 Apple Watch,HKQuantityTypeIdentifierHeartRate
Heart rate,2026-07-17 18:24:21+09:00,75.0,count/min,1,김하은의 Apple Watch,HKQuantityTypeIdentifierHeartRate
Heart rate,2026-07-17 18:27:18+09:00,90.0,count/min,2,김하은의 Apple Watch,HKQuantityTypeIdentifierHeartRate
Heart rate,2026-07-17 18:29:10+09:00,87.0,count/min,1,김하은의 Apple Watch,HKQuantityTypeIdentifierHeartRate
Heart rate,2026-07-17 18:34:44+09:00,97.0,count/min,2,김하은의 Apple Watch,HKQuantityTypeIdentifierHeartRate
Heart rate,2026-07-17 18:39:41+09:00,94.0,count/min,2,김하은의 Apple Watch,HKQuantityTypeIdentifierHeartRate
Heart rate,2026-07-17 18:40:23+09:00,102.0,count/min,0,김하은의 Apple Watch,HKQuantityTypeIdentifierHeartRate
Heart rate,2026-07-17 18:43:37+09:00,96.0,count/min,2,김하은의 Apple Watch,HKQuantityTypeIdentifierHeartRate
Heart rate,2026-07-17 18:47:57+09:00,86.0,count/min,1,김하은의 Apple Watch,HKQuantityTypeIdentifierHeartRate
Heart rate,2026-07-17 18:49:19+09:00,84.0,count/min,1,김하은의 Apple Watch,HKQuantityTypeIdentifierHeartRate
Heart rate,2026-07-17 18:52:01+09:00,99.0,count/min,2,김하은의 Apple Watch,HKQuantityTypeIdentifierHeartRate
Heart rate,2026-07-17 18:53:01+09:00,115.0,count/min,0,김하은의 Apple Watch,HKQuantityTypeIdentifierHeartRate
Heart rate,2026-07-17 18:53:06+09:00,118.0,count/min,0,김하은의 Apple Watch,HKQuantityTypeIdentifierHeartRate
Heart rate,2026-07-17 18:53:10+09:00,118.0,count/min,0,김하은의 Apple Watch,HKQuantityTypeIdentifierHeartRate
Heart rate,2026-07-17 18:53:15+09:00,116.0,count/min,0,김하은의 Apple Watch,HKQuantityTypeIdentifierHeartRate
Heart rate,2026-07-17 18:53:18+09:00,116.0,count/min,0,김하은의 Apple Watch,HKQuantityTypeIdentifierHeartRate
Heart rate,2026-07-17 18:53:23+09:00,116.0,count/min,0,김하은의 Apple Watch,HKQuantityTypeIdentifierHeartRate
Heart rate,2026-07-17 18:53:30+09:00,118.0,count/min,0,김하은의 Apple Watch,HKQuantityTypeIdentifierHeartRate
Heart rate,2026-07-17 18:53:34+09:00,115.0,count/min,0,김하은의 Apple Watch,HKQuantityTypeIdentifierHeartRate
Heart rate,2026-07-17 18:53:41+09:00,111.0,count/min,0,김하은의 Apple Watch,HKQuantityTypeIdentifierHeartRate
Heart rate,2026-07-17 18:53:46+09:00,111.0,count/min,0,김하은의 Apple Watch,HKQuantityTypeIdentifierHeartRate
Heart rate,2026-07-17 18:53:50+09:00,111.0,count/min,0,김하은의 Apple Watch,HKQuantityTypeIdentifierHeartRate
Heart rate,2026-07-17 18:53:52+09:00,110.0,count/min,0,김하은의 Apple Watch,HKQuantityTypeIdentifierHeartRate
Heart rate,2026-07-17 18:53:57+09:00,111.0,count/min,0,김하은의 Apple Watch,HKQuantityTypeIdentifierHeartRate
Heart rate,2026-07-17 18:54:02+09:00,114.0,count/min,0,김하은의 Apple Watch,HKQuantityTypeIdentifierHeartRate
Heart rate,2026-07-17 18:54:09+09:00,114.0,count/min,0,김하은의 Apple Watch,HKQuantityTypeIdentifierHeartRate
Heart rate,2026-07-17 18:54:13+09:00,115.0,count/min,0,김하은의 Apple Watch,HKQuantityTypeIdentifierHeartRate
Heart rate,2026-07-17 18:54:21+09:00,113.0,count/min,0,김하은의 Apple Watch,HKQuantityTypeIdentifierHeartRate
Heart rate,2026-07-17 18:55:11+09:00,95.0,count/min,0,김하은의 Apple Watch,HKQuantityTypeIdentifierHeartRate
Heart rate,2026-07-17 18:57:14+09:00,101.0,count/min,2,김하은의 Apple Watch,HKQuantityTypeIdentifierHeartRate
Heart rate,2026-07-17 18:58:48+09:00,105.0,count/min,0,김하은의 Apple Watch,HKQuantityTypeIdentifierHeartRate
Heart rate,2026-07-17 18:58:53+09:00,115.0,count/min,0,김하은의 Apple Watch,HKQuantityTypeIdentifierHeartRate
Heart rate,2026-07-17 18:58:58+09:00,116.0,count/min,0,김하은의 Apple Watch,HKQuantityTypeIdentifierHeartRate
Heart rate,2026-07-17 18:59:01+09:00,117.0,count/min,0,김하은의 Apple Watch,HKQuantityTypeIdentifierHeartRate
Heart rate,2026-07-17 18:59:08+09:00,112.0,count/min,0,김하은의 Apple Watch,HKQuantityTypeIdentifierHeartRate
Heart rate,2026-07-17 18:59:13+09:00,112.0,count/min,0,김하은의 Apple Watch,HKQuantityTypeIdentifierHeartRate
Heart rate,2026-07-17 18:59:16+09:00,111.0,count/min,0,김하은의 Apple Watch,HKQuantityTypeIdentifierHeartRate
Heart rate,2026-07-17 18:59:23+09:00,106.0,count/min,0,김하은의 Apple Watch,HKQuantityTypeIdentifierHeartRate
Heart rate,2026-07-17 18:59:25+09:00,104.0,count/min,0,김하은의 Apple Watch,HKQuantityTypeIdentifierHeartRate
Heart rate,2026-07-17 18:59:33+09:00,100.0,count/min,0,김하은의 Apple Watch,HKQuantityTypeIdentifierHeartRate
Heart rate,2026-07-17 18:59:34+09:00,100.0,count/min,0,김하은의 Apple Watch,HKQuantityTypeIdentifierHeartRate
Heart rate,2026-07-17 18:59:39+09:00,100.0,count/min,0,김하은의 Apple Watch,HKQuantityTypeIdentifierHeartRate
Heart rate,2026-07-17 18:59:45+09:00,101.0,count/min,0,김하은의 Apple Watch,HKQuantityTypeIdentifierHeartRate
Heart rate,2026-07-17 18:59:49+09:00,99.0,count/min,0,김하은의 Apple Watch,HKQuantityTypeIdentifierHeartRate
Heart rate,2026-07-17 18:59:58+09:00,101.0,count/min,0,김하은의 Apple Watch,HKQuantityTypeIdentifierHeartRate
Heart rate,2026-07-17 18:59:59+09:00,102.0,count/min,0,김하은의 Apple Watch,HKQuantityTypeIdentifierHeartRate
Heart rate,2026-07-17 19:00:07+09:00,99.0,count/min,0,김하은의 Apple Watch,HKQuantityTypeIdentifierHeartRate
Heart rate,2026-07-17 19:00:12+09:00,101.0,count/min,0,김하은의 Apple Watch,HKQuantityTypeIdentifierHeartRate
Heart rate,2026-07-17 19:00:48+09:00,99.0,count/min,0,김하은의 Apple Watch,HKQuantityTypeIdentifierHeartRate
Heart rate,2026-07-17 19:06:40+09:00,94.0,count/min,2,김하은의 Apple Watch,HKQuantityTypeIdentifierHeartRate
Heart rate,2026-07-17 19:10:27+09:00,97.0,count/min,2,김하은의 Apple Watch,HKQuantityTypeIdentifierHeartRate
Heart rate,2026-07-17 19:13:30+09:00,84.0,count/min,1,김하은의 Apple Watch,HKQuantityTypeIdentifierHeartRate
Heart rate,2026-07-17 19:15:42+09:00,95.0,count/min,2,김하은의 Apple Watch,HKQuantityTypeIdentifierHeartRate
Heart rate,2026-07-17 19:16:45+09:00,103.0,count/min,0,김하은의 Apple Watch,HKQuantityTypeIdentifierHeartRate
Heart rate,2026-07-17 19:17:22+09:00,93.0,count/min,0,김하은의 Apple Watch,HKQuantityTypeIdentifierHeartRate
Heart rate,2026-07-17 19:17:27+09:00,92.0,count/min,0,김하은의 Apple Watch,HKQuantityTypeIdentifierHeartRate
Heart rate,2026-07-17 19:17:32+09:00,90.0,count/min,0,김하은의 Apple Watch,HKQuantityTypeIdentifierHeartRate
Heart rate,2026-07-17 19:17:37+09:00,89.0,count/min,0,김하은의 Apple Watch,HKQuantityTypeIdentifierHeartRate
Heart rate,2026-07-17 19:17:38+09:00,88.0,count/min,0,김하은의 Apple Watch,HKQuantityTypeIdentifierHeartRate
Heart rate,2026-07-17 19:17:46+09:00,86.0,count/min,0,김하은의 Apple Watch,HKQuantityTypeIdentifierHeartRate
Heart rate,2026-07-17 19:17:50+09:00,85.0,count/min,0,김하은의 Apple Watch,HKQuantityTypeIdentifierHeartRate
Heart rate,2026-07-17 19:17:54+09:00,86.0,count/min,0,김하은의 Apple Watch,HKQuantityTypeIdentifierHeartRate
Heart rate,2026-07-17 19:17:58+09:00,86.0,count/min,0,김하은의 Apple Watch,HKQuantityTypeIdentifierHeartRate
Heart rate,2026-07-17 19:18:07+09:00,92.0,count/min,0,김하은의 Apple Watch,HKQuantityTypeIdentifierHeartRate
Heart rate,2026-07-17 19:18:10+09:00,91.0,count/min,0,김하은의 Apple Watch,HKQuantityTypeIdentifierHeartRate
Heart rate,2026-07-17 19:18:13+09:00,89.0,count/min,0,김하은의 Apple Watch,HKQuantityTypeIdentifierHeartRate
Heart rate,2026-07-17 19:18:22+09:00,83.0,count/min,0,김하은의 Apple Watch,HKQuantityTypeIdentifierHeartRate
Heart rate,2026-07-17 19:18:26+09:00,82.0,count/min,0,김하은의 Apple Watch,HKQuantityTypeIdentifierHeartRate
Heart rate,2026-07-17 19:18:28+09:00,84.0,count/min,0,김하은의 Apple Watch,HKQuantityTypeIdentifierHeartRate
Heart rate,2026-07-17 19:18:37+09:00,89.0,count/min,0,김하은의 Apple Watch,HKQuantityTypeIdentifierHeartRate
Heart rate,2026-07-17 19:18:38+09:00,88.0,count/min,0,김하은의 Apple Watch,HKQuantityTypeIdentifierHeartRate
Heart rate,2026-07-17 19:18:43+09:00,88.0,count/min,0,김하은의 Apple Watch,HKQuantityTypeIdentifierHeartRate
Heart rate,2026-07-17 19:22:04+09:00,92.0,count/min,0,김하은의 Apple Watch,HKQuantityTypeIdentifierHeartRate
Heart rate,2026-07-17 19:24:25+09:00,100.0,count/min,2,김하은의 Apple Watch,HKQuantityTypeIdentifierHeartRate
Heart rate,2026-07-17 19:26:57+09:00,93.0,count/min,2,김하은의 Apple Watch,HKQuantityTypeIdentifierHeartRate
Heart rate,2026-07-17 19:30:34+09:00,94.0,count/min,2,김하은의 Apple Watch,HKQuantityTypeIdentifierHeartRate
Heart rate,2026-07-17 19:33:38+09:00,98.0,count/min,2,김하은의 Apple Watch,HKQuantityTypeIdentifierHeartRate
Heart rate,2026-07-17 19:35:36+09:00,100.0,count/min,0,김하은의 Apple Watch,HKQuantityTypeIdentifierHeartRate
Heart rate,2026-07-17 19:35:41+09:00,98.0,count/min,0,김하은의 Apple Watch,HKQuantityTypeIdentifierHeartRate
Heart rate,2026-07-17 19:35:42+09:00,97.0,count/min,0,김하은의 Apple Watch,HKQuantityTypeIdentifierHeartRate
Heart rate,2026-07-17 19:35:50+09:00,98.0,count/min,0,김하은의 Apple Watch,HKQuantityTypeIdentifierHeartRate
Heart rate,2026-07-17 19:35:52+09:00,96.0,count/min,0,김하은의 Apple Watch,HKQuantityTypeIdentifierHeartRate
Heart rate,2026-07-17 19:36:01+09:00,86.0,count/min,0,김하은의 Apple Watch,HKQuantityTypeIdentifierHeartRate
Heart rate,2026-07-17 19:36:04+09:00,85.0,count/min,0,김하은의 Apple Watch,HKQuantityTypeIdentifierHeartRate
Heart rate,2026-07-17 19:36:11+09:00,85.0,count/min,0,김하은의 Apple Watch,HKQuantityTypeIdentifierHeartRate
Heart rate,2026-07-17 19:36:16+09:00,85.0,count/min,0,김하은의 Apple Watch,HKQuantityTypeIdentifierHeartRate
Heart rate,2026-07-17 19:36:20+09:00,86.0,count/min,0,김하은의 Apple Watch,HKQuantityTypeIdentifierHeartRate
Heart rate,2026-07-17 19:36:24+09:00,85.0,count/min,0,김하은의 Apple Watch,HKQuantityTypeIdentifierHeartRate
Heart rate,2026-07-17 19:36:27+09:00,85.0,count/min,0,김하은의 Apple Watch,HKQuantityTypeIdentifierHeartRate
Heart rate,2026-07-17 19:36:36+09:00,88.0,count/min,0,김하은의 Apple Watch,HKQuantityTypeIdentifierHeartRate
Heart rate,2026-07-17 19:36:37+09:00,88.0,count/min,0,김하은의 Apple Watch,HKQuantityTypeIdentifierHeartRate
Heart rate,2026-07-17 19:36:45+09:00,83.0,count/min,0,김하은의 Apple Watch,HKQuantityTypeIdentifierHeartRate
Heart rate,2026-07-17 19:38:17+09:00,77.0,count/min,1,김하은의 Apple Watch,HKQuantityTypeIdentifierHeartRate
Heart rate,2026-07-17 19:42:47+09:00,81.0,count/min,1,김하은의 Apple Watch,HKQuantityTypeIdentifierHeartRate
Heart rate,2026-07-17 19:44:32+09:00,72.0,count/min,1,김하은의 Apple Watch,HKQuantityTypeIdentifierHeartRate
Heart rate,2026-07-17 19:51:14+09:00,69.0,count/min,0,김하은의 Apple Watch,HKQuantityTypeIdentifierHeartRate
Heart rate,2026-07-17 19:57:33+09:00,87.0,count/min,1,김하은의 Apple Watch,HKQuantityTypeIdentifierHeartRate
Heart rate,2026-07-17 19:59:53+09:00,91.0,count/min,1,김하은의 Apple Watch,HKQuantityTypeIdentifierHeartRate
Heart rate,2026-07-17 20:08:46+09:00,83.0,count/min,1,김하은의 Apple Watch,HKQuantityTypeIdentifierHeartRate
Heart rate,2026-07-17 20:13:10+09:00,86.0,count/min,1,김하은의 Apple Watch,HKQuantityTypeIdentifierHeartRate
Heart rate,2026-07-17 20:16:22+09:00,80.0,count/min,1,김하은의 Apple Watch,HKQuantityTypeIdentifierHeartRate
Heart rate,2026-07-17 20:23:24+09:00,86.0,count/min,1,김하은의 Apple Watch,HKQuantityTypeIdentifierHeartRate
Heart rate,2026-07-17 20:25:14+09:00,80.0,count/min,1,김하은의 Apple Watch,HKQuantityTypeIdentifierHeartRate
Heart rate,2026-07-17 20:28:45+09:00,86.0,count/min,2,김하은의 Apple Watch,HKQuantityTypeIdentifierHeartRate
Heart rate,2026-07-17 20:32:25+09:00,86.0,count/min,1,김하은의 Apple Watch,HKQuantityTypeIdentifierHeartRate
Heart rate,2026-07-17 20:33:01+09:00,86.3227,count/min,0,김하은의 Apple Watch,HKQuantityTypeIdentifierHeartRate
Heart rate,2026-07-17 20:38:49+09:00,89.0,count/min,1,김하은의 Apple Watch,HKQuantityTypeIdentifierHeartRate
Heart rate,2026-07-17 20:47:09+09:00,90.0,count/min,0,김하은의 Apple Watch,HKQuantityTypeIdentifierHeartRate
Heart rate,2026-07-17 20:54:27+09:00,88.0,count/min,1,김하은의 Apple Watch,HKQuantityTypeIdentifierHeartRate
Heart rate,2026-07-17 21:03:26+09:00,94.0,count/min,2,김하은의 Apple Watch,HKQuantityTypeIdentifierHeartRate
Heart rate,2026-07-17 21:04:05+09:00,91.0,count/min,1,김하은의 Apple Watch,HKQuantityTypeIdentifierHeartRate
Heart rate,2026-07-17 21:09:44+09:00,89.0,count/min,1,김하은의 Apple Watch,HKQuantityTypeIdentifierHeartRate
Heart rate,2026-07-17 21:16:47+09:00,81.0,count/min,1,김하은의 Apple Watch,HKQuantityTypeIdentifierHeartRate
Heart rate,2026-07-17 21:19:26+09:00,82.0,count/min,1,김하은의 Apple Watch,HKQuantityTypeIdentifierHeartRate
Heart rate,2026-07-17 21:27:40+09:00,83.0,count/min,1,김하은의 Apple Watch,HKQuantityTypeIdentifierHeartRate
Heart rate,2026-07-17 21:32:44+09:00,90.0,count/min,0,김하은의 Apple Watch,HKQuantityTypeIdentifierHeartRate
Heart rate,2026-07-17 21:38:14+09:00,80.0,count/min,1,김하은의 Apple Watch,HKQuantityTypeIdentifierHeartRate
Heart rate,2026-07-17 21:39:16+09:00,83.0,count/min,1,김하은의 Apple Watch,HKQuantityTypeIdentifierHeartRate
Heart rate,2026-07-17 21:46:22+09:00,83.0,count/min,1,김하은의 Apple Watch,HKQuantityTypeIdentifierHeartRate
Heart rate,2026-07-17 21:48:53+09:00,87.0,count/min,1,김하은의 Apple Watch,HKQuantityTypeIdentifierHeartRate
Heart rate,2026-07-17 21:54:38+09:00,82.0,count/min,0,김하은의 Apple Watch,HKQuantityTypeIdentifierHeartRate
Heart rate,2026-07-17 22:00:20+09:00,88.0,count/min,0,김하은의 Apple Watch,HKQuantityTypeIdentifierHeartRate
Heart rate,2026-07-17 22:07:15+09:00,99.0,count/min,2,김하은의 Apple Watch,HKQuantityTypeIdentifierHeartRate
Heart rate,2026-07-17 22:08:16+09:00,91.0,count/min,1,김하은의 Apple Watch,HKQuantityTypeIdentifierHeartRate
Heart rate,2026-07-17 22:09:29+09:00,86.0,count/min,1,김하은의 Apple Watch,HKQuantityTypeIdentifierHeartRate
Heart rate,2026-07-18 14:27:37+09:00,88.0,count/min,0,김하은의 Apple Watch,HKQuantityTypeIdentifierHeartRate
Heart rate,2026-07-18 14:28:35+09:00,94.0,count/min,2,김하은의 Apple Watch,HKQuantityTypeIdentifierHeartRate
Heart rate,2026-07-18 14:30:28+09:00,100.0,count/min,0,김하은의 Apple Watch,HKQuantityTypeIdentifierHeartRate
Heart rate,2026-07-18 14:30:33+09:00,100.0,count/min,0,김하은의 Apple Watch,HKQuantityTypeIdentifierHeartRate
Heart rate,2026-07-18 14:30:38+09:00,101.0,count/min,0,김하은의 Apple Watch,HKQuantityTypeIdentifierHeartRate
Heart rate,2026-07-18 14:30:43+09:00,99.0,count/min,0,김하은의 Apple Watch,HKQuantityTypeIdentifierHeartRate
Heart rate,2026-07-18 14:30:46+09:00,100.0,count/min,0,김하은의 Apple Watch,HKQuantityTypeIdentifierHeartRate
Heart rate,2026-07-18 14:30:49+09:00,100.0,count/min,0,김하은의 Apple Watch,HKQuantityTypeIdentifierHeartRate
Heart rate,2026-07-18 14:30:58+09:00,91.0,count/min,0,김하은의 Apple Watch,HKQuantityTypeIdentifierHeartRate
Heart rate,2026-07-18 14:31:03+09:00,92.0,count/min,0,김하은의 Apple Watch,HKQuantityTypeIdentifierHeartRate
Heart rate,2026-07-18 14:31:05+09:00,91.0,count/min,0,김하은의 Apple Watch,HKQuantityTypeIdentifierHeartRate
Heart rate,2026-07-18 14:31:11+09:00,96.0,count/min,0,김하은의 Apple Watch,HKQuantityTypeIdentifierHeartRate
Heart rate,2026-07-18 14:31:18+09:00,99.0,count/min,0,김하은의 Apple Watch,HKQuantityTypeIdentifierHeartRate
Heart rate,2026-07-18 14:31:22+09:00,98.0,count/min,0,김하은의 Apple Watch,HKQuantityTypeIdentifierHeartRate
Heart rate,2026-07-18 14:31:25+09:00,95.0,count/min,0,김하은의 Apple Watch,HKQuantityTypeIdentifierHeartRate
Heart rate,2026-07-18 14:31:32+09:00,93.0,count/min,0,김하은의 Apple Watch,HKQuantityTypeIdentifierHeartRate
Heart rate,2026-07-18 14:31:36+09:00,91.0,count/min,0,김하은의 Apple Watch,HKQuantityTypeIdentifierHeartRate
Heart rate,2026-07-18 14:31:40+09:00,91.0,count/min,0,김하은의 Apple Watch,HKQuantityTypeIdentifierHeartRate
Heart rate,2026-07-18 14:31:44+09:00,90.0,count/min,0,김하은의 Apple Watch,HKQuantityTypeIdentifierHeartRate
Heart rate,2026-07-18 14:31:53+09:00,91.0,count/min,0,김하은의 Apple Watch,HKQuantityTypeIdentifierHeartRate
Heart rate,2026-07-18 14:31:57+09:00,92.0,count/min,0,김하은의 Apple Watch,HKQuantityTypeIdentifierHeartRate
Heart rate,2026-07-18 14:32:03+09:00,91.0,count/min,0,김하은의 Apple Watch,HKQuantityTypeIdentifierHeartRate
Heart rate,2026-07-18 14:32:04+09:00,91.0,count/min,0,김하은의 Apple Watch,HKQuantityTypeIdentifierHeartRate
Heart rate,2026-07-18 14:32:13+09:00,92.0,count/min,0,김하은의 Apple Watch,HKQuantityTypeIdentifierHeartRate
Heart rate,2026-07-18 14:32:16+09:00,91.0,count/min,0,김하은의 Apple Watch,HKQuantityTypeIdentifierHeartRate
Heart rate,2026-07-18 14:32:23+09:00,90.0,count/min,0,김하은의 Apple Watch,HKQuantityTypeIdentifierHeartRate
Heart rate,2026-07-18 14:32:24+09:00,90.0,count/min,0,김하은의 Apple Watch,HKQuantityTypeIdentifierHeartRate
Heart rate,2026-07-18 14:32:29+09:00,90.0,count/min,0,김하은의 Apple Watch,HKQuantityTypeIdentifierHeartRate
Heart rate,2026-07-18 14:33:33+09:00,95.0,count/min,0,김하은의 Apple Watch,HKQuantityTypeIdentifierHeartRate
Heart rate,2026-07-18 14:36:02+09:00,96.0,count/min,2,김하은의 Apple Watch,HKQuantityTypeIdentifierHeartRate
Heart rate,2026-07-18 14:37:06+09:00,109.0,count/min,0,김하은의 Apple Watch,HKQuantityTypeIdentifierHeartRate
Heart rate,2026-07-18 14:37:11+09:00,108.0,count/min,0,김하은의 Apple Watch,HKQuantityTypeIdentifierHeartRate
Heart rate,2026-07-18 14:37:15+09:00,106.0,count/min,0,김하은의 Apple Watch,HKQuantityTypeIdentifierHeartRate
Heart rate,2026-07-18 14:37:17+09:00,106.0,count/min,0,김하은의 Apple Watch,HKQuantityTypeIdentifierHeartRate
Heart rate,2026-07-18 14:37:26+09:00,99.0,count/min,0,김하은의 Apple Watch,HKQuantityTypeIdentifierHeartRate
Heart rate,2026-07-18 14:37:30+09:00,97.0,count/min,0,김하은의 Apple Watch,HKQuantityTypeIdentifierHeartRate
Heart rate,2026-07-18 14:37:33+09:00,95.0,count/min,0,김하은의 Apple Watch,HKQuantityTypeIdentifierHeartRate
Heart rate,2026-07-18 14:37:40+09:00,87.0,count/min,0,김하은의 Apple Watch,HKQuantityTypeIdentifierHeartRate
Heart rate,2026-07-18 14:37:46+09:00,85.0,count/min,0,김하은의 Apple Watch,HKQuantityTypeIdentifierHeartRate
Heart rate,2026-07-18 14:37:50+09:00,84.0,count/min,0,김하은의 Apple Watch,HKQuantityTypeIdentifierHeartRate
Heart rate,2026-07-18 14:37:56+09:00,83.0,count/min,0,김하은의 Apple Watch,HKQuantityTypeIdentifierHeartRate
Heart rate,2026-07-18 14:37:57+09:00,84.0,count/min,0,김하은의 Apple Watch,HKQuantityTypeIdentifierHeartRate
Heart rate,2026-07-18 14:38:06+09:00,89.0,count/min,0,김하은의 Apple Watch,HKQuantityTypeIdentifierHeartRate
Heart rate,2026-07-18 14:38:08+09:00,89.0,count/min,0,김하은의 Apple Watch,HKQuantityTypeIdentifierHeartRate
Heart rate,2026-07-18 14:38:16+09:00,88.0,count/min,0,김하은의 Apple Watch,HKQuantityTypeIdentifierHeartRate
Heart rate,2026-07-18 14:38:17+09:00,88.0,count/min,0,김하은의 Apple Watch,HKQuantityTypeIdentifierHeartRate
Heart rate,2026-07-18 14:38:26+09:00,95.0,count/min,0,김하은의 Apple Watch,HKQuantityTypeIdentifierHeartRate
Heart rate,2026-07-18 14:38:31+09:00,97.0,count/min,0,김하은의 Apple Watch,HKQuantityTypeIdentifierHeartRate
Heart rate,2026-07-18 14:38:34+09:00,99.0,count/min,0,김하은의 Apple Watch,HKQuantityTypeIdentifierHeartRate
Heart rate,2026-07-18 14:38:39+09:00,101.0,count/min,0,김하은의 Apple Watch,HKQuantityTypeIdentifierHeartRate
Heart rate,2026-07-18 14:38:43+09:00,98.0,count/min,0,김하은의 Apple Watch,HKQuantityTypeIdentifierHeartRate
Heart rate,2026-07-18 14:38:51+09:00,93.0,count/min,0,김하은의 Apple Watch,HKQuantityTypeIdentifierHeartRate
Heart rate,2026-07-18 14:38:52+09:00,92.0,count/min,0,김하은의 Apple Watch,HKQuantityTypeIdentifierHeartRate
Heart rate,2026-07-18 14:38:59+09:00,90.0,count/min,0,김하은의 Apple Watch,HKQuantityTypeIdentifierHeartRate
Heart rate,2026-07-18 14:39:06+09:00,90.0,count/min,0,김하은의 Apple Watch,HKQuantityTypeIdentifierHeartRate
Heart rate,2026-07-18 14:39:11+09:00,91.0,count/min,0,김하은의 Apple Watch,HKQuantityTypeIdentifierHeartRate
Heart rate,2026-07-18 14:39:12+09:00,90.0,count/min,0,김하은의 Apple Watch,HKQuantityTypeIdentifierHeartRate
Heart rate,2026-07-18 14:39:21+09:00,85.0,count/min,0,김하은의 Apple Watch,HKQuantityTypeIdentifierHeartRate
Heart rate,2026-07-18 14:39:26+09:00,86.0,count/min,0,김하은의 Apple Watch,HKQuantityTypeIdentifierHeartRate
Heart rate,2026-07-18 14:39:31+09:00,88.0,count/min,0,김하은의 Apple Watch,HKQuantityTypeIdentifierHeartRate
Heart rate,2026-07-18 14:39:33+09:00,88.0,count/min,0,김하은의 Apple Watch,HKQuantityTypeIdentifierHeartRate
Heart rate,2026-07-18 14:39:37+09:00,85.0,count/min,0,김하은의 Apple Watch,HKQuantityTypeIdentifierHeartRate
Heart rate,2026-07-18 14:39:46+09:00,83.0,count/min,0,김하은의 Apple Watch,HKQuantityTypeIdentifierHeartRate
Heart rate,2026-07-18 14:39:48+09:00,84.0,count/min,0,김하은의 Apple Watch,HKQuantityTypeIdentifierHeartRate
Heart rate,2026-07-18 14:39:56+09:00,89.0,count/min,0,김하은의 Apple Watch,HKQuantityTypeIdentifierHeartRate
Heart rate,2026-07-18 14:40:00+09:00,90.0,count/min,0,김하은의 Apple Watch,HKQuantityTypeIdentifierHeartRate
Heart rate,2026-07-18 14:40:02+09:00,90.0,count/min,0,김하은의 Apple Watch,HKQuantityTypeIdentifierHeartRate
Heart rate,2026-07-18 14:40:10+09:00,84.0,count/min,0,김하은의 Apple Watch,HKQuantityTypeIdentifierHeartRate
Heart rate,2026-07-18 14:40:30+09:00,87.0,count/min,1,김하은의 Apple Watch,HKQuantityTypeIdentifierHeartRate
Heart rate,2026-07-18 14:44:25+09:00,91.0,count/min,2,김하은의 Apple Watch,HKQuantityTypeIdentifierHeartRate
Heart rate,2026-07-18 14:48:08+09:00,94.0,count/min,2,김하은의 Apple Watch,HKQuantityTypeIdentifierHeartRate
Heart rate,2026-07-18 14:49:32+09:00,104.0,count/min,0,김하은의 Apple Watch,HKQuantityTypeIdentifierHeartRate
Heart rate,2026-07-18 14:49:37+09:00,102.0,count/min,0,김하은의 Apple Watch,HKQuantityTypeIdentifierHeartRate
Heart rate,2026-07-18 14:49:41+09:00,101.0,count/min,0,김하은의 Apple Watch,HKQuantityTypeIdentifierHeartRate
Heart rate,2026-07-18 14:49:46+09:00,100.0,count/min,0,김하은의 Apple Watch,HKQuantityTypeIdentifierHeartRate
Heart rate,2026-07-18 14:49:51+09:00,99.0,count/min,0,김하은의 Apple Watch,HKQuantityTypeIdentifierHeartRate
Heart rate,2026-07-18 14:49:57+09:00,99.0,count/min,0,김하은의 Apple Watch,HKQuantityTypeIdentifierHeartRate
Heart rate,2026-07-18 14:49:58+09:00,99.0,count/min,0,김하은의 Apple Watch,HKQuantityTypeIdentifierHeartRate
Heart rate,2026-07-18 14:50:03+09:00,99.0,count/min,0,김하은의 Apple Watch,HKQuantityTypeIdentifierHeartRate
Heart rate,2026-07-18 14:50:11+09:00,102.0,count/min,0,김하은의 Apple Watch,HKQuantityTypeIdentifierHeartRate
Heart rate,2026-07-18 14:50:17+09:00,104.0,count/min,0,김하은의 Apple Watch,HKQuantityTypeIdentifierHeartRate
Heart rate,2026-07-18 14:50:22+09:00,105.0,count/min,0,김하은의 Apple Watch,HKQuantityTypeIdentifierHeartRate
Heart rate,2026-07-18 14:50:23+09:00,104.0,count/min,0,김하은의 Apple Watch,HKQuantityTypeIdentifierHeartRate
Heart rate,2026-07-18 14:50:31+09:00,98.0,count/min,0,김하은의 Apple Watch,HKQuantityTypeIdentifierHeartRate
Heart rate,2026-07-18 14:50:37+09:00,93.0,count/min,0,김하은의 Apple Watch,HKQuantityTypeIdentifierHeartRate
Heart rate,2026-07-18 14:50:39+09:00,91.0,count/min,0,김하은의 Apple Watch,HKQuantityTypeIdentifierHeartRate
Heart rate,2026-07-18 14:50:45+09:00,89.0,count/min,0,김하은의 Apple Watch,HKQuantityTypeIdentifierHeartRate
Heart rate,2026-07-18 14:50:51+09:00,91.0,count/min,0,김하은의 Apple Watch,HKQuantityTypeIdentifierHeartRate
Heart rate,2026-07-18 14:50:53+09:00,90.0,count/min,0,김하은의 Apple Watch,HKQuantityTypeIdentifierHeartRate
Heart rate,2026-07-18 14:51:17+09:00,89.0,count/min,1,김하은의 Apple Watch,HKQuantityTypeIdentifierHeartRate
Heart rate,2026-07-18 14:54:34+09:00,83.4838,count/min,0,김하은의 Apple Watch,HKQuantityTypeIdentifierHeartRate
Heart rate,2026-07-18 14:56:58+09:00,85.0,count/min,0,김하은의 Apple Watch,HKQuantityTypeIdentifierHeartRate
Heart rate,2026-07-18 14:57:50+09:00,84.0,count/min,1,김하은의 Apple Watch,HKQuantityTypeIdentifierHeartRate
Heart rate,2026-07-18 14:59:31+09:00,84.0,count/min,1,김하은의 Apple Watch,HKQuantityTypeIdentifierHeartRate
Heart rate,2026-07-18 15:04:14+09:00,79.0,count/min,1,김하은의 Apple Watch,HKQuantityTypeIdentifierHeartRate
Heart rate,2026-07-18 15:13:34+09:00,80.0,count/min,1,김하은의 Apple Watch,HKQuantityTypeIdentifierHeartRate
Heart rate,2026-07-18 15:15:00+09:00,80.0,count/min,1,김하은의 Apple Watch,HKQuantityTypeIdentifierHeartRate
Heart rate,2026-07-18 15:21:31+09:00,79.0,count/min,1,김하은의 Apple Watch,HKQuantityTypeIdentifierHeartRate
Heart rate,2026-07-18 15:26:11+09:00,79.0,count/min,1,김하은의 Apple Watch,HKQuantityTypeIdentifierHeartRate
Heart rate,2026-07-18 15:26:59+09:00,81.0,count/min,0,김하은의 Apple Watch,HKQuantityTypeIdentifierHeartRate
Heart rate,2026-07-18 15:32:21+09:00,79.0,count/min,1,김하은의 Apple Watch,HKQuantityTypeIdentifierHeartRate
Heart rate,2026-07-18 15:34:19+09:00,79.0,count/min,1,김하은의 Apple Watch,HKQuantityTypeIdentifierHeartRate
Heart rate,2026-07-18 15:39:39+09:00,80.0,count/min,1,김하은의 Apple Watch,HKQuantityTypeIdentifierHeartRate
Heart rate,2026-07-18 15:46:59+09:00,84.0,count/min,1,김하은의 Apple Watch,HKQuantityTypeIdentifierHeartRate
Heart rate,2026-07-18 15:53:30+09:00,79.0,count/min,1,김하은의 Apple Watch,HKQuantityTypeIdentifierHeartRate
Heart rate,2026-07-18 15:57:42+09:00,85.0,count/min,1,김하은의 Apple Watch,HKQuantityTypeIdentifierHeartRate
Heart rate,2026-07-18 16:03:12+09:00,80.0,count/min,1,김하은의 Apple Watch,HKQuantityTypeIdentifierHeartRate
Heart rate,2026-07-18 16:04:25+09:00,99.0,count/min,1,김하은의 Apple Watch,HKQuantityTypeIdentifierHeartRate
Heart rate,2026-07-18 16:10:37+09:00,68.0,count/min,1,김하은의 Apple Watch,HKQuantityTypeIdentifierHeartRate
Heart rate,2026-07-18 16:14:31+09:00,78.1941,count/min,0,김하은의 Apple Watch,HKQuantityTypeIdentifierHeartRate
Heart rate,2026-07-18 16:14:34+09:00,73.0,count/min,1,김하은의 Apple Watch,HKQuantityTypeIdentifierHeartRate
Heart rate,2026-07-18 16:19:07+09:00,79.0,count/min,1,김하은의 Apple Watch,HKQuantityTypeIdentifierHeartRate
Heart rate,2026-07-18 16:28:29+09:00,79.0,count/min,1,김하은의 Apple Watch,HKQuantityTypeIdentifierHeartRate
Heart rate,2026-07-18 16:29:44+09:00,79.0,count/min,1,김하은의 Apple Watch,HKQuantityTypeIdentifierHeartRate
Heart rate,2026-07-18 16:36:32+09:00,77.0,count/min,0,김하은의 Apple Watch,HKQuantityTypeIdentifierHeartRate
Heart rate,2026-07-18 16:37:18+09:00,72.0,count/min,1,김하은의 Apple Watch,HKQuantityTypeIdentifierHeartRate
Heart rate,2026-07-18 16:38:49+09:00,76.0,count/min,1,김하은의 Apple Watch,HKQuantityTypeIdentifierHeartRate
Heart rate,2026-07-18 16:45:39+09:00,84.0,count/min,1,김하은의 Apple Watch,HKQuantityTypeIdentifierHeartRate
Heart rate,2026-07-18 16:49:40+09:00,80.0,count/min,1,김하은의 Apple Watch,HKQuantityTypeIdentifierHeartRate
Heart rate,2026-07-18 16:56:58+09:00,79.0,count/min,1,김하은의 Apple Watch,HKQuantityTypeIdentifierHeartRate
Heart rate,2026-07-18 16:59:10+09:00,84.0,count/min,1,김하은의 Apple Watch,HKQuantityTypeIdentifierHeartRate
Heart rate,2026-07-18 17:06:05+09:00,84.0,count/min,1,김하은의 Apple Watch,HKQuantityTypeIdentifierHeartRate
Heart rate,2026-07-18 17:09:17+09:00,80.0,count/min,1,김하은의 Apple Watch,HKQuantityTypeIdentifierHeartRate
Heart rate,2026-07-18 17:18:16+09:00,84.0,count/min,1,김하은의 Apple Watch,HKQuantityTypeIdentifierHeartRate
Heart rate,2026-07-18 17:20:19+09:00,85.0,count/min,1,김하은의 Apple Watch,HKQuantityTypeIdentifierHeartRate
Heart rate,2026-07-18 17:27:16+09:00,80.0,count/min,1,김하은의 Apple Watch,HKQuantityTypeIdentifierHeartRate
Heart rate,2026-07-18 17:45:32+09:00,88.0,count/min,1,김하은의 Apple Watch,HKQuantityTypeIdentifierHeartRate
Heart rate,2026-07-18 17:51:44+09:00,99.0,count/min,0,김하은의 Apple Watch,HKQuantityTypeIdentifierHeartRate
Heart rate,2026-07-18 17:55:50+09:00,91.0,count/min,1,김하은의 Apple Watch,HKQuantityTypeIdentifierHeartRate
Heart rate,2026-07-18 18:03:37+09:00,98.0,count/min,1,김하은의 Apple Watch,HKQuantityTypeIdentifierHeartRate
Heart rate,2026-07-18 18:05:15+09:00,99.0,count/min,1,김하은의 Apple Watch,HKQuantityTypeIdentifierHeartRate
Heart rate,2026-07-18 18:08:06+09:00,116.0,count/min,2,김하은의 Apple Watch,HKQuantityTypeIdentifierHeartRate
Heart rate,2026-07-18 18:10:22+09:00,157.0,count/min,0,김하은의 Apple Watch,HKQuantityTypeIdentifierHeartRate
Heart rate,2026-07-18 18:10:27+09:00,157.0,count/min,0,김하은의 Apple Watch,HKQuantityTypeIdentifierHeartRate
Heart rate,2026-07-18 18:10:31+09:00,157.0,count/min,0,김하은의 Apple Watch,HKQuantityTypeIdentifierHeartRate
Heart rate,2026-07-18 18:10:37+09:00,158.0,count/min,0,김하은의 Apple Watch,HKQuantityTypeIdentifierHeartRate
Heart rate,2026-07-18 18:10:40+09:00,157.0,count/min,0,김하은의 Apple Watch,HKQuantityTypeIdentifierHeartRate
Heart rate,2026-07-18 18:11:08+09:00,138.0,count/min,0,김하은의 Apple Watch,HKQuantityTypeIdentifierHeartRate
Heart rate,2026-07-18 18:11:15+09:00,131.0,count/min,0,김하은의 Apple Watch,HKQuantityTypeIdentifierHeartRate
Heart rate,2026-07-18 18:11:18+09:00,128.0,count/min,0,김하은의 Apple Watch,HKQuantityTypeIdentifierHeartRate
Heart rate,2026-07-18 18:11:27+09:00,120.0,count/min,0,김하은의 Apple Watch,HKQuantityTypeIdentifierHeartRate
Heart rate,2026-07-18 18:11:28+09:00,120.0,count/min,0,김하은의 Apple Watch,HKQuantityTypeIdentifierHeartRate
Heart rate,2026-07-18 18:11:35+09:00,119.0,count/min,0,김하은의 Apple Watch,HKQuantityTypeIdentifierHeartRate
Heart rate,2026-07-18 18:11:41+09:00,118.0,count/min,0,김하은의 Apple Watch,HKQuantityTypeIdentifierHeartRate
Heart rate,2026-07-18 18:11:45+09:00,118.0,count/min,0,김하은의 Apple Watch,HKQuantityTypeIdentifierHeartRate
Heart rate,2026-07-18 18:11:52+09:00,119.0,count/min,0,김하은의 Apple Watch,HKQuantityTypeIdentifierHeartRate
Heart rate,2026-07-18 18:12:07+09:00,120.0,count/min,0,김하은의 Apple Watch,HKQuantityTypeIdentifierHeartRate
Heart rate,2026-07-18 18:12:08+09:00,120.0,count/min,0,김하은의 Apple Watch,HKQuantityTypeIdentifierHeartRate
Heart rate,2026-07-18 18:12:14+09:00,118.0,count/min,0,김하은의 Apple Watch,HKQuantityTypeIdentifierHeartRate
Heart rate,2026-07-18 18:12:18+09:00,118.0,count/min,0,김하은의 Apple Watch,HKQuantityTypeIdentifierHeartRate
Heart rate,2026-07-18 18:12:23+09:00,119.0,count/min,0,김하은의 Apple Watch,HKQuantityTypeIdentifierHeartRate
Heart rate,2026-07-18 18:12:32+09:00,118.0,count/min,0,김하은의 Apple Watch,HKQuantityTypeIdentifierHeartRate
Heart rate,2026-07-18 18:12:36+09:00,116.0,count/min,0,김하은의 Apple Watch,HKQuantityTypeIdentifierHeartRate
Heart rate,2026-07-18 18:12:42+09:00,113.0,count/min,0,김하은의 Apple Watch,HKQuantityTypeIdentifierHeartRate
Heart rate,2026-07-18 18:12:47+09:00,114.0,count/min,0,김하은의 Apple Watch,HKQuantityTypeIdentifierHeartRate
Heart rate,2026-07-18 18:12:49+09:00,114.0,count/min,0,김하은의 Apple Watch,HKQuantityTypeIdentifierHeartRate
Heart rate,2026-07-18 18:12:53+09:00,115.0,count/min,0,김하은의 Apple Watch,HKQuantityTypeIdentifierHeartRate
Heart rate,2026-07-18 18:13:01+09:00,114.0,count/min,0,김하은의 Apple Watch,HKQuantityTypeIdentifierHeartRate
Heart rate,2026-07-18 18:13:07+09:00,114.0,count/min,0,김하은의 Apple Watch,HKQuantityTypeIdentifierHeartRate
Heart rate,2026-07-18 18:13:09+09:00,115.0,count/min,0,김하은의 Apple Watch,HKQuantityTypeIdentifierHeartRate
Heart rate,2026-07-18 18:13:17+09:00,116.0,count/min,0,김하은의 Apple Watch,HKQuantityTypeIdentifierHeartRate
Heart rate,2026-07-18 18:13:21+09:00,116.0,count/min,0,김하은의 Apple Watch,HKQuantityTypeIdentifierHeartRate
Heart rate,2026-07-18 18:13:26+09:00,118.0,count/min,0,김하은의 Apple Watch,HKQuantityTypeIdentifierHeartRate
Heart rate,2026-07-18 18:13:31+09:00,120.0,count/min,0,김하은의 Apple Watch,HKQuantityTypeIdentifierHeartRate
Heart rate,2026-07-18 18:13:36+09:00,118.0,count/min,0,김하은의 Apple Watch,HKQuantityTypeIdentifierHeartRate
Heart rate,2026-07-18 18:14:15+09:00,140.0,count/min,0,김하은의 Apple Watch,HKQuantityTypeIdentifierHeartRate
Heart rate,2026-07-18 18:14:35+09:00,142.0,count/min,0,김하은의 Apple Watch,HKQuantityTypeIdentifierHeartRate
Heart rate,2026-07-18 18:14:38+09:00,142.0,count/min,0,김하은의 Apple Watch,HKQuantityTypeIdentifierHeartRate
Heart rate,2026-07-18 18:14:41+09:00,143.0,count/min,0,김하은의 Apple Watch,HKQuantityTypeIdentifierHeartRate
Heart rate,2026-07-18 18:15:09+09:00,156.0,count/min,0,김하은의 Apple Watch,HKQuantityTypeIdentifierHeartRate
Heart rate,2026-07-18 18:15:12+09:00,155.0,count/min,0,김하은의 Apple Watch,HKQuantityTypeIdentifierHeartRate
Heart rate,2026-07-18 18:15:19+09:00,152.0,count/min,0,김하은의 Apple Watch,HKQuantityTypeIdentifierHeartRate
Heart rate,2026-07-18 18:15:21+09:00,152.0,count/min,0,김하은의 Apple Watch,HKQuantityTypeIdentifierHeartRate
Heart rate,2026-07-18 18:15:26+09:00,150.0,count/min,0,김하은의 Apple Watch,HKQuantityTypeIdentifierHeartRate
Heart rate,2026-07-18 18:15:33+09:00,145.0,count/min,0,김하은의 Apple Watch,HKQuantityTypeIdentifierHeartRate
Heart rate,2026-07-18 18:15:59+09:00,131.0,count/min,0,김하은의 Apple Watch,HKQuantityTypeIdentifierHeartRate
Heart rate,2026-07-18 18:16:03+09:00,130.0,count/min,0,김하은의 Apple Watch,HKQuantityTypeIdentifierHeartRate
Heart rate,2026-07-18 18:16:10+09:00,124.0,count/min,0,김하은의 Apple Watch,HKQuantityTypeIdentifierHeartRate
Heart rate,2026-07-18 18:16:45+09:00,114.0,count/min,0,김하은의 Apple Watch,HKQuantityTypeIdentifierHeartRate
Heart rate,2026-07-18 18:16:50+09:00,112.0,count/min,0,김하은의 Apple Watch,HKQuantityTypeIdentifierHeartRate
Heart rate,2026-07-18 18:16:55+09:00,111.0,count/min,0,김하은의 Apple Watch,HKQuantityTypeIdentifierHeartRate
Heart rate,2026-07-18 18:17:33+09:00,110.0,count/min,0,김하은의 Apple Watch,HKQuantityTypeIdentifierHeartRate
Heart rate,2026-07-18 18:17:37+09:00,110.0,count/min,0,김하은의 Apple Watch,HKQuantityTypeIdentifierHeartRate
Heart rate,2026-07-18 18:17:46+09:00,109.0,count/min,0,김하은의 Apple Watch,HKQuantityTypeIdentifierHeartRate
Heart rate,2026-07-18 18:17:51+09:00,108.0,count/min,0,김하은의 Apple Watch,HKQuantityTypeIdentifierHeartRate
Heart rate,2026-07-18 18:17:56+09:00,104.0,count/min,0,김하은의 Apple Watch,HKQuantityTypeIdentifierHeartRate
Heart rate,2026-07-18 18:21:03+09:00,100.0,count/min,1,김하은의 Apple Watch,HKQuantityTypeIdentifierHeartRate
Heart rate,2026-07-18 18:24:31+09:00,87.0,count/min,1,김하은의 Apple Watch,HKQuantityTypeIdentifierHeartRate
Heart rate,2026-07-18 18:30:00+09:00,84.0,count/min,1,김하은의 Apple Watch,HKQuantityTypeIdentifierHeartRate
Heart rate,2026-07-18 18:38:16+09:00,83.0,count/min,1,김하은의 Apple Watch,HKQuantityTypeIdentifierHeartRate
Heart rate,2026-07-18 18:41:17+09:00,83.0,count/min,1,김하은의 Apple Watch,HKQuantityTypeIdentifierHeartRate
Heart rate,2026-07-18 18:45:54+09:00,105.0,count/min,2,김하은의 Apple Watch,HKQuantityTypeIdentifierHeartRate
Heart rate,2026-07-18 18:46:39+09:00,107.0,count/min,0,김하은의 Apple Watch,HKQuantityTypeIdentifierHeartRate
Heart rate,2026-07-18 18:46:44+09:00,109.0,count/min,0,김하은의 Apple Watch,HKQuantityTypeIdentifierHeartRate
Heart rate,2026-07-18 18:46:49+09:00,107.0,count/min,0,김하은의 Apple Watch,HKQuantityTypeIdentifierHeartRate
Heart rate,2026-07-18 18:46:52+09:00,107.0,count/min,0,김하은의 Apple Watch,HKQuantityTypeIdentifierHeartRate
Heart rate,2026-07-18 18:46:55+09:00,107.0,count/min,0,김하은의 Apple Watch,HKQuantityTypeIdentifierHeartRate
Heart rate,2026-07-18 18:47:00+09:00,107.0,count/min,0,김하은의 Apple Watch,HKQuantityTypeIdentifierHeartRate
Heart rate,2026-07-18 18:47:05+09:00,109.0,count/min,0,김하은의 Apple Watch,HKQuantityTypeIdentifierHeartRate
Heart rate,2026-07-18 18:47:10+09:00,109.0,count/min,0,김하은의 Apple Watch,HKQuantityTypeIdentifierHeartRate
Heart rate,2026-07-18 18:47:19+09:00,117.0,count/min,0,김하은의 Apple Watch,HKQuantityTypeIdentifierHeartRate
Heart rate,2026-07-18 18:47:23+09:00,116.0,count/min,0,김하은의 Apple Watch,HKQuantityTypeIdentifierHeartRate
Heart rate,2026-07-18 18:47:25+09:00,115.0,count/min,0,김하은의 Apple Watch,HKQuantityTypeIdentifierHeartRate
Heart rate,2026-07-18 18:47:34+09:00,109.0,count/min,0,김하은의 Apple Watch,HKQuantityTypeIdentifierHeartRate
Heart rate,2026-07-18 18:47:35+09:00,109.0,count/min,0,김하은의 Apple Watch,HKQuantityTypeIdentifierHeartRate
Heart rate,2026-07-18 18:47:44+09:00,108.0,count/min,0,김하은의 Apple Watch,HKQuantityTypeIdentifierHeartRate
Heart rate,2026-07-18 18:47:46+09:00,109.0,count/min,0,김하은의 Apple Watch,HKQuantityTypeIdentifierHeartRate
Heart rate,2026-07-18 18:47:53+09:00,113.0,count/min,0,김하은의 Apple Watch,HKQuantityTypeIdentifierHeartRate
Heart rate,2026-07-18 18:47:58+09:00,113.0,count/min,0,김하은의 Apple Watch,HKQuantityTypeIdentifierHeartRate
Heart rate,2026-07-18 18:48:00+09:00,114.0,count/min,0,김하은의 Apple Watch,HKQuantityTypeIdentifierHeartRate
Heart rate,2026-07-18 18:52:44+09:00,94.0,count/min,1,김하은의 Apple Watch,HKQuantityTypeIdentifierHeartRate
Heart rate,2026-07-18 18:53:11+09:00,96.5246,count/min,0,김하은의 Apple Watch,HKQuantityTypeIdentifierHeartRate
Heart rate,2026-07-18 18:58:36+09:00,88.0,count/min,1,김하은의 Apple Watch,HKQuantityTypeIdentifierHeartRate
Heart rate,2026-07-18 19:03:48+09:00,105.0,count/min,2,김하은의 Apple Watch,HKQuantityTypeIdentifierHeartRate
Heart rate,2026-07-18 19:04:45+09:00,106.0,count/min,0,김하은의 Apple Watch,HKQuantityTypeIdentifierHeartRate
Heart rate,2026-07-18 19:04:50+09:00,116.0,count/min,0,김하은의 Apple Watch,HKQuantityTypeIdentifierHeartRate
Heart rate,2026-07-18 19:04:53+09:00,117.0,count/min,0,김하은의 Apple Watch,HKQuantityTypeIdentifierHeartRate
Heart rate,2026-07-18 19:05:00+09:00,118.0,count/min,0,김하은의 Apple Watch,HKQuantityTypeIdentifierHeartRate
Heart rate,2026-07-18 19:05:04+09:00,119.0,count/min,0,김하은의 Apple Watch,HKQuantityTypeIdentifierHeartRate
Heart rate,2026-07-18 19:05:09+09:00,119.0,count/min,0,김하은의 Apple Watch,HKQuantityTypeIdentifierHeartRate
Heart rate,2026-07-18 19:05:13+09:00,115.0,count/min,0,김하은의 Apple Watch,HKQuantityTypeIdentifierHeartRate
Heart rate,2026-07-18 19:05:19+09:00,116.0,count/min,0,김하은의 Apple Watch,HKQuantityTypeIdentifierHeartRate
Heart rate,2026-07-18 19:05:21+09:00,115.0,count/min,0,김하은의 Apple Watch,HKQuantityTypeIdentifierHeartRate
Heart rate,2026-07-18 19:05:26+09:00,109.0,count/min,0,김하은의 Apple Watch,HKQuantityTypeIdentifierHeartRate
Heart rate,2026-07-18 19:05:34+09:00,103.0,count/min,0,김하은의 Apple Watch,HKQuantityTypeIdentifierHeartRate
Heart rate,2026-07-18 19:05:40+09:00,101.0,count/min,0,김하은의 Apple Watch,HKQuantityTypeIdentifierHeartRate
Heart rate,2026-07-18 19:05:45+09:00,102.0,count/min,0,김하은의 Apple Watch,HKQuantityTypeIdentifierHeartRate
Heart rate,2026-07-18 19:08:12+09:00,121.0,count/min,2,김하은의 Apple Watch,HKQuantityTypeIdentifierHeartRate
Heart rate,2026-07-18 19:13:46+09:00,92.0,count/min,1,김하은의 Apple Watch,HKQuantityTypeIdentifierHeartRate
Heart rate,2026-07-18 19:16:28+09:00,98.0,count/min,0,김하은의 Apple Watch,HKQuantityTypeIdentifierHeartRate
Heart rate,2026-07-18 19:17:43+09:00,109.0,count/min,2,김하은의 Apple Watch,HKQuantityTypeIdentifierHeartRate
Heart rate,2026-07-18 19:20:31+09:00,109.0,count/min,0,김하은의 Apple Watch,HKQuantityTypeIdentifierHeartRate
Heart rate,2026-07-18 19:26:06+09:00,85.0,count/min,1,김하은의 Apple Watch,HKQuantityTypeIdentifierHeartRate
Heart rate,2026-07-18 19:29:44+09:00,101.0,count/min,2,김하은의 Apple Watch,HKQuantityTypeIdentifierHeartRate
Heart rate,2026-07-18 19:31:59+09:00,104.0,count/min,2,김하은의 Apple Watch,HKQuantityTypeIdentifierHeartRate
Heart rate,2026-07-18 19:35:29+09:00,97.0,count/min,2,김하은의 Apple Watch,HKQuantityTypeIdentifierHeartRate
Heart rate,2026-07-18 19:42:18+09:00,105.0,count/min,0,김하은의 Apple Watch,HKQuantityTypeIdentifierHeartRate
Heart rate,2026-07-18 19:42:23+09:00,100.0,count/min,0,김하은의 Apple Watch,HKQuantityTypeIdentifierHeartRate
Heart rate,2026-07-18 19:42:27+09:00,101.0,count/min,0,김하은의 Apple Watch,HKQuantityTypeIdentifierHeartRate
Heart rate,2026-07-18 19:42:30+09:00,102.0,count/min,0,김하은의 Apple Watch,HKQuantityTypeIdentifierHeartRate
Heart rate,2026-07-18 19:42:38+09:00,101.0,count/min,0,김하은의 Apple Watch,HKQuantityTypeIdentifierHeartRate
Heart rate,2026-07-18 19:42:40+09:00,103.0,count/min,0,김하은의 Apple Watch,HKQuantityTypeIdentifierHeartRate
Heart rate,2026-07-18 19:42:46+09:00,101.0,count/min,0,김하은의 Apple Watch,HKQuantityTypeIdentifierHeartRate
Heart rate,2026-07-18 19:42:52+09:00,106.0,count/min,0,김하은의 Apple Watch,HKQuantityTypeIdentifierHeartRate
Heart rate,2026-07-18 19:42:55+09:00,108.0,count/min,0,김하은의 Apple Watch,HKQuantityTypeIdentifierHeartRate
Heart rate,2026-07-18 19:43:04+09:00,113.0,count/min,0,김하은의 Apple Watch,HKQuantityTypeIdentifierHeartRate
Heart rate,2026-07-18 19:43:05+09:00,112.0,count/min,0,김하은의 Apple Watch,HKQuantityTypeIdentifierHeartRate
Heart rate,2026-07-18 19:43:10+09:00,111.0,count/min,0,김하은의 Apple Watch,HKQuantityTypeIdentifierHeartRate
Heart rate,2026-07-18 19:43:16+09:00,110.0,count/min,0,김하은의 Apple Watch,HKQuantityTypeIdentifierHeartRate
Heart rate,2026-07-18 19:43:20+09:00,109.0,count/min,0,김하은의 Apple Watch,HKQuantityTypeIdentifierHeartRate
Heart rate,2026-07-18 19:43:27+09:00,110.0,count/min,0,김하은의 Apple Watch,HKQuantityTypeIdentifierHeartRate
Heart rate,2026-07-18 19:43:30+09:00,109.0,count/min,0,김하은의 Apple Watch,HKQuantityTypeIdentifierHeartRate
Heart rate,2026-07-18 19:43:37+09:00,111.0,count/min,0,김하은의 Apple Watch,HKQuantityTypeIdentifierHeartRate
Heart rate,2026-07-18 19:43:41+09:00,109.0,count/min,0,김하은의 Apple Watch,HKQuantityTypeIdentifierHeartRate
Heart rate,2026-07-18 19:43:47+09:00,112.0,count/min,0,김하은의 Apple Watch,HKQuantityTypeIdentifierHeartRate
Heart rate,2026-07-18 19:43:53+09:00,111.0,count/min,0,김하은의 Apple Watch,HKQuantityTypeIdentifierHeartRate
Heart rate,2026-07-18 19:43:56+09:00,112.0,count/min,0,김하은의 Apple Watch,HKQuantityTypeIdentifierHeartRate
Heart rate,2026-07-18 19:44:01+09:00,107.0,count/min,0,김하은의 Apple Watch,HKQuantityTypeIdentifierHeartRate
Heart rate,2026-07-18 19:44:08+09:00,109.0,count/min,0,김하은의 Apple Watch,HKQuantityTypeIdentifierHeartRate
Heart rate,2026-07-18 19:44:13+09:00,110.0,count/min,0,김하은의 Apple Watch,HKQuantityTypeIdentifierHeartRate
Heart rate,2026-07-18 19:44:19+09:00,104.0,count/min,0,김하은의 Apple Watch,HKQuantityTypeIdentifierHeartRate
Heart rate,2026-07-18 19:44:22+09:00,102.0,count/min,0,김하은의 Apple Watch,HKQuantityTypeIdentifierHeartRate
Heart rate,2026-07-18 19:44:28+09:00,104.0,count/min,0,김하은의 Apple Watch,HKQuantityTypeIdentifierHeartRate
Heart rate,2026-07-18 19:44:31+09:00,105.0,count/min,0,김하은의 Apple Watch,HKQuantityTypeIdentifierHeartRate
Heart rate,2026-07-18 19:44:39+09:00,96.0,count/min,0,김하은의 Apple Watch,HKQuantityTypeIdentifierHeartRate
Heart rate,2026-07-18 19:44:44+09:00,103.0,count/min,0,김하은의 Apple Watch,HKQuantityTypeIdentifierHeartRate
Heart rate,2026-07-18 19:44:46+09:00,104.0,count/min,0,김하은의 Apple Watch,HKQuantityTypeIdentifierHeartRate
Heart rate,2026-07-18 19:44:50+09:00,101.0,count/min,0,김하은의 Apple Watch,HKQuantityTypeIdentifierHeartRate
Heart rate,2026-07-18 19:44:59+09:00,91.0,count/min,0,김하은의 Apple Watch,HKQuantityTypeIdentifierHeartRate
Heart rate,2026-07-18 19:45:04+09:00,87.0,count/min,0,김하은의 Apple Watch,HKQuantityTypeIdentifierHeartRate
Heart rate,2026-07-18 19:45:09+09:00,85.0,count/min,0,김하은의 Apple Watch,HKQuantityTypeIdentifierHeartRate
Heart rate,2026-07-18 19:45:13+09:00,86.0,count/min,0,김하은의 Apple Watch,HKQuantityTypeIdentifierHeartRate
Heart rate,2026-07-18 19:45:37+09:00,84.0,count/min,1,김하은의 Apple Watch,HKQuantityTypeIdentifierHeartRate
Heart rate,2026-07-18 19:52:25+09:00,81.0,count/min,1,김하은의 Apple Watch,HKQuantityTypeIdentifierHeartRate
Heart rate,2026-07-18 19:56:45+09:00,85.0,count/min,1,김하은의 Apple Watch,HKQuantityTypeIdentifierHeartRate
Heart rate,2026-07-18 20:06:43+09:00,91.0,count/min,0,김하은의 Apple Watch,HKQuantityTypeIdentifierHeartRate
Heart rate,2026-07-18 20:13:27+09:00,94.0,count/min,1,김하은의 Apple Watch,HKQuantityTypeIdentifierHeartRate
Heart rate,2026-07-18 20:15:06+09:00,89.0,count/min,1,김하은의 Apple Watch,HKQuantityTypeIdentifierHeartRate
Heart rate,2026-07-18 20:19:14+09:00,93.0,count/min,1,김하은의 Apple Watch,HKQuantityTypeIdentifierHeartRate
Heart rate,2026-07-18 20:26:03+09:00,95.0,count/min,1,김하은의 Apple Watch,HKQuantityTypeIdentifierHeartRate
Heart rate,2026-07-18 20:32:59+09:00,93.0,count/min,1,김하은의 Apple Watch,HKQuantityTypeIdentifierHeartRate
Heart rate,2026-07-18 20:34:29+09:00,91.0,count/min,1,김하은의 Apple Watch,HKQuantityTypeIdentifierHeartRate
Heart rate,2026-07-18 20:44:17+09:00,99.0,count/min,1,김하은의 Apple Watch,HKQuantityTypeIdentifierHeartRate
Heart rate,2026-07-18 20:49:25+09:00,98.0,count/min,1,김하은의 Apple Watch,HKQuantityTypeIdentifierHeartRate
Heart rate,2026-07-18 20:54:05+09:00,98.0,count/min,1,김하은의 Apple Watch,HKQuantityTypeIdentifierHeartRate
Heart rate,2026-07-18 21:01:09+09:00,99.0,count/min,1,김하은의 Apple Watch,HKQuantityTypeIdentifierHeartRate
Heart rate,2026-07-18 21:07:09+09:00,90.3253,count/min,0,김하은의 Apple Watch,HKQuantityTypeIdentifierHeartRate
Heart rate,2026-07-18 21:07:16+09:00,93.0,count/min,0,김하은의 Apple Watch,HKQuantityTypeIdentifierHeartRate
Heart rate,2026-07-18 21:07:58+09:00,91.0,count/min,1,김하은의 Apple Watch,HKQuantityTypeIdentifierHeartRate
Heart rate,2026-07-18 21:09:26+09:00,91.0,count/min,1,김하은의 Apple Watch,HKQuantityTypeIdentifierHeartRate
Heart rate,2026-07-18 21:14:09+09:00,94.0,count/min,1,김하은의 Apple Watch,HKQuantityTypeIdentifierHeartRate
Heart rate,2026-07-18 21:22:01+09:00,93.0,count/min,1,김하은의 Apple Watch,HKQuantityTypeIdentifierHeartRate
Heart rate,2026-07-18 21:26:00+09:00,99.0,count/min,1,김하은의 Apple Watch,HKQuantityTypeIdentifierHeartRate
Heart rate,2026-07-18 21:33:22+09:00,90.0,count/min,1,김하은의 Apple Watch,HKQuantityTypeIdentifierHeartRate
Heart rate,2026-07-18 21:35:11+09:00,91.0,count/min,1,김하은의 Apple Watch,HKQuantityTypeIdentifierHeartRate
Heart rate,2026-07-18 21:41:21+09:00,91.0,count/min,1,김하은의 Apple Watch,HKQuantityTypeIdentifierHeartRate
Heart rate,2026-07-18 21:47:51+09:00,99.0,count/min,1,김하은의 Apple Watch,HKQuantityTypeIdentifierHeartRate
Heart rate,2026-07-18 21:50:45+09:00,89.0,count/min,1,김하은의 Apple Watch,HKQuantityTypeIdentifierHeartRate
Heart rate,2026-07-18 21:57:40+09:00,91.0,count/min,1,김하은의 Apple Watch,HKQuantityTypeIdentifierHeartRate
Heart rate,2026-07-18 22:00:12+09:00,90.0,count/min,1,김하은의 Apple Watch,HKQuantityTypeIdentifierHeartRate
Heart rate,2026-07-18 22:06:50+09:00,90.0,count/min,1,김하은의 Apple Watch,HKQuantityTypeIdentifierHeartRate
Heart rate,2026-07-18 22:09:02+09:00,87.0,count/min,1,김하은의 Apple Watch,HKQuantityTypeIdentifierHeartRate
Heart rate,2026-07-18 22:14:13+09:00,84.0,count/min,1,김하은의 Apple Watch,HKQuantityTypeIdentifierHeartRate
Heart rate,2026-07-18 22:21:43+09:00,86.0,count/min,1,김하은의 Apple Watch,HKQuantityTypeIdentifierHeartRate
Heart rate,2026-07-18 22:23:54+09:00,87.0,count/min,1,김하은의 Apple Watch,HKQuantityTypeIdentifierHeartRate
Heart rate,2026-07-18 22:28:58+09:00,94.0,count/min,0,김하은의 Apple Watch,HKQuantityTypeIdentifierHeartRate
Heart rate,2026-07-18 22:35:02+09:00,88.6584,count/min,0,김하은의 Apple Watch,HKQuantityTypeIdentifierHeartRate
Heart rate,2026-07-18 22:36:17+09:00,85.0,count/min,1,김하은의 Apple Watch,HKQuantityTypeIdentifierHeartRate
Heart rate,2026-07-18 22:40:45+09:00,84.0,count/min,1,김하은의 Apple Watch,HKQuantityTypeIdentifierHeartRate
Heart rate,2026-07-18 22:47:21+09:00,86.0,count/min,1,김하은의 Apple Watch,HKQuantityTypeIdentifierHeartRate
Heart rate,2026-07-18 22:51:36+09:00,86.0,count/min,1,김하은의 Apple Watch,HKQuantityTypeIdentifierHeartRate
Heart rate,2026-07-18 22:54:01+09:00,84.0,count/min,1,김하은의 Apple Watch,HKQuantityTypeIdentifierHeartRate
Heart rate,2026-07-18 23:03:18+09:00,89.0,count/min,0,김하은의 Apple Watch,HKQuantityTypeIdentifierHeartRate
Heart rate,2026-07-18 23:06:17+09:00,89.0,count/min,1,김하은의 Apple Watch,HKQuantityTypeIdentifierHeartRate
Heart rate,2026-07-18 23:13:45+09:00,87.0,count/min,1,김하은의 Apple Watch,HKQuantityTypeIdentifierHeartRate
Heart rate,2026-07-18 23:15:22+09:00,85.0,count/min,1,김하은의 Apple Watch,HKQuantityTypeIdentifierHeartRate
Heart rate,2026-07-18 23:21:28+09:00,83.0,count/min,1,김하은의 Apple Watch,HKQuantityTypeIdentifierHeartRate
Heart rate,2026-07-18 23:23:52+09:00,83.0,count/min,1,김하은의 Apple Watch,HKQuantityTypeIdentifierHeartRate
Heart rate,2026-07-18 23:33:02+09:00,85.0,count/min,1,김하은의 Apple Watch,HKQuantityTypeIdentifierHeartRate
Heart rate,2026-07-18 23:35:23+09:00,83.0,count/min,1,김하은의 Apple Watch,HKQuantityTypeIdentifierHeartRate
Heart rate,2026-07-18 23:42:23+09:00,84.0,count/min,1,김하은의 Apple Watch,HKQuantityTypeIdentifierHeartRate
Heart rate,2026-07-18 23:47:41+09:00,84.0,count/min,1,김하은의 Apple Watch,HKQuantityTypeIdentifierHeartRate
Heart rate,2026-07-18 23:50:08+09:00,80.0,count/min,1,김하은의 Apple Watch,HKQuantityTypeIdentifierHeartRate
Heart rate,2026-07-18 23:55:05+09:00,120.0,count/min,2,김하은의 Apple Watch,HKQuantityTypeIdentifierHeartRate
Heart rate,2026-07-18 23:57:51+09:00,110.0,count/min,2,김하은의 Apple Watch,HKQuantityTypeIdentifierHeartRate
Heart rate,2026-07-18 23:58:20+09:00,119.0,count/min,0,김하은의 Apple Watch,HKQuantityTypeIdentifierHeartRate
Heart rate,2026-07-18 23:58:39+09:00,122.0,count/min,0,김하은의 Apple Watch,HKQuantityTypeIdentifierHeartRate
Heart rate,2026-07-18 23:58:44+09:00,123.0,count/min,0,김하은의 Apple Watch,HKQuantityTypeIdentifierHeartRate
Heart rate,2026-07-18 23:58:56+09:00,119.0,count/min,0,김하은의 Apple Watch,HKQuantityTypeIdentifierHeartRate
Heart rate,2026-07-18 23:59:05+09:00,118.0,count/min,0,김하은의 Apple Watch,HKQuantityTypeIdentifierHeartRate
Heart rate,2026-07-18 23:59:06+09:00,118.0,count/min,0,김하은의 Apple Watch,HKQuantityTypeIdentifierHeartRate
Heart rate,2026-07-18 23:59:13+09:00,117.0,count/min,0,김하은의 Apple Watch,HKQuantityTypeIdentifierHeartRate
Heart rate,2026-07-18 23:59:16+09:00,116.0,count/min,0,김하은의 Apple Watch,HKQuantityTypeIdentifierHeartRate
Heart rate,2026-07-18 23:59:23+09:00,113.0,count/min,0,김하은의 Apple Watch,HKQuantityTypeIdentifierHeartRate
Heart rate,2026-07-18 23:59:55+09:00,116.0,count/min,0,김하은의 Apple Watch,HKQuantityTypeIdentifierHeartRate
Heart rate,2026-07-18 23:59:59+09:00,115.0,count/min,0,김하은의 Apple Watch,HKQuantityTypeIdentifierHeartRate
Heart rate,2026-07-19 00:00:01+09:00,115.0,count/min,0,김하은의 Apple Watch,HKQuantityTypeIdentifierHeartRate
Heart rate,2026-07-19 00:00:08+09:00,113.0,count/min,0,김하은의 Apple Watch,HKQuantityTypeIdentifierHeartRate
Heart rate,2026-07-19 00:00:12+09:00,113.0,count/min,0,김하은의 Apple Watch,HKQuantityTypeIdentifierHeartRate
Heart rate,2026-07-19 00:00:19+09:00,111.0,count/min,0,김하은의 Apple Watch,HKQuantityTypeIdentifierHeartRate
Heart rate,2026-07-19 00:00:21+09:00,110.0,count/min,0,김하은의 Apple Watch,HKQuantityTypeIdentifierHeartRate
Heart rate,2026-07-19 00:00:40+09:00,112.0,count/min,0,김하은의 Apple Watch,HKQuantityTypeIdentifierHeartRate
Heart rate,2026-07-19 00:00:42+09:00,112.0,count/min,0,김하은의 Apple Watch,HKQuantityTypeIdentifierHeartRate
Heart rate,2026-07-19 00:00:46+09:00,112.0,count/min,0,김하은의 Apple Watch,HKQuantityTypeIdentifierHeartRate
Heart rate,2026-07-19 00:00:54+09:00,108.0,count/min,0,김하은의 Apple Watch,HKQuantityTypeIdentifierHeartRate
Heart rate,2026-07-19 00:01:00+09:00,106.0,count/min,0,김하은의 Apple Watch,HKQuantityTypeIdentifierHeartRate
Heart rate,2026-07-19 00:01:05+09:00,103.0,count/min,0,김하은의 Apple Watch,HKQuantityTypeIdentifierHeartRate
Heart rate,2026-07-19 00:01:09+09:00,102.0,count/min,0,김하은의 Apple Watch,HKQuantityTypeIdentifierHeartRate
Heart rate,2026-07-19 00:01:13+09:00,101.0,count/min,0,김하은의 Apple Watch,HKQuantityTypeIdentifierHeartRate
Heart rate,2026-07-19 00:01:16+09:00,102.0,count/min,0,김하은의 Apple Watch,HKQuantityTypeIdentifierHeartRate
Heart rate,2026-07-19 00:02:46+09:00,100.0,count/min,0,김하은의 Apple Watch,HKQuantityTypeIdentifierHeartRate
Heart rate,2026-07-19 00:08:26+09:00,84.0,count/min,0,김하은의 Apple Watch,HKQuantityTypeIdentifierHeartRate
Heart rate,2026-07-19 00:10:43+09:00,97.0,count/min,1,김하은의 Apple Watch,HKQuantityTypeIdentifierHeartRate
Heart rate,2026-07-19 00:14:34+09:00,76.0,count/min,1,김하은의 Apple Watch,HKQuantityTypeIdentifierHeartRate
Heart rate,2026-07-19 00:21:41+09:00,80.0,count/min,1,김하은의 Apple Watch,HKQuantityTypeIdentifierHeartRate
Heart rate,2026-07-19 00:25:32+09:00,83.0,count/min,1,김하은의 Apple Watch,HKQuantityTypeIdentifierHeartRate
Heart rate,2026-07-19 00:33:13+09:00,83.0,count/min,1,김하은의 Apple Watch,HKQuantityTypeIdentifierHeartRate
Heart rate,2026-07-19 00:37:18+09:00,83.0,count/min,1,김하은의 Apple Watch,HKQuantityTypeIdentifierHeartRate
Heart rate,2026-07-19 00:42:39+09:00,80.0,count/min,1,김하은의 Apple Watch,HKQuantityTypeIdentifierHeartRate
Heart rate,2026-07-19 00:42:41+09:00,80.2081,count/min,0,김하은의 Apple Watch,HKQuantityTypeIdentifierHeartRate
Heart rate,2026-07-19 00:44:57+09:00,79.0,count/min,1,김하은의 Apple Watch,HKQuantityTypeIdentifierHeartRate
Heart rate,2026-07-19 00:49:21+09:00,76.0,count/min,1,김하은의 Apple Watch,HKQuantityTypeIdentifierHeartRate
Heart rate,2026-07-19 00:53:50+09:00,77.0,count/min,1,김하은의 Apple Watch,HKQuantityTypeIdentifierHeartRate
Heart rate,2026-07-19 00:57:10+09:00,77.0,count/min,0,김하은의 Apple Watch,HKQuantityTypeIdentifierHeartRate
Heart rate,2026-07-19 01:03:45+09:00,84.0,count/min,1,김하은의 Apple Watch,HKQuantityTypeIdentifierHeartRate
Heart rate,2026-07-19 01:06:24+09:00,80.0,count/min,1,김하은의 Apple Watch,HKQuantityTypeIdentifierHeartRate
Heart rate,2026-07-21 10:04:44+09:00,90.0,count/min,1,김하은의 Apple Watch,HKQuantityTypeIdentifierHeartRate
Heart rate,2026-07-21 10:38:06+09:00,91.0,count/min,0,김하은의 Apple Watch,HKQuantityTypeIdentifierHeartRate
Heart rate,2026-07-21 10:39:38+09:00,85.0,count/min,1,김하은의 Apple Watch,HKQuantityTypeIdentifierHeartRate
Heart rate,2026-07-21 10:41:46+09:00,90.9238,count/min,0,김하은의 Apple Watch,HKQuantityTypeIdentifierHeartRate
Heart rate,2026-07-21 10:45:00+09:00,92.0,count/min,1,김하은의 Apple Watch,HKQuantityTypeIdentifierHeartRate
Heart rate,2026-07-21 10:52:38+09:00,88.0,count/min,1,김하은의 Apple Watch,HKQuantityTypeIdentifierHeartRate
Heart rate,2026-07-21 10:58:25+09:00,85.0,count/min,1,김하은의 Apple Watch,HKQuantityTypeIdentifierHeartRate
Heart rate,2026-07-21 11:02:37+09:00,85.0,count/min,1,김하은의 Apple Watch,HKQuantityTypeIdentifierHeartRate
Heart rate,2026-07-21 11:08:34+09:00,83.0,count/min,1,김하은의 Apple Watch,HKQuantityTypeIdentifierHeartRate
Heart rate,2026-07-21 11:11:24+09:00,88.0,count/min,1,김하은의 Apple Watch,HKQuantityTypeIdentifierHeartRate
Heart rate,2026-07-21 11:14:42+09:00,87.0,count/min,1,김하은의 Apple Watch,HKQuantityTypeIdentifierHeartRate
Heart rate,2026-07-21 11:18:53+09:00,89.0,count/min,1,김하은의 Apple Watch,HKQuantityTypeIdentifierHeartRate
Heart rate,2026-07-21 11:28:05+09:00,91.0,count/min,1,김하은의 Apple Watch,HKQuantityTypeIdentifierHeartRate
Heart rate,2026-07-21 11:31:15+09:00,89.0,count/min,1,김하은의 Apple Watch,HKQuantityTypeIdentifierHeartRate
Heart rate,2026-07-21 11:33:52+09:00,96.0,count/min,1,김하은의 Apple Watch,HKQuantityTypeIdentifierHeartRate
Heart rate,2026-07-21 11:42:44+09:00,88.0,count/min,1,김하은의 Apple Watch,HKQuantityTypeIdentifierHeartRate
Heart rate,2026-07-21 11:45:57+09:00,85.0,count/min,1,김하은의 Apple Watch,HKQuantityTypeIdentifierHeartRate
Heart rate,2026-07-21 11:53:33+09:00,85.0,count/min,1,김하은의 Apple Watch,HKQuantityTypeIdentifierHeartRate
Heart rate,2026-07-21 11:57:51+09:00,85.0,count/min,1,김하은의 Apple Watch,HKQuantityTypeIdentifierHeartRate
Heart rate,2026-07-21 11:58:57+09:00,90.0,count/min,1,김하은의 Apple Watch,HKQuantityTypeIdentifierHeartRate
Heart rate,2026-07-21 12:05:25+09:00,93.0,count/min,1,김하은의 Apple Watch,HKQuantityTypeIdentifierHeartRate
Heart rate,2026-07-21 12:09:09+09:00,91.0,count/min,1,김하은의 Apple Watch,HKQuantityTypeIdentifierHeartRate
Heart rate,2026-07-21 12:13:36+09:00,92.6649,count/min,0,김하은의 Apple Watch,HKQuantityTypeIdentifierHeartRate
Heart rate,2026-07-21 12:17:09+09:00,86.0,count/min,0,김하은의 Apple Watch,HKQuantityTypeIdentifierHeartRate
Heart rate,2026-07-21 12:18:39+09:00,85.0,count/min,1,김하은의 Apple Watch,HKQuantityTypeIdentifierHeartRate
Heart rate,2026-07-21 12:20:08+09:00,90.0,count/min,1,김하은의 Apple Watch,HKQuantityTypeIdentifierHeartRate
Heart rate,2026-07-21 12:25:12+09:00,89.0,count/min,1,김하은의 Apple Watch,HKQuantityTypeIdentifierHeartRate
Heart rate,2026-07-21 12:29:47+09:00,89.0,count/min,1,김하은의 Apple Watch,HKQuantityTypeIdentifierHeartRate
Heart rate,2026-07-21 12:38:35+09:00,85.0,count/min,1,김하은의 Apple Watch,HKQuantityTypeIdentifierHeartRate
Heart rate,2026-07-21 12:41:26+09:00,87.0,count/min,1,김하은의 Apple Watch,HKQuantityTypeIdentifierHeartRate
Heart rate,2026-07-21 12:45:45+09:00,85.0,count/min,1,김하은의 Apple Watch,HKQuantityTypeIdentifierHeartRate
Heart rate,2026-07-21 12:49:42+09:00,91.0,count/min,1,김하은의 Apple Watch,HKQuantityTypeIdentifierHeartRate
Heart rate,2026-07-21 12:56:06+09:00,91.0,count/min,1,김하은의 Apple Watch,HKQuantityTypeIdentifierHeartRate
Heart rate,2026-07-21 13:00:12+09:00,84.0,count/min,1,김하은의 Apple Watch,HKQuantityTypeIdentifierHeartRate
Heart rate,2026-07-21 13:04:26+09:00,86.0,count/min,1,김하은의 Apple Watch,HKQuantityTypeIdentifierHeartRate
Heart rate,2026-07-21 13:10:20+09:00,85.0,count/min,1,김하은의 Apple Watch,HKQuantityTypeIdentifierHeartRate
Heart rate,2026-07-21 13:14:18+09:00,80.0,count/min,1,김하은의 Apple Watch,HKQuantityTypeIdentifierHeartRate
Heart rate,2026-07-21 13:17:14+09:00,80.0,count/min,0,김하은의 Apple Watch,HKQuantityTypeIdentifierHeartRate
Heart rate,2026-07-21 13:20:54+09:00,85.0,count/min,1,김하은의 Apple Watch,HKQuantityTypeIdentifierHeartRate
Heart rate,2026-07-21 13:24:51+09:00,85.0,count/min,1,김하은의 Apple Watch,HKQuantityTypeIdentifierHeartRate
Heart rate,2026-07-21 13:28:49+09:00,82.0,count/min,1,김하은의 Apple Watch,HKQuantityTypeIdentifierHeartRate
Heart rate,2026-07-21 13:37:52+09:00,104.0,count/min,1,김하은의 Apple Watch,HKQuantityTypeIdentifierHeartRate
Heart rate,2026-07-21 13:40:58+09:00,81.0,count/min,1,김하은의 Apple Watch,HKQuantityTypeIdentifierHeartRate
Heart rate,2026-07-21 13:47:26+09:00,92.0,count/min,1,김하은의 Apple Watch,HKQuantityTypeIdentifierHeartRate
Heart rate,2026-07-21 13:53:02+09:00,90.0,count/min,1,김하은의 Apple Watch,HKQuantityTypeIdentifierHeartRate
Heart rate,2026-07-21 13:54:04+09:00,91.0,count/min,1,김하은의 Apple Watch,HKQuantityTypeIdentifierHeartRate
Heart rate,2026-07-21 14:00:26+09:00,101.0,count/min,1,김하은의 Apple Watch,HKQuantityTypeIdentifierHeartRate
Heart rate,2026-07-21 14:03:57+09:00,93.0,count/min,1,김하은의 Apple Watch,HKQuantityTypeIdentifierHeartRate
Heart rate,2026-07-21 14:12:40+09:00,84.0,count/min,1,김하은의 Apple Watch,HKQuantityTypeIdentifierHeartRate
Heart rate,2026-07-21 14:16:40+09:00,85.0,count/min,1,김하은의 Apple Watch,HKQuantityTypeIdentifierHeartRate
Heart rate,2026-07-21 14:23:31+09:00,91.0,count/min,1,김하은의 Apple Watch,HKQuantityTypeIdentifierHeartRate
Heart rate,2026-07-21 14:24:28+09:00,88.0,count/min,0,김하은의 Apple Watch,HKQuantityTypeIdentifierHeartRate
Heart rate,2026-07-21 14:24:34+09:00,92.0,count/min,1,김하은의 Apple Watch,HKQuantityTypeIdentifierHeartRate
Heart rate,2026-07-21 14:30:45+09:00,88.0,count/min,1,김하은의 Apple Watch,HKQuantityTypeIdentifierHeartRate
Heart rate,2026-07-21 14:36:31+09:00,91.0,count/min,1,김하은의 Apple Watch,HKQuantityTypeIdentifierHeartRate
Heart rate,2026-07-21 14:38:54+09:00,90.0,count/min,1,김하은의 Apple Watch,HKQuantityTypeIdentifierHeartRate
Heart rate,2026-07-21 14:45:02+09:00,91.0,count/min,1,김하은의 Apple Watch,HKQuantityTypeIdentifierHeartRate
Heart rate,2026-07-21 14:51:21+09:00,90.0,count/min,1,김하은의 Apple Watch,HKQuantityTypeIdentifierHeartRate
Heart rate,2026-07-21 14:56:38+09:00,94.0,count/min,1,김하은의 Apple Watch,HKQuantityTypeIdentifierHeartRate
Heart rate,2026-07-21 14:59:47+09:00,84.316,count/min,0,김하은의 Apple Watch,HKQuantityTypeIdentifierHeartRate
Heart rate,2026-07-21 15:01:03+09:00,85.0,count/min,1,김하은의 Apple Watch,HKQuantityTypeIdentifierHeartRate
Heart rate,2026-07-21 15:06:08+09:00,86.0,count/min,1,김하은의 Apple Watch,HKQuantityTypeIdentifierHeartRate
Heart rate,2026-07-21 15:11:44+09:00,99.0,count/min,1,김하은의 Apple Watch,HKQuantityTypeIdentifierHeartRate
Heart rate,2026-07-21 15:15:36+09:00,92.0,count/min,1,김하은의 Apple Watch,HKQuantityTypeIdentifierHeartRate
Heart rate,2026-07-21 15:22:49+09:00,96.0,count/min,1,김하은의 Apple Watch,HKQuantityTypeIdentifierHeartRate
Heart rate,2026-07-21 15:28:09+09:00,110.0,count/min,1,김하은의 Apple Watch,HKQuantityTypeIdentifierHeartRate
Heart rate,2026-07-21 15:29:22+09:00,112.0,count/min,0,김하은의 Apple Watch,HKQuantityTypeIdentifierHeartRate
Heart rate,2026-07-21 15:38:09+09:00,105.0,count/min,1,김하은의 Apple Watch,HKQuantityTypeIdentifierHeartRate
Heart rate,2026-07-21 15:39:29+09:00,110.0,count/min,1,김하은의 Apple Watch,HKQuantityTypeIdentifierHeartRate
Heart rate,2026-07-21 15:49:37+09:00,109.0,count/min,1,김하은의 Apple Watch,HKQuantityTypeIdentifierHeartRate
Heart rate,2026-07-21 15:54:44+09:00,113.0,count/min,0,김하은의 Apple Watch,HKQuantityTypeIdentifierHeartRate
Heart rate,2026-07-21 15:59:19+09:00,94.0,count/min,1,김하은의 Apple Watch,HKQuantityTypeIdentifierHeartRate
Heart rate,2026-07-21 16:07:34+09:00,96.0,count/min,1,김하은의 Apple Watch,HKQuantityTypeIdentifierHeartRate
Heart rate,2026-07-21 16:09:29+09:00,93.0,count/min,1,김하은의 Apple Watch,HKQuantityTypeIdentifierHeartRate
Heart rate,2026-07-21 16:19:27+09:00,97.0,count/min,0,김하은의 Apple Watch,HKQuantityTypeIdentifierHeartRate
Heart rate,2026-07-21 16:24:40+09:00,92.0,count/min,1,김하은의 Apple Watch,HKQuantityTypeIdentifierHeartRate
Heart rate,2026-07-21 16:32:21+09:00,98.2426,count/min,0,김하은의 Apple Watch,HKQuantityTypeIdentifierHeartRate
Heart rate,2026-07-21 16:33:27+09:00,90.0,count/min,0,김하은의 Apple Watch,HKQuantityTypeIdentifierHeartRate
Heart rate,2026-07-21 16:37:23+09:00,92.0,count/min,1,김하은의 Apple Watch,HKQuantityTypeIdentifierHeartRate
Heart rate,2026-07-21 16:46:40+09:00,94.0,count/min,1,김하은의 Apple Watch,HKQuantityTypeIdentifierHeartRate
Heart rate,2026-07-21 16:50:35+09:00,91.0,count/min,1,김하은의 Apple Watch,HKQuantityTypeIdentifierHeartRate
Heart rate,2026-07-21 16:54:33+09:00,91.0,count/min,0,김하은의 Apple Watch,HKQuantityTypeIdentifierHeartRate
Heart rate,2026-07-21 17:01:32+09:00,97.0,count/min,1,김하은의 Apple Watch,HKQuantityTypeIdentifierHeartRate
Heart rate,2026-07-21 17:06:44+09:00,90.0,count/min,0,김하은의 Apple Watch,HKQuantityTypeIdentifierHeartRate
Heart rate,2026-07-21 17:11:10+09:00,90.0,count/min,1,김하은의 Apple Watch,HKQuantityTypeIdentifierHeartRate
Heart rate,2026-07-21 17:15:44+09:00,90.0,count/min,1,김하은의 Apple Watch,HKQuantityTypeIdentifierHeartRate
Heart rate,2026-07-21 17:20:32+09:00,94.0,count/min,1,김하은의 Apple Watch,HKQuantityTypeIdentifierHeartRate
Heart rate,2026-07-21 17:24:07+09:00,99.0,count/min,1,김하은의 Apple Watch,HKQuantityTypeIdentifierHeartRate
Heart rate,2026-07-21 17:31:32+09:00,94.0,count/min,1,김하은의 Apple Watch,HKQuantityTypeIdentifierHeartRate
Heart rate,2026-07-21 17:37:25+09:00,83.0,count/min,1,김하은의 Apple Watch,HKQuantityTypeIdentifierHeartRate
Heart rate,2026-07-21 17:40:39+09:00,80.0,count/min,1,김하은의 Apple Watch,HKQuantityTypeIdentifierHeartRate
Heart rate,2026-07-21 17:45:16+09:00,84.0,count/min,1,김하은의 Apple Watch,HKQuantityTypeIdentifierHeartRate
Heart rate,2026-07-21 17:51:18+09:00,85.0,count/min,1,김하은의 Apple Watch,HKQuantityTypeIdentifierHeartRate
Heart rate,2026-07-21 17:58:25+09:00,85.0,count/min,1,김하은의 Apple Watch,HKQuantityTypeIdentifierHeartRate
Heart rate,2026-07-21 18:02:48+09:00,84.0,count/min,1,김하은의 Apple Watch,HKQuantityTypeIdentifierHeartRate
Heart rate,2026-07-21 18:06:17+09:00,83.0,count/min,1,김하은의 Apple Watch,HKQuantityTypeIdentifierHeartRate
Heart rate,2026-07-21 18:10:25+09:00,84.0,count/min,1,김하은의 Apple Watch,HKQuantityTypeIdentifierHeartRate
Heart rate,2026-07-21 18:13:52+09:00,84.0,count/min,1,김하은의 Apple Watch,HKQuantityTypeIdentifierHeartRate
Heart rate,2026-07-21 18:14:50+09:00,93.2909,count/min,0,김하은의 Apple Watch,HKQuantityTypeIdentifierHeartRate
Heart rate,2026-07-21 18:22:55+09:00,93.0,count/min,1,김하은의 Apple Watch,HKQuantityTypeIdentifierHeartRate
Heart rate,2026-07-21 18:26:13+09:00,105.0,count/min,0,김하은의 Apple Watch,HKQuantityTypeIdentifierHeartRate
Heart rate,2026-07-21 18:28:43+09:00,107.0,count/min,2,김하은의 Apple Watch,HKQuantityTypeIdentifierHeartRate
Heart rate,2026-07-21 18:29:10+09:00,99.0,count/min,1,김하은의 Apple Watch,HKQuantityTypeIdentifierHeartRate
Heart rate,2026-07-21 18:37:23+09:00,90.0,count/min,1,김하은의 Apple Watch,HKQuantityTypeIdentifierHeartRate
Heart rate,2026-07-21 18:39:27+09:00,87.0,count/min,1,김하은의 Apple Watch,HKQuantityTypeIdentifierHeartRate
Heart rate,2026-07-21 18:45:39+09:00,90.0,count/min,1,김하은의 Apple Watch,HKQuantityTypeIdentifierHeartRate
Heart rate,2026-07-21 18:49:33+09:00,91.0,count/min,1,김하은의 Apple Watch,HKQuantityTypeIdentifierHeartRate
Heart rate,2026-07-21 18:55:36+09:00,94.0,count/min,1,김하은의 Apple Watch,HKQuantityTypeIdentifierHeartRate
Heart rate,2026-07-21 19:01:27+09:00,93.0,count/min,1,김하은의 Apple Watch,HKQuantityTypeIdentifierHeartRate
Heart rate,2026-07-21 19:06:08+09:00,91.0,count/min,1,김하은의 Apple Watch,HKQuantityTypeIdentifierHeartRate
Heart rate,2026-07-21 19:10:14+09:00,90.0,count/min,1,김하은의 Apple Watch,HKQuantityTypeIdentifierHeartRate
Heart rate,2026-07-21 19:13:55+09:00,86.0,count/min,1,김하은의 Apple Watch,HKQuantityTypeIdentifierHeartRate
Heart rate,2026-07-21 19:23:37+09:00,81.0,count/min,1,김하은의 Apple Watch,HKQuantityTypeIdentifierHeartRate
Heart rate,2026-07-21 19:28:10+09:00,90.0,count/min,1,김하은의 Apple Watch,HKQuantityTypeIdentifierHeartRate
Heart rate,2026-07-21 19:32:58+09:00,84.0,count/min,1,김하은의 Apple Watch,HKQuantityTypeIdentifierHeartRate
Heart rate,2026-07-21 19:36:16+09:00,87.0,count/min,1,김하은의 Apple Watch,HKQuantityTypeIdentifierHeartRate
Heart rate,2026-07-21 19:38:53+09:00,91.0,count/min,1,김하은의 Apple Watch,HKQuantityTypeIdentifierHeartRate
Heart rate,2026-07-21 19:47:19+09:00,91.0,count/min,1,김하은의 Apple Watch,HKQuantityTypeIdentifierHeartRate
Heart rate,2026-07-21 19:52:16+09:00,92.0,count/min,1,김하은의 Apple Watch,HKQuantityTypeIdentifierHeartRate
Heart rate,2026-07-21 19:56:06+09:00,95.0,count/min,1,김하은의 Apple Watch,HKQuantityTypeIdentifierHeartRate
Heart rate,2026-07-21 20:00:40+09:00,88.0,count/min,1,김하은의 Apple Watch,HKQuantityTypeIdentifierHeartRate
Heart rate,2026-07-21 20:04:42+09:00,95.0,count/min,1,김하은의 Apple Watch,HKQuantityTypeIdentifierHeartRate
Heart rate,2026-07-21 20:10:43+09:00,99.0,count/min,1,김하은의 Apple Watch,HKQuantityTypeIdentifierHeartRate
Heart rate,2026-07-21 20:15:25+09:00,78.5689,count/min,0,김하은의 Apple Watch,HKQuantityTypeIdentifierHeartRate
Heart rate,2026-07-21 20:16:37+09:00,80.0,count/min,1,김하은의 Apple Watch,HKQuantityTypeIdentifierHeartRate
Heart rate,2026-07-21 20:21:43+09:00,86.0,count/min,1,김하은의 Apple Watch,HKQuantityTypeIdentifierHeartRate
Heart rate,2026-07-21 20:24:38+09:00,84.0,count/min,1,김하은의 Apple Watch,HKQuantityTypeIdentifierHeartRate
Heart rate,2026-07-21 20:32:30+09:00,85.0,count/min,1,김하은의 Apple Watch,HKQuantityTypeIdentifierHeartRate
Heart rate,2026-07-21 20:36:58+09:00,91.0,count/min,1,김하은의 Apple Watch,HKQuantityTypeIdentifierHeartRate
Heart rate,2026-07-21 20:42:27+09:00,84.0,count/min,1,김하은의 Apple Watch,HKQuantityTypeIdentifierHeartRate
Heart rate,2026-07-21 20:46:00+09:00,76.0,count/min,1,김하은의 Apple Watch,HKQuantityTypeIdentifierHeartRate
Heart rate,2026-07-21 20:51:39+09:00,104.0,count/min,2,김하은의 Apple Watch,HKQuantityTypeIdentifierHeartRate
Heart rate,2026-07-21 20:52:45+09:00,89.0,count/min,1,김하은의 Apple Watch,HKQuantityTypeIdentifierHeartRate
Heart rate,2026-07-21 20:57:10+09:00,85.0,count/min,1,김하은의 Apple Watch,HKQuantityTypeIdentifierHeartRate
Heart rate,2026-07-21 21:00:49+09:00,85.0,count/min,1,김하은의 Apple Watch,HKQuantityTypeIdentifierHeartRate
Heart rate,2026-07-21 21:08:09+09:00,85.0,count/min,1,김하은의 Apple Watch,HKQuantityTypeIdentifierHeartRate
Heart rate,2026-07-21 21:09:54+09:00,84.0,count/min,1,김하은의 Apple Watch,HKQuantityTypeIdentifierHeartRate
Heart rate,2026-07-21 21:17:21+09:00,86.0,count/min,1,김하은의 Apple Watch,HKQuantityTypeIdentifierHeartRate
Heart rate,2026-07-21 21:18:55+09:00,86.0,count/min,0,김하은의 Apple Watch,HKQuantityTypeIdentifierHeartRate
Heart rate,2026-07-21 21:27:09+09:00,85.0,count/min,1,김하은의 Apple Watch,HKQuantityTypeIdentifierHeartRate
Heart rate,2026-07-21 21:30:01+09:00,83.0,count/min,1,김하은의 Apple Watch,HKQuantityTypeIdentifierHeartRate
Heart rate,2026-07-21 21:37:46+09:00,84.0,count/min,1,김하은의 Apple Watch,HKQuantityTypeIdentifierHeartRate
Heart rate,2026-07-21 21:45:10+09:00,91.0,count/min,2,김하은의 Apple Watch,HKQuantityTypeIdentifierHeartRate
Heart rate,2026-07-21 21:51:01+09:00,79.0,count/min,1,김하은의 Apple Watch,HKQuantityTypeIdentifierHeartRate
Heart rate,2026-07-21 21:53:50+09:00,82.0,count/min,1,김하은의 Apple Watch,HKQuantityTypeIdentifierHeartRate
Heart rate,2026-07-21 22:05:37+09:00,87.0,count/min,0,김하은의 Apple Watch,HKQuantityTypeIdentifierHeartRate
Heart rate,2026-07-21 22:18:29+09:00,82.0,count/min,1,김하은의 Apple Watch,HKQuantityTypeIdentifierHeartRate
Heart rate,2026-07-21 22:19:02+09:00,82.1551,count/min,0,김하은의 Apple Watch,HKQuantityTypeIdentifierHeartRate
Heart rate,2026-07-21 22:19:53+09:00,81.0,count/min,1,김하은의 Apple Watch,HKQuantityTypeIdentifierHeartRate
Heart rate,2026-07-21 22:25:24+09:00,91.0,count/min,0,김하은의 Apple Watch,HKQuantityTypeIdentifierHeartRate
Heart rate,2026-07-21 22:30:12+09:00,95.0,count/min,0,김하은의 Apple Watch,HKQuantityTypeIdentifierHeartRate
Heart rate,2026-07-21 22:37:12+09:00,74.0,count/min,1,김하은의 Apple Watch,HKQuantityTypeIdentifierHeartRate
Heart rate,2026-07-21 22:45:52+09:00,87.0,count/min,1,김하은의 Apple Watch,HKQuantityTypeIdentifierHeartRate
Heart rate,2026-07-21 22:53:40+09:00,81.0,count/min,1,김하은의 Apple Watch,HKQuantityTypeIdentifierHeartRate
Heart rate,2026-07-21 22:58:45+09:00,84.0,count/min,1,김하은의 Apple Watch,HKQuantityTypeIdentifierHeartRate
Heart rate,2026-07-21 23:00:06+09:00,84.0,count/min,1,김하은의 Apple Watch,HKQuantityTypeIdentifierHeartRate
Heart rate,2026-07-21 23:04:37+09:00,86.0,count/min,1,김하은의 Apple Watch,HKQuantityTypeIdentifierHeartRate
Heart rate,2026-07-21 23:18:40+09:00,84.0,count/min,1,김하은의 Apple Watch,HKQuantityTypeIdentifierHeartRate
Heart rate,2026-07-21 23:27:27+09:00,96.0,count/min,0,김하은의 Apple Watch,HKQuantityTypeIdentifierHeartRate
Heart rate,2026-07-21 23:33:26+09:00,105.0,count/min,1,김하은의 Apple Watch,HKQuantityTypeIdentifierHeartRate
Heart rate,2026-07-21 23:34:36+09:00,99.0,count/min,1,김하은의 Apple Watch,HKQuantityTypeIdentifierHeartRate
Heart rate,2026-07-21 23:43:48+09:00,84.0,count/min,1,김하은의 Apple Watch,HKQuantityTypeIdentifierHeartRate
Heart rate,2026-07-21 23:47:14+09:00,84.0,count/min,1,김하은의 Apple Watch,HKQuantityTypeIdentifierHeartRate
Heart rate,2026-07-21 23:49:36+09:00,86.0,count/min,1,김하은의 Apple Watch,HKQuantityTypeIdentifierHeartRate
Heart rate,2026-07-22 00:02:17+09:00,84.0,count/min,1,김하은의 Apple Watch,HKQuantityTypeIdentifierHeartRate
Heart rate,2026-07-22 00:04:07+09:00,83.0,count/min,1,김하은의 Apple Watch,HKQuantityTypeIdentifierHeartRate
Heart rate,2026-07-22 00:09:18+09:00,82.0,count/min,0,김하은의 Apple Watch,HKQuantityTypeIdentifierHeartRate
Heart rate,2026-07-22 00:09:19+09:00,81.0,count/min,0,김하은의 Apple Watch,HKQuantityTypeIdentifierHeartRate
Heart rate,2026-07-22 00:09:20+09:00,81.0,count/min,0,김하은의 Apple Watch,HKQuantityTypeIdentifierHeartRate
Heart rate,2026-07-22 00:09:21+09:00,82.0,count/min,0,김하은의 Apple Watch,HKQuantityTypeIdentifierHeartRate
Heart rate,2026-07-22 00:09:22+09:00,82.0,count/min,0,김하은의 Apple Watch,HKQuantityTypeIdentifierHeartRate
Heart rate,2026-07-22 00:09:23+09:00,82.0,count/min,0,김하은의 Apple Watch,HKQuantityTypeIdentifierHeartRate
Heart rate,2026-07-22 00:09:24+09:00,80.0,count/min,0,김하은의 Apple Watch,HKQuantityTypeIdentifierHeartRate
Heart rate,2026-07-22 00:09:25+09:00,80.0,count/min,0,김하은의 Apple Watch,HKQuantityTypeIdentifierHeartRate
Heart rate,2026-07-22 00:09:26+09:00,81.0,count/min,0,김하은의 Apple Watch,HKQuantityTypeIdentifierHeartRate
Heart rate,2026-07-22 00:09:27+09:00,86.0,count/min,0,김하은의 Apple Watch,HKQuantityTypeIdentifierHeartRate
Heart rate,2026-07-22 00:09:28+09:00,86.0,count/min,0,김하은의 Apple Watch,HKQuantityTypeIdentifierHeartRate
Heart rate,2026-07-22 00:09:29+09:00,86.0,count/min,0,김하은의 Apple Watch,HKQuantityTypeIdentifierHeartRate
Heart rate,2026-07-22 00:09:30+09:00,89.0,count/min,0,김하은의 Apple Watch,HKQuantityTypeIdentifierHeartRate
Heart rate,2026-07-22 00:09:31+09:00,88.0,count/min,0,김하은의 Apple Watch,HKQuantityTypeIdentifierHeartRate
Heart rate,2026-07-22 00:09:59+09:00,81.0,count/min,0,김하은의 Apple Watch,HKQuantityTypeIdentifierHeartRate
Heart rate,2026-07-22 00:10:00+09:00,83.0,count/min,0,김하은의 Apple Watch,HKQuantityTypeIdentifierHeartRate
Heart rate,2026-07-22 00:10:01+09:00,80.0,count/min,0,김하은의 Apple Watch,HKQuantityTypeIdentifierHeartRate
Heart rate,2026-07-22 00:10:02+09:00,81.0,count/min,0,김하은의 Apple Watch,HKQuantityTypeIdentifierHeartRate
Heart rate,2026-07-22 00:10:08+09:00,81.0,count/min,0,김하은의 Apple Watch,HKQuantityTypeIdentifierHeartRate
Heart rate,2026-07-22 00:10:09+09:00,84.0,count/min,0,김하은의 Apple Watch,HKQuantityTypeIdentifierHeartRate
Heart rate,2026-07-22 00:10:10+09:00,80.0,count/min,0,김하은의 Apple Watch,HKQuantityTypeIdentifierHeartRate
Heart rate,2026-07-22 00:10:11+09:00,78.0,count/min,0,김하은의 Apple Watch,HKQuantityTypeIdentifierHeartRate
Heart rate,2026-07-22 00:10:12+09:00,80.0,count/min,0,김하은의 Apple Watch,HKQuantityTypeIdentifierHeartRate
Heart rate,2026-07-22 00:10:13+09:00,80.0,count/min,0,김하은의 Apple Watch,HKQuantityTypeIdentifierHeartRate
Heart rate,2026-07-22 00:10:14+09:00,80.0,count/min,0,김하은의 Apple Watch,HKQuantityTypeIdentifierHeartRate
Heart rate,2026-07-22 00:10:15+09:00,80.0,count/min,0,김하은의 Apple Watch,HKQuantityTypeIdentifierHeartRate
Heart rate,2026-07-22 00:10:16+09:00,80.0,count/min,0,김하은의 Apple Watch,HKQuantityTypeIdentifierHeartRate
Heart rate,2026-07-22 00:10:17+09:00,82.0,count/min,0,김하은의 Apple Watch,HKQuantityTypeIdentifierHeartRate
Heart rate,2026-07-22 00:10:18+09:00,82.0,count/min,0,김하은의 Apple Watch,HKQuantityTypeIdentifierHeartRate
Heart rate,2026-07-22 00:10:19+09:00,83.0,count/min,0,김하은의 Apple Watch,HKQuantityTypeIdentifierHeartRate
Heart rate,2026-07-22 00:10:20+09:00,82.0,count/min,0,김하은의 Apple Watch,HKQuantityTypeIdentifierHeartRate
Heart rate,2026-07-22 00:10:21+09:00,79.0,count/min,0,김하은의 Apple Watch,HKQuantityTypeIdentifierHeartRate
Heart rate,2026-07-22 00:10:22+09:00,81.0,count/min,0,김하은의 Apple Watch,HKQuantityTypeIdentifierHeartRate
Heart rate,2026-07-22 00:10:23+09:00,81.0,count/min,0,김하은의 Apple Watch,HKQuantityTypeIdentifierHeartRate
Heart rate,2026-07-22 00:10:24+09:00,80.0,count/min,0,김하은의 Apple Watch,HKQuantityTypeIdentifierHeartRate
Heart rate,2026-07-22 00:10:25+09:00,80.0,count/min,0,김하은의 Apple Watch,HKQuantityTypeIdentifierHeartRate
Heart rate,2026-07-22 00:10:26+09:00,80.0,count/min,0,김하은의 Apple Watch,HKQuantityTypeIdentifierHeartRate
Heart rate,2026-07-22 00:10:27+09:00,80.0,count/min,0,김하은의 Apple Watch,HKQuantityTypeIdentifierHeartRate
Heart rate,2026-07-22 00:10:28+09:00,78.0,count/min,0,김하은의 Apple Watch,HKQuantityTypeIdentifierHeartRate
Heart rate,2026-07-22 00:10:29+09:00,81.0,count/min,0,김하은의 Apple Watch,HKQuantityTypeIdentifierHeartRate
Heart rate,2026-07-22 00:10:30+09:00,81.0,count/min,0,김하은의 Apple Watch,HKQuantityTypeIdentifierHeartRate
Heart rate,2026-07-22 00:10:31+09:00,78.0,count/min,0,김하은의 Apple Watch,HKQuantityTypeIdentifierHeartRate
Heart rate,2026-07-22 00:10:32+09:00,81.0,count/min,0,김하은의 Apple Watch,HKQuantityTypeIdentifierHeartRate
Heart rate,2026-07-22 00:10:33+09:00,79.0,count/min,0,김하은의 Apple Watch,HKQuantityTypeIdentifierHeartRate
Heart rate,2026-07-22 00:10:34+09:00,78.0,count/min,0,김하은의 Apple Watch,HKQuantityTypeIdentifierHeartRate
Heart rate,2026-07-22 00:10:35+09:00,79.0,count/min,0,김하은의 Apple Watch,HKQuantityTypeIdentifierHeartRate
Heart rate,2026-07-22 00:11:47+09:00,81.0,count/min,1,김하은의 Apple Watch,HKQuantityTypeIdentifierHeartRate
Heart rate,2026-07-22 00:13:17+09:00,78.0,count/min,0,김하은의 Apple Watch,HKQuantityTypeIdentifierHeartRate
Heart rate,2026-07-22 00:13:18+09:00,78.0,count/min,0,김하은의 Apple Watch,HKQuantityTypeIdentifierHeartRate
Heart rate,2026-07-22 00:13:19+09:00,78.0,count/min,0,김하은의 Apple Watch,HKQuantityTypeIdentifierHeartRate
Heart rate,2026-07-22 00:13:20+09:00,79.0,count/min,0,김하은의 Apple Watch,HKQuantityTypeIdentifierHeartRate
Heart rate,2026-07-22 00:13:23+09:00,79.0,count/min,0,김하은의 Apple Watch,HKQuantityTypeIdentifierHeartRate
Heart rate,2026-07-22 00:13:31+09:00,86.0,count/min,0,김하은의 Apple Watch,HKQuantityTypeIdentifierHeartRate
Heart rate,2026-07-22 00:13:37+09:00,82.0,count/min,0,김하은의 Apple Watch,HKQuantityTypeIdentifierHeartRate
Heart rate,2026-07-22 00:13:42+09:00,84.0,count/min,0,김하은의 Apple Watch,HKQuantityTypeIdentifierHeartRate
Heart rate,2026-07-22 00:13:43+09:00,84.0,count/min,0,김하은의 Apple Watch,HKQuantityTypeIdentifierHeartRate
Heart rate,2026-07-22 00:13:48+09:00,87.0,count/min,0,김하은의 Apple Watch,HKQuantityTypeIdentifierHeartRate
Heart rate,2026-07-22 00:13:56+09:00,96.0,count/min,0,김하은의 Apple Watch,HKQuantityTypeIdentifierHeartRate
Heart rate,2026-07-22 00:14:02+09:00,103.0,count/min,0,김하은의 Apple Watch,HKQuantityTypeIdentifierHeartRate
Heart rate,2026-07-22 00:14:54+09:00,85.0,count/min,1,김하은의 Apple Watch,HKQuantityTypeIdentifierHeartRate
Heart rate,2026-07-22 00:23:10+09:00,74.0,count/min,1,김하은의 Apple Watch,HKQuantityTypeIdentifierHeartRate
Heart rate,2026-07-22 00:25:29+09:00,79.6601,count/min,0,김하은의 Apple Watch,HKQuantityTypeIdentifierHeartRate
Heart rate,2026-07-22 00:25:33+09:00,78.0,count/min,1,김하은의 Apple Watch,HKQuantityTypeIdentifierHeartRate
Heart rate,2026-07-22 00:38:21+09:00,80.0,count/min,0,김하은의 Apple Watch,HKQuantityTypeIdentifierHeartRate
Heart rate,2026-07-22 00:40:45+09:00,80.0,count/min,0,김하은의 Apple Watch,HKQuantityTypeIdentifierHeartRate
Heart rate,2026-07-22 00:46:52+09:00,85.0,count/min,0,김하은의 Apple Watch,HKQuantityTypeIdentifierHeartRate
Heart rate,2026-07-22 00:49:58+09:00,83.0,count/min,0,김하은의 Apple Watch,HKQuantityTypeIdentifierHeartRate
Heart rate,2026-07-22 00:58:11+09:00,81.0,count/min,0,김하은의 Apple Watch,HKQuantityTypeIdentifierHeartRate
Heart rate,2026-07-22 01:02:08+09:00,79.0,count/min,0,김하은의 Apple Watch,HKQuantityTypeIdentifierHeartRate
Heart rate,2026-07-22 01:06:36+09:00,80.0,count/min,0,김하은의 Apple Watch,HKQuantityTypeIdentifierHeartRate
Heart rate,2026-07-22 01:09:59+09:00,72.0,count/min,0,김하은의 Apple Watch,HKQuantityTypeIdentifierHeartRate
Heart rate,2026-07-22 01:14:55+09:00,72.0,count/min,0,김하은의 Apple Watch,HKQuantityTypeIdentifierHeartRate
Heart rate,2026-07-22 01:19:34+09:00,79.0,count/min,0,김하은의 Apple Watch,HKQuantityTypeIdentifierHeartRate
Heart rate,2026-07-22 01:21:20+09:00,116.0,count/min,2,김하은의 Apple Watch,HKQuantityTypeIdentifierHeartRate
Heart rate,2026-07-22 01:23:48+09:00,119.0,count/min,2,김하은의 Apple Watch,HKQuantityTypeIdentifierHeartRate
Heart rate,2026-07-22 01:24:28+09:00,101.0,count/min,0,김하은의 Apple Watch,HKQuantityTypeIdentifierHeartRate
Heart rate,2026-07-22 01:32:58+09:00,77.0,count/min,0,김하은의 Apple Watch,HKQuantityTypeIdentifierHeartRate
Heart rate,2026-07-22 01:36:29+09:00,72.0,count/min,0,김하은의 Apple Watch,HKQuantityTypeIdentifierHeartRate
Heart rate,2026-07-22 01:40:34+09:00,73.0,count/min,0,김하은의 Apple Watch,HKQuantityTypeIdentifierHeartRate
Heart rate,2026-07-22 01:42:42+09:00,77.0,count/min,0,김하은의 Apple Watch,HKQuantityTypeIdentifierHeartRate
Heart rate,2026-07-22 01:47:42+09:00,79.0,count/min,0,김하은의 Apple Watch,HKQuantityTypeIdentifierHeartRate
Heart rate,2026-07-22 01:49:57+09:00,79.0,count/min,0,김하은의 Apple Watch,HKQuantityTypeIdentifierHeartRate
Heart rate,2026-07-22 01:54:08+09:00,76.0,count/min,0,김하은의 Apple Watch,HKQuantityTypeIdentifierHeartRate
Heart rate,2026-07-22 01:59:45+09:00,73.0,count/min,0,김하은의 Apple Watch,HKQuantityTypeIdentifierHeartRate
Heart rate,2026-07-22 02:08:24+09:00,73.0,count/min,0,김하은의 Apple Watch,HKQuantityTypeIdentifierHeartRate
Heart rate,2026-07-22 02:09:26+09:00,73.0,count/min,0,김하은의 Apple Watch,HKQuantityTypeIdentifierHeartRate
Heart rate,2026-07-22 02:14:26+09:00,72.4505,count/min,0,김하은의 Apple Watch,HKQuantityTypeIdentifierHeartRate
Heart rate,2026-07-22 02:14:58+09:00,72.0,count/min,0,김하은의 Apple Watch,HKQuantityTypeIdentifierHeartRate
Heart rate,2026-07-22 02:19:30+09:00,71.0,count/min,0,김하은의 Apple Watch,HKQuantityTypeIdentifierHeartRate
Heart rate,2026-07-22 02:26:02+09:00,73.0,count/min,0,김하은의 Apple Watch,HKQuantityTypeIdentifierHeartRate
Heart rate,2026-07-22 02:31:14+09:00,72.0,count/min,0,김하은의 Apple Watch,HKQuantityTypeIdentifierHeartRate
Heart rate,2026-07-22 02:33:22+09:00,69.0,count/min,0,김하은의 Apple Watch,HKQuantityTypeIdentifierHeartRate
Heart rate,2026-07-22 02:35:55+09:00,72.0,count/min,0,김하은의 Apple Watch,HKQuantityTypeIdentifierHeartRate
Heart rate,2026-07-22 02:43:11+09:00,72.0,count/min,0,김하은의 Apple Watch,HKQuantityTypeIdentifierHeartRate
Heart rate,2026-07-22 02:44:53+09:00,69.0,count/min,0,김하은의 Apple Watch,HKQuantityTypeIdentifierHeartRate
Heart rate,2026-07-22 02:48:53+09:00,69.0,count/min,0,김하은의 Apple Watch,HKQuantityTypeIdentifierHeartRate
Heart rate,2026-07-22 02:54:58+09:00,69.0,count/min,0,김하은의 Apple Watch,HKQuantityTypeIdentifierHeartRate
Heart rate,2026-07-22 02:58:55+09:00,67.0,count/min,0,김하은의 Apple Watch,HKQuantityTypeIdentifierHeartRate
Heart rate,2026-07-22 03:03:23+09:00,67.0,count/min,0,김하은의 Apple Watch,HKQuantityTypeIdentifierHeartRate
Heart rate,2026-07-22 03:06:30+09:00,67.0,count/min,0,김하은의 Apple Watch,HKQuantityTypeIdentifierHeartRate
Heart rate,2026-07-22 03:08:49+09:00,67.0,count/min,0,김하은의 Apple Watch,HKQuantityTypeIdentifierHeartRate
Heart rate,2026-07-22 03:18:24+09:00,67.0,count/min,0,김하은의 Apple Watch,HKQuantityTypeIdentifierHeartRate
Heart rate,2026-07-22 03:21:15+09:00,68.0,count/min,0,김하은의 Apple Watch,HKQuantityTypeIdentifierHeartRate
Heart rate,2026-07-22 03:24:58+09:00,67.0,count/min,0,김하은의 Apple Watch,HKQuantityTypeIdentifierHeartRate
Heart rate,2026-07-22 03:31:13+09:00,67.0,count/min,0,김하은의 Apple Watch,HKQuantityTypeIdentifierHeartRate
Heart rate,2026-07-22 03:33:23+09:00,69.0,count/min,0,김하은의 Apple Watch,HKQuantityTypeIdentifierHeartRate
Heart rate,2026-07-22 03:34:17+09:00,68.0,count/min,0,김하은의 Apple Watch,HKQuantityTypeIdentifierHeartRate
Heart rate,2026-07-22 03:40:37+09:00,68.0,count/min,0,김하은의 Apple Watch,HKQuantityTypeIdentifierHeartRate
Heart rate,2026-07-22 03:44:13+09:00,69.0,count/min,0,김하은의 Apple Watch,HKQuantityTypeIdentifierHeartRate
Heart rate,2026-07-22 03:49:35+09:00,68.0,count/min,0,김하은의 Apple Watch,HKQuantityTypeIdentifierHeartRate
Heart rate,2026-07-22 03:57:46+09:00,68.0,count/min,0,김하은의 Apple Watch,HKQuantityTypeIdentifierHeartRate
Heart rate,2026-07-22 03:58:51+09:00,69.0,count/min,0,김하은의 Apple Watch,HKQuantityTypeIdentifierHeartRate
Heart rate,2026-07-22 04:04:14+09:00,60.0,count/min,0,김하은의 Apple Watch,HKQuantityTypeIdentifierHeartRate
Heart rate,2026-07-22 04:06:45+09:00,67.0,count/min,0,김하은의 Apple Watch,HKQuantityTypeIdentifierHeartRate
Heart rate,2026-07-22 04:08:56+09:00,58.0,count/min,0,김하은의 Apple Watch,HKQuantityTypeIdentifierHeartRate
Heart rate,2026-07-22 04:13:35+09:00,67.8058,count/min,0,김하은의 Apple Watch,HKQuantityTypeIdentifierHeartRate
Heart rate,2026-07-22 04:14:25+09:00,68.0,count/min,0,김하은의 Apple Watch,HKQuantityTypeIdentifierHeartRate
Heart rate,2026-07-22 04:23:47+09:00,63.0,count/min,0,김하은의 Apple Watch,HKQuantityTypeIdentifierHeartRate
Heart rate,2026-07-22 04:25:09+09:00,68.0,count/min,0,김하은의 Apple Watch,HKQuantityTypeIdentifierHeartRate
Heart rate,2026-07-22 04:31:53+09:00,63.0,count/min,0,김하은의 Apple Watch,HKQuantityTypeIdentifierHeartRate
Heart rate,2026-07-22 04:34:40+09:00,65.0,count/min,0,김하은의 Apple Watch,HKQuantityTypeIdentifierHeartRate
Heart rate,2026-07-22 04:35:04+09:00,66.0,count/min,0,김하은의 Apple Watch,HKQuantityTypeIdentifierHeartRate
Heart rate,2026-07-22 04:41:59+09:00,64.0,count/min,0,김하은의 Apple Watch,HKQuantityTypeIdentifierHeartRate
Heart rate,2026-07-22 04:46:18+09:00,67.0,count/min,0,김하은의 Apple Watch,HKQuantityTypeIdentifierHeartRate
Heart rate,2026-07-22 04:49:07+09:00,67.0,count/min,0,김하은의 Apple Watch,HKQuantityTypeIdentifierHeartRate
Heart rate,2026-07-22 04:53:59+09:00,64.0,count/min,0,김하은의 Apple Watch,HKQuantityTypeIdentifierHeartRate
Heart rate,2026-07-22 04:58:51+09:00,63.0,count/min,0,김하은의 Apple Watch,HKQuantityTypeIdentifierHeartRate
Heart rate,2026-07-22 05:04:40+09:00,62.0,count/min,0,김하은의 Apple Watch,HKQuantityTypeIdentifierHeartRate
Heart rate,2026-07-22 05:05:31+09:00,66.0,count/min,0,김하은의 Apple Watch,HKQuantityTypeIdentifierHeartRate
Heart rate,2026-07-22 05:09:03+09:00,64.0,count/min,0,김하은의 Apple Watch,HKQuantityTypeIdentifierHeartRate
Heart rate,2026-07-22 05:15:09+09:00,63.0,count/min,0,김하은의 Apple Watch,HKQuantityTypeIdentifierHeartRate
Heart rate,2026-07-22 05:19:10+09:00,59.0,count/min,0,김하은의 Apple Watch,HKQuantityTypeIdentifierHeartRate
Heart rate,2026-07-22 05:23:50+09:00,63.0,count/min,0,김하은의 Apple Watch,HKQuantityTypeIdentifierHeartRate
Heart rate,2026-07-22 05:31:44+09:00,63.0,count/min,0,김하은의 Apple Watch,HKQuantityTypeIdentifierHeartRate
Heart rate,2026-07-22 05:33:49+09:00,63.0,count/min,0,김하은의 Apple Watch,HKQuantityTypeIdentifierHeartRate
Heart rate,2026-07-22 05:37:48+09:00,61.0,count/min,0,김하은의 Apple Watch,HKQuantityTypeIdentifierHeartRate
Heart rate,2026-07-22 05:40:47+09:00,63.0,count/min,0,김하은의 Apple Watch,HKQuantityTypeIdentifierHeartRate
Heart rate,2026-07-22 05:46:01+09:00,59.0,count/min,0,김하은의 Apple Watch,HKQuantityTypeIdentifierHeartRate
Heart rate,2026-07-22 05:51:48+09:00,59.0,count/min,0,김하은의 Apple Watch,HKQuantityTypeIdentifierHeartRate
Heart rate,2026-07-22 05:55:10+09:00,59.0,count/min,0,김하은의 Apple Watch,HKQuantityTypeIdentifierHeartRate
Heart rate,2026-07-22 05:58:49+09:00,60.0,count/min,0,김하은의 Apple Watch,HKQuantityTypeIdentifierHeartRate
Heart rate,2026-07-22 06:07:47+09:00,60.0,count/min,0,김하은의 Apple Watch,HKQuantityTypeIdentifierHeartRate
Heart rate,2026-07-22 06:12:00+09:00,71.0,count/min,0,김하은의 Apple Watch,HKQuantityTypeIdentifierHeartRate
Heart rate,2026-07-22 06:13:36+09:00,66.3869,count/min,0,김하은의 Apple Watch,HKQuantityTypeIdentifierHeartRate
Heart rate,2026-07-22 06:14:16+09:00,67.0,count/min,0,김하은의 Apple Watch,HKQuantityTypeIdentifierHeartRate
Heart rate,2026-07-22 06:18:51+09:00,64.0,count/min,0,김하은의 Apple Watch,HKQuantityTypeIdentifierHeartRate
Heart rate,2026-07-22 06:19:57+09:00,66.0,count/min,0,김하은의 Apple Watch,HKQuantityTypeIdentifierHeartRate
Heart rate,2026-07-22 06:24:58+09:00,70.0,count/min,0,김하은의 Apple Watch,HKQuantityTypeIdentifierHeartRate
Heart rate,2026-07-22 06:28:50+09:00,63.0,count/min,0,김하은의 Apple Watch,HKQuantityTypeIdentifierHeartRate
Heart rate,2026-07-22 06:38:16+09:00,67.0,count/min,0,김하은의 Apple Watch,HKQuantityTypeIdentifierHeartRate
Heart rate,2026-07-22 06:39:32+09:00,67.0,count/min,0,김하은의 Apple Watch,HKQuantityTypeIdentifierHeartRate
Heart rate,2026-07-22 06:43:50+09:00,67.0,count/min,0,김하은의 Apple Watch,HKQuantityTypeIdentifierHeartRate
Heart rate,2026-07-22 06:52:15+09:00,60.0,count/min,0,김하은의 Apple Watch,HKQuantityTypeIdentifierHeartRate
Heart rate,2026-07-22 06:53:55+09:00,63.0,count/min,0,김하은의 Apple Watch,HKQuantityTypeIdentifierHeartRate
Heart rate,2026-07-22 07:03:28+09:00,59.0,count/min,0,김하은의 Apple Watch,HKQuantityTypeIdentifierHeartRate
Heart rate,2026-07-22 07:05:18+09:00,58.0,count/min,0,김하은의 Apple Watch,HKQuantityTypeIdentifierHeartRate
Heart rate,2026-07-22 07:10:42+09:00,59.0,count/min,0,김하은의 Apple Watch,HKQuantityTypeIdentifierHeartRate
Heart rate,2026-07-22 07:16:48+09:00,58.0,count/min,0,김하은의 Apple Watch,HKQuantityTypeIdentifierHeartRate
Heart rate,2026-07-22 07:20:02+09:00,63.0,count/min,0,김하은의 Apple Watch,HKQuantityTypeIdentifierHeartRate
Heart rate,2026-07-22 07:20:53+09:00,59.0,count/min,0,김하은의 Apple Watch,HKQuantityTypeIdentifierHeartRate
Heart rate,2026-07-22 07:25:39+09:00,59.0,count/min,0,김하은의 Apple Watch,HKQuantityTypeIdentifierHeartRate
Heart rate,2026-07-22 07:31:18+09:00,58.0,count/min,0,김하은의 Apple Watch,HKQuantityTypeIdentifierHeartRate
Heart rate,2026-07-22 07:37:06+09:00,63.0,count/min,1,김하은의 Apple Watch,HKQuantityTypeIdentifierHeartRate
Heart rate,2026-07-22 07:39:20+09:00,63.0,count/min,1,김하은의 Apple Watch,HKQuantityTypeIdentifierHeartRate
Heart rate,2026-07-22 07:44:35+09:00,63.0,count/min,1,김하은의 Apple Watch,HKQuantityTypeIdentifierHeartRate
Heart rate,2026-07-22 07:49:03+09:00,64.0,count/min,1,김하은의 Apple Watch,HKQuantityTypeIdentifierHeartRate
Heart rate,2026-07-22 07:50:03+09:00,63.0,count/min,0,김하은의 Apple Watch,HKQuantityTypeIdentifierHeartRate
Heart rate,2026-07-22 07:54:15+09:00,66.0,count/min,1,김하은의 Apple Watch,HKQuantityTypeIdentifierHeartRate
Heart rate,2026-07-22 07:58:51+09:00,70.0,count/min,1,김하은의 Apple Watch,HKQuantityTypeIdentifierHeartRate
Heart rate,2026-07-22 08:08:32+09:00,72.0,count/min,1,김하은의 Apple Watch,HKQuantityTypeIdentifierHeartRate
Heart rate,2026-07-22 08:12:33+09:00,67.0,count/min,1,김하은의 Apple Watch,HKQuantityTypeIdentifierHeartRate
Heart rate,2026-07-22 08:13:36+09:00,69.5001,count/min,0,김하은의 Apple Watch,HKQuantityTypeIdentifierHeartRate
Heart rate,2026-07-22 08:13:50+09:00,68.0,count/min,1,김하은의 Apple Watch,HKQuantityTypeIdentifierHeartRate
Heart rate,2026-07-22 08:19:08+09:00,67.0,count/min,1,김하은의 Apple Watch,HKQuantityTypeIdentifierHeartRate
Heart rate,2026-07-22 08:25:41+09:00,72.0,count/min,1,김하은의 Apple Watch,HKQuantityTypeIdentifierHeartRate
Heart rate,2026-07-22 08:29:29+09:00,71.0,count/min,1,김하은의 Apple Watch,HKQuantityTypeIdentifierHeartRate
Heart rate,2026-07-22 08:35:24+09:00,72.0,count/min,1,김하은의 Apple Watch,HKQuantityTypeIdentifierHeartRate
Heart rate,2026-07-22 08:38:49+09:00,72.0,count/min,1,김하은의 Apple Watch,HKQuantityTypeIdentifierHeartRate
Heart rate,2026-07-22 08:45:54+09:00,69.0,count/min,1,김하은의 Apple Watch,HKQuantityTypeIdentifierHeartRate
Heart rate,2026-07-22 08:49:20+09:00,61.0,count/min,1,김하은의 Apple Watch,HKQuantityTypeIdentifierHeartRate
Heart rate,2026-07-22 08:57:32+09:00,63.0,count/min,1,김하은의 Apple Watch,HKQuantityTypeIdentifierHeartRate
Heart rate,2026-07-22 08:58:53+09:00,63.0,count/min,1,김하은의 Apple Watch,HKQuantityTypeIdentifierHeartRate
Heart rate,2026-07-22 09:01:48+09:00,65.0,count/min,0,김하은의 Apple Watch,HKQuantityTypeIdentifierHeartRate
Heart rate,2026-07-22 09:04:44+09:00,60.0,count/min,1,김하은의 Apple Watch,HKQuantityTypeIdentifierHeartRate
Heart rate,2026-07-22 09:13:02+09:00,59.0,count/min,1,김하은의 Apple Watch,HKQuantityTypeIdentifierHeartRate
Heart rate,2026-07-22 09:14:06+09:00,59.0,count/min,1,김하은의 Apple Watch,HKQuantityTypeIdentifierHeartRate
Heart rate,2026-07-22 09:18:54+09:00,77.0,count/min,1,김하은의 Apple Watch,HKQuantityTypeIdentifierHeartRate
Heart rate,2026-07-22 09:24:15+09:00,82.0,count/min,0,김하은의 Apple Watch,HKQuantityTypeIdentifierHeartRate
Heart rate,2026-07-22 10:05:13+09:00,107.0,count/min,2,김하은의 Apple Watch,HKQuantityTypeIdentifierHeartRate
Heart rate,2026-07-22 10:05:54+09:00,103.0,count/min,0,김하은의 Apple Watch,HKQuantityTypeIdentifierHeartRate
Heart rate,2026-07-22 10:10:42+09:00,84.0,count/min,1,김하은의 Apple Watch,HKQuantityTypeIdentifierHeartRate
Heart rate,2026-07-22 10:14:52+09:00,74.0,count/min,1,김하은의 Apple Watch,HKQuantityTypeIdentifierHeartRate
Heart rate,2026-07-22 10:20:46+09:00,74.0,count/min,1,김하은의 Apple Watch,HKQuantityTypeIdentifierHeartRate
Heart rate,2026-07-22 10:21:09+09:00,78.4262,count/min,0,김하은의 Apple Watch,HKQuantityTypeIdentifierHeartRate
Heart rate,2026-07-22 10:24:22+09:00,73.0,count/min,1,김하은의 Apple Watch,HKQuantityTypeIdentifierHeartRate
Heart rate,2026-07-22 10:28:51+09:00,81.0,count/min,0,김하은의 Apple Watch,HKQuantityTypeIdentifierHeartRate
Heart rate,2026-07-22 10:30:08+09:00,116.0,count/min,2,김하은의 Apple Watch,HKQuantityTypeIdentifierHeartRate
Heart rate,2026-07-22 10:35:07+09:00,111.0,count/min,2,김하은의 Apple Watch,HKQuantityTypeIdentifierHeartRate
Heart rate,2026-07-22 10:35:40+09:00,95.0,count/min,0,김하은의 Apple Watch,HKQuantityTypeIdentifierHeartRate
Heart rate,2026-07-22 10:38:37+09:00,107.0,count/min,2,김하은의 Apple Watch,HKQuantityTypeIdentifierHeartRate
Heart rate,2026-07-22 10:42:57+09:00,86.0,count/min,1,김하은의 Apple Watch,HKQuantityTypeIdentifierHeartRate
Heart rate,2026-07-22 10:45:07+09:00,90.0,count/min,1,김하은의 Apple Watch,HKQuantityTypeIdentifierHeartRate
Heart rate,2026-07-22 10:52:55+09:00,87.0,count/min,1,김하은의 Apple Watch,HKQuantityTypeIdentifierHeartRate
Heart rate,2026-07-22 10:55:50+09:00,85.0,count/min,1,김하은의 Apple Watch,HKQuantityTypeIdentifierHeartRate
Heart rate,2026-07-22 10:58:19+09:00,80.0,count/min,0,김하은의 Apple Watch,HKQuantityTypeIdentifierHeartRate
Heart rate,2026-07-22 11:00:31+09:00,83.0,count/min,1,김하은의 Apple Watch,HKQuantityTypeIdentifierHeartRate
Heart rate,2026-07-22 11:06:10+09:00,86.0,count/min,1,김하은의 Apple Watch,HKQuantityTypeIdentifierHeartRate
Heart rate,2026-07-22 11:09:15+09:00,84.0,count/min,1,김하은의 Apple Watch,HKQuantityTypeIdentifierHeartRate
Heart rate,2026-07-22 11:13:49+09:00,94.0,count/min,1,김하은의 Apple Watch,HKQuantityTypeIdentifierHeartRate
Heart rate,2026-07-22 14:42:57+09:00,105.0,count/min,0,김하은의 Apple Watch,HKQuantityTypeIdentifierHeartRate
Heart rate,2026-07-22 14:43:09+09:00,103.576,count/min,0,김하은의 Apple Watch,HKQuantityTypeIdentifierHeartRate
Heart rate,2026-07-22 14:48:40+09:00,102.0,count/min,1,김하은의 Apple Watch,HKQuantityTypeIdentifierHeartRate
Heart rate,2026-07-22 19:51:20+09:00,112.0,count/min,0,김하은의 Apple Watch,HKQuantityTypeIdentifierHeartRate
Heart rate,2026-07-22 19:51:25+09:00,110.0,count/min,0,김하은의 Apple Watch,HKQuantityTypeIdentifierHeartRate
Heart rate,2026-07-22 19:51:27+09:00,110.0,count/min,0,김하은의 Apple Watch,HKQuantityTypeIdentifierHeartRate
Heart rate,2026-07-22 19:51:35+09:00,110.0,count/min,0,김하은의 Apple Watch,HKQuantityTypeIdentifierHeartRate
Heart rate,2026-07-22 19:51:36+09:00,110.0,count/min,0,김하은의 Apple Watch,HKQuantityTypeIdentifierHeartRate
Heart rate,2026-07-22 19:51:45+09:00,105.0,count/min,0,김하은의 Apple Watch,HKQuantityTypeIdentifierHeartRate
Heart rate,2026-07-22 19:51:49+09:00,106.0,count/min,0,김하은의 Apple Watch,HKQuantityTypeIdentifierHeartRate
Heart rate,2026-07-22 19:51:51+09:00,106.0,count/min,0,김하은의 Apple Watch,HKQuantityTypeIdentifierHeartRate
Heart rate,2026-07-22 19:51:57+09:00,107.0,count/min,0,김하은의 Apple Watch,HKQuantityTypeIdentifierHeartRate
Heart rate,2026-07-22 19:52:03+09:00,102.0,count/min,0,김하은의 Apple Watch,HKQuantityTypeIdentifierHeartRate
Heart rate,2026-07-22 19:52:34+09:00,106.0,count/min,0,김하은의 Apple Watch,HKQuantityTypeIdentifierHeartRate
Heart rate,2026-07-22 19:52:39+09:00,108.0,count/min,0,김하은의 Apple Watch,HKQuantityTypeIdentifierHeartRate
Heart rate,2026-07-22 19:52:44+09:00,106.0,count/min,0,김하은의 Apple Watch,HKQuantityTypeIdentifierHeartRate
Heart rate,2026-07-22 19:52:45+09:00,106.0,count/min,0,김하은의 Apple Watch,HKQuantityTypeIdentifierHeartRate
Heart rate,2026-07-22 19:52:54+09:00,107.0,count/min,0,김하은의 Apple Watch,HKQuantityTypeIdentifierHeartRate
Heart rate,2026-07-22 19:52:55+09:00,108.0,count/min,0,김하은의 Apple Watch,HKQuantityTypeIdentifierHeartRate
Heart rate,2026-07-22 19:53:02+09:00,105.0,count/min,0,김하은의 Apple Watch,HKQuantityTypeIdentifierHeartRate
Heart rate,2026-07-22 19:53:08+09:00,104.0,count/min,0,김하은의 Apple Watch,HKQuantityTypeIdentifierHeartRate
Heart rate,2026-07-22 19:53:33+09:00,104.0,count/min,1,김하은의 Apple Watch,HKQuantityTypeIdentifierHeartRate
Heart rate,2026-07-22 19:53:55+09:00,112.0,count/min,0,김하은의 Apple Watch,HKQuantityTypeIdentifierHeartRate
Heart rate,2026-07-22 19:53:57+09:00,115.0,count/min,0,김하은의 Apple Watch,HKQuantityTypeIdentifierHeartRate
Heart rate,2026-07-22 19:53:58+09:00,115.0,count/min,0,김하은의 Apple Watch,HKQuantityTypeIdentifierHeartRate
Heart rate,2026-07-22 19:53:59+09:00,115.0,count/min,0,김하은의 Apple Watch,HKQuantityTypeIdentifierHeartRate
Heart rate,2026-07-22 19:54:01+09:00,111.0,count/min,0,김하은의 Apple Watch,HKQuantityTypeIdentifierHeartRate
Heart rate,2026-07-22 19:54:02+09:00,110.0,count/min,0,김하은의 Apple Watch,HKQuantityTypeIdentifierHeartRate
Heart rate,2026-07-22 19:54:03+09:00,107.0,count/min,0,김하은의 Apple Watch,HKQuantityTypeIdentifierHeartRate
Heart rate,2026-07-22 19:54:04+09:00,104.0,count/min,0,김하은의 Apple Watch,HKQuantityTypeIdentifierHeartRate
Heart rate,2026-07-22 19:54:05+09:00,102.0,count/min,0,김하은의 Apple Watch,HKQuantityTypeIdentifierHeartRate
Heart rate,2026-07-22 19:54:06+09:00,102.0,count/min,0,김하은의 Apple Watch,HKQuantityTypeIdentifierHeartRate
Heart rate,2026-07-22 19:54:07+09:00,102.0,count/min,0,김하은의 Apple Watch,HKQuantityTypeIdentifierHeartRate
Heart rate,2026-07-22 19:54:08+09:00,102.0,count/min,0,김하은의 Apple Watch,HKQuantityTypeIdentifierHeartRate
Heart rate,2026-07-22 19:54:09+09:00,102.0,count/min,0,김하은의 Apple Watch,HKQuantityTypeIdentifierHeartRate
Heart rate,2026-07-22 19:54:10+09:00,104.0,count/min,0,김하은의 Apple Watch,HKQuantityTypeIdentifierHeartRate
Heart rate,2026-07-22 19:54:11+09:00,104.0,count/min,0,김하은의 Apple Watch,HKQuantityTypeIdentifierHeartRate
Heart rate,2026-07-22 19:54:12+09:00,105.0,count/min,0,김하은의 Apple Watch,HKQuantityTypeIdentifierHeartRate
Heart rate,2026-07-22 19:54:13+09:00,105.0,count/min,0,김하은의 Apple Watch,HKQuantityTypeIdentifierHeartRate
Heart rate,2026-07-22 19:54:15+09:00,107.0,count/min,0,김하은의 Apple Watch,HKQuantityTypeIdentifierHeartRate
Heart rate,2026-07-22 19:54:16+09:00,104.0,count/min,0,김하은의 Apple Watch,HKQuantityTypeIdentifierHeartRate
Heart rate,2026-07-22 19:54:19+09:00,115.0,count/min,0,김하은의 Apple Watch,HKQuantityTypeIdentifierHeartRate
Heart rate,2026-07-22 19:54:22+09:00,109.0,count/min,0,김하은의 Apple Watch,HKQuantityTypeIdentifierHeartRate
Heart rate,2026-07-22 19:54:30+09:00,112.0,count/min,0,김하은의 Apple Watch,HKQuantityTypeIdentifierHeartRate
Heart rate,2026-07-22 19:55:07+09:00,111.0,count/min,0,김하은의 Apple Watch,HKQuantityTypeIdentifierHeartRate
Heart rate,2026-07-22 19:55:10+09:00,111.0,count/min,0,김하은의 Apple Watch,HKQuantityTypeIdentifierHeartRate
Heart rate,2026-07-22 19:55:17+09:00,111.0,count/min,0,김하은의 Apple Watch,HKQuantityTypeIdentifierHeartRate
Heart rate,2026-07-22 19:55:18+09:00,111.0,count/min,0,김하은의 Apple Watch,HKQuantityTypeIdentifierHeartRate
Heart rate,2026-07-22 19:55:23+09:00,108.0,count/min,0,김하은의 Apple Watch,HKQuantityTypeIdentifierHeartRate
Heart rate,2026-07-22 19:55:32+09:00,105.0,count/min,0,김하은의 Apple Watch,HKQuantityTypeIdentifierHeartRate
Heart rate,2026-07-22 19:55:37+09:00,106.0,count/min,0,김하은의 Apple Watch,HKQuantityTypeIdentifierHeartRate
Heart rate,2026-07-22 19:56:02+09:00,112.0,count/min,0,김하은의 Apple Watch,HKQuantityTypeIdentifierHeartRate
Heart rate,2026-07-22 19:56:07+09:00,110.0,count/min,0,김하은의 Apple Watch,HKQuantityTypeIdentifierHeartRate
Heart rate,2026-07-22 19:56:12+09:00,112.0,count/min,0,김하은의 Apple Watch,HKQuantityTypeIdentifierHeartRate
Heart rate,2026-07-22 19:56:15+09:00,115.0,count/min,0,김하은의 Apple Watch,HKQuantityTypeIdentifierHeartRate
Heart rate,2026-07-22 19:56:22+09:00,120.0,count/min,0,김하은의 Apple Watch,HKQuantityTypeIdentifierHeartRate
Heart rate,2026-07-22 19:56:26+09:00,121.0,count/min,0,김하은의 Apple Watch,HKQuantityTypeIdentifierHeartRate
Heart rate,2026-07-22 19:56:28+09:00,121.0,count/min,0,김하은의 Apple Watch,HKQuantityTypeIdentifierHeartRate
Heart rate,2026-07-22 19:56:33+09:00,120.0,count/min,0,김하은의 Apple Watch,HKQuantityTypeIdentifierHeartRate
Heart rate,2026-07-22 19:57:09+09:00,94.0,count/min,1,김하은의 Apple Watch,HKQuantityTypeIdentifierHeartRate
Heart rate,2026-07-22 19:57:32+09:00,97.0,count/min,0,김하은의 Apple Watch,HKQuantityTypeIdentifierHeartRate
Heart rate,2026-07-22 19:57:37+09:00,97.0,count/min,0,김하은의 Apple Watch,HKQuantityTypeIdentifierHeartRate
Heart rate,2026-07-22 19:57:42+09:00,99.0,count/min,0,김하은의 Apple Watch,HKQuantityTypeIdentifierHeartRate
Heart rate,2026-07-22 19:57:47+09:00,97.0,count/min,0,김하은의 Apple Watch,HKQuantityTypeIdentifierHeartRate
Heart rate,2026-07-22 19:57:52+09:00,96.0,count/min,0,김하은의 Apple Watch,HKQuantityTypeIdentifierHeartRate
Heart rate,2026-07-22 19:57:56+09:00,97.0,count/min,0,김하은의 Apple Watch,HKQuantityTypeIdentifierHeartRate
Heart rate,2026-07-22 19:57:58+09:00,98.0,count/min,0,김하은의 Apple Watch,HKQuantityTypeIdentifierHeartRate
Heart rate,2026-07-22 19:58:03+09:00,101.0,count/min,0,김하은의 Apple Watch,HKQuantityTypeIdentifierHeartRate
Heart rate,2026-07-22 19:58:30+09:00,99.0,count/min,0,김하은의 Apple Watch,HKQuantityTypeIdentifierHeartRate
Heart rate,2026-07-22 19:58:32+09:00,106.0,count/min,0,김하은의 Apple Watch,HKQuantityTypeIdentifierHeartRate
Heart rate,2026-07-22 19:58:40+09:00,104.0,count/min,0,김하은의 Apple Watch,HKQuantityTypeIdentifierHeartRate
Heart rate,2026-07-22 19:58:53+09:00,93.0,count/min,0,김하은의 Apple Watch,HKQuantityTypeIdentifierHeartRate
Heart rate,2026-07-22 19:58:58+09:00,93.0,count/min,0,김하은의 Apple Watch,HKQuantityTypeIdentifierHeartRate
Heart rate,2026-07-22 19:59:00+09:00,93.0,count/min,0,김하은의 Apple Watch,HKQuantityTypeIdentifierHeartRate
Heart rate,2026-07-22 19:59:08+09:00,98.0,count/min,0,김하은의 Apple Watch,HKQuantityTypeIdentifierHeartRate
Heart rate,2026-07-22 19:59:13+09:00,96.0,count/min,0,김하은의 Apple Watch,HKQuantityTypeIdentifierHeartRate
Heart rate,2026-07-22 19:59:17+09:00,95.0,count/min,0,김하은의 Apple Watch,HKQuantityTypeIdentifierHeartRate
Heart rate,2026-07-22 19:59:19+09:00,96.0,count/min,0,김하은의 Apple Watch,HKQuantityTypeIdentifierHeartRate
Heart rate,2026-07-22 19:59:26+09:00,108.0,count/min,0,김하은의 Apple Watch,HKQuantityTypeIdentifierHeartRate
Heart rate,2026-07-22 19:59:29+09:00,107.0,count/min,0,김하은의 Apple Watch,HKQuantityTypeIdentifierHeartRate
Heart rate,2026-07-22 19:59:34+09:00,103.0,count/min,0,김하은의 Apple Watch,HKQuantityTypeIdentifierHeartRate
Heart rate,2026-07-22 19:59:55+09:00,94.0,count/min,0,김하은의 Apple Watch,HKQuantityTypeIdentifierHeartRate
Heart rate,2026-07-22 20:00:00+09:00,97.0,count/min,0,김하은의 Apple Watch,HKQuantityTypeIdentifierHeartRate
Heart rate,2026-07-22 20:00:05+09:00,97.0,count/min,0,김하은의 Apple Watch,HKQuantityTypeIdentifierHeartRate
Heart rate,2026-07-22 20:00:07+09:00,97.0,count/min,0,김하은의 Apple Watch,HKQuantityTypeIdentifierHeartRate
Heart rate,2026-07-22 20:00:13+09:00,97.0,count/min,0,김하은의 Apple Watch,HKQuantityTypeIdentifierHeartRate
Heart rate,2026-07-22 20:00:16+09:00,98.0,count/min,0,김하은의 Apple Watch,HKQuantityTypeIdentifierHeartRate
Heart rate,2026-07-22 20:00:21+09:00,100.0,count/min,0,김하은의 Apple Watch,HKQuantityTypeIdentifierHeartRate
Heart rate,2026-07-22 20:00:29+09:00,113.0,count/min,0,김하은의 Apple Watch,HKQuantityTypeIdentifierHeartRate
Heart rate,2026-07-22 20:00:31+09:00,113.0,count/min,0,김하은의 Apple Watch,HKQuantityTypeIdentifierHeartRate
Heart rate,2026-07-22 20:00:37+09:00,107.0,count/min,0,김하은의 Apple Watch,HKQuantityTypeIdentifierHeartRate
Heart rate,2026-07-22 20:02:03+09:00,94.603,count/min,0,김하은의 Apple Watch,HKQuantityTypeIdentifierHeartRate
Heart rate,2026-07-22 20:02:10+09:00,94.0,count/min,1,김하은의 Apple Watch,HKQuantityTypeIdentifierHeartRate
Heart rate,2026-07-22 20:04:32+09:00,100.0,count/min,0,김하은의 Apple Watch,HKQuantityTypeIdentifierHeartRate
Heart rate,2026-07-22 20:04:37+09:00,103.0,count/min,0,김하은의 Apple Watch,HKQuantityTypeIdentifierHeartRate
Heart rate,2026-07-22 20:04:39+09:00,104.0,count/min,0,김하은의 Apple Watch,HKQuantityTypeIdentifierHeartRate
Heart rate,2026-07-22 20:04:46+09:00,112.0,count/min,0,김하은의 Apple Watch,HKQuantityTypeIdentifierHeartRate
Heart rate,2026-07-22 20:04:48+09:00,113.0,count/min,0,김하은의 Apple Watch,HKQuantityTypeIdentifierHeartRate
Heart rate,2026-07-22 20:04:57+09:00,95.0,count/min,0,김하은의 Apple Watch,HKQuantityTypeIdentifierHeartRate
Heart rate,2026-07-22 20:05:02+09:00,92.0,count/min,0,김하은의 Apple Watch,HKQuantityTypeIdentifierHeartRate
Heart rate,2026-07-22 20:05:07+09:00,90.0,count/min,0,김하은의 Apple Watch,HKQuantityTypeIdentifierHeartRate
Heart rate,2026-07-22 20:05:09+09:00,91.0,count/min,0,김하은의 Apple Watch,HKQuantityTypeIdentifierHeartRate
Heart rate,2026-07-22 20:05:33+09:00,94.0,count/min,1,김하은의 Apple Watch,HKQuantityTypeIdentifierHeartRate
Heart rate,2026-07-22 20:05:44+09:00,96.0,count/min,0,김하은의 Apple Watch,HKQuantityTypeIdentifierHeartRate
Heart rate,2026-07-22 20:05:49+09:00,97.0,count/min,0,김하은의 Apple Watch,HKQuantityTypeIdentifierHeartRate
Heart rate,2026-07-22 20:05:51+09:00,98.0,count/min,0,김하은의 Apple Watch,HKQuantityTypeIdentifierHeartRate
Heart rate,2026-07-22 20:05:58+09:00,114.0,count/min,0,김하은의 Apple Watch,HKQuantityTypeIdentifierHeartRate
Heart rate,2026-07-22 20:06:04+09:00,122.0,count/min,0,김하은의 Apple Watch,HKQuantityTypeIdentifierHeartRate
Heart rate,2026-07-22 20:06:08+09:00,123.0,count/min,0,김하은의 Apple Watch,HKQuantityTypeIdentifierHeartRate
Heart rate,2026-07-22 20:06:10+09:00,122.0,count/min,0,김하은의 Apple Watch,HKQuantityTypeIdentifierHeartRate
Heart rate,2026-07-22 20:06:18+09:00,119.0,count/min,0,김하은의 Apple Watch,HKQuantityTypeIdentifierHeartRate
Heart rate,2026-07-22 20:06:20+09:00,118.0,count/min,0,김하은의 Apple Watch,HKQuantityTypeIdentifierHeartRate
Heart rate,2026-07-22 20:06:53+09:00,114.0,count/min,0,김하은의 Apple Watch,HKQuantityTypeIdentifierHeartRate
Heart rate,2026-07-22 20:06:58+09:00,117.0,count/min,0,김하은의 Apple Watch,HKQuantityTypeIdentifierHeartRate
Heart rate,2026-07-22 20:07:00+09:00,117.0,count/min,0,김하은의 Apple Watch,HKQuantityTypeIdentifierHeartRate
Heart rate,2026-07-22 20:07:05+09:00,116.0,count/min,0,김하은의 Apple Watch,HKQuantityTypeIdentifierHeartRate
Heart rate,2026-07-22 20:07:09+09:00,117.0,count/min,0,김하은의 Apple Watch,HKQuantityTypeIdentifierHeartRate
Heart rate,2026-07-22 20:07:16+09:00,105.0,count/min,0,김하은의 Apple Watch,HKQuantityTypeIdentifierHeartRate
Heart rate,2026-07-22 20:07:21+09:00,105.0,count/min,0,김하은의 Apple Watch,HKQuantityTypeIdentifierHeartRate
Heart rate,2026-07-22 20:07:24+09:00,104.0,count/min,0,김하은의 Apple Watch,HKQuantityTypeIdentifierHeartRate
Heart rate,2026-07-22 20:08:02+09:00,84.0,count/min,1,김하은의 Apple Watch,HKQuantityTypeIdentifierHeartRate
Heart rate,2026-07-22 20:10:07+09:00,102.0,count/min,0,김하은의 Apple Watch,HKQuantityTypeIdentifierHeartRate
Heart rate,2026-07-22 20:10:12+09:00,103.0,count/min,0,김하은의 Apple Watch,HKQuantityTypeIdentifierHeartRate
Heart rate,2026-07-22 20:10:14+09:00,104.0,count/min,0,김하은의 Apple Watch,HKQuantityTypeIdentifierHeartRate
Heart rate,2026-07-22 20:10:18+09:00,106.0,count/min,0,김하은의 Apple Watch,HKQuantityTypeIdentifierHeartRate
Heart rate,2026-07-22 20:10:23+09:00,108.0,count/min,0,김하은의 Apple Watch,HKQuantityTypeIdentifierHeartRate
Heart rate,2026-07-22 20:10:32+09:00,105.0,count/min,0,김하은의 Apple Watch,HKQuantityTypeIdentifierHeartRate
Heart rate,2026-07-22 20:10:35+09:00,110.0,count/min,0,김하은의 Apple Watch,HKQuantityTypeIdentifierHeartRate
Heart rate,2026-07-22 20:10:38+09:00,115.0,count/min,0,김하은의 Apple Watch,HKQuantityTypeIdentifierHeartRate
Heart rate,2026-07-22 20:10:47+09:00,108.0,count/min,0,김하은의 Apple Watch,HKQuantityTypeIdentifierHeartRate
Heart rate,2026-07-22 20:10:49+09:00,107.0,count/min,0,김하은의 Apple Watch,HKQuantityTypeIdentifierHeartRate
Heart rate,2026-07-22 20:12:59+09:00,93.0,count/min,1,김하은의 Apple Watch,HKQuantityTypeIdentifierHeartRate
Heart rate,2026-07-22 20:13:32+09:00,89.0,count/min,0,김하은의 Apple Watch,HKQuantityTypeIdentifierHeartRate
Heart rate,2026-07-22 20:13:36+09:00,76.0,count/min,0,김하은의 Apple Watch,HKQuantityTypeIdentifierHeartRate
Heart rate,2026-07-22 20:13:37+09:00,99.0,count/min,0,김하은의 Apple Watch,HKQuantityTypeIdentifierHeartRate
Heart rate,2026-07-22 20:13:42+09:00,95.0,count/min,0,김하은의 Apple Watch,HKQuantityTypeIdentifierHeartRate
Heart rate,2026-07-22 20:13:43+09:00,95.0,count/min,0,김하은의 Apple Watch,HKQuantityTypeIdentifierHeartRate
Heart rate,2026-07-22 20:13:52+09:00,84.0,count/min,0,김하은의 Apple Watch,HKQuantityTypeIdentifierHeartRate
Heart rate,2026-07-22 20:13:55+09:00,84.0,count/min,0,김하은의 Apple Watch,HKQuantityTypeIdentifierHeartRate
Heart rate,2026-07-22 20:13:58+09:00,84.0,count/min,0,김하은의 Apple Watch,HKQuantityTypeIdentifierHeartRate
Heart rate,2026-07-22 20:14:03+09:00,87.0,count/min,0,김하은의 Apple Watch,HKQuantityTypeIdentifierHeartRate
Heart rate,2026-07-22 20:14:12+09:00,113.0,count/min,0,김하은의 Apple Watch,HKQuantityTypeIdentifierHeartRate
Heart rate,2026-07-22 20:14:17+09:00,121.0,count/min,0,김하은의 Apple Watch,HKQuantityTypeIdentifierHeartRate
Heart rate,2026-07-22 20:14:58+09:00,98.0,count/min,0,김하은의 Apple Watch,HKQuantityTypeIdentifierHeartRate
Heart rate,2026-07-22 20:15:02+09:00,101.0,count/min,0,김하은의 Apple Watch,HKQuantityTypeIdentifierHeartRate
Heart rate,2026-07-22 20:15:08+09:00,107.0,count/min,0,김하은의 Apple Watch,HKQuantityTypeIdentifierHeartRate
Heart rate,2026-07-22 20:15:09+09:00,108.0,count/min,0,김하은의 Apple Watch,HKQuantityTypeIdentifierHeartRate
Heart rate,2026-07-22 20:15:18+09:00,103.0,count/min,0,김하은의 Apple Watch,HKQuantityTypeIdentifierHeartRate
Heart rate,2026-07-22 20:15:19+09:00,104.0,count/min,0,김하은의 Apple Watch,HKQuantityTypeIdentifierHeartRate
Heart rate,2026-07-22 20:15:28+09:00,110.0,count/min,0,김하은의 Apple Watch,HKQuantityTypeIdentifierHeartRate
Heart rate,2026-07-22 20:15:33+09:00,114.0,count/min,0,김하은의 Apple Watch,HKQuantityTypeIdentifierHeartRate
Heart rate,2026-07-22 20:53:59+09:00,94.0,count/min,1,김하은의 Apple Watch,HKQuantityTypeIdentifierHeartRate
Heart rate,2026-07-22 20:58:03+09:00,91.0,count/min,1,김하은의 Apple Watch,HKQuantityTypeIdentifierHeartRate
Heart rate,2026-07-22 21:03:21+09:00,94.0,count/min,1,김하은의 Apple Watch,HKQuantityTypeIdentifierHeartRate
Heart rate,2026-07-22 21:05:24+09:00,108.0,count/min,0,김하은의 Apple Watch,HKQuantityTypeIdentifierHeartRate
Heart rate,2026-07-22 21:05:29+09:00,109.0,count/min,0,김하은의 Apple Watch,HKQuantityTypeIdentifierHeartRate
Heart rate,2026-07-22 21:05:31+09:00,110.0,count/min,0,김하은의 Apple Watch,HKQuantityTypeIdentifierHeartRate
Heart rate,2026-07-22 21:05:39+09:00,97.0,count/min,0,김하은의 Apple Watch,HKQuantityTypeIdentifierHeartRate
Heart rate,2026-07-22 21:08:01+09:00,105.0,count/min,0,김하은의 Apple Watch,HKQuantityTypeIdentifierHeartRate
Heart rate,2026-07-22 21:08:17+09:00,106.0,count/min,0,김하은의 Apple Watch,HKQuantityTypeIdentifierHeartRate
Heart rate,2026-07-22 21:08:22+09:00,104.0,count/min,0,김하은의 Apple Watch,HKQuantityTypeIdentifierHeartRate
Heart rate,2026-07-22 21:08:24+09:00,105.0,count/min,0,김하은의 Apple Watch,HKQuantityTypeIdentifierHeartRate
Heart rate,2026-07-22 21:08:30+09:00,102.0,count/min,0,김하은의 Apple Watch,HKQuantityTypeIdentifierHeartRate
Heart rate,2026-07-22 21:08:37+09:00,106.0,count/min,0,김하은의 Apple Watch,HKQuantityTypeIdentifierHeartRate
Heart rate,2026-07-22 21:08:40+09:00,108.0,count/min,0,김하은의 Apple Watch,HKQuantityTypeIdentifierHeartRate
Heart rate,2026-07-22 21:08:47+09:00,102.0,count/min,0,김하은의 Apple Watch,HKQuantityTypeIdentifierHeartRate
Heart rate,2026-07-22 21:08:48+09:00,102.0,count/min,0,김하은의 Apple Watch,HKQuantityTypeIdentifierHeartRate
Heart rate,2026-07-22 21:08:57+09:00,95.0,count/min,0,김하은의 Apple Watch,HKQuantityTypeIdentifierHeartRate
Heart rate,2026-07-22 21:08:59+09:00,94.0,count/min,0,김하은의 Apple Watch,HKQuantityTypeIdentifierHeartRate
Heart rate,2026-07-22 21:09:31+09:00,92.0,count/min,1,김하은의 Apple Watch,HKQuantityTypeIdentifierHeartRate
Heart rate,2026-07-22 21:10:33+09:00,109.0,count/min,0,김하은의 Apple Watch,HKQuantityTypeIdentifierHeartRate
Heart rate,2026-07-22 21:10:38+09:00,113.0,count/min,0,김하은의 Apple Watch,HKQuantityTypeIdentifierHeartRate
Heart rate,2026-07-22 21:10:40+09:00,113.0,count/min,0,김하은의 Apple Watch,HKQuantityTypeIdentifierHeartRate
Heart rate,2026-07-22 21:10:45+09:00,108.0,count/min,0,김하은의 Apple Watch,HKQuantityTypeIdentifierHeartRate
Heart rate,2026-07-22 21:10:53+09:00,94.0,count/min,0,김하은의 Apple Watch,HKQuantityTypeIdentifierHeartRate
Heart rate,2026-07-22 21:10:58+09:00,91.0,count/min,0,김하은의 Apple Watch,HKQuantityTypeIdentifierHeartRate
Heart rate,2026-07-22 21:11:00+09:00,91.0,count/min,0,김하은의 Apple Watch,HKQuantityTypeIdentifierHeartRate
Heart rate,2026-07-22 21:11:04+09:00,92.0,count/min,0,김하은의 Apple Watch,HKQuantityTypeIdentifierHeartRate
Heart rate,2026-07-22 21:12:13+09:00,105.0,count/min,0,김하은의 Apple Watch,HKQuantityTypeIdentifierHeartRate
Heart rate,2026-07-22 21:13:39+09:00,99.0,count/min,1,김하은의 Apple Watch,HKQuantityTypeIdentifierHeartRate
Heart rate,2026-07-22 21:20:33+09:00,92.0,count/min,1,김하은의 Apple Watch,HKQuantityTypeIdentifierHeartRate
Heart rate,2026-07-22 21:23:26+09:00,93.0,count/min,1,김하은의 Apple Watch,HKQuantityTypeIdentifierHeartRate
Heart rate,2026-07-22 21:28:02+09:00,96.0,count/min,1,김하은의 Apple Watch,HKQuantityTypeIdentifierHeartRate
Heart rate,2026-07-22 21:37:11+09:00,92.0,count/min,1,김하은의 Apple Watch,HKQuantityTypeIdentifierHeartRate
Heart rate,2026-07-22 21:42:42+09:00,91.0,count/min,1,김하은의 Apple Watch,HKQuantityTypeIdentifierHeartRate
Heart rate,2026-07-22 21:46:54+09:00,88.0,count/min,1,김하은의 Apple Watch,HKQuantityTypeIdentifierHeartRate
Heart rate,2026-07-22 21:49:54+09:00,91.6839,count/min,0,김하은의 Apple Watch,HKQuantityTypeIdentifierHeartRate
Heart rate,2026-07-22 21:51:55+09:00,97.0,count/min,1,김하은의 Apple Watch,HKQuantityTypeIdentifierHeartRate
Heart rate,2026-07-22 21:55:29+09:00,92.0,count/min,1,김하은의 Apple Watch,HKQuantityTypeIdentifierHeartRate
Heart rate,2026-07-22 21:58:06+09:00,96.0,count/min,1,김하은의 Apple Watch,HKQuantityTypeIdentifierHeartRate
Heart rate,2026-07-22 22:02:54+09:00,111.0,count/min,1,김하은의 Apple Watch,HKQuantityTypeIdentifierHeartRate
Heart rate,2026-07-22 22:09:34+09:00,88.0,count/min,1,김하은의 Apple Watch,HKQuantityTypeIdentifierHeartRate
Heart rate,2026-07-22 22:13:59+09:00,86.0,count/min,1,김하은의 Apple Watch,HKQuantityTypeIdentifierHeartRate
Heart rate,2026-07-22 22:15:06+09:00,90.0,count/min,0,김하은의 Apple Watch,HKQuantityTypeIdentifierHeartRate
Heart rate,2026-07-22 22:15:21+09:00,93.0,count/min,0,김하은의 Apple Watch,HKQuantityTypeIdentifierHeartRate
Heart rate,2026-07-22 22:15:25+09:00,95.0,count/min,0,김하은의 Apple Watch,HKQuantityTypeIdentifierHeartRate
Heart rate,2026-07-22 22:15:29+09:00,103.0,count/min,0,김하은의 Apple Watch,HKQuantityTypeIdentifierHeartRate
Heart rate,2026-07-22 22:15:35+09:00,95.0,count/min,0,김하은의 Apple Watch,HKQuantityTypeIdentifierHeartRate
Heart rate,2026-07-22 22:15:40+09:00,94.0,count/min,0,김하은의 Apple Watch,HKQuantityTypeIdentifierHeartRate
Heart rate,2026-07-22 22:15:57+09:00,115.0,count/min,0,김하은의 Apple Watch,HKQuantityTypeIdentifierHeartRate
Heart rate,2026-07-22 22:16:02+09:00,115.0,count/min,0,김하은의 Apple Watch,HKQuantityTypeIdentifierHeartRate
Heart rate,2026-07-22 22:16:07+09:00,116.0,count/min,0,김하은의 Apple Watch,HKQuantityTypeIdentifierHeartRate
Heart rate,2026-07-22 22:16:09+09:00,116.0,count/min,0,김하은의 Apple Watch,HKQuantityTypeIdentifierHeartRate
Heart rate,2026-07-22 22:16:15+09:00,110.0,count/min,0,김하은의 Apple Watch,HKQuantityTypeIdentifierHeartRate
Heart rate,2026-07-22 22:16:22+09:00,110.0,count/min,0,김하은의 Apple Watch,HKQuantityTypeIdentifierHeartRate
Heart rate,2026-07-22 22:16:24+09:00,109.0,count/min,0,김하은의 Apple Watch,HKQuantityTypeIdentifierHeartRate
Heart rate,2026-07-22 22:16:28+09:00,108.0,count/min,0,김하은의 Apple Watch,HKQuantityTypeIdentifierHeartRate
Heart rate,2026-07-22 22:17:09+09:00,106.0,count/min,0,김하은의 Apple Watch,HKQuantityTypeIdentifierHeartRate
Heart rate,2026-07-22 22:17:14+09:00,108.0,count/min,0,김하은의 Apple Watch,HKQuantityTypeIdentifierHeartRate
Heart rate,2026-07-22 22:17:16+09:00,109.0,count/min,0,김하은의 Apple Watch,HKQuantityTypeIdentifierHeartRate
Heart rate,2026-07-22 22:17:20+09:00,111.0,count/min,0,김하은의 Apple Watch,HKQuantityTypeIdentifierHeartRate
Heart rate,2026-07-22 22:17:29+09:00,110.0,count/min,0,김하은의 Apple Watch,HKQuantityTypeIdentifierHeartRate
Heart rate,2026-07-22 22:17:34+09:00,111.0,count/min,0,김하은의 Apple Watch,HKQuantityTypeIdentifierHeartRate
Heart rate,2026-07-22 22:17:35+09:00,112.0,count/min,0,김하은의 Apple Watch,HKQuantityTypeIdentifierHeartRate
Heart rate,2026-07-22 22:17:40+09:00,113.0,count/min,0,김하은의 Apple Watch,HKQuantityTypeIdentifierHeartRate
Heart rate,2026-07-22 22:18:33+09:00,92.0,count/min,0,김하은의 Apple Watch,HKQuantityTypeIdentifierHeartRate
Heart rate,2026-07-22 22:24:36+09:00,88.0,count/min,1,김하은의 Apple Watch,HKQuantityTypeIdentifierHeartRate
Heart rate,2026-07-22 22:30:59+09:00,96.0,count/min,1,김하은의 Apple Watch,HKQuantityTypeIdentifierHeartRate
Heart rate,2026-07-22 22:33:06+09:00,94.0,count/min,1,김하은의 Apple Watch,HKQuantityTypeIdentifierHeartRate
Heart rate,2026-07-22 22:40:54+09:00,98.0,count/min,1,김하은의 Apple Watch,HKQuantityTypeIdentifierHeartRate
Heart rate,2026-07-22 22:43:35+09:00,91.0,count/min,1,김하은의 Apple Watch,HKQuantityTypeIdentifierHeartRate
Heart rate,2026-07-22 22:48:14+09:00,96.0,count/min,1,김하은의 Apple Watch,HKQuantityTypeIdentifierHeartRate
Heart rate,2026-07-22 22:54:25+09:00,99.0,count/min,1,김하은의 Apple Watch,HKQuantityTypeIdentifierHeartRate
Heart rate,2026-07-22 22:58:26+09:00,92.0,count/min,1,김하은의 Apple Watch,HKQuantityTypeIdentifierHeartRate
Heart rate,2026-07-22 23:06:26+09:00,94.0,count/min,1,김하은의 Apple Watch,HKQuantityTypeIdentifierHeartRate
Heart rate,2026-07-22 23:11:17+09:00,89.0,count/min,0,김하은의 Apple Watch,HKQuantityTypeIdentifierHeartRate
Heart rate,2026-07-22 23:11:42+09:00,103.0,count/min,1,김하은의 Apple Watch,HKQuantityTypeIdentifierHeartRate
Heart rate,2026-07-22 23:14:51+09:00,91.0,count/min,1,김하은의 Apple Watch,HKQuantityTypeIdentifierHeartRate
Heart rate,2026-07-22 23:19:05+09:00,90.0,count/min,1,김하은의 Apple Watch,HKQuantityTypeIdentifierHeartRate
Heart rate,2026-07-22 23:24:30+09:00,91.0,count/min,1,김하은의 Apple Watch,HKQuantityTypeIdentifierHeartRate
Heart rate,2026-07-22 23:28:12+09:00,87.0,count/min,1,김하은의 Apple Watch,HKQuantityTypeIdentifierHeartRate
Heart rate,2026-07-22 23:36:38+09:00,86.0,count/min,1,김하은의 Apple Watch,HKQuantityTypeIdentifierHeartRate
Heart rate,2026-07-22 23:42:05+09:00,90.0,count/min,1,김하은의 Apple Watch,HKQuantityTypeIdentifierHeartRate
Heart rate,2026-07-22 23:44:16+09:00,90.0,count/min,1,김하은의 Apple Watch,HKQuantityTypeIdentifierHeartRate
Heart rate,2026-07-22 23:49:12+09:00,91.0,count/min,1,김하은의 Apple Watch,HKQuantityTypeIdentifierHeartRate
Heart rate,2026-07-22 23:53:12+09:00,91.0,count/min,1,김하은의 Apple Watch,HKQuantityTypeIdentifierHeartRate
Heart rate,2026-07-22 23:58:31+09:00,99.2344,count/min,0,김하은의 Apple Watch,HKQuantityTypeIdentifierHeartRate
Heart rate,2026-07-22 23:59:17+09:00,95.0,count/min,0,김하은의 Apple Watch,HKQuantityTypeIdentifierHeartRate
Heart rate,2026-07-23 00:06:28+09:00,94.0,count/min,1,김하은의 Apple Watch,HKQuantityTypeIdentifierHeartRate
Heart rate,2026-07-23 00:07:51+09:00,99.0,count/min,0,김하은의 Apple Watch,HKQuantityTypeIdentifierHeartRate
Heart rate,2026-07-23 00:14:40+09:00,89.0,count/min,1,김하은의 Apple Watch,HKQuantityTypeIdentifierHeartRate
Heart rate,2026-07-23 00:21:36+09:00,85.0,count/min,1,김하은의 Apple Watch,HKQuantityTypeIdentifierHeartRate
Heart rate,2026-07-23 00:23:03+09:00,76.0,count/min,0,김하은의 Apple Watch,HKQuantityTypeIdentifierHeartRate
Heart rate,2026-07-23 00:24:01+09:00,81.0,count/min,1,김하은의 Apple Watch,HKQuantityTypeIdentifierHeartRate
Heart rate,2026-07-23 00:28:19+09:00,78.0,count/min,1,김하은의 Apple Watch,HKQuantityTypeIdentifierHeartRate
Heart rate,2026-07-23 00:35:08+09:00,79.0,count/min,0,김하은의 Apple Watch,HKQuantityTypeIdentifierHeartRate
Heart rate,2026-07-23 00:38:03+09:00,79.0,count/min,0,김하은의 Apple Watch,HKQuantityTypeIdentifierHeartRate
Heart rate,2026-07-23 00:43:17+09:00,80.0,count/min,0,김하은의 Apple Watch,HKQuantityTypeIdentifierHeartRate
Heart rate,2026-07-23 00:50:15+09:00,96.0,count/min,0,김하은의 Apple Watch,HKQuantityTypeIdentifierHeartRate
Heart rate,2026-07-23 00:50:20+09:00,97.0,count/min,0,김하은의 Apple Watch,HKQuantityTypeIdentifierHeartRate
Heart rate,2026-07-23 00:50:24+09:00,95.0,count/min,0,김하은의 Apple Watch,HKQuantityTypeIdentifierHeartRate
Heart rate,2026-07-23 00:50:27+09:00,92.0,count/min,0,김하은의 Apple Watch,HKQuantityTypeIdentifierHeartRate
Heart rate,2026-07-23 00:50:35+09:00,85.0,count/min,0,김하은의 Apple Watch,HKQuantityTypeIdentifierHeartRate
Heart rate,2026-07-23 00:50:40+09:00,83.0,count/min,0,김하은의 Apple Watch,HKQuantityTypeIdentifierHeartRate
Heart rate,2026-07-23 00:50:43+09:00,85.0,count/min,0,김하은의 Apple Watch,HKQuantityTypeIdentifierHeartRate
Heart rate,2026-07-23 00:50:48+09:00,82.0,count/min,0,김하은의 Apple Watch,HKQuantityTypeIdentifierHeartRate
Heart rate,2026-07-23 00:50:55+09:00,82.0,count/min,0,김하은의 Apple Watch,HKQuantityTypeIdentifierHeartRate
Heart rate,2026-07-23 00:50:56+09:00,82.0,count/min,0,김하은의 Apple Watch,HKQuantityTypeIdentifierHeartRate
Heart rate,2026-07-23 00:52:37+09:00,80.0,count/min,0,김하은의 Apple Watch,HKQuantityTypeIdentifierHeartRate
Heart rate,2026-07-23 00:53:06+09:00,82.0,count/min,0,김하은의 Apple Watch,HKQuantityTypeIdentifierHeartRate
Heart rate,2026-07-23 00:53:11+09:00,82.0,count/min,0,김하은의 Apple Watch,HKQuantityTypeIdentifierHeartRate
Heart rate,2026-07-23 00:53:16+09:00,82.0,count/min,0,김하은의 Apple Watch,HKQuantityTypeIdentifierHeartRate
Heart rate,2026-07-23 00:53:21+09:00,83.0,count/min,0,김하은의 Apple Watch,HKQuantityTypeIdentifierHeartRate
Heart rate,2026-07-23 00:53:23+09:00,82.0,count/min,0,김하은의 Apple Watch,HKQuantityTypeIdentifierHeartRate
Heart rate,2026-07-23 00:53:27+09:00,83.0,count/min,0,김하은의 Apple Watch,HKQuantityTypeIdentifierHeartRate
Heart rate,2026-07-23 00:53:33+09:00,90.0,count/min,0,김하은의 Apple Watch,HKQuantityTypeIdentifierHeartRate
Heart rate,2026-07-23 00:53:40+09:00,85.0,count/min,0,김하은의 Apple Watch,HKQuantityTypeIdentifierHeartRate
Heart rate,2026-07-23 00:53:42+09:00,85.0,count/min,0,김하은의 Apple Watch,HKQuantityTypeIdentifierHeartRate
Heart rate,2026-07-23 00:53:51+09:00,82.0,count/min,0,김하은의 Apple Watch,HKQuantityTypeIdentifierHeartRate
Heart rate,2026-07-23 00:54:24+09:00,85.0,count/min,0,김하은의 Apple Watch,HKQuantityTypeIdentifierHeartRate
Heart rate,2026-07-23 00:54:55+09:00,84.0,count/min,0,김하은의 Apple Watch,HKQuantityTypeIdentifierHeartRate
Heart rate,2026-07-23 00:59:11+09:00,84.0,count/min,0,김하은의 Apple Watch,HKQuantityTypeIdentifierHeartRate
Heart rate,2026-07-23 01:05:50+09:00,80.0,count/min,0,김하은의 Apple Watch,HKQuantityTypeIdentifierHeartRate
Heart rate,2026-07-23 01:11:58+09:00,79.0,count/min,0,김하은의 Apple Watch,HKQuantityTypeIdentifierHeartRate
Heart rate,2026-07-23 01:15:53+09:00,84.0,count/min,0,김하은의 Apple Watch,HKQuantityTypeIdentifierHeartRate
Heart rate,2026-07-23 01:17:54+09:00,79.0,count/min,0,김하은의 Apple Watch,HKQuantityTypeIdentifierHeartRate
Heart rate,2026-07-23 01:23:20+09:00,79.0,count/min,0,김하은의 Apple Watch,HKQuantityTypeIdentifierHeartRate
Heart rate,2026-07-23 01:31:22+09:00,84.0,count/min,0,김하은의 Apple Watch,HKQuantityTypeIdentifierHeartRate
Heart rate,2026-07-23 01:33:49+09:00,85.0,count/min,0,김하은의 Apple Watch,HKQuantityTypeIdentifierHeartRate
Heart rate,2026-07-23 01:38:09+09:00,80.0,count/min,0,김하은의 Apple Watch,HKQuantityTypeIdentifierHeartRate
Heart rate,2026-07-23 01:44:25+09:00,76.0,count/min,0,김하은의 Apple Watch,HKQuantityTypeIdentifierHeartRate
Heart rate,2026-07-23 01:49:32+09:00,74.0,count/min,0,김하은의 Apple Watch,HKQuantityTypeIdentifierHeartRate
Heart rate,2026-07-23 01:50:27+09:00,76.0508,count/min,0,김하은의 Apple Watch,HKQuantityTypeIdentifierHeartRate
Heart rate,2026-07-23 01:53:14+09:00,76.0,count/min,0,김하은의 Apple Watch,HKQuantityTypeIdentifierHeartRate
Heart rate,2026-07-23 02:01:19+09:00,68.0,count/min,0,김하은의 Apple Watch,HKQuantityTypeIdentifierHeartRate
Heart rate,2026-07-23 02:04:26+09:00,70.0,count/min,0,김하은의 Apple Watch,HKQuantityTypeIdentifierHeartRate
Heart rate,2026-07-23 02:12:15+09:00,76.0,count/min,0,김하은의 Apple Watch,HKQuantityTypeIdentifierHeartRate
Heart rate,2026-07-23 02:17:21+09:00,78.0,count/min,0,김하은의 Apple Watch,HKQuantityTypeIdentifierHeartRate
Heart rate,2026-07-23 02:18:50+09:00,72.0,count/min,0,김하은의 Apple Watch,HKQuantityTypeIdentifierHeartRate
Heart rate,2026-07-23 02:27:35+09:00,70.0,count/min,0,김하은의 Apple Watch,HKQuantityTypeIdentifierHeartRate
Heart rate,2026-07-23 02:32:47+09:00,87.0,count/min,0,김하은의 Apple Watch,HKQuantityTypeIdentifierHeartRate
Heart rate,2026-07-23 02:37:43+09:00,73.0,count/min,0,김하은의 Apple Watch,HKQuantityTypeIdentifierHeartRate
Heart rate,2026-07-23 02:41:46+09:00,66.0,count/min,0,김하은의 Apple Watch,HKQuantityTypeIdentifierHeartRate
Heart rate,2026-07-23 02:43:39+09:00,62.0,count/min,0,김하은의 Apple Watch,HKQuantityTypeIdentifierHeartRate
Heart rate,2026-07-23 02:45:13+09:00,60.0,count/min,0,김하은의 Apple Watch,HKQuantityTypeIdentifierHeartRate
Heart rate,2026-07-23 02:48:26+09:00,62.0,count/min,0,김하은의 Apple Watch,HKQuantityTypeIdentifierHeartRate
Heart rate,2026-07-23 02:56:26+09:00,64.0,count/min,0,김하은의 Apple Watch,HKQuantityTypeIdentifierHeartRate
Heart rate,2026-07-23 02:58:54+09:00,58.0,count/min,0,김하은의 Apple Watch,HKQuantityTypeIdentifierHeartRate
Heart rate,2026-07-23 03:06:08+09:00,72.0,count/min,0,김하은의 Apple Watch,HKQuantityTypeIdentifierHeartRate
Heart rate,2026-07-23 03:11:08+09:00,72.0,count/min,0,김하은의 Apple Watch,HKQuantityTypeIdentifierHeartRate
Heart rate,2026-07-23 03:13:55+09:00,72.0,count/min,0,김하은의 Apple Watch,HKQuantityTypeIdentifierHeartRate
Heart rate,2026-07-23 10:40:20+09:00,82.0,count/min,1,김하은의 Apple Watch,HKQuantityTypeIdentifierHeartRate
Heart rate,2026-07-23 10:44:09+09:00,82.5178,count/min,0,김하은의 Apple Watch,HKQuantityTypeIdentifierHeartRate
Heart rate,2026-07-23 10:45:06+09:00,83.0,count/min,1,김하은의 Apple Watch,HKQuantityTypeIdentifierHeartRate
Heart rate,2026-07-23 10:47:29+09:00,90.0,count/min,1,김하은의 Apple Watch,HKQuantityTypeIdentifierHeartRate
Heart rate,2026-07-23 10:53:38+09:00,111.0,count/min,0,김하은의 Apple Watch,HKQuantityTypeIdentifierHeartRate
Heart rate,2026-07-23 10:58:53+09:00,95.0,count/min,1,김하은의 Apple Watch,HKQuantityTypeIdentifierHeartRate
Heart rate,2026-07-23 11:03:47+09:00,86.0,count/min,1,김하은의 Apple Watch,HKQuantityTypeIdentifierHeartRate
Heart rate,2026-07-23 11:08:34+09:00,79.0,count/min,1,김하은의 Apple Watch,HKQuantityTypeIdentifierHeartRate
Heart rate,2026-07-23 11:13:17+09:00,79.0,count/min,1,김하은의 Apple Watch,HKQuantityTypeIdentifierHeartRate
Heart rate,2026-07-23 11:20:57+09:00,83.0,count/min,1,김하은의 Apple Watch,HKQuantityTypeIdentifierHeartRate
Heart rate,2026-07-23 11:24:27+09:00,79.0,count/min,1,김하은의 Apple Watch,HKQuantityTypeIdentifierHeartRate
Heart rate,2026-07-23 11:30:02+09:00,76.0,count/min,1,김하은의 Apple Watch,HKQuantityTypeIdentifierHeartRate
Heart rate,2026-07-23 11:32:29+09:00,73.0,count/min,1,김하은의 Apple Watch,HKQuantityTypeIdentifierHeartRate
Heart rate,2026-07-23 11:35:27+09:00,77.0,count/min,0,김하은의 Apple Watch,HKQuantityTypeIdentifierHeartRate
Heart rate,2026-07-23 11:37:50+09:00,72.0,count/min,1,김하은의 Apple Watch,HKQuantityTypeIdentifierHeartRate
Heart rate,2026-07-23 11:45:20+09:00,101.0,count/min,0,김하은의 Apple Watch,HKQuantityTypeIdentifierHeartRate
Heart rate,2026-07-23 11:45:25+09:00,99.0,count/min,0,김하은의 Apple Watch,HKQuantityTypeIdentifierHeartRate
Heart rate,2026-07-23 11:45:29+09:00,96.0,count/min,0,김하은의 Apple Watch,HKQuantityTypeIdentifierHeartRate
Heart rate,2026-07-23 11:45:35+09:00,93.0,count/min,0,김하은의 Apple Watch,HKQuantityTypeIdentifierHeartRate
Heart rate,2026-07-23 11:45:37+09:00,93.0,count/min,0,김하은의 Apple Watch,HKQuantityTypeIdentifierHeartRate
Heart rate,2026-07-23 11:50:04+09:00,99.0,count/min,0,김하은의 Apple Watch,HKQuantityTypeIdentifierHeartRate
Heart rate,2026-07-23 11:52:11+09:00,99.0,count/min,0,김하은의 Apple Watch,HKQuantityTypeIdentifierHeartRate
Heart rate,2026-07-23 11:58:28+09:00,99.0,count/min,2,김하은의 Apple Watch,HKQuantityTypeIdentifierHeartRate
Heart rate,2026-07-23 12:06:04+09:00,92.0,count/min,1,김하은의 Apple Watch,HKQuantityTypeIdentifierHeartRate
Heart rate,2026-07-23 12:08:20+09:00,79.0,count/min,1,김하은의 Apple Watch,HKQuantityTypeIdentifierHeartRate
Heart rate,2026-07-23 12:15:15+09:00,94.0,count/min,1,김하은의 Apple Watch,HKQuantityTypeIdentifierHeartRate
Heart rate,2026-07-23 12:18:27+09:00,90.0,count/min,1,김하은의 Apple Watch,HKQuantityTypeIdentifierHeartRate
Heart rate,2026-07-23 12:21:52+09:00,94.0,count/min,1,김하은의 Apple Watch,HKQuantityTypeIdentifierHeartRate
Heart rate,2026-07-23 12:31:15+09:00,93.0,count/min,1,김하은의 Apple Watch,HKQuantityTypeIdentifierHeartRate
Heart rate,2026-07-23 12:32:51+09:00,92.0,count/min,1,김하은의 Apple Watch,HKQuantityTypeIdentifierHeartRate
Heart rate,2026-07-23 12:39:12+09:00,90.0,count/min,1,김하은의 Apple Watch,HKQuantityTypeIdentifierHeartRate
Heart rate,2026-07-23 12:41:41+09:00,89.0,count/min,1,김하은의 Apple Watch,HKQuantityTypeIdentifierHeartRate
Heart rate,2026-07-23 12:43:33+09:00,96.6286,count/min,0,김하은의 Apple Watch,HKQuantityTypeIdentifierHeartRate
Heart rate,2026-07-23 12:49:27+09:00,85.0,count/min,1,김하은의 Apple Watch,HKQuantityTypeIdentifierHeartRate
Heart rate,2026-07-23 12:55:22+09:00,91.0,count/min,1,김하은의 Apple Watch,HKQuantityTypeIdentifierHeartRate
Heart rate,2026-07-23 12:56:55+09:00,89.0,count/min,1,김하은의 Apple Watch,HKQuantityTypeIdentifierHeartRate
Heart rate,2026-07-23 13:02:09+09:00,80.0,count/min,0,김하은의 Apple Watch,HKQuantityTypeIdentifierHeartRate
Heart rate,2026-07-23 13:28:52+09:00,120.0,count/min,2,김하은의 Apple Watch,HKQuantityTypeIdentifierHeartRate
Heart rate,2026-07-23 13:30:02+09:00,169.0,count/min,0,김하은의 Apple Watch,HKQuantityTypeIdentifierHeartRate
Heart rate,2026-07-23 13:30:07+09:00,174.0,count/min,0,김하은의 Apple Watch,HKQuantityTypeIdentifierHeartRate
Heart rate,2026-07-23 13:30:10+09:00,174.0,count/min,0,김하은의 Apple Watch,HKQuantityTypeIdentifierHeartRate
Heart rate,2026-07-23 13:30:31+09:00,172.0,count/min,0,김하은의 Apple Watch,HKQuantityTypeIdentifierHeartRate
Heart rate,2026-07-23 13:30:38+09:00,169.0,count/min,0,김하은의 Apple Watch,HKQuantityTypeIdentifierHeartRate
Heart rate,2026-07-23 13:30:43+09:00,167.0,count/min,0,김하은의 Apple Watch,HKQuantityTypeIdentifierHeartRate
Heart rate,2026-07-23 13:30:50+09:00,165.0,count/min,0,김하은의 Apple Watch,HKQuantityTypeIdentifierHeartRate
Heart rate,2026-07-23 13:31:03+09:00,172.0,count/min,0,김하은의 Apple Watch,HKQuantityTypeIdentifierHeartRate
Heart rate,2026-07-23 13:31:10+09:00,175.0,count/min,0,김하은의 Apple Watch,HKQuantityTypeIdentifierHeartRate
Heart rate,2026-07-23 13:31:13+09:00,175.0,count/min,0,김하은의 Apple Watch,HKQuantityTypeIdentifierHeartRate
Heart rate,2026-07-23 13:31:21+09:00,178.0,count/min,0,김하은의 Apple Watch,HKQuantityTypeIdentifierHeartRate
Heart rate,2026-07-23 13:31:27+09:00,180.0,count/min,0,김하은의 Apple Watch,HKQuantityTypeIdentifierHeartRate
Heart rate,2026-07-23 13:31:28+09:00,180.0,count/min,0,김하은의 Apple Watch,HKQuantityTypeIdentifierHeartRate
Heart rate,2026-07-23 13:31:33+09:00,181.0,count/min,0,김하은의 Apple Watch,HKQuantityTypeIdentifierHeartRate
Heart rate,2026-07-23 13:31:42+09:00,185.0,count/min,0,김하은의 Apple Watch,HKQuantityTypeIdentifierHeartRate
Heart rate,2026-07-23 13:31:47+09:00,188.0,count/min,0,김하은의 Apple Watch,HKQuantityTypeIdentifierHeartRate
Heart rate,2026-07-23 13:31:52+09:00,187.0,count/min,0,김하은의 Apple Watch,HKQuantityTypeIdentifierHeartRate
Heart rate,2026-07-23 13:31:57+09:00,187.0,count/min,0,김하은의 Apple Watch,HKQuantityTypeIdentifierHeartRate
Heart rate,2026-07-23 13:31:59+09:00,187.0,count/min,0,김하은의 Apple Watch,HKQuantityTypeIdentifierHeartRate
Heart rate,2026-07-23 13:34:58+09:00,174.0,count/min,2,김하은의 Apple Watch,HKQuantityTypeIdentifierHeartRate
Heart rate,2026-07-23 13:36:21+09:00,128.0,count/min,0,김하은의 Apple Watch,HKQuantityTypeIdentifierHeartRate
Heart rate,2026-07-23 13:37:00+09:00,122.0,count/min,0,김하은의 Apple Watch,HKQuantityTypeIdentifierHeartRate
Heart rate,2026-07-23 13:41:04+09:00,101.0,count/min,1,김하은의 Apple Watch,HKQuantityTypeIdentifierHeartRate
Heart rate,2026-07-23 13:43:31+09:00,99.0,count/min,1,김하은의 Apple Watch,HKQuantityTypeIdentifierHeartRate
Heart rate,2026-07-23 13:45:47+09:00,142.0,count/min,2,김하은의 Apple Watch,HKQuantityTypeIdentifierHeartRate
Heart rate,2026-07-23 13:50:46+09:00,99.0,count/min,1,김하은의 Apple Watch,HKQuantityTypeIdentifierHeartRate
Heart rate,2026-07-23 13:51:17+09:00,102.918,count/min,0,김하은의 Apple Watch,HKQuantityTypeIdentifierHeartRate
Heart rate,2026-07-23 13:54:15+09:00,105.0,count/min,1,김하은의 Apple Watch,HKQuantityTypeIdentifierHeartRate
Heart rate,2026-07-23 13:57:04+09:00,101.0,count/min,1,김하은의 Apple Watch,HKQuantityTypeIdentifierHeartRate
Heart rate,2026-07-23 14:04:08+09:00,104.0,count/min,1,김하은의 Apple Watch,HKQuantityTypeIdentifierHeartRate
Heart rate,2026-07-23 14:06:47+09:00,95.0,count/min,1,김하은의 Apple Watch,HKQuantityTypeIdentifierHeartRate
Heart rate,2026-07-23 14:11:15+09:00,114.0,count/min,2,김하은의 Apple Watch,HKQuantityTypeIdentifierHeartRate
Heart rate,2026-07-23 14:13:35+09:00,124.0,count/min,2,김하은의 Apple Watch,HKQuantityTypeIdentifierHeartRate
Heart rate,2026-07-23 14:18:30+09:00,129.0,count/min,2,김하은의 Apple Watch,HKQuantityTypeIdentifierHeartRate
Heart rate,2026-07-23 14:22:08+09:00,69.0,count/min,0,김하은의 Apple Watch,HKQuantityTypeIdentifierHeartRate
Heart rate,2026-07-23 14:27:11+09:00,129.0,count/min,2,김하은의 Apple Watch,HKQuantityTypeIdentifierHeartRate
Heart rate,2026-07-23 14:29:47+09:00,138.0,count/min,2,김하은의 Apple Watch,HKQuantityTypeIdentifierHeartRate
Heart rate,2026-07-23 14:32:17+09:00,139.0,count/min,2,김하은의 Apple Watch,HKQuantityTypeIdentifierHeartRate
Heart rate,2026-07-23 14:34:39+09:00,132.0,count/min,2,김하은의 Apple Watch,HKQuantityTypeIdentifierHeartRate
Heart rate,2026-07-23 14:36:58+09:00,132.0,count/min,2,김하은의 Apple Watch,HKQuantityTypeIdentifierHeartRate
Heart rate,2026-07-23 14:41:15+09:00,89.0,count/min,1,김하은의 Apple Watch,HKQuantityTypeIdentifierHeartRate
Heart rate,2026-07-23 14:43:39+09:00,88.0,count/min,1,김하은의 Apple Watch,HKQuantityTypeIdentifierHeartRate
Heart rate,2026-07-23 14:48:56+09:00,85.0,count/min,1,김하은의 Apple Watch,HKQuantityTypeIdentifierHeartRate
Heart rate,2026-07-23 14:54:05+09:00,91.0,count/min,0,김하은의 Apple Watch,HKQuantityTypeIdentifierHeartRate
Heart rate,2026-07-23 14:57:51+09:00,87.0,count/min,1,김하은의 Apple Watch,HKQuantityTypeIdentifierHeartRate
Heart rate,2026-07-23 15:04:04+09:00,86.0,count/min,1,김하은의 Apple Watch,HKQuantityTypeIdentifierHeartRate
Heart rate,2026-07-23 15:07:49+09:00,91.0,count/min,0,김하은의 Apple Watch,HKQuantityTypeIdentifierHeartRate
Heart rate,2026-07-23 15:14:50+09:00,90.0,count/min,1,김하은의 Apple Watch,HKQuantityTypeIdentifierHeartRate
Heart rate,2026-07-23 15:18:06+09:00,89.0,count/min,1,김하은의 Apple Watch,HKQuantityTypeIdentifierHeartRate
Heart rate,2026-07-23 15:25:36+09:00,90.0,count/min,0,김하은의 Apple Watch,HKQuantityTypeIdentifierHeartRate
Heart rate,2026-07-23 15:30:20+09:00,95.0,count/min,1,김하은의 Apple Watch,HKQuantityTypeIdentifierHeartRate
Heart rate,2026-07-23 15:34:17+09:00,94.0,count/min,1,김하은의 Apple Watch,HKQuantityTypeIdentifierHeartRate
Heart rate,2026-07-23 15:38:47+09:00,93.0,count/min,1,김하은의 Apple Watch,HKQuantityTypeIdentifierHeartRate
Heart rate,2026-07-23 15:39:58+09:00,100.0,count/min,0,김하은의 Apple Watch,HKQuantityTypeIdentifierHeartRate
Heart rate,2026-07-23 15:40:03+09:00,97.0,count/min,0,김하은의 Apple Watch,HKQuantityTypeIdentifierHeartRate
Heart rate,2026-07-23 15:40:08+09:00,92.0,count/min,0,김하은의 Apple Watch,HKQuantityTypeIdentifierHeartRate
Heart rate,2026-07-23 15:40:13+09:00,87.0,count/min,0,김하은의 Apple Watch,HKQuantityTypeIdentifierHeartRate
Heart rate,2026-07-23 15:42:08+09:00,87.0,count/min,1,김하은의 Apple Watch,HKQuantityTypeIdentifierHeartRate
Heart rate,2026-07-23 15:48:57+09:00,93.0,count/min,1,김하은의 Apple Watch,HKQuantityTypeIdentifierHeartRate
Heart rate,2026-07-23 15:50:06+09:00,91.3344,count/min,0,김하은의 Apple Watch,HKQuantityTypeIdentifierHeartRate
Heart rate,2026-07-23 15:51:31+09:00,91.0,count/min,1,김하은의 Apple Watch,HKQuantityTypeIdentifierHeartRate
Heart rate,2026-07-23 15:58:09+09:00,99.0,count/min,1,김하은의 Apple Watch,HKQuantityTypeIdentifierHeartRate
Heart rate,2026-07-23 16:00:56+09:00,103.0,count/min,0,김하은의 Apple Watch,HKQuantityTypeIdentifierHeartRate
Heart rate,2026-07-23 16:01:00+09:00,104.0,count/min,0,김하은의 Apple Watch,HKQuantityTypeIdentifierHeartRate
Heart rate,2026-07-23 16:01:03+09:00,106.0,count/min,0,김하은의 Apple Watch,HKQuantityTypeIdentifierHeartRate
Heart rate,2026-07-23 16:01:07+09:00,110.0,count/min,0,김하은의 Apple Watch,HKQuantityTypeIdentifierHeartRate
Heart rate,2026-07-23 16:01:12+09:00,116.0,count/min,0,김하은의 Apple Watch,HKQuantityTypeIdentifierHeartRate
Heart rate,2026-07-23 16:01:17+09:00,120.0,count/min,0,김하은의 Apple Watch,HKQuantityTypeIdentifierHeartRate
Heart rate,2026-07-23 16:01:26+09:00,131.0,count/min,0,김하은의 Apple Watch,HKQuantityTypeIdentifierHeartRate
Heart rate,2026-07-23 16:01:31+09:00,126.0,count/min,0,김하은의 Apple Watch,HKQuantityTypeIdentifierHeartRate
Heart rate,2026-07-23 16:01:36+09:00,125.0,count/min,0,김하은의 Apple Watch,HKQuantityTypeIdentifierHeartRate
Heart rate,2026-07-23 16:01:38+09:00,126.0,count/min,0,김하은의 Apple Watch,HKQuantityTypeIdentifierHeartRate
Heart rate,2026-07-23 16:02:35+09:00,106.0,count/min,0,김하은의 Apple Watch,HKQuantityTypeIdentifierHeartRate
Heart rate,2026-07-23 16:02:40+09:00,102.0,count/min,0,김하은의 Apple Watch,HKQuantityTypeIdentifierHeartRate
Heart rate,2026-07-23 16:02:44+09:00,108.0,count/min,0,김하은의 Apple Watch,HKQuantityTypeIdentifierHeartRate
Heart rate,2026-07-23 16:02:50+09:00,117.0,count/min,0,김하은의 Apple Watch,HKQuantityTypeIdentifierHeartRate
Heart rate,2026-07-23 16:02:55+09:00,119.0,count/min,0,김하은의 Apple Watch,HKQuantityTypeIdentifierHeartRate
Heart rate,2026-07-23 16:02:57+09:00,119.0,count/min,0,김하은의 Apple Watch,HKQuantityTypeIdentifierHeartRate
Heart rate,2026-07-23 16:03:01+09:00,119.0,count/min,0,김하은의 Apple Watch,HKQuantityTypeIdentifierHeartRate
Heart rate,2026-07-23 16:03:10+09:00,118.0,count/min,0,김하은의 Apple Watch,HKQuantityTypeIdentifierHeartRate
Heart rate,2026-07-23 16:10:30+09:00,104.0,count/min,1,김하은의 Apple Watch,HKQuantityTypeIdentifierHeartRate
Heart rate,2026-07-23 16:11:47+09:00,107.0,count/min,1,김하은의 Apple Watch,HKQuantityTypeIdentifierHeartRate
Heart rate,2026-07-23 16:21:37+09:00,103.0,count/min,0,김하은의 Apple Watch,HKQuantityTypeIdentifierHeartRate
Heart rate,2026-07-23 16:26:50+09:00,107.0,count/min,0,김하은의 Apple Watch,HKQuantityTypeIdentifierHeartRate
Heart rate,2026-07-23 16:31:28+09:00,112.0,count/min,0,김하은의 Apple Watch,HKQuantityTypeIdentifierHeartRate
Heart rate,2026-07-23 16:40:46+09:00,106.0,count/min,1,김하은의 Apple Watch,HKQuantityTypeIdentifierHeartRate
Heart rate,2026-07-23 16:45:33+09:00,113.0,count/min,2,김하은의 Apple Watch,HKQuantityTypeIdentifierHeartRate
Heart rate,2026-07-23 16:58:09+09:00,111.0,count/min,0,김하은의 Apple Watch,HKQuantityTypeIdentifierHeartRate
Heart rate,2026-07-23 17:04:23+09:00,105.0,count/min,1,김하은의 Apple Watch,HKQuantityTypeIdentifierHeartRate
Heart rate,2026-07-23 17:10:39+09:00,102.0,count/min,1,김하은의 Apple Watch,HKQuantityTypeIdentifierHeartRate
Heart rate,2026-07-23 17:13:01+09:00,99.0,count/min,1,김하은의 Apple Watch,HKQuantityTypeIdentifierHeartRate
Heart rate,2026-07-23 17:18:59+09:00,97.0,count/min,1,김하은의 Apple Watch,HKQuantityTypeIdentifierHeartRate
Heart rate,2026-07-23 17:21:37+09:00,97.0,count/min,1,김하은의 Apple Watch,HKQuantityTypeIdentifierHeartRate
Heart rate,2026-07-23 17:27:53+09:00,110.0,count/min,1,김하은의 Apple Watch,HKQuantityTypeIdentifierHeartRate
Heart rate,2026-07-23 17:34:18+09:00,112.0,count/min,0,김하은의 Apple Watch,HKQuantityTypeIdentifierHeartRate
Heart rate,2026-07-23 17:39:20+09:00,113.0,count/min,0,김하은의 Apple Watch,HKQuantityTypeIdentifierHeartRate
Heart rate,2026-07-23 17:39:21+09:00,105.0,count/min,1,김하은의 Apple Watch,HKQuantityTypeIdentifierHeartRate
Heart rate,2026-07-23 17:45:58+09:00,111.0,count/min,1,김하은의 Apple Watch,HKQuantityTypeIdentifierHeartRate
Heart rate,2026-07-23 17:48:50+09:00,106.0,count/min,1,김하은의 Apple Watch,HKQuantityTypeIdentifierHeartRate
Heart rate,2026-07-23 17:49:06+09:00,113.484,count/min,0,김하은의 Apple Watch,HKQuantityTypeIdentifierHeartRate
Heart rate,2026-07-23 17:52:58+09:00,109.0,count/min,1,김하은의 Apple Watch,HKQuantityTypeIdentifierHeartRate
Heart rate,2026-07-23 17:59:25+09:00,100.0,count/min,1,김하은의 Apple Watch,HKQuantityTypeIdentifierHeartRate
Heart rate,2026-07-23 18:05:08+09:00,99.0,count/min,1,김하은의 Apple Watch,HKQuantityTypeIdentifierHeartRate
Heart rate,2026-07-23 18:10:10+09:00,104.0,count/min,0,김하은의 Apple Watch,HKQuantityTypeIdentifierHeartRate
Heart rate,2026-07-23 18:11:21+09:00,100.0,count/min,1,김하은의 Apple Watch,HKQuantityTypeIdentifierHeartRate
Heart rate,2026-07-23 18:15:19+09:00,92.0,count/min,1,김하은의 Apple Watch,HKQuantityTypeIdentifierHeartRate
Heart rate,2026-07-23 18:19:43+09:00,98.0,count/min,1,김하은의 Apple Watch,HKQuantityTypeIdentifierHeartRate
Heart rate,2026-07-23 18:21:41+09:00,107.0,count/min,1,김하은의 Apple Watch,HKQuantityTypeIdentifierHeartRate
Heart rate,2026-07-23 18:27:26+09:00,121.0,count/min,2,김하은의 Apple Watch,HKQuantityTypeIdentifierHeartRate
Heart rate,2026-07-23 18:28:02+09:00,118.0,count/min,0,김하은의 Apple Watch,HKQuantityTypeIdentifierHeartRate
Heart rate,2026-07-23 18:30:33+09:00,118.0,count/min,0,김하은의 Apple Watch,HKQuantityTypeIdentifierHeartRate
Heart rate,2026-07-23 18:30:44+09:00,117.0,count/min,0,김하은의 Apple Watch,HKQuantityTypeIdentifierHeartRate
Heart rate,2026-07-23 18:30:49+09:00,116.0,count/min,0,김하은의 Apple Watch,HKQuantityTypeIdentifierHeartRate
Heart rate,2026-07-23 18:30:55+09:00,117.0,count/min,0,김하은의 Apple Watch,HKQuantityTypeIdentifierHeartRate
Heart rate,2026-07-23 18:32:28+09:00,115.0,count/min,0,김하은의 Apple Watch,HKQuantityTypeIdentifierHeartRate
Heart rate,2026-07-23 18:34:05+09:00,110.0,count/min,1,김하은의 Apple Watch,HKQuantityTypeIdentifierHeartRate
Heart rate,2026-07-23 18:39:06+09:00,109.0,count/min,1,김하은의 Apple Watch,HKQuantityTypeIdentifierHeartRate
Heart rate,2026-07-23 18:42:17+09:00,101.0,count/min,1,김하은의 Apple Watch,HKQuantityTypeIdentifierHeartRate
Heart rate,2026-07-23 18:49:03+09:00,101.0,count/min,1,김하은의 Apple Watch,HKQuantityTypeIdentifierHeartRate
Heart rate,2026-07-23 18:51:17+09:00,131.0,count/min,2,김하은의 Apple Watch,HKQuantityTypeIdentifierHeartRate
Heart rate,2026-07-23 18:53:40+09:00,136.0,count/min,2,김하은의 Apple Watch,HKQuantityTypeIdentifierHeartRate
Heart rate,2026-07-23 18:55:59+09:00,130.0,count/min,2,김하은의 Apple Watch,HKQuantityTypeIdentifierHeartRate
Heart rate,2026-07-23 18:57:24+09:00,118.0,count/min,0,김하은의 Apple Watch,HKQuantityTypeIdentifierHeartRate
Heart rate,2026-07-23 19:05:33+09:00,93.0,count/min,1,김하은의 Apple Watch,HKQuantityTypeIdentifierHeartRate
Heart rate,2026-07-23 19:08:30+09:00,99.0,count/min,1,김하은의 Apple Watch,HKQuantityTypeIdentifierHeartRate
Heart rate,2026-07-23 19:13:13+09:00,135.0,count/min,2,김하은의 Apple Watch,HKQuantityTypeIdentifierHeartRate
Heart rate,2026-07-23 19:14:03+09:00,91.0,count/min,0,김하은의 Apple Watch,HKQuantityTypeIdentifierHeartRate
Heart rate,2026-07-23 19:16:13+09:00,154.0,count/min,2,김하은의 Apple Watch,HKQuantityTypeIdentifierHeartRate
Heart rate,2026-07-23 19:18:35+09:00,148.0,count/min,2,김하은의 Apple Watch,HKQuantityTypeIdentifierHeartRate
Heart rate,2026-07-23 19:21:01+09:00,150.0,count/min,0,김하은의 Apple Watch,HKQuantityTypeIdentifierHeartRate
Heart rate,2026-07-23 19:21:03+09:00,151.0,count/min,0,김하은의 Apple Watch,HKQuantityTypeIdentifierHeartRate
Heart rate,2026-07-23 19:21:09+09:00,151.0,count/min,0,김하은의 Apple Watch,HKQuantityTypeIdentifierHeartRate
Heart rate,2026-07-23 19:21:16+09:00,146.0,count/min,0,김하은의 Apple Watch,HKQuantityTypeIdentifierHeartRate
Heart rate,2026-07-23 19:21:20+09:00,145.0,count/min,0,김하은의 Apple Watch,HKQuantityTypeIdentifierHeartRate
Heart rate,2026-07-23 19:21:22+09:00,144.0,count/min,0,김하은의 Apple Watch,HKQuantityTypeIdentifierHeartRate
Heart rate,2026-07-23 19:23:00+09:00,115.0,count/min,1,김하은의 Apple Watch,HKQuantityTypeIdentifierHeartRate
Heart rate,2026-07-23 19:29:48+09:00,104.0,count/min,1,김하은의 Apple Watch,HKQuantityTypeIdentifierHeartRate
Heart rate,2026-07-23 19:33:08+09:00,103.0,count/min,1,김하은의 Apple Watch,HKQuantityTypeIdentifierHeartRate
Heart rate,2026-07-23 19:37:00+09:00,102.0,count/min,1,김하은의 Apple Watch,HKQuantityTypeIdentifierHeartRate
Heart rate,2026-07-23 19:44:51+09:00,109.0,count/min,1,김하은의 Apple Watch,HKQuantityTypeIdentifierHeartRate
Heart rate,2026-07-23 19:46:55+09:00,110.0,count/min,1,김하은의 Apple Watch,HKQuantityTypeIdentifierHeartRate
Heart rate,2026-07-23 19:53:30+09:00,108.0,count/min,1,김하은의 Apple Watch,HKQuantityTypeIdentifierHeartRate
Heart rate,2026-07-23 19:58:00+09:00,61.0,count/min,1,김하은의 Apple Watch,HKQuantityTypeIdentifierHeartRate
Heart rate,2026-07-23 20:06:06+09:00,111.0,count/min,1,김하은의 Apple Watch,HKQuantityTypeIdentifierHeartRate
Heart rate,2026-07-23 20:09:20+09:00,108.708,count/min,0,김하은의 Apple Watch,HKQuantityTypeIdentifierHeartRate
Heart rate,2026-07-23 20:10:59+09:00,103.0,count/min,0,김하은의 Apple Watch,HKQuantityTypeIdentifierHeartRate
Heart rate,2026-07-23 20:12:49+09:00,97.0,count/min,0,김하은의 Apple Watch,HKQuantityTypeIdentifierHeartRate
Heart rate,2026-07-23 20:19:52+09:00,92.0,count/min,0,김하은의 Apple Watch,HKQuantityTypeIdentifierHeartRate
Heart rate,2026-07-23 20:24:00+09:00,99.0,count/min,1,김하은의 Apple Watch,HKQuantityTypeIdentifierHeartRate
Heart rate,2026-07-23 20:27:23+09:00,108.0,count/min,1,김하은의 Apple Watch,HKQuantityTypeIdentifierHeartRate
Heart rate,2026-07-23 20:35:06+09:00,109.0,count/min,1,김하은의 Apple Watch,HKQuantityTypeIdentifierHeartRate
Heart rate,2026-07-23 20:40:44+09:00,101.0,count/min,1,김하은의 Apple Watch,HKQuantityTypeIdentifierHeartRate
Heart rate,2026-07-23 20:43:51+09:00,98.0,count/min,1,김하은의 Apple Watch,HKQuantityTypeIdentifierHeartRate
Heart rate,2026-07-23 20:48:30+09:00,119.0,count/min,2,김하은의 Apple Watch,HKQuantityTypeIdentifierHeartRate
Heart rate,2026-07-23 20:50:54+09:00,120.0,count/min,2,김하은의 Apple Watch,HKQuantityTypeIdentifierHeartRate
Heart rate,2026-07-23 20:55:40+09:00,101.0,count/min,1,김하은의 Apple Watch,HKQuantityTypeIdentifierHeartRate
Heart rate,2026-07-23 20:56:54+09:00,104.0,count/min,1,김하은의 Apple Watch,HKQuantityTypeIdentifierHeartRate
Heart rate,2026-07-23 21:04:33+09:00,100.0,count/min,1,김하은의 Apple Watch,HKQuantityTypeIdentifierHeartRate
Heart rate,2026-07-23 21:10:07+09:00,98.0,count/min,1,김하은의 Apple Watch,HKQuantityTypeIdentifierHeartRate
Heart rate,2026-07-23 21:16:10+09:00,101.0,count/min,1,김하은의 Apple Watch,HKQuantityTypeIdentifierHeartRate
Heart rate,2026-07-23 21:17:42+09:00,103.0,count/min,1,김하은의 Apple Watch,HKQuantityTypeIdentifierHeartRate
Heart rate,2026-07-23 21:24:49+09:00,106.0,count/min,1,김하은의 Apple Watch,HKQuantityTypeIdentifierHeartRate
Heart rate,2026-07-23 21:27:39+09:00,96.0,count/min,1,김하은의 Apple Watch,HKQuantityTypeIdentifierHeartRate
Heart rate,2026-07-23 21:33:48+09:00,104.0,count/min,0,김하은의 Apple Watch,HKQuantityTypeIdentifierHeartRate
Heart rate,2026-07-23 21:37:05+09:00,110.0,count/min,1,김하은의 Apple Watch,HKQuantityTypeIdentifierHeartRate
Heart rate,2026-07-23 21:45:50+09:00,111.0,count/min,1,김하은의 Apple Watch,HKQuantityTypeIdentifierHeartRate
Heart rate,2026-07-23 21:49:15+09:00,112.0,count/min,0,김하은의 Apple Watch,HKQuantityTypeIdentifierHeartRate
Heart rate,2026-07-23 21:52:10+09:00,112.0,count/min,0,김하은의 Apple Watch,HKQuantityTypeIdentifierHeartRate
Heart rate,2026-07-23 21:58:14+09:00,95.0,count/min,1,김하은의 Apple Watch,HKQuantityTypeIdentifierHeartRate
Heart rate,2026-07-23 22:03:03+09:00,105.0,count/min,1,김하은의 Apple Watch,HKQuantityTypeIdentifierHeartRate
Heart rate,2026-07-23 22:08:01+09:00,106.0,count/min,1,김하은의 Apple Watch,HKQuantityTypeIdentifierHeartRate
Heart rate,2026-07-23 22:11:28+09:00,109.0,count/min,1,김하은의 Apple Watch,HKQuantityTypeIdentifierHeartRate
Heart rate,2026-07-23 22:19:50+09:00,110.0,count/min,1,김하은의 Apple Watch,HKQuantityTypeIdentifierHeartRate
Heart rate,2026-07-23 22:25:01+09:00,106.0,count/min,1,김하은의 Apple Watch,HKQuantityTypeIdentifierHeartRate
Heart rate,2026-07-23 22:27:09+09:00,109.0,count/min,0,김하은의 Apple Watch,HKQuantityTypeIdentifierHeartRate
Heart rate,2026-07-23 22:32:03+09:00,126.0,count/min,2,김하은의 Apple Watch,HKQuantityTypeIdentifierHeartRate
Heart rate,2026-07-23 22:32:44+09:00,75.0,count/min,0,김하은의 Apple Watch,HKQuantityTypeIdentifierHeartRate
Heart rate,2026-07-23 22:36:09+09:00,131.44,count/min,0,김하은의 Apple Watch,HKQuantityTypeIdentifierHeartRate
Heart rate,2026-07-23 22:44:04+09:00,121.0,count/min,2,김하은의 Apple Watch,HKQuantityTypeIdentifierHeartRate
Heart rate,2026-07-23 22:49:28+09:00,109.0,count/min,1,김하은의 Apple Watch,HKQuantityTypeIdentifierHeartRate
Heart rate,2026-07-23 22:53:38+09:00,98.0,count/min,1,김하은의 Apple Watch,HKQuantityTypeIdentifierHeartRate
Heart rate,2026-07-23 22:58:01+09:00,125.0,count/min,2,김하은의 Apple Watch,HKQuantityTypeIdentifierHeartRate
Heart rate,2026-07-23 23:00:22+09:00,132.0,count/min,2,김하은의 Apple Watch,HKQuantityTypeIdentifierHeartRate
Heart rate,2026-07-23 23:02:42+09:00,136.0,count/min,2,김하은의 Apple Watch,HKQuantityTypeIdentifierHeartRate
Heart rate,2026-07-23 23:03:12+09:00,133.0,count/min,0,김하은의 Apple Watch,HKQuantityTypeIdentifierHeartRate
Heart rate,2026-07-23 23:05:00+09:00,130.0,count/min,2,김하은의 Apple Watch,HKQuantityTypeIdentifierHeartRate
Heart rate,2026-07-23 23:15:39+09:00,104.0,count/min,1,김하은의 Apple Watch,HKQuantityTypeIdentifierHeartRate
Heart rate,2026-07-23 23:20:33+09:00,103.0,count/min,1,김하은의 Apple Watch,HKQuantityTypeIdentifierHeartRate
Heart rate,2026-07-23 23:25:28+09:00,102.0,count/min,1,김하은의 Apple Watch,HKQuantityTypeIdentifierHeartRate
Heart rate,2026-07-23 23:29:26+09:00,100.0,count/min,1,김하은의 Apple Watch,HKQuantityTypeIdentifierHeartRate
Heart rate,2026-07-23 23:32:19+09:00,97.0,count/min,1,김하은의 Apple Watch,HKQuantityTypeIdentifierHeartRate
Heart rate,2026-07-23 23:40:14+09:00,104.0,count/min,1,김하은의 Apple Watch,HKQuantityTypeIdentifierHeartRate
Heart rate,2026-07-23 23:42:39+09:00,99.0,count/min,1,김하은의 Apple Watch,HKQuantityTypeIdentifierHeartRate
Heart rate,2026-07-23 23:49:25+09:00,99.0,count/min,1,김하은의 Apple Watch,HKQuantityTypeIdentifierHeartRate
Heart rate,2026-07-23 23:50:05+09:00,99.7257,count/min,0,김하은의 Apple Watch,HKQuantityTypeIdentifierHeartRate
Heart rate,2026-07-23 23:52:31+09:00,99.0,count/min,1,김하은의 Apple Watch,HKQuantityTypeIdentifierHeartRate
Heart rate,2026-07-23 23:53:06+09:00,99.0,count/min,0,김하은의 Apple Watch,HKQuantityTypeIdentifierHeartRate
Heart rate,2026-07-24 00:01:14+09:00,99.0,count/min,1,김하은의 Apple Watch,HKQuantityTypeIdentifierHeartRate
Heart rate,2026-07-24 00:04:14+09:00,99.0,count/min,1,김하은의 Apple Watch,HKQuantityTypeIdentifierHeartRate
Heart rate,2026-07-24 00:08:12+09:00,99.0,count/min,1,김하은의 Apple Watch,HKQuantityTypeIdentifierHeartRate
Heart rate,2026-07-24 00:15:29+09:00,99.0,count/min,1,김하은의 Apple Watch,HKQuantityTypeIdentifierHeartRate
Heart rate,2026-07-24 00:20:15+09:00,99.0,count/min,1,김하은의 Apple Watch,HKQuantityTypeIdentifierHeartRate
Heart rate,2026-07-24 00:21:50+09:00,99.0,count/min,1,김하은의 Apple Watch,HKQuantityTypeIdentifierHeartRate
Heart rate,2026-07-24 16:34:09+09:00,149.0,count/min,2,김하은의 Apple Watch,HKQuantityTypeIdentifierHeartRate
Heart rate,2026-07-24 16:34:52+09:00,180.0,count/min,0,김하은의 Apple Watch,HKQuantityTypeIdentifierHeartRate
Heart rate,2026-07-24 16:34:57+09:00,179.0,count/min,0,김하은의 Apple Watch,HKQuantityTypeIdentifierHeartRate
Heart rate,2026-07-24 16:35:01+09:00,179.0,count/min,0,김하은의 Apple Watch,HKQuantityTypeIdentifierHeartRate
Heart rate,2026-07-24 16:35:07+09:00,179.0,count/min,0,김하은의 Apple Watch,HKQuantityTypeIdentifierHeartRate
Heart rate,2026-07-24 16:35:08+09:00,180.0,count/min,0,김하은의 Apple Watch,HKQuantityTypeIdentifierHeartRate
Heart rate,2026-07-24 16:35:17+09:00,181.0,count/min,0,김하은의 Apple Watch,HKQuantityTypeIdentifierHeartRate
Heart rate,2026-07-24 16:35:19+09:00,180.0,count/min,0,김하은의 Apple Watch,HKQuantityTypeIdentifierHeartRate
Heart rate,2026-07-24 16:38:17+09:00,139.0,count/min,0,김하은의 Apple Watch,HKQuantityTypeIdentifierHeartRate
Heart rate,2026-07-24 16:38:19+09:00,138.0,count/min,0,김하은의 Apple Watch,HKQuantityTypeIdentifierHeartRate
Heart rate,2026-07-24 16:38:24+09:00,137.0,count/min,0,김하은의 Apple Watch,HKQuantityTypeIdentifierHeartRate
Heart rate,2026-07-24 16:38:32+09:00,132.0,count/min,0,김하은의 Apple Watch,HKQuantityTypeIdentifierHeartRate
Heart rate,2026-07-24 16:38:33+09:00,133.0,count/min,0,김하은의 Apple Watch,HKQuantityTypeIdentifierHeartRate
Heart rate,2026-07-24 16:38:38+09:00,132.0,count/min,0,김하은의 Apple Watch,HKQuantityTypeIdentifierHeartRate
Heart rate,2026-07-24 16:38:44+09:00,132.0,count/min,0,김하은의 Apple Watch,HKQuantityTypeIdentifierHeartRate
Heart rate,2026-07-24 16:38:49+09:00,133.0,count/min,0,김하은의 Apple Watch,HKQuantityTypeIdentifierHeartRate
Heart rate,2026-07-24 16:38:55+09:00,134.0,count/min,0,김하은의 Apple Watch,HKQuantityTypeIdentifierHeartRate
Heart rate,2026-07-24 16:39:02+09:00,134.0,count/min,0,김하은의 Apple Watch,HKQuantityTypeIdentifierHeartRate
Heart rate,2026-07-24 16:39:05+09:00,134.0,count/min,0,김하은의 Apple Watch,HKQuantityTypeIdentifierHeartRate
Heart rate,2026-07-24 16:39:09+09:00,134.0,count/min,0,김하은의 Apple Watch,HKQuantityTypeIdentifierHeartRate
Heart rate,2026-07-24 16:39:13+09:00,132.0,count/min,0,김하은의 Apple Watch,HKQuantityTypeIdentifierHeartRate
Heart rate,2026-07-24 16:39:19+09:00,128.0,count/min,0,김하은의 Apple Watch,HKQuantityTypeIdentifierHeartRate
Heart rate,2026-07-24 16:39:23+09:00,124.0,count/min,0,김하은의 Apple Watch,HKQuantityTypeIdentifierHeartRate
Heart rate,2026-07-24 16:39:28+09:00,126.0,count/min,0,김하은의 Apple Watch,HKQuantityTypeIdentifierHeartRate
Heart rate,2026-07-24 16:39:37+09:00,126.0,count/min,0,김하은의 Apple Watch,HKQuantityTypeIdentifierHeartRate
Heart rate,2026-07-24 16:39:50+09:00,125.0,count/min,0,김하은의 Apple Watch,HKQuantityTypeIdentifierHeartRate
Heart rate,2026-07-24 16:39:57+09:00,119.0,count/min,0,김하은의 Apple Watch,HKQuantityTypeIdentifierHeartRate
Heart rate,2026-07-24 16:40:01+09:00,117.0,count/min,0,김하은의 Apple Watch,HKQuantityTypeIdentifierHeartRate
Heart rate,2026-07-24 16:40:04+09:00,116.0,count/min,0,김하은의 Apple Watch,HKQuantityTypeIdentifierHeartRate
Heart rate,2026-07-24 16:40:09+09:00,114.0,count/min,0,김하은의 Apple Watch,HKQuantityTypeIdentifierHeartRate
Heart rate,2026-07-24 16:40:17+09:00,108.0,count/min,0,김하은의 Apple Watch,HKQuantityTypeIdentifierHeartRate
Heart rate,2026-07-24 16:40:21+09:00,105.0,count/min,0,김하은의 Apple Watch,HKQuantityTypeIdentifierHeartRate
Heart rate,2026-07-24 16:40:26+09:00,103.0,count/min,0,김하은의 Apple Watch,HKQuantityTypeIdentifierHeartRate
Heart rate,2026-07-24 16:40:29+09:00,102.0,count/min,0,김하은의 Apple Watch,HKQuantityTypeIdentifierHeartRate
Heart rate,2026-07-24 16:41:45+09:00,94.0,count/min,0,김하은의 Apple Watch,HKQuantityTypeIdentifierHeartRate
Heart rate,2026-07-24 16:45:59+09:00,127.0,count/min,0,김하은의 Apple Watch,HKQuantityTypeIdentifierHeartRate
Heart rate,2026-07-24 16:46:21+09:00,134.0,count/min,0,김하은의 Apple Watch,HKQuantityTypeIdentifierHeartRate
Heart rate,2026-07-24 16:46:27+09:00,135.0,count/min,0,김하은의 Apple Watch,HKQuantityTypeIdentifierHeartRate
Heart rate,2026-07-24 16:46:33+09:00,136.0,count/min,0,김하은의 Apple Watch,HKQuantityTypeIdentifierHeartRate
Heart rate,2026-07-24 16:46:38+09:00,135.0,count/min,0,김하은의 Apple Watch,HKQuantityTypeIdentifierHeartRate
Heart rate,2026-07-24 16:46:44+09:00,136.0,count/min,0,김하은의 Apple Watch,HKQuantityTypeIdentifierHeartRate
Heart rate,2026-07-24 16:46:45+09:00,137.0,count/min,0,김하은의 Apple Watch,HKQuantityTypeIdentifierHeartRate
Heart rate,2026-07-24 16:46:50+09:00,136.0,count/min,0,김하은의 Apple Watch,HKQuantityTypeIdentifierHeartRate
Heart rate,2026-07-24 16:46:57+09:00,136.0,count/min,0,김하은의 Apple Watch,HKQuantityTypeIdentifierHeartRate
Heart rate,2026-07-24 16:47:04+09:00,136.0,count/min,0,김하은의 Apple Watch,HKQuantityTypeIdentifierHeartRate
Heart rate,2026-07-24 16:47:07+09:00,136.0,count/min,0,김하은의 Apple Watch,HKQuantityTypeIdentifierHeartRate
Heart rate,2026-07-24 16:47:10+09:00,134.0,count/min,0,김하은의 Apple Watch,HKQuantityTypeIdentifierHeartRate
Heart rate,2026-07-24 16:47:19+09:00,134.0,count/min,0,김하은의 Apple Watch,HKQuantityTypeIdentifierHeartRate
Heart rate,2026-07-24 16:47:23+09:00,135.0,count/min,0,김하은의 Apple Watch,HKQuantityTypeIdentifierHeartRate
Heart rate,2026-07-24 16:47:25+09:00,135.0,count/min,0,김하은의 Apple Watch,HKQuantityTypeIdentifierHeartRate
Heart rate,2026-07-24 16:47:32+09:00,136.0,count/min,0,김하은의 Apple Watch,HKQuantityTypeIdentifierHeartRate
Heart rate,2026-07-24 16:47:39+09:00,138.0,count/min,0,김하은의 Apple Watch,HKQuantityTypeIdentifierHeartRate
Heart rate,2026-07-24 16:47:42+09:00,138.0,count/min,0,김하은의 Apple Watch,HKQuantityTypeIdentifierHeartRate
Heart rate,2026-07-24 16:47:48+09:00,140.0,count/min,0,김하은의 Apple Watch,HKQuantityTypeIdentifierHeartRate
Heart rate,2026-07-24 16:47:54+09:00,143.0,count/min,0,김하은의 Apple Watch,HKQuantityTypeIdentifierHeartRate
Heart rate,2026-07-24 16:47:59+09:00,143.0,count/min,0,김하은의 Apple Watch,HKQuantityTypeIdentifierHeartRate
Heart rate,2026-07-24 16:48:00+09:00,143.0,count/min,0,김하은의 Apple Watch,HKQuantityTypeIdentifierHeartRate
Heart rate,2026-07-24 16:48:09+09:00,148.0,count/min,0,김하은의 Apple Watch,HKQuantityTypeIdentifierHeartRate
Heart rate,2026-07-24 16:48:11+09:00,147.0,count/min,0,김하은의 Apple Watch,HKQuantityTypeIdentifierHeartRate
Heart rate,2026-07-24 16:48:19+09:00,142.0,count/min,0,김하은의 Apple Watch,HKQuantityTypeIdentifierHeartRate
Heart rate,2026-07-24 16:48:23+09:00,140.0,count/min,0,김하은의 Apple Watch,HKQuantityTypeIdentifierHeartRate
Heart rate,2026-07-24 16:48:26+09:00,139.0,count/min,0,김하은의 Apple Watch,HKQuantityTypeIdentifierHeartRate
Heart rate,2026-07-24 16:48:34+09:00,137.0,count/min,0,김하은의 Apple Watch,HKQuantityTypeIdentifierHeartRate
Heart rate,2026-07-24 16:48:39+09:00,140.0,count/min,0,김하은의 Apple Watch,HKQuantityTypeIdentifierHeartRate
Heart rate,2026-07-24 16:48:41+09:00,140.0,count/min,0,김하은의 Apple Watch,HKQuantityTypeIdentifierHeartRate
Heart rate,2026-07-24 16:48:49+09:00,137.0,count/min,0,김하은의 Apple Watch,HKQuantityTypeIdentifierHeartRate
Heart rate,2026-07-24 16:48:51+09:00,138.0,count/min,0,김하은의 Apple Watch,HKQuantityTypeIdentifierHeartRate
Heart rate,2026-07-24 16:48:58+09:00,140.0,count/min,0,김하은의 Apple Watch,HKQuantityTypeIdentifierHeartRate
Heart rate,2026-07-24 16:49:00+09:00,141.0,count/min,0,김하은의 Apple Watch,HKQuantityTypeIdentifierHeartRate
Heart rate,2026-07-24 16:49:07+09:00,141.0,count/min,0,김하은의 Apple Watch,HKQuantityTypeIdentifierHeartRate
Heart rate,2026-07-24 16:51:22+09:00,121.0,count/min,0,김하은의 Apple Watch,HKQuantityTypeIdentifierHeartRate
Heart rate,2026-07-24 16:55:36+09:00,109.0,count/min,1,김하은의 Apple Watch,HKQuantityTypeIdentifierHeartRate
Heart rate,2026-07-24 16:55:56+09:00,113.413,count/min,0,김하은의 Apple Watch,HKQuantityTypeIdentifierHeartRate
Heart rate,2026-07-24 16:58:03+09:00,106.0,count/min,1,김하은의 Apple Watch,HKQuantityTypeIdentifierHeartRate
Heart rate,2026-07-24 17:04:42+09:00,110.0,count/min,1,김하은의 Apple Watch,HKQuantityTypeIdentifierHeartRate
Heart rate,2026-07-24 17:12:06+09:00,106.0,count/min,1,김하은의 Apple Watch,HKQuantityTypeIdentifierHeartRate
Heart rate,2026-07-24 17:13:51+09:00,109.0,count/min,1,김하은의 Apple Watch,HKQuantityTypeIdentifierHeartRate
Heart rate,2026-07-24 17:19:06+09:00,127.0,count/min,0,김하은의 Apple Watch,HKQuantityTypeIdentifierHeartRate
Heart rate,2026-07-24 17:19:11+09:00,126.0,count/min,0,김하은의 Apple Watch,HKQuantityTypeIdentifierHeartRate
Heart rate,2026-07-24 17:19:16+09:00,126.0,count/min,0,김하은의 Apple Watch,HKQuantityTypeIdentifierHeartRate
Heart rate,2026-07-24 17:19:20+09:00,124.0,count/min,0,김하은의 Apple Watch,HKQuantityTypeIdentifierHeartRate
Heart rate,2026-07-24 17:19:23+09:00,125.0,count/min,0,김하은의 Apple Watch,HKQuantityTypeIdentifierHeartRate
Heart rate,2026-07-24 17:19:31+09:00,120.0,count/min,0,김하은의 Apple Watch,HKQuantityTypeIdentifierHeartRate
Heart rate,2026-07-24 17:19:35+09:00,119.0,count/min,0,김하은의 Apple Watch,HKQuantityTypeIdentifierHeartRate
Heart rate,2026-07-24 17:19:38+09:00,118.0,count/min,0,김하은의 Apple Watch,HKQuantityTypeIdentifierHeartRate
Heart rate,2026-07-24 17:19:42+09:00,118.0,count/min,0,김하은의 Apple Watch,HKQuantityTypeIdentifierHeartRate
Heart rate,2026-07-24 17:19:51+09:00,120.0,count/min,0,김하은의 Apple Watch,HKQuantityTypeIdentifierHeartRate
Heart rate,2026-07-24 17:19:56+09:00,120.0,count/min,0,김하은의 Apple Watch,HKQuantityTypeIdentifierHeartRate
Heart rate,2026-07-24 17:20:00+09:00,120.0,count/min,0,김하은의 Apple Watch,HKQuantityTypeIdentifierHeartRate
Heart rate,2026-07-24 17:20:03+09:00,121.0,count/min,0,김하은의 Apple Watch,HKQuantityTypeIdentifierHeartRate
Heart rate,2026-07-24 17:20:09+09:00,131.0,count/min,0,김하은의 Apple Watch,HKQuantityTypeIdentifierHeartRate
Heart rate,2026-07-24 17:20:14+09:00,138.0,count/min,0,김하은의 Apple Watch,HKQuantityTypeIdentifierHeartRate
Heart rate,2026-07-24 17:20:17+09:00,139.0,count/min,0,김하은의 Apple Watch,HKQuantityTypeIdentifierHeartRate
Heart rate,2026-07-24 17:20:26+09:00,154.0,count/min,0,김하은의 Apple Watch,HKQuantityTypeIdentifierHeartRate
Heart rate,2026-07-24 17:20:30+09:00,156.0,count/min,0,김하은의 Apple Watch,HKQuantityTypeIdentifierHeartRate
Heart rate,2026-07-24 17:21:29+09:00,140.0,count/min,0,김하은의 Apple Watch,HKQuantityTypeIdentifierHeartRate
Heart rate,2026-07-24 17:21:33+09:00,140.0,count/min,0,김하은의 Apple Watch,HKQuantityTypeIdentifierHeartRate
Heart rate,2026-07-24 17:21:37+09:00,139.0,count/min,0,김하은의 Apple Watch,HKQuantityTypeIdentifierHeartRate
Heart rate,2026-07-24 17:21:44+09:00,139.0,count/min,0,김하은의 Apple Watch,HKQuantityTypeIdentifierHeartRate
Heart rate,2026-07-24 17:21:45+09:00,139.0,count/min,0,김하은의 Apple Watch,HKQuantityTypeIdentifierHeartRate
Heart rate,2026-07-24 17:21:50+09:00,137.0,count/min,0,김하은의 Apple Watch,HKQuantityTypeIdentifierHeartRate
Heart rate,2026-07-24 17:21:59+09:00,139.0,count/min,0,김하은의 Apple Watch,HKQuantityTypeIdentifierHeartRate
Heart rate,2026-07-24 17:22:03+09:00,138.0,count/min,0,김하은의 Apple Watch,HKQuantityTypeIdentifierHeartRate
Heart rate,2026-07-24 17:22:09+09:00,137.0,count/min,0,김하은의 Apple Watch,HKQuantityTypeIdentifierHeartRate
Heart rate,2026-07-24 17:22:10+09:00,137.0,count/min,0,김하은의 Apple Watch,HKQuantityTypeIdentifierHeartRate
Heart rate,2026-07-24 17:22:18+09:00,137.0,count/min,0,김하은의 Apple Watch,HKQuantityTypeIdentifierHeartRate
Heart rate,2026-07-24 17:22:24+09:00,134.0,count/min,0,김하은의 Apple Watch,HKQuantityTypeIdentifierHeartRate
Heart rate,2026-07-24 17:22:28+09:00,134.0,count/min,0,김하은의 Apple Watch,HKQuantityTypeIdentifierHeartRate
Heart rate,2026-07-24 17:22:31+09:00,134.0,count/min,0,김하은의 Apple Watch,HKQuantityTypeIdentifierHeartRate
Heart rate,2026-07-24 17:22:39+09:00,135.0,count/min,0,김하은의 Apple Watch,HKQuantityTypeIdentifierHeartRate
Heart rate,2026-07-24 17:22:40+09:00,134.0,count/min,0,김하은의 Apple Watch,HKQuantityTypeIdentifierHeartRate
Heart rate,2026-07-24 17:22:48+09:00,134.0,count/min,0,김하은의 Apple Watch,HKQuantityTypeIdentifierHeartRate
Heart rate,2026-07-24 17:22:50+09:00,134.0,count/min,0,김하은의 Apple Watch,HKQuantityTypeIdentifierHeartRate
Heart rate,2026-07-24 17:22:56+09:00,135.0,count/min,0,김하은의 Apple Watch,HKQuantityTypeIdentifierHeartRate
Heart rate,2026-07-24 17:23:01+09:00,134.0,count/min,0,김하은의 Apple Watch,HKQuantityTypeIdentifierHeartRate
Heart rate,2026-07-24 17:23:05+09:00,135.0,count/min,0,김하은의 Apple Watch,HKQuantityTypeIdentifierHeartRate
Heart rate,2026-07-24 17:23:14+09:00,135.0,count/min,0,김하은의 Apple Watch,HKQuantityTypeIdentifierHeartRate
Heart rate,2026-07-24 17:23:15+09:00,136.0,count/min,0,김하은의 Apple Watch,HKQuantityTypeIdentifierHeartRate
Heart rate,2026-07-24 17:23:20+09:00,133.0,count/min,0,김하은의 Apple Watch,HKQuantityTypeIdentifierHeartRate
Heart rate,2026-07-24 17:23:28+09:00,135.0,count/min,0,김하은의 Apple Watch,HKQuantityTypeIdentifierHeartRate
Heart rate,2026-07-24 17:23:34+09:00,135.0,count/min,0,김하은의 Apple Watch,HKQuantityTypeIdentifierHeartRate
Heart rate,2026-07-24 17:23:39+09:00,135.0,count/min,0,김하은의 Apple Watch,HKQuantityTypeIdentifierHeartRate
Heart rate,2026-07-24 17:23:41+09:00,136.0,count/min,0,김하은의 Apple Watch,HKQuantityTypeIdentifierHeartRate
Heart rate,2026-07-24 17:23:49+09:00,137.0,count/min,0,김하은의 Apple Watch,HKQuantityTypeIdentifierHeartRate
Heart rate,2026-07-24 17:23:52+09:00,136.0,count/min,0,김하은의 Apple Watch,HKQuantityTypeIdentifierHeartRate
Heart rate,2026-07-24 17:23:56+09:00,136.0,count/min,0,김하은의 Apple Watch,HKQuantityTypeIdentifierHeartRate
Heart rate,2026-07-24 17:24:04+09:00,133.0,count/min,0,김하은의 Apple Watch,HKQuantityTypeIdentifierHeartRate
Heart rate,2026-07-24 17:24:09+09:00,133.0,count/min,0,김하은의 Apple Watch,HKQuantityTypeIdentifierHeartRate
Heart rate,2026-07-24 17:24:12+09:00,133.0,count/min,0,김하은의 Apple Watch,HKQuantityTypeIdentifierHeartRate
Heart rate,2026-07-24 17:27:49+09:00,114.0,count/min,2,김하은의 Apple Watch,HKQuantityTypeIdentifierHeartRate
Heart rate,2026-07-24 17:33:22+09:00,147.0,count/min,2,김하은의 Apple Watch,HKQuantityTypeIdentifierHeartRate
Heart rate,2026-07-24 17:34:52+09:00,149.0,count/min,0,김하은의 Apple Watch,HKQuantityTypeIdentifierHeartRate
Heart rate,2026-07-24 17:34:57+09:00,151.0,count/min,0,김하은의 Apple Watch,HKQuantityTypeIdentifierHeartRate
Heart rate,2026-07-24 17:34:58+09:00,151.0,count/min,0,김하은의 Apple Watch,HKQuantityTypeIdentifierHeartRate
Heart rate,2026-07-24 17:35:04+09:00,149.0,count/min,0,김하은의 Apple Watch,HKQuantityTypeIdentifierHeartRate
Heart rate,2026-07-24 17:35:11+09:00,145.0,count/min,0,김하은의 Apple Watch,HKQuantityTypeIdentifierHeartRate
Heart rate,2026-07-24 17:35:20+09:00,143.0,count/min,0,김하은의 Apple Watch,HKQuantityTypeIdentifierHeartRate
Heart rate,2026-07-24 17:35:24+09:00,140.0,count/min,0,김하은의 Apple Watch,HKQuantityTypeIdentifierHeartRate
Heart rate,2026-07-24 17:35:28+09:00,140.0,count/min,0,김하은의 Apple Watch,HKQuantityTypeIdentifierHeartRate
Heart rate,2026-07-24 17:35:37+09:00,137.0,count/min,0,김하은의 Apple Watch,HKQuantityTypeIdentifierHeartRate
Heart rate,2026-07-24 17:35:42+09:00,135.0,count/min,0,김하은의 Apple Watch,HKQuantityTypeIdentifierHeartRate
Heart rate,2026-07-24 17:35:44+09:00,136.0,count/min,0,김하은의 Apple Watch,HKQuantityTypeIdentifierHeartRate
Heart rate,2026-07-24 17:35:49+09:00,140.0,count/min,0,김하은의 Apple Watch,HKQuantityTypeIdentifierHeartRate
Heart rate,2026-07-24 17:35:57+09:00,142.0,count/min,0,김하은의 Apple Watch,HKQuantityTypeIdentifierHeartRate
Heart rate,2026-07-24 17:36:02+09:00,147.0,count/min,0,김하은의 Apple Watch,HKQuantityTypeIdentifierHeartRate
Heart rate,2026-07-24 17:36:07+09:00,147.0,count/min,0,김하은의 Apple Watch,HKQuantityTypeIdentifierHeartRate
Heart rate,2026-07-24 17:36:08+09:00,146.0,count/min,0,김하은의 Apple Watch,HKQuantityTypeIdentifierHeartRate
Heart rate,2026-07-24 17:36:17+09:00,141.0,count/min,0,김하은의 Apple Watch,HKQuantityTypeIdentifierHeartRate
Heart rate,2026-07-24 17:36:21+09:00,140.0,count/min,0,김하은의 Apple Watch,HKQuantityTypeIdentifierHeartRate
Heart rate,2026-07-24 17:36:26+09:00,140.0,count/min,0,김하은의 Apple Watch,HKQuantityTypeIdentifierHeartRate
Heart rate,2026-07-24 17:36:31+09:00,142.0,count/min,0,김하은의 Apple Watch,HKQuantityTypeIdentifierHeartRate
Heart rate,2026-07-24 17:36:37+09:00,148.0,count/min,0,김하은의 Apple Watch,HKQuantityTypeIdentifierHeartRate
Heart rate,2026-07-24 17:36:41+09:00,148.0,count/min,0,김하은의 Apple Watch,HKQuantityTypeIdentifierHeartRate
Heart rate,2026-07-24 17:36:45+09:00,147.0,count/min,0,김하은의 Apple Watch,HKQuantityTypeIdentifierHeartRate
Heart rate,2026-07-24 17:36:48+09:00,146.0,count/min,0,김하은의 Apple Watch,HKQuantityTypeIdentifierHeartRate
Heart rate,2026-07-24 17:36:54+09:00,144.0,count/min,0,김하은의 Apple Watch,HKQuantityTypeIdentifierHeartRate
Heart rate,2026-07-24 17:36:58+09:00,144.0,count/min,0,김하은의 Apple Watch,HKQuantityTypeIdentifierHeartRate
Heart rate,2026-07-24 17:37:03+09:00,139.0,count/min,0,김하은의 Apple Watch,HKQuantityTypeIdentifierHeartRate
Heart rate,2026-07-24 17:37:12+09:00,143.0,count/min,0,김하은의 Apple Watch,HKQuantityTypeIdentifierHeartRate
Heart rate,2026-07-24 17:37:15+09:00,144.0,count/min,0,김하은의 Apple Watch,HKQuantityTypeIdentifierHeartRate
Heart rate,2026-07-24 17:37:21+09:00,145.0,count/min,0,김하은의 Apple Watch,HKQuantityTypeIdentifierHeartRate
Heart rate,2026-07-24 17:37:27+09:00,145.0,count/min,0,김하은의 Apple Watch,HKQuantityTypeIdentifierHeartRate
Heart rate,2026-07-24 17:37:32+09:00,142.0,count/min,0,김하은의 Apple Watch,HKQuantityTypeIdentifierHeartRate
Heart rate,2026-07-24 17:37:37+09:00,141.0,count/min,0,김하은의 Apple Watch,HKQuantityTypeIdentifierHeartRate
Heart rate,2026-07-24 17:37:38+09:00,141.0,count/min,0,김하은의 Apple Watch,HKQuantityTypeIdentifierHeartRate
Heart rate,2026-07-24 17:37:43+09:00,143.0,count/min,0,김하은의 Apple Watch,HKQuantityTypeIdentifierHeartRate
Heart rate,2026-07-24 17:37:51+09:00,140.0,count/min,0,김하은의 Apple Watch,HKQuantityTypeIdentifierHeartRate
Heart rate,2026-07-24 17:37:57+09:00,126.0,count/min,0,김하은의 Apple Watch,HKQuantityTypeIdentifierHeartRate
Heart rate,2026-07-24 17:38:09+09:00,127.0,count/min,0,김하은의 Apple Watch,HKQuantityTypeIdentifierHeartRate
Heart rate,2026-07-24 17:38:15+09:00,122.0,count/min,0,김하은의 Apple Watch,HKQuantityTypeIdentifierHeartRate
Heart rate,2026-07-24 17:38:32+09:00,118.0,count/min,0,김하은의 Apple Watch,HKQuantityTypeIdentifierHeartRate
Heart rate,2026-07-24 17:38:35+09:00,117.0,count/min,0,김하은의 Apple Watch,HKQuantityTypeIdentifierHeartRate
Heart rate,2026-07-24 17:39:06+09:00,115.0,count/min,1,김하은의 Apple Watch,HKQuantityTypeIdentifierHeartRate
Heart rate,2026-07-24 17:44:15+09:00,99.0,count/min,1,김하은의 Apple Watch,HKQuantityTypeIdentifierHeartRate
Heart rate,2026-07-24 17:52:23+09:00,96.0,count/min,1,김하은의 Apple Watch,HKQuantityTypeIdentifierHeartRate
Heart rate,2026-07-24 17:52:38+09:00,97.0356,count/min,0,김하은의 Apple Watch,HKQuantityTypeIdentifierHeartRate
Heart rate,2026-07-24 17:54:14+09:00,112.0,count/min,0,김하은의 Apple Watch,HKQuantityTypeIdentifierHeartRate
Heart rate,2026-07-24 17:54:37+09:00,102.0,count/min,0,김하은의 Apple Watch,HKQuantityTypeIdentifierHeartRate
Heart rate,2026-07-24 17:54:42+09:00,103.0,count/min,0,김하은의 Apple Watch,HKQuantityTypeIdentifierHeartRate
Heart rate,2026-07-24 17:54:47+09:00,102.0,count/min,0,김하은의 Apple Watch,HKQuantityTypeIdentifierHeartRate
Heart rate,2026-07-24 17:54:50+09:00,100.0,count/min,0,김하은의 Apple Watch,HKQuantityTypeIdentifierHeartRate
Heart rate,2026-07-24 17:54:57+09:00,103.0,count/min,0,김하은의 Apple Watch,HKQuantityTypeIdentifierHeartRate
Heart rate,2026-07-24 18:00:10+09:00,102.0,count/min,0,김하은의 Apple Watch,HKQuantityTypeIdentifierHeartRate
Heart rate,2026-07-24 18:05:42+09:00,111.0,count/min,1,김하은의 Apple Watch,HKQuantityTypeIdentifierHeartRate
Heart rate,2026-07-24 18:12:11+09:00,111.0,count/min,1,김하은의 Apple Watch,HKQuantityTypeIdentifierHeartRate
Heart rate,2026-07-24 18:15:46+09:00,110.0,count/min,1,김하은의 Apple Watch,HKQuantityTypeIdentifierHeartRate
Heart rate,2026-07-24 18:21:10+09:00,115.0,count/min,1,김하은의 Apple Watch,HKQuantityTypeIdentifierHeartRate
Heart rate,2026-07-24 18:23:32+09:00,113.0,count/min,1,김하은의 Apple Watch,HKQuantityTypeIdentifierHeartRate
Heart rate,2026-07-24 18:29:00+09:00,111.0,count/min,1,김하은의 Apple Watch,HKQuantityTypeIdentifierHeartRate
Heart rate,2026-07-24 18:33:19+09:00,114.0,count/min,1,김하은의 Apple Watch,HKQuantityTypeIdentifierHeartRate
Heart rate,2026-07-24 18:38:20+09:00,109.0,count/min,1,김하은의 Apple Watch,HKQuantityTypeIdentifierHeartRate
Heart rate,2026-07-24 18:42:43+09:00,110.0,count/min,0,김하은의 Apple Watch,HKQuantityTypeIdentifierHeartRate
Heart rate,2026-07-24 18:45:49+09:00,112.0,count/min,0,김하은의 Apple Watch,HKQuantityTypeIdentifierHeartRate
Heart rate,2026-07-24 18:45:54+09:00,115.0,count/min,0,김하은의 Apple Watch,HKQuantityTypeIdentifierHeartRate
Heart rate,2026-07-24 18:45:59+09:00,114.0,count/min,0,김하은의 Apple Watch,HKQuantityTypeIdentifierHeartRate
Heart rate,2026-07-24 18:46:04+09:00,112.0,count/min,0,김하은의 Apple Watch,HKQuantityTypeIdentifierHeartRate
Heart rate,2026-07-24 18:46:07+09:00,112.0,count/min,0,김하은의 Apple Watch,HKQuantityTypeIdentifierHeartRate
Heart rate,2026-07-24 18:46:12+09:00,113.0,count/min,0,김하은의 Apple Watch,HKQuantityTypeIdentifierHeartRate
Heart rate,2026-07-24 18:46:19+09:00,111.0,count/min,0,김하은의 Apple Watch,HKQuantityTypeIdentifierHeartRate
Heart rate,2026-07-24 18:46:20+09:00,111.0,count/min,0,김하은의 Apple Watch,HKQuantityTypeIdentifierHeartRate
Heart rate,2026-07-24 18:46:25+09:00,111.0,count/min,0,김하은의 Apple Watch,HKQuantityTypeIdentifierHeartRate
Heart rate,2026-07-24 18:46:34+09:00,115.0,count/min,0,김하은의 Apple Watch,HKQuantityTypeIdentifierHeartRate
Heart rate,2026-07-24 18:49:32+09:00,105.0,count/min,1,김하은의 Apple Watch,HKQuantityTypeIdentifierHeartRate
Heart rate,2026-07-24 18:56:33+09:00,101.0,count/min,1,김하은의 Apple Watch,HKQuantityTypeIdentifierHeartRate
Heart rate,2026-07-24 19:01:53+09:00,109.0,count/min,1,김하은의 Apple Watch,HKQuantityTypeIdentifierHeartRate
Heart rate,2026-07-24 19:04:37+09:00,100.0,count/min,1,김하은의 Apple Watch,HKQuantityTypeIdentifierHeartRate
Heart rate,2026-07-24 19:11:00+09:00,100.0,count/min,1,김하은의 Apple Watch,HKQuantityTypeIdentifierHeartRate
Heart rate,2026-07-24 19:12:47+09:00,110.0,count/min,1,김하은의 Apple Watch,HKQuantityTypeIdentifierHeartRate
Heart rate,2026-07-24 19:19:25+09:00,104.0,count/min,0,김하은의 Apple Watch,HKQuantityTypeIdentifierHeartRate
Heart rate,2026-07-24 19:26:00+09:00,102.0,count/min,1,김하은의 Apple Watch,HKQuantityTypeIdentifierHeartRate
Heart rate,2026-07-24 19:28:56+09:00,109.0,count/min,0,김하은의 Apple Watch,HKQuantityTypeIdentifierHeartRate
Heart rate,2026-07-24 19:32:41+09:00,100.0,count/min,1,김하은의 Apple Watch,HKQuantityTypeIdentifierHeartRate
Heart rate,2026-07-24 19:39:01+09:00,118.0,count/min,2,김하은의 Apple Watch,HKQuantityTypeIdentifierHeartRate
Heart rate,2026-07-24 19:41:57+09:00,121.0,count/min,2,김하은의 Apple Watch,HKQuantityTypeIdentifierHeartRate
Heart rate,2026-07-24 19:45:54+09:00,115.0,count/min,2,김하은의 Apple Watch,HKQuantityTypeIdentifierHeartRate
Heart rate,2026-07-24 19:47:44+09:00,113.0,count/min,0,김하은의 Apple Watch,HKQuantityTypeIdentifierHeartRate
Heart rate,2026-07-24 19:47:48+09:00,115.0,count/min,0,김하은의 Apple Watch,HKQuantityTypeIdentifierHeartRate
Heart rate,2026-07-24 19:47:54+09:00,120.0,count/min,0,김하은의 Apple Watch,HKQuantityTypeIdentifierHeartRate
Heart rate,2026-07-24 19:47:55+09:00,120.0,count/min,0,김하은의 Apple Watch,HKQuantityTypeIdentifierHeartRate
Heart rate,2026-07-24 19:48:03+09:00,120.0,count/min,0,김하은의 Apple Watch,HKQuantityTypeIdentifierHeartRate
Heart rate,2026-07-24 19:48:08+09:00,118.0,count/min,0,김하은의 Apple Watch,HKQuantityTypeIdentifierHeartRate
Heart rate,2026-07-24 19:48:10+09:00,118.0,count/min,0,김하은의 Apple Watch,HKQuantityTypeIdentifierHeartRate
Heart rate,2026-07-24 19:48:19+09:00,119.0,count/min,0,김하은의 Apple Watch,HKQuantityTypeIdentifierHeartRate
Heart rate,2026-07-24 19:48:22+09:00,119.0,count/min,0,김하은의 Apple Watch,HKQuantityTypeIdentifierHeartRate
Heart rate,2026-07-24 19:48:27+09:00,119.0,count/min,0,김하은의 Apple Watch,HKQuantityTypeIdentifierHeartRate
Heart rate,2026-07-24 19:48:33+09:00,119.0,count/min,0,김하은의 Apple Watch,HKQuantityTypeIdentifierHeartRate
Heart rate,2026-07-24 19:48:35+09:00,119.0,count/min,0,김하은의 Apple Watch,HKQuantityTypeIdentifierHeartRate
Heart rate,2026-07-24 19:48:44+09:00,113.0,count/min,0,김하은의 Apple Watch,HKQuantityTypeIdentifierHeartRate
Heart rate,2026-07-24 19:48:45+09:00,113.0,count/min,0,김하은의 Apple Watch,HKQuantityTypeIdentifierHeartRate
Heart rate,2026-07-24 19:48:50+09:00,114.0,count/min,0,김하은의 Apple Watch,HKQuantityTypeIdentifierHeartRate
Heart rate,2026-07-24 19:48:59+09:00,111.0,count/min,0,김하은의 Apple Watch,HKQuantityTypeIdentifierHeartRate
Heart rate,2026-07-24 19:49:01+09:00,113.0,count/min,0,김하은의 Apple Watch,HKQuantityTypeIdentifierHeartRate
Heart rate,2026-07-24 19:49:06+09:00,113.0,count/min,0,김하은의 Apple Watch,HKQuantityTypeIdentifierHeartRate
Heart rate,2026-07-24 19:49:12+09:00,109.0,count/min,0,김하은의 Apple Watch,HKQuantityTypeIdentifierHeartRate
Heart rate,2026-07-24 19:49:22+09:00,111.0,count/min,0,김하은의 Apple Watch,HKQuantityTypeIdentifierHeartRate
Heart rate,2026-07-24 19:49:27+09:00,109.0,count/min,0,김하은의 Apple Watch,HKQuantityTypeIdentifierHeartRate
Heart rate,2026-07-24 19:49:33+09:00,113.0,count/min,0,김하은의 Apple Watch,HKQuantityTypeIdentifierHeartRate
Heart rate,2026-07-24 19:49:35+09:00,114.0,count/min,0,김하은의 Apple Watch,HKQuantityTypeIdentifierHeartRate
Heart rate,2026-07-24 19:51:30+09:00,124.0,count/min,0,김하은의 Apple Watch,HKQuantityTypeIdentifierHeartRate
Heart rate,2026-07-24 19:51:34+09:00,123.0,count/min,0,김하은의 Apple Watch,HKQuantityTypeIdentifierHeartRate
Heart rate,2026-07-24 19:51:39+09:00,123.0,count/min,0,김하은의 Apple Watch,HKQuantityTypeIdentifierHeartRate
Heart rate,2026-07-24 19:51:44+09:00,123.0,count/min,0,김하은의 Apple Watch,HKQuantityTypeIdentifierHeartRate
Heart rate,2026-07-24 19:51:46+09:00,121.0,count/min,0,김하은의 Apple Watch,HKQuantityTypeIdentifierHeartRate
Heart rate,2026-07-24 19:51:51+09:00,120.0,count/min,0,김하은의 Apple Watch,HKQuantityTypeIdentifierHeartRate
Heart rate,2026-07-24 19:52:00+09:00,111.0,count/min,0,김하은의 Apple Watch,HKQuantityTypeIdentifierHeartRate
Heart rate,2026-07-24 19:52:02+09:00,110.0,count/min,0,김하은의 Apple Watch,HKQuantityTypeIdentifierHeartRate
Heart rate,2026-07-24 19:52:13+09:00,110.0,count/min,0,김하은의 Apple Watch,HKQuantityTypeIdentifierHeartRate
Heart rate,2026-07-24 19:52:20+09:00,106.0,count/min,0,김하은의 Apple Watch,HKQuantityTypeIdentifierHeartRate
Heart rate,2026-07-24 19:52:35+09:00,113.0,count/min,0,김하은의 Apple Watch,HKQuantityTypeIdentifierHeartRate
Heart rate,2026-07-24 19:52:39+09:00,113.0,count/min,0,김하은의 Apple Watch,HKQuantityTypeIdentifierHeartRate
Heart rate,2026-07-24 19:52:45+09:00,115.0,count/min,0,김하은의 Apple Watch,HKQuantityTypeIdentifierHeartRate
Heart rate,2026-07-24 19:52:49+09:00,115.0,count/min,0,김하은의 Apple Watch,HKQuantityTypeIdentifierHeartRate
Heart rate,2026-07-24 19:52:52+09:00,114.0,count/min,0,김하은의 Apple Watch,HKQuantityTypeIdentifierHeartRate
Heart rate,2026-07-24 19:53:00+09:00,112.0,count/min,0,김하은의 Apple Watch,HKQuantityTypeIdentifierHeartRate
Heart rate,2026-07-24 19:53:03+09:00,113.0,count/min,0,김하은의 Apple Watch,HKQuantityTypeIdentifierHeartRate
Heart rate,2026-07-24 19:53:08+09:00,111.0,count/min,0,김하은의 Apple Watch,HKQuantityTypeIdentifierHeartRate
Heart rate,2026-07-24 19:54:13+09:00,104.0,count/min,0,김하은의 Apple Watch,HKQuantityTypeIdentifierHeartRate
Heart rate,2026-07-24 19:59:11+09:00,106.0,count/min,1,김하은의 Apple Watch,HKQuantityTypeIdentifierHeartRate
Heart rate,2026-07-24 20:03:41+09:00,106.0,count/min,0,김하은의 Apple Watch,HKQuantityTypeIdentifierHeartRate
Heart rate,2026-07-24 20:07:11+09:00,121.0,count/min,2,김하은의 Apple Watch,HKQuantityTypeIdentifierHeartRate
Heart rate,2026-07-24 20:09:17+09:00,111.0,count/min,0,김하은의 Apple Watch,HKQuantityTypeIdentifierHeartRate
Heart rate,2026-07-24 20:09:21+09:00,113.0,count/min,0,김하은의 Apple Watch,HKQuantityTypeIdentifierHeartRate
Heart rate,2026-07-24 20:09:27+09:00,116.0,count/min,0,김하은의 Apple Watch,HKQuantityTypeIdentifierHeartRate
Heart rate,2026-07-24 20:09:31+09:00,118.0,count/min,0,김하은의 Apple Watch,HKQuantityTypeIdentifierHeartRate
Heart rate,2026-07-24 20:09:36+09:00,118.0,count/min,0,김하은의 Apple Watch,HKQuantityTypeIdentifierHeartRate
Heart rate,2026-07-24 20:09:40+09:00,118.0,count/min,0,김하은의 Apple Watch,HKQuantityTypeIdentifierHeartRate
Heart rate,2026-07-24 20:09:47+09:00,119.0,count/min,0,김하은의 Apple Watch,HKQuantityTypeIdentifierHeartRate
Heart rate,2026-07-24 20:09:49+09:00,119.0,count/min,0,김하은의 Apple Watch,HKQuantityTypeIdentifierHeartRate
Heart rate,2026-07-24 20:09:53+09:00,118.0,count/min,0,김하은의 Apple Watch,HKQuantityTypeIdentifierHeartRate
Heart rate,2026-07-24 20:10:02+09:00,121.0,count/min,0,김하은의 Apple Watch,HKQuantityTypeIdentifierHeartRate
Heart rate,2026-07-24 20:10:06+09:00,124.0,count/min,0,김하은의 Apple Watch,HKQuantityTypeIdentifierHeartRate
Heart rate,2026-07-24 20:10:09+09:00,124.0,count/min,0,김하은의 Apple Watch,HKQuantityTypeIdentifierHeartRate
Heart rate,2026-07-24 20:10:13+09:00,121.0,count/min,0,김하은의 Apple Watch,HKQuantityTypeIdentifierHeartRate
Heart rate,2026-07-24 20:10:22+09:00,124.0,count/min,0,김하은의 Apple Watch,HKQuantityTypeIdentifierHeartRate
Heart rate,2026-07-24 20:10:26+09:00,122.0,count/min,0,김하은의 Apple Watch,HKQuantityTypeIdentifierHeartRate
Heart rate,2026-07-24 20:10:32+09:00,116.0,count/min,0,김하은의 Apple Watch,HKQuantityTypeIdentifierHeartRate
Heart rate,2026-07-24 20:10:36+09:00,114.0,count/min,0,김하은의 Apple Watch,HKQuantityTypeIdentifierHeartRate
Heart rate,2026-07-24 20:10:41+09:00,114.0,count/min,0,김하은의 Apple Watch,HKQuantityTypeIdentifierHeartRate
Heart rate,2026-07-24 20:10:45+09:00,114.0,count/min,0,김하은의 Apple Watch,HKQuantityTypeIdentifierHeartRate
Heart rate,2026-07-24 20:10:52+09:00,116.0,count/min,0,김하은의 Apple Watch,HKQuantityTypeIdentifierHeartRate
Heart rate,2026-07-24 20:10:54+09:00,116.0,count/min,0,김하은의 Apple Watch,HKQuantityTypeIdentifierHeartRate
Heart rate,2026-07-24 20:11:02+09:00,116.0,count/min,0,김하은의 Apple Watch,HKQuantityTypeIdentifierHeartRate
Heart rate,2026-07-24 20:11:03+09:00,115.0,count/min,0,김하은의 Apple Watch,HKQuantityTypeIdentifierHeartRate
Heart rate,2026-07-24 20:11:12+09:00,112.0,count/min,0,김하은의 Apple Watch,HKQuantityTypeIdentifierHeartRate
Heart rate,2026-07-24 20:11:17+09:00,109.0,count/min,0,김하은의 Apple Watch,HKQuantityTypeIdentifierHeartRate
Heart rate,2026-07-24 20:11:18+09:00,108.0,count/min,0,김하은의 Apple Watch,HKQuantityTypeIdentifierHeartRate
Heart rate,2026-07-24 20:11:23+09:00,107.0,count/min,0,김하은의 Apple Watch,HKQuantityTypeIdentifierHeartRate
Heart rate,2026-07-24 20:11:30+09:00,106.0,count/min,0,김하은의 Apple Watch,HKQuantityTypeIdentifierHeartRate
Heart rate,2026-07-24 20:11:38+09:00,104.0,count/min,0,김하은의 Apple Watch,HKQuantityTypeIdentifierHeartRate
Heart rate,2026-07-24 20:11:42+09:00,104.0,count/min,0,김하은의 Apple Watch,HKQuantityTypeIdentifierHeartRate
Heart rate,2026-07-24 20:11:48+09:00,107.0,count/min,0,김하은의 Apple Watch,HKQuantityTypeIdentifierHeartRate
Heart rate,2026-07-24 20:11:53+09:00,108.0,count/min,0,김하은의 Apple Watch,HKQuantityTypeIdentifierHeartRate
Heart rate,2026-07-24 20:11:57+09:00,109.0,count/min,0,김하은의 Apple Watch,HKQuantityTypeIdentifierHeartRate
Heart rate,2026-07-24 20:11:59+09:00,109.0,count/min,0,김하은의 Apple Watch,HKQuantityTypeIdentifierHeartRate
Heart rate,2026-07-24 20:12:04+09:00,113.0,count/min,0,김하은의 Apple Watch,HKQuantityTypeIdentifierHeartRate
Heart rate,2026-07-24 20:12:09+09:00,114.0,count/min,0,김하은의 Apple Watch,HKQuantityTypeIdentifierHeartRate
Heart rate,2026-07-24 20:12:15+09:00,114.0,count/min,0,김하은의 Apple Watch,HKQuantityTypeIdentifierHeartRate
Heart rate,2026-07-24 20:12:23+09:00,116.0,count/min,0,김하은의 Apple Watch,HKQuantityTypeIdentifierHeartRate
Heart rate,2026-07-24 20:12:26+09:00,116.0,count/min,0,김하은의 Apple Watch,HKQuantityTypeIdentifierHeartRate
Heart rate,2026-07-24 20:12:33+09:00,113.0,count/min,0,김하은의 Apple Watch,HKQuantityTypeIdentifierHeartRate
Heart rate,2026-07-24 20:12:39+09:00,115.0,count/min,0,김하은의 Apple Watch,HKQuantityTypeIdentifierHeartRate
Heart rate,2026-07-24 20:12:47+09:00,122.0,count/min,0,김하은의 Apple Watch,HKQuantityTypeIdentifierHeartRate
Heart rate,2026-07-24 20:12:51+09:00,121.0,count/min,0,김하은의 Apple Watch,HKQuantityTypeIdentifierHeartRate
Heart rate,2026-07-24 20:12:54+09:00,119.0,count/min,0,김하은의 Apple Watch,HKQuantityTypeIdentifierHeartRate
Heart rate,2026-07-24 20:13:03+09:00,121.0,count/min,0,김하은의 Apple Watch,HKQuantityTypeIdentifierHeartRate
Heart rate,2026-07-24 20:13:06+09:00,120.0,count/min,0,김하은의 Apple Watch,HKQuantityTypeIdentifierHeartRate
Heart rate,2026-07-24 20:13:13+09:00,119.0,count/min,0,김하은의 Apple Watch,HKQuantityTypeIdentifierHeartRate
Heart rate,2026-07-24 20:14:30+09:00,99.0,count/min,0,김하은의 Apple Watch,HKQuantityTypeIdentifierHeartRate
Heart rate,2026-07-24 20:14:35+09:00,105.0,count/min,0,김하은의 Apple Watch,HKQuantityTypeIdentifierHeartRate
Heart rate,2026-07-24 20:14:40+09:00,104.0,count/min,0,김하은의 Apple Watch,HKQuantityTypeIdentifierHeartRate
Heart rate,2026-07-24 20:14:41+09:00,103.0,count/min,0,김하은의 Apple Watch,HKQuantityTypeIdentifierHeartRate
Heart rate,2026-07-24 20:14:46+09:00,105.0,count/min,0,김하은의 Apple Watch,HKQuantityTypeIdentifierHeartRate
Heart rate,2026-07-24 20:14:52+09:00,108.0,count/min,0,김하은의 Apple Watch,HKQuantityTypeIdentifierHeartRate
Heart rate,2026-07-24 20:14:59+09:00,108.0,count/min,0,김하은의 Apple Watch,HKQuantityTypeIdentifierHeartRate
Heart rate,2026-07-24 20:15:01+09:00,107.0,count/min,0,김하은의 Apple Watch,HKQuantityTypeIdentifierHeartRate
Heart rate,2026-07-24 20:15:06+09:00,108.0,count/min,0,김하은의 Apple Watch,HKQuantityTypeIdentifierHeartRate
Heart rate,2026-07-24 20:15:11+09:00,109.0,count/min,0,김하은의 Apple Watch,HKQuantityTypeIdentifierHeartRate
Heart rate,2026-07-24 20:15:16+09:00,112.0,count/min,0,김하은의 Apple Watch,HKQuantityTypeIdentifierHeartRate
Heart rate,2026-07-24 20:15:21+09:00,112.0,count/min,0,김하은의 Apple Watch,HKQuantityTypeIdentifierHeartRate
Heart rate,2026-07-24 20:15:30+09:00,114.0,count/min,0,김하은의 Apple Watch,HKQuantityTypeIdentifierHeartRate
Heart rate,2026-07-24 20:15:35+09:00,119.0,count/min,0,김하은의 Apple Watch,HKQuantityTypeIdentifierHeartRate
Heart rate,2026-07-24 20:15:40+09:00,122.0,count/min,0,김하은의 Apple Watch,HKQuantityTypeIdentifierHeartRate
Heart rate,2026-07-24 20:17:11+09:00,112.0,count/min,0,김하은의 Apple Watch,HKQuantityTypeIdentifierHeartRate
Heart rate,2026-07-24 20:17:22+09:00,121.0,count/min,0,김하은의 Apple Watch,HKQuantityTypeIdentifierHeartRate
Heart rate,2026-07-24 20:17:27+09:00,121.0,count/min,0,김하은의 Apple Watch,HKQuantityTypeIdentifierHeartRate
Heart rate,2026-07-24 20:17:36+09:00,121.0,count/min,0,김하은의 Apple Watch,HKQuantityTypeIdentifierHeartRate
Heart rate,2026-07-24 20:17:41+09:00,122.0,count/min,0,김하은의 Apple Watch,HKQuantityTypeIdentifierHeartRate
Heart rate,2026-07-24 20:20:03+09:00,124.0,count/min,2,김하은의 Apple Watch,HKQuantityTypeIdentifierHeartRate
Heart rate,2026-07-24 20:20:18+09:00,133.0,count/min,0,김하은의 Apple Watch,HKQuantityTypeIdentifierHeartRate
Heart rate,2026-07-24 20:20:23+09:00,125.0,count/min,0,김하은의 Apple Watch,HKQuantityTypeIdentifierHeartRate
Heart rate,2026-07-24 20:20:25+09:00,124.0,count/min,0,김하은의 Apple Watch,HKQuantityTypeIdentifierHeartRate
Heart rate,2026-07-24 20:20:29+09:00,122.0,count/min,0,김하은의 Apple Watch,HKQuantityTypeIdentifierHeartRate
Heart rate,2026-07-24 20:20:36+09:00,128.0,count/min,0,김하은의 Apple Watch,HKQuantityTypeIdentifierHeartRate
Heart rate,2026-07-24 20:20:43+09:00,135.0,count/min,0,김하은의 Apple Watch,HKQuantityTypeIdentifierHeartRate
Heart rate,2026-07-24 20:20:44+09:00,137.0,count/min,0,김하은의 Apple Watch,HKQuantityTypeIdentifierHeartRate
Heart rate,2026-07-24 20:20:49+09:00,142.0,count/min,0,김하은의 Apple Watch,HKQuantityTypeIdentifierHeartRate
Heart rate,2026-07-24 20:20:56+09:00,145.0,count/min,0,김하은의 Apple Watch,HKQuantityTypeIdentifierHeartRate
Heart rate,2026-07-24 20:21:01+09:00,143.0,count/min,0,김하은의 Apple Watch,HKQuantityTypeIdentifierHeartRate
Heart rate,2026-07-24 20:21:07+09:00,145.0,count/min,0,김하은의 Apple Watch,HKQuantityTypeIdentifierHeartRate
Heart rate,2026-07-24 20:21:09+09:00,146.0,count/min,0,김하은의 Apple Watch,HKQuantityTypeIdentifierHeartRate
Heart rate,2026-07-24 20:21:18+09:00,137.0,count/min,0,김하은의 Apple Watch,HKQuantityTypeIdentifierHeartRate
Heart rate,2026-07-24 20:21:19+09:00,136.0,count/min,0,김하은의 Apple Watch,HKQuantityTypeIdentifierHeartRate
Heart rate,2026-07-24 20:21:27+09:00,132.0,count/min,0,김하은의 Apple Watch,HKQuantityTypeIdentifierHeartRate
Heart rate,2026-07-24 20:21:29+09:00,133.0,count/min,0,김하은의 Apple Watch,HKQuantityTypeIdentifierHeartRate
Heart rate,2026-07-24 20:21:38+09:00,127.0,count/min,0,김하은의 Apple Watch,HKQuantityTypeIdentifierHeartRate
Heart rate,2026-07-24 20:21:43+09:00,124.0,count/min,0,김하은의 Apple Watch,HKQuantityTypeIdentifierHeartRate
Heart rate,2026-07-24 20:21:46+09:00,120.0,count/min,0,김하은의 Apple Watch,HKQuantityTypeIdentifierHeartRate
Heart rate,2026-07-24 20:21:49+09:00,115.0,count/min,0,김하은의 Apple Watch,HKQuantityTypeIdentifierHeartRate
Heart rate,2026-07-24 20:22:01+09:00,115.0,count/min,0,김하은의 Apple Watch,HKQuantityTypeIdentifierHeartRate
Heart rate,2026-07-24 20:22:06+09:00,114.0,count/min,0,김하은의 Apple Watch,HKQuantityTypeIdentifierHeartRate
Heart rate,2026-07-24 20:22:09+09:00,114.0,count/min,0,김하은의 Apple Watch,HKQuantityTypeIdentifierHeartRate
Heart rate,2026-07-24 20:22:14+09:00,108.0,count/min,0,김하은의 Apple Watch,HKQuantityTypeIdentifierHeartRate
Heart rate,2026-07-24 20:22:23+09:00,106.0,count/min,0,김하은의 Apple Watch,HKQuantityTypeIdentifierHeartRate
Heart rate,2026-07-24 20:22:27+09:00,102.0,count/min,0,김하은의 Apple Watch,HKQuantityTypeIdentifierHeartRate
Heart rate,2026-07-24 20:22:32+09:00,102.0,count/min,0,김하은의 Apple Watch,HKQuantityTypeIdentifierHeartRate
Heart rate,2026-07-24 20:22:38+09:00,99.0,count/min,0,김하은의 Apple Watch,HKQuantityTypeIdentifierHeartRate
Heart rate,2026-07-24 20:22:39+09:00,100.0,count/min,0,김하은의 Apple Watch,HKQuantityTypeIdentifierHeartRate
Heart rate,2026-07-24 20:22:46+09:00,104.0,count/min,0,김하은의 Apple Watch,HKQuantityTypeIdentifierHeartRate
Heart rate,2026-07-24 20:22:49+09:00,103.0,count/min,0,김하은의 Apple Watch,HKQuantityTypeIdentifierHeartRate
Heart rate,2026-07-24 20:22:54+09:00,104.0,count/min,0,김하은의 Apple Watch,HKQuantityTypeIdentifierHeartRate
Heart rate,2026-07-24 20:22:59+09:00,106.0,count/min,0,김하은의 Apple Watch,HKQuantityTypeIdentifierHeartRate
Heart rate,2026-07-24 20:25:56+09:00,95.0,count/min,0,김하은의 Apple Watch,HKQuantityTypeIdentifierHeartRate
Heart rate,2026-07-24 20:28:08+09:00,122.0,count/min,2,김하은의 Apple Watch,HKQuantityTypeIdentifierHeartRate
Heart rate,2026-07-24 20:31:35+09:00,97.0,count/min,1,김하은의 Apple Watch,HKQuantityTypeIdentifierHeartRate
Heart rate,2026-07-24 20:33:56+09:00,101.027,count/min,0,김하은의 Apple Watch,HKQuantityTypeIdentifierHeartRate
Heart rate,2026-07-24 20:34:19+09:00,96.0,count/min,1,김하은의 Apple Watch,HKQuantityTypeIdentifierHeartRate
Heart rate,2026-07-24 20:37:26+09:00,129.0,count/min,2,김하은의 Apple Watch,HKQuantityTypeIdentifierHeartRate
Heart rate,2026-07-24 20:41:59+09:00,91.0,count/min,1,김하은의 Apple Watch,HKQuantityTypeIdentifierHeartRate
Heart rate,2026-07-24 20:43:21+09:00,98.0,count/min,1,김하은의 Apple Watch,HKQuantityTypeIdentifierHeartRate
Heart rate,2026-07-24 20:51:56+09:00,91.0,count/min,1,김하은의 Apple Watch,HKQuantityTypeIdentifierHeartRate
Heart rate,2026-07-24 20:54:30+09:00,93.0,count/min,0,김하은의 Apple Watch,HKQuantityTypeIdentifierHeartRate
Heart rate,2026-07-24 21:01:00+09:00,91.0,count/min,1,김하은의 Apple Watch,HKQuantityTypeIdentifierHeartRate
Heart rate,2026-07-24 21:05:28+09:00,89.0,count/min,1,김하은의 Apple Watch,HKQuantityTypeIdentifierHeartRate
Heart rate,2026-07-24 21:09:17+09:00,93.0,count/min,0,김하은의 Apple Watch,HKQuantityTypeIdentifierHeartRate
Heart rate,2026-07-24 21:11:13+09:00,92.0,count/min,1,김하은의 Apple Watch,HKQuantityTypeIdentifierHeartRate
Heart rate,2026-07-24 21:15:48+09:00,83.0,count/min,1,김하은의 Apple Watch,HKQuantityTypeIdentifierHeartRate
Heart rate,2026-07-24 21:17:42+09:00,91.0,count/min,0,김하은의 Apple Watch,HKQuantityTypeIdentifierHeartRate
Heart rate,2026-07-24 21:25:42+09:00,84.0,count/min,1,김하은의 Apple Watch,HKQuantityTypeIdentifierHeartRate
Heart rate,2026-07-24 21:27:52+09:00,86.0,count/min,1,김하은의 Apple Watch,HKQuantityTypeIdentifierHeartRate
Heart rate,2026-07-24 21:33:31+09:00,92.0,count/min,1,김하은의 Apple Watch,HKQuantityTypeIdentifierHeartRate
Heart rate,2026-07-24 21:40:44+09:00,88.0,count/min,0,김하은의 Apple Watch,HKQuantityTypeIdentifierHeartRate
Heart rate,2026-07-24 21:49:18+09:00,84.0,count/min,1,김하은의 Apple Watch,HKQuantityTypeIdentifierHeartRate
Heart rate,2026-07-24 21:57:00+09:00,81.0,count/min,1,김하은의 Apple Watch,HKQuantityTypeIdentifierHeartRate
Heart rate,2026-07-24 22:01:00+09:00,87.0,count/min,1,김하은의 Apple Watch,HKQuantityTypeIdentifierHeartRate
Heart rate,2026-07-24 22:02:28+09:00,84.0,count/min,0,김하은의 Apple Watch,HKQuantityTypeIdentifierHeartRate
Heart rate,2026-07-24 22:09:09+09:00,84.0,count/min,1,김하은의 Apple Watch,HKQuantityTypeIdentifierHeartRate
Heart rate,2026-07-24 22:09:43+09:00,86.0,count/min,0,김하은의 Apple Watch,HKQuantityTypeIdentifierHeartRate
Heart rate,2026-07-24 22:14:35+09:00,73.0,count/min,0,김하은의 Apple Watch,HKQuantityTypeIdentifierHeartRate
Heart rate,2026-07-24 22:18:38+09:00,80.0,count/min,1,김하은의 Apple Watch,HKQuantityTypeIdentifierHeartRate
Heart rate,2026-07-24 22:25:26+09:00,104.0,count/min,2,김하은의 Apple Watch,HKQuantityTypeIdentifierHeartRate
Heart rate,2026-07-24 22:26:48+09:00,102.0,count/min,0,김하은의 Apple Watch,HKQuantityTypeIdentifierHeartRate
Heart rate,2026-07-24 22:26:53+09:00,103.0,count/min,0,김하은의 Apple Watch,HKQuantityTypeIdentifierHeartRate
Heart rate,2026-07-24 22:26:55+09:00,102.0,count/min,0,김하은의 Apple Watch,HKQuantityTypeIdentifierHeartRate
Heart rate,2026-07-24 22:27:02+09:00,104.0,count/min,0,김하은의 Apple Watch,HKQuantityTypeIdentifierHeartRate
Heart rate,2026-07-24 22:27:08+09:00,108.0,count/min,0,김하은의 Apple Watch,HKQuantityTypeIdentifierHeartRate
Heart rate,2026-07-24 22:27:13+09:00,108.0,count/min,0,김하은의 Apple Watch,HKQuantityTypeIdentifierHeartRate
Heart rate,2026-07-24 22:27:14+09:00,109.0,count/min,0,김하은의 Apple Watch,HKQuantityTypeIdentifierHeartRate
Heart rate,2026-07-24 22:27:19+09:00,105.0,count/min,0,김하은의 Apple Watch,HKQuantityTypeIdentifierHeartRate
Heart rate,2026-07-24 22:27:27+09:00,97.0,count/min,0,김하은의 Apple Watch,HKQuantityTypeIdentifierHeartRate
Heart rate,2026-07-24 22:29:44+09:00,94.0,count/min,0,김하은의 Apple Watch,HKQuantityTypeIdentifierHeartRate
Heart rate,2026-07-24 22:30:37+09:00,106.0,count/min,2,김하은의 Apple Watch,HKQuantityTypeIdentifierHeartRate
Heart rate,2026-07-24 22:34:41+09:00,88.0,count/min,1,김하은의 Apple Watch,HKQuantityTypeIdentifierHeartRate
Heart rate,2026-07-24 22:41:24+09:00,88.0,count/min,1,김하은의 Apple Watch,HKQuantityTypeIdentifierHeartRate
Heart rate,2026-07-24 22:46:51+09:00,84.0,count/min,1,김하은의 Apple Watch,HKQuantityTypeIdentifierHeartRate
Heart rate,2026-07-24 22:49:05+09:00,88.0,count/min,0,김하은의 Apple Watch,HKQuantityTypeIdentifierHeartRate
Heart rate,2026-07-24 22:55:19+09:00,88.0,count/min,1,김하은의 Apple Watch,HKQuantityTypeIdentifierHeartRate
Heart rate,2026-07-24 22:58:50+09:00,87.0,count/min,0,김하은의 Apple Watch,HKQuantityTypeIdentifierHeartRate
Heart rate,2026-07-24 23:00:57+09:00,106.0,count/min,2,김하은의 Apple Watch,HKQuantityTypeIdentifierHeartRate
Heart rate,2026-07-24 23:05:53+09:00,91.0,count/min,1,김하은의 Apple Watch,HKQuantityTypeIdentifierHeartRate
Heart rate,2026-07-24 23:08:08+09:00,80.0,count/min,1,김하은의 Apple Watch,HKQuantityTypeIdentifierHeartRate
Heart rate,2026-07-24 23:08:24+09:00,86.2905,count/min,0,김하은의 Apple Watch,HKQuantityTypeIdentifierHeartRate
Heart rate,2026-07-24 23:13:47+09:00,91.0,count/min,1,김하은의 Apple Watch,HKQuantityTypeIdentifierHeartRate
Heart rate,2026-07-24 23:16:19+09:00,106.0,count/min,2,김하은의 Apple Watch,HKQuantityTypeIdentifierHeartRate
Heart rate,2026-07-24 23:18:39+09:00,123.0,count/min,2,김하은의 Apple Watch,HKQuantityTypeIdentifierHeartRate
Heart rate,2026-07-24 23:21:04+09:00,108.0,count/min,2,김하은의 Apple Watch,HKQuantityTypeIdentifierHeartRate
Heart rate,2026-07-24 23:23:23+09:00,127.0,count/min,2,김하은의 Apple Watch,HKQuantityTypeIdentifierHeartRate
Heart rate,2026-07-24 23:25:52+09:00,115.0,count/min,2,김하은의 Apple Watch,HKQuantityTypeIdentifierHeartRate
Heart rate,2026-07-24 23:27:23+09:00,113.0,count/min,0,김하은의 Apple Watch,HKQuantityTypeIdentifierHeartRate
Heart rate,2026-07-24 23:30:53+09:00,99.0,count/min,1,김하은의 Apple Watch,HKQuantityTypeIdentifierHeartRate
Heart rate,2026-07-24 23:36:03+09:00,80.0,count/min,1,김하은의 Apple Watch,HKQuantityTypeIdentifierHeartRate
Heart rate,2026-07-24 23:38:55+09:00,88.1912,count/min,0,김하은의 Apple Watch,HKQuantityTypeIdentifierHeartRate
Heart rate,2026-07-24 23:39:08+09:00,84.0,count/min,1,김하은의 Apple Watch,HKQuantityTypeIdentifierHeartRate
Heart rate,2026-07-25 12:53:02+09:00,85.0,count/min,1,김하은의 Apple Watch,HKQuantityTypeIdentifierHeartRate
Heart rate,2026-07-25 12:58:39+09:00,95.7197,count/min,0,김하은의 Apple Watch,HKQuantityTypeIdentifierHeartRate
Heart rate,2026-07-25 12:58:42+09:00,91.0,count/min,1,김하은의 Apple Watch,HKQuantityTypeIdentifierHeartRate
Heart rate,2026-07-25 13:09:06+09:00,91.0,count/min,1,김하은의 Apple Watch,HKQuantityTypeIdentifierHeartRate
Heart rate,2026-07-25 13:17:13+09:00,89.0,count/min,1,김하은의 Apple Watch,HKQuantityTypeIdentifierHeartRate
Heart rate,2026-07-25 13:19:30+09:00,85.0,count/min,1,김하은의 Apple Watch,HKQuantityTypeIdentifierHeartRate
Heart rate,2026-07-25 13:22:58+09:00,93.0,count/min,1,김하은의 Apple Watch,HKQuantityTypeIdentifierHeartRate
Heart rate,2026-07-25 13:29:33+09:00,88.0,count/min,1,김하은의 Apple Watch,HKQuantityTypeIdentifierHeartRate
Heart rate,2026-07-25 13:32:25+09:00,108.0,count/min,2,김하은의 Apple Watch,HKQuantityTypeIdentifierHeartRate
Heart rate,2026-07-25 13:36:44+09:00,81.0,count/min,1,김하은의 Apple Watch,HKQuantityTypeIdentifierHeartRate
Heart rate,2026-07-25 13:38:14+09:00,84.3959,count/min,0,김하은의 Apple Watch,HKQuantityTypeIdentifierHeartRate
Heart rate,2026-07-25 13:39:31+09:00,85.0,count/min,1,김하은의 Apple Watch,HKQuantityTypeIdentifierHeartRate
Heart rate,2026-07-25 13:40:51+09:00,87.0,count/min,0,김하은의 Apple Watch,HKQuantityTypeIdentifierHeartRate
Heart rate,2026-07-25 13:44:11+09:00,90.0,count/min,1,김하은의 Apple Watch,HKQuantityTypeIdentifierHeartRate
Heart rate,2026-07-25 13:49:54+09:00,87.0,count/min,0,김하은의 Apple Watch,HKQuantityTypeIdentifierHeartRate
Heart rate,2026-07-25 13:53:33+09:00,91.0,count/min,1,김하은의 Apple Watch,HKQuantityTypeIdentifierHeartRate
Heart rate,2026-07-25 14:02:12+09:00,85.0,count/min,1,김하은의 Apple Watch,HKQuantityTypeIdentifierHeartRate
Heart rate,2026-07-25 14:06:10+09:00,90.0,count/min,1,김하은의 Apple Watch,HKQuantityTypeIdentifierHeartRate
Heart rate,2026-07-25 14:09:11+09:00,82.0,count/min,1,김하은의 Apple Watch,HKQuantityTypeIdentifierHeartRate
Heart rate,2026-07-25 14:16:30+09:00,85.0,count/min,1,김하은의 Apple Watch,HKQuantityTypeIdentifierHeartRate
Heart rate,2026-07-25 14:20:28+09:00,85.0,count/min,1,김하은의 Apple Watch,HKQuantityTypeIdentifierHeartRate
Heart rate,2026-07-25 14:25:51+09:00,85.0,count/min,1,김하은의 Apple Watch,HKQuantityTypeIdentifierHeartRate
Heart rate,2026-07-25 14:30:44+09:00,84.0,count/min,1,김하은의 Apple Watch,HKQuantityTypeIdentifierHeartRate
Heart rate,2026-07-25 14:35:18+09:00,85.0,count/min,1,김하은의 Apple Watch,HKQuantityTypeIdentifierHeartRate
Heart rate,2026-07-25 14:37:30+09:00,87.0,count/min,1,김하은의 Apple Watch,HKQuantityTypeIdentifierHeartRate
Heart rate,2026-07-25 14:43:36+09:00,106.0,count/min,1,김하은의 Apple Watch,HKQuantityTypeIdentifierHeartRate
Heart rate,2026-07-25 14:51:45+09:00,80.0,count/min,1,김하은의 Apple Watch,HKQuantityTypeIdentifierHeartRate
Heart rate,2026-07-25 14:54:10+09:00,91.0,count/min,1,김하은의 Apple Watch,HKQuantityTypeIdentifierHeartRate
Heart rate,2026-07-25 14:58:03+09:00,93.0,count/min,1,김하은의 Apple Watch,HKQuantityTypeIdentifierHeartRate
Heart rate,2026-07-25 15:03:17+09:00,99.0,count/min,1,김하은의 Apple Watch,HKQuantityTypeIdentifierHeartRate
Heart rate,2026-07-25 15:11:14+09:00,94.0,count/min,1,김하은의 Apple Watch,HKQuantityTypeIdentifierHeartRate
Heart rate,2026-07-25 15:12:25+09:00,92.0,count/min,1,김하은의 Apple Watch,HKQuantityTypeIdentifierHeartRate
Heart rate,2026-07-25 15:20:58+09:00,91.0,count/min,1,김하은의 Apple Watch,HKQuantityTypeIdentifierHeartRate
Heart rate,2026-07-25 15:25:36+09:00,93.0,count/min,1,김하은의 Apple Watch,HKQuantityTypeIdentifierHeartRate
Heart rate,2026-07-25 15:27:59+09:00,91.0,count/min,1,김하은의 Apple Watch,HKQuantityTypeIdentifierHeartRate
Heart rate,2026-07-25 15:34:42+09:00,95.0,count/min,1,김하은의 Apple Watch,HKQuantityTypeIdentifierHeartRate
Heart rate,2026-07-25 15:39:45+09:00,104.0,count/min,1,김하은의 Apple Watch,HKQuantityTypeIdentifierHeartRate
Heart rate,2026-07-25 15:41:04+09:00,105.694,count/min,0,김하은의 Apple Watch,HKQuantityTypeIdentifierHeartRate
Heart rate,2026-07-25 15:45:33+09:00,91.0,count/min,1,김하은의 Apple Watch,HKQuantityTypeIdentifierHeartRate
Heart rate,2026-07-25 15:52:09+09:00,97.0,count/min,1,김하은의 Apple Watch,HKQuantityTypeIdentifierHeartRate
Heart rate,2026-07-25 15:53:14+09:00,93.0,count/min,1,김하은의 Apple Watch,HKQuantityTypeIdentifierHeartRate
Heart rate,2026-07-25 15:59:19+09:00,119.0,count/min,2,김하은의 Apple Watch,HKQuantityTypeIdentifierHeartRate
Heart rate,2026-07-25 16:00:23+09:00,112.0,count/min,0,김하은의 Apple Watch,HKQuantityTypeIdentifierHeartRate
Heart rate,2026-07-25 17:06:52+09:00,128.0,count/min,2,김하은의 Apple Watch,HKQuantityTypeIdentifierHeartRate
Heart rate,2026-07-25 17:09:08+09:00,125.0,count/min,2,김하은의 Apple Watch,HKQuantityTypeIdentifierHeartRate
Heart rate,2026-07-25 17:11:24+09:00,127.0,count/min,2,김하은의 Apple Watch,HKQuantityTypeIdentifierHeartRate
Heart rate,2026-07-25 17:12:09+09:00,126.0,count/min,0,김하은의 Apple Watch,HKQuantityTypeIdentifierHeartRate
Heart rate,2026-07-25 17:12:12+09:00,126.0,count/min,0,김하은의 Apple Watch,HKQuantityTypeIdentifierHeartRate
Heart rate,2026-07-25 17:12:19+09:00,127.0,count/min,0,김하은의 Apple Watch,HKQuantityTypeIdentifierHeartRate
Heart rate,2026-07-25 17:12:39+09:00,125.0,count/min,0,김하은의 Apple Watch,HKQuantityTypeIdentifierHeartRate
Heart rate,2026-07-25 17:12:43+09:00,126.0,count/min,0,김하은의 Apple Watch,HKQuantityTypeIdentifierHeartRate
Heart rate,2026-07-25 17:12:45+09:00,127.0,count/min,0,김하은의 Apple Watch,HKQuantityTypeIdentifierHeartRate
Heart rate,2026-07-25 17:12:50+09:00,125.0,count/min,0,김하은의 Apple Watch,HKQuantityTypeIdentifierHeartRate
Heart rate,2026-07-25 17:12:58+09:00,128.0,count/min,0,김하은의 Apple Watch,HKQuantityTypeIdentifierHeartRate
Heart rate,2026-07-25 17:13:01+09:00,128.0,count/min,0,김하은의 Apple Watch,HKQuantityTypeIdentifierHeartRate
Heart rate,2026-07-25 17:13:08+09:00,128.0,count/min,0,김하은의 Apple Watch,HKQuantityTypeIdentifierHeartRate
Heart rate,2026-07-25 17:13:10+09:00,126.0,count/min,0,김하은의 Apple Watch,HKQuantityTypeIdentifierHeartRate
Heart rate,2026-07-25 17:13:19+09:00,123.0,count/min,0,김하은의 Apple Watch,HKQuantityTypeIdentifierHeartRate
Heart rate,2026-07-25 17:13:20+09:00,123.0,count/min,0,김하은의 Apple Watch,HKQuantityTypeIdentifierHeartRate
Heart rate,2026-07-25 17:13:28+09:00,127.0,count/min,0,김하은의 Apple Watch,HKQuantityTypeIdentifierHeartRate
Heart rate,2026-07-25 17:13:42+09:00,125.0,count/min,0,김하은의 Apple Watch,HKQuantityTypeIdentifierHeartRate
Heart rate,2026-07-25 17:13:49+09:00,121.0,count/min,0,김하은의 Apple Watch,HKQuantityTypeIdentifierHeartRate
Heart rate,2026-07-25 17:13:53+09:00,120.0,count/min,0,김하은의 Apple Watch,HKQuantityTypeIdentifierHeartRate
Heart rate,2026-07-25 17:13:59+09:00,119.0,count/min,0,김하은의 Apple Watch,HKQuantityTypeIdentifierHeartRate
Heart rate,2026-07-25 17:14:02+09:00,119.0,count/min,0,김하은의 Apple Watch,HKQuantityTypeIdentifierHeartRate
Heart rate,2026-07-25 17:17:55+09:00,131.0,count/min,2,김하은의 Apple Watch,HKQuantityTypeIdentifierHeartRate
Heart rate,2026-07-25 17:19:13+09:00,112.0,count/min,0,김하은의 Apple Watch,HKQuantityTypeIdentifierHeartRate
Heart rate,2026-07-25 17:19:28+09:00,134.0,count/min,0,김하은의 Apple Watch,HKQuantityTypeIdentifierHeartRate
Heart rate,2026-07-25 17:19:33+09:00,133.0,count/min,0,김하은의 Apple Watch,HKQuantityTypeIdentifierHeartRate
Heart rate,2026-07-25 17:19:37+09:00,133.0,count/min,0,김하은의 Apple Watch,HKQuantityTypeIdentifierHeartRate
Heart rate,2026-07-25 17:19:49+09:00,134.0,count/min,0,김하은의 Apple Watch,HKQuantityTypeIdentifierHeartRate
Heart rate,2026-07-25 17:19:58+09:00,128.0,count/min,0,김하은의 Apple Watch,HKQuantityTypeIdentifierHeartRate
Heart rate,2026-07-25 17:20:03+09:00,124.0,count/min,0,김하은의 Apple Watch,HKQuantityTypeIdentifierHeartRate
Heart rate,2026-07-25 17:20:08+09:00,123.0,count/min,0,김하은의 Apple Watch,HKQuantityTypeIdentifierHeartRate
Heart rate,2026-07-25 17:20:19+09:00,123.0,count/min,0,김하은의 Apple Watch,HKQuantityTypeIdentifierHeartRate
Heart rate,2026-07-25 17:23:24+09:00,103.0,count/min,1,김하은의 Apple Watch,HKQuantityTypeIdentifierHeartRate
Heart rate,2026-07-25 17:29:00+09:00,99.0,count/min,1,김하은의 Apple Watch,HKQuantityTypeIdentifierHeartRate
Heart rate,2026-07-25 17:34:55+09:00,99.0,count/min,1,김하은의 Apple Watch,HKQuantityTypeIdentifierHeartRate
Heart rate,2026-07-25 17:40:31+09:00,110.231,count/min,0,김하은의 Apple Watch,HKQuantityTypeIdentifierHeartRate
Heart rate,2026-07-25 17:41:23+09:00,108.0,count/min,1,김하은의 Apple Watch,HKQuantityTypeIdentifierHeartRate
Heart rate,2026-07-25 17:47:01+09:00,106.0,count/min,1,김하은의 Apple Watch,HKQuantityTypeIdentifierHeartRate
Heart rate,2026-07-25 17:51:32+09:00,101.0,count/min,1,김하은의 Apple Watch,HKQuantityTypeIdentifierHeartRate
Heart rate,2026-07-25 17:58:07+09:00,96.0,count/min,0,김하은의 Apple Watch,HKQuantityTypeIdentifierHeartRate
Heart rate,2026-07-25 18:04:31+09:00,118.0,count/min,1,김하은의 Apple Watch,HKQuantityTypeIdentifierHeartRate
Heart rate,2026-07-25 18:07:50+09:00,123.0,count/min,2,김하은의 Apple Watch,HKQuantityTypeIdentifierHeartRate
Heart rate,2026-07-25 18:10:14+09:00,124.0,count/min,1,김하은의 Apple Watch,HKQuantityTypeIdentifierHeartRate
Heart rate,2026-07-25 18:13:03+09:00,120.0,count/min,2,김하은의 Apple Watch,HKQuantityTypeIdentifierHeartRate
Heart rate,2026-07-25 18:13:46+09:00,103.0,count/min,1,김하은의 Apple Watch,HKQuantityTypeIdentifierHeartRate
Heart rate,2026-07-25 18:20:30+09:00,103.0,count/min,1,김하은의 Apple Watch,HKQuantityTypeIdentifierHeartRate
Heart rate,2026-07-25 18:25:11+09:00,141.0,count/min,2,김하은의 Apple Watch,HKQuantityTypeIdentifierHeartRate
Heart rate,2026-07-25 18:31:17+09:00,112.0,count/min,0,김하은의 Apple Watch,HKQuantityTypeIdentifierHeartRate
Heart rate,2026-07-25 18:35:10+09:00,114.0,count/min,1,김하은의 Apple Watch,HKQuantityTypeIdentifierHeartRate
Heart rate,2026-07-25 18:38:08+09:00,107.0,count/min,1,김하은의 Apple Watch,HKQuantityTypeIdentifierHeartRate
Heart rate,2026-07-25 18:43:15+09:00,112.0,count/min,0,김하은의 Apple Watch,HKQuantityTypeIdentifierHeartRate
Heart rate,2026-07-25 18:49:54+09:00,112.0,count/min,1,김하은의 Apple Watch,HKQuantityTypeIdentifierHeartRate
Heart rate,2026-07-25 18:57:58+09:00,104.0,count/min,1,김하은의 Apple Watch,HKQuantityTypeIdentifierHeartRate
Heart rate,2026-07-25 19:06:16+09:00,111.0,count/min,1,김하은의 Apple Watch,HKQuantityTypeIdentifierHeartRate
Heart rate,2026-07-25 19:11:10+09:00,108.0,count/min,1,김하은의 Apple Watch,HKQuantityTypeIdentifierHeartRate
Heart rate,2026-07-25 19:13:34+09:00,110.0,count/min,0,김하은의 Apple Watch,HKQuantityTypeIdentifierHeartRate
Heart rate,2026-07-25 19:19:53+09:00,104.0,count/min,1,김하은의 Apple Watch,HKQuantityTypeIdentifierHeartRate
Heart rate,2026-07-25 19:24:46+09:00,105.0,count/min,1,김하은의 Apple Watch,HKQuantityTypeIdentifierHeartRate
Heart rate,2026-07-25 19:28:06+09:00,105.0,count/min,1,김하은의 Apple Watch,HKQuantityTypeIdentifierHeartRate
Heart rate,2026-07-25 19:34:10+09:00,108.0,count/min,1,김하은의 Apple Watch,HKQuantityTypeIdentifierHeartRate
Heart rate,2026-07-25 19:38:26+09:00,105.0,count/min,1,김하은의 Apple Watch,HKQuantityTypeIdentifierHeartRate
Heart rate,2026-07-25 19:44:20+09:00,108.0,count/min,1,김하은의 Apple Watch,HKQuantityTypeIdentifierHeartRate
Heart rate,2026-07-25 19:49:42+09:00,105.0,count/min,1,김하은의 Apple Watch,HKQuantityTypeIdentifierHeartRate
Heart rate,2026-07-25 19:54:08+09:00,105.0,count/min,1,김하은의 Apple Watch,HKQuantityTypeIdentifierHeartRate
Heart rate,2026-07-25 19:57:26+09:00,102.23,count/min,0,김하은의 Apple Watch,HKQuantityTypeIdentifierHeartRate
Heart rate,2026-07-25 19:58:06+09:00,100.0,count/min,1,김하은의 Apple Watch,HKQuantityTypeIdentifierHeartRate
Heart rate,2026-07-25 20:05:59+09:00,115.0,count/min,1,김하은의 Apple Watch,HKQuantityTypeIdentifierHeartRate
Heart rate,2026-07-25 20:09:52+09:00,109.0,count/min,1,김하은의 Apple Watch,HKQuantityTypeIdentifierHeartRate
Heart rate,2026-07-25 20:15:32+09:00,75.0,count/min,1,김하은의 Apple Watch,HKQuantityTypeIdentifierHeartRate
Heart rate,2026-07-25 20:22:10+09:00,104.0,count/min,1,김하은의 Apple Watch,HKQuantityTypeIdentifierHeartRate
Heart rate,2026-07-25 20:24:00+09:00,101.0,count/min,1,김하은의 Apple Watch,HKQuantityTypeIdentifierHeartRate
Heart rate,2026-07-25 20:24:41+09:00,83.0,count/min,0,김하은의 Apple Watch,HKQuantityTypeIdentifierHeartRate
Heart rate,2026-07-25 20:27:50+09:00,101.0,count/min,1,김하은의 Apple Watch,HKQuantityTypeIdentifierHeartRate
Heart rate,2026-07-25 20:35:06+09:00,110.0,count/min,1,김하은의 Apple Watch,HKQuantityTypeIdentifierHeartRate
Heart rate,2026-07-25 20:40:58+09:00,105.0,count/min,1,김하은의 Apple Watch,HKQuantityTypeIdentifierHeartRate
Heart rate,2026-07-25 20:45:47+09:00,101.0,count/min,1,김하은의 Apple Watch,HKQuantityTypeIdentifierHeartRate
Heart rate,2026-07-25 20:49:42+09:00,104.0,count/min,1,김하은의 Apple Watch,HKQuantityTypeIdentifierHeartRate
Heart rate,2026-07-25 20:53:54+09:00,125.0,count/min,2,김하은의 Apple Watch,HKQuantityTypeIdentifierHeartRate
Heart rate,2026-07-25 20:56:15+09:00,141.0,count/min,2,김하은의 Apple Watch,HKQuantityTypeIdentifierHeartRate
Heart rate,2026-07-25 20:57:13+09:00,99.0,count/min,1,김하은의 Apple Watch,HKQuantityTypeIdentifierHeartRate
Heart rate,2026-07-25 20:59:06+09:00,101.0,count/min,1,김하은의 Apple Watch,HKQuantityTypeIdentifierHeartRate
Heart rate,2026-07-25 21:02:19+09:00,95.0,count/min,0,김하은의 Apple Watch,HKQuantityTypeIdentifierHeartRate
Heart rate,2026-07-25 21:05:50+09:00,100.0,count/min,1,김하은의 Apple Watch,HKQuantityTypeIdentifierHeartRate
Heart rate,2026-07-25 21:12:08+09:00,99.0,count/min,1,김하은의 Apple Watch,HKQuantityTypeIdentifierHeartRate
Heart rate,2026-07-25 21:16:52+09:00,102.0,count/min,1,김하은의 Apple Watch,HKQuantityTypeIdentifierHeartRate
Heart rate,2026-07-25 21:18:23+09:00,99.0,count/min,1,김하은의 Apple Watch,HKQuantityTypeIdentifierHeartRate
Heart rate,2026-07-25 21:23:38+09:00,115.0,count/min,1,김하은의 Apple Watch,HKQuantityTypeIdentifierHeartRate
Heart rate,2026-07-25 21:27:26+09:00,108.0,count/min,0,김하은의 Apple Watch,HKQuantityTypeIdentifierHeartRate
Heart rate,2026-07-25 21:31:35+09:00,116.0,count/min,2,김하은의 Apple Watch,HKQuantityTypeIdentifierHeartRate
Heart rate,2026-07-25 21:33:04+09:00,134.0,count/min,0,김하은의 Apple Watch,HKQuantityTypeIdentifierHeartRate
Heart rate,2026-07-25 21:33:05+09:00,134.0,count/min,0,김하은의 Apple Watch,HKQuantityTypeIdentifierHeartRate
Heart rate,2026-07-25 21:33:24+09:00,130.0,count/min,0,김하은의 Apple Watch,HKQuantityTypeIdentifierHeartRate
Heart rate,2026-07-25 21:33:25+09:00,130.0,count/min,0,김하은의 Apple Watch,HKQuantityTypeIdentifierHeartRate
Heart rate,2026-07-25 21:35:51+09:00,140.0,count/min,2,김하은의 Apple Watch,HKQuantityTypeIdentifierHeartRate
Heart rate,2026-07-25 21:37:16+09:00,111.0,count/min,0,김하은의 Apple Watch,HKQuantityTypeIdentifierHeartRate
Heart rate,2026-07-25 21:38:36+09:00,113.0,count/min,0,김하은의 Apple Watch,HKQuantityTypeIdentifierHeartRate
Heart rate,2026-07-25 21:42:38+09:00,131.0,count/min,2,김하은의 Apple Watch,HKQuantityTypeIdentifierHeartRate
Heart rate,2026-07-25 21:44:29+09:00,137.0,count/min,0,김하은의 Apple Watch,HKQuantityTypeIdentifierHeartRate
Heart rate,2026-07-25 21:44:31+09:00,137.0,count/min,0,김하은의 Apple Watch,HKQuantityTypeIdentifierHeartRate
Heart rate,2026-07-25 21:44:39+09:00,135.0,count/min,0,김하은의 Apple Watch,HKQuantityTypeIdentifierHeartRate
Heart rate,2026-07-25 21:44:41+09:00,134.0,count/min,0,김하은의 Apple Watch,HKQuantityTypeIdentifierHeartRate
Heart rate,2026-07-25 21:44:47+09:00,125.0,count/min,0,김하은의 Apple Watch,HKQuantityTypeIdentifierHeartRate
Heart rate,2026-07-25 21:44:54+09:00,115.0,count/min,0,김하은의 Apple Watch,HKQuantityTypeIdentifierHeartRate
Heart rate,2026-07-25 21:44:56+09:00,115.0,count/min,0,김하은의 Apple Watch,HKQuantityTypeIdentifierHeartRate
Heart rate,2026-07-25 21:45:04+09:00,120.0,count/min,0,김하은의 Apple Watch,HKQuantityTypeIdentifierHeartRate
Heart rate,2026-07-25 21:46:30+09:00,111.0,count/min,0,김하은의 Apple Watch,HKQuantityTypeIdentifierHeartRate
Heart rate,2026-07-25 21:47:45+09:00,104.0,count/min,1,김하은의 Apple Watch,HKQuantityTypeIdentifierHeartRate
Heart rate,2026-07-25 21:54:04+09:00,100.0,count/min,1,김하은의 Apple Watch,HKQuantityTypeIdentifierHeartRate
Heart rate,2026-07-25 22:01:28+09:00,104.0,count/min,1,김하은의 Apple Watch,HKQuantityTypeIdentifierHeartRate
Heart rate,2026-07-25 22:04:38+09:00,100.0,count/min,1,김하은의 Apple Watch,HKQuantityTypeIdentifierHeartRate
Heart rate,2026-07-25 22:08:16+09:00,105.0,count/min,1,김하은의 Apple Watch,HKQuantityTypeIdentifierHeartRate
Heart rate,2026-07-25 22:16:54+09:00,106.0,count/min,1,김하은의 Apple Watch,HKQuantityTypeIdentifierHeartRate
Heart rate,2026-07-25 22:22:06+09:00,99.0,count/min,1,김하은의 Apple Watch,HKQuantityTypeIdentifierHeartRate
Heart rate,2026-07-25 22:27:07+09:00,93.0,count/min,1,김하은의 Apple Watch,HKQuantityTypeIdentifierHeartRate
Heart rate,2026-07-25 22:32:18+09:00,95.0,count/min,1,김하은의 Apple Watch,HKQuantityTypeIdentifierHeartRate
Heart rate,2026-07-25 22:35:02+09:00,103.0,count/min,1,김하은의 Apple Watch,HKQuantityTypeIdentifierHeartRate
Heart rate,2026-07-25 22:40:29+09:00,100.0,count/min,1,김하은의 Apple Watch,HKQuantityTypeIdentifierHeartRate
Heart rate,2026-07-25 22:44:15+09:00,108.0,count/min,0,김하은의 Apple Watch,HKQuantityTypeIdentifierHeartRate
Heart rate,2026-07-25 22:45:26+09:00,132.0,count/min,2,김하은의 Apple Watch,HKQuantityTypeIdentifierHeartRate
Heart rate,2026-07-25 22:46:57+09:00,132.0,count/min,0,김하은의 Apple Watch,HKQuantityTypeIdentifierHeartRate
Heart rate,2026-07-25 22:47:01+09:00,132.0,count/min,0,김하은의 Apple Watch,HKQuantityTypeIdentifierHeartRate
Heart rate,2026-07-25 22:47:07+09:00,130.0,count/min,0,김하은의 Apple Watch,HKQuantityTypeIdentifierHeartRate
Heart rate,2026-07-25 22:47:08+09:00,130.0,count/min,0,김하은의 Apple Watch,HKQuantityTypeIdentifierHeartRate
Heart rate,2026-07-25 22:47:27+09:00,132.0,count/min,0,김하은의 Apple Watch,HKQuantityTypeIdentifierHeartRate
Heart rate,2026-07-25 22:47:30+09:00,132.0,count/min,0,김하은의 Apple Watch,HKQuantityTypeIdentifierHeartRate
Heart rate,2026-07-25 22:49:55+09:00,126.0,count/min,2,김하은의 Apple Watch,HKQuantityTypeIdentifierHeartRate
Heart rate,2026-07-25 22:53:02+09:00,101.0,count/min,1,김하은의 Apple Watch,HKQuantityTypeIdentifierHeartRate
Heart rate,2026-07-25 22:55:35+09:00,130.0,count/min,2,김하은의 Apple Watch,HKQuantityTypeIdentifierHeartRate
Heart rate,2026-07-25 22:57:57+09:00,125.0,count/min,2,김하은의 Apple Watch,HKQuantityTypeIdentifierHeartRate
Heart rate,2026-07-25 23:01:08+09:00,127.0,count/min,2,김하은의 Apple Watch,HKQuantityTypeIdentifierHeartRate
Heart rate,2026-07-25 23:03:29+09:00,102.0,count/min,1,김하은의 Apple Watch,HKQuantityTypeIdentifierHeartRate
Heart rate,2026-07-25 23:16:06+09:00,100.0,count/min,1,김하은의 Apple Watch,HKQuantityTypeIdentifierHeartRate
Heart rate,2026-07-25 23:20:12+09:00,95.0,count/min,1,김하은의 Apple Watch,HKQuantityTypeIdentifierHeartRate
Heart rate,2026-07-25 23:25:47+09:00,90.0,count/min,1,김하은의 Apple Watch,HKQuantityTypeIdentifierHeartRate
Heart rate,2026-07-25 23:28:12+09:00,91.0,count/min,1,김하은의 Apple Watch,HKQuantityTypeIdentifierHeartRate
Heart rate,2026-07-25 23:28:49+09:00,90.791,count/min,0,김하은의 Apple Watch,HKQuantityTypeIdentifierHeartRate
Heart rate,2026-07-25 23:33:14+09:00,87.0,count/min,1,김하은의 Apple Watch,HKQuantityTypeIdentifierHeartRate
Heart rate,2026-07-25 23:37:38+09:00,86.0,count/min,1,김하은의 Apple Watch,HKQuantityTypeIdentifierHeartRate
Heart rate,2026-07-25 23:37:56+09:00,92.0221,count/min,0,김하은의 Apple Watch,HKQuantityTypeIdentifierHeartRate
Heart rate,2026-07-25 23:45:56+09:00,92.0,count/min,1,김하은의 Apple Watch,HKQuantityTypeIdentifierHeartRate
Heart rate,2026-07-25 23:47:58+09:00,92.0,count/min,1,김하은의 Apple Watch,HKQuantityTypeIdentifierHeartRate
Heart rate,2026-07-25 23:53:23+09:00,90.0,count/min,1,김하은의 Apple Watch,HKQuantityTypeIdentifierHeartRate
Heart rate,2026-07-26 00:01:23+09:00,89.0,count/min,1,김하은의 Apple Watch,HKQuantityTypeIdentifierHeartRate
Heart rate,2026-07-26 00:05:05+09:00,92.0,count/min,1,김하은의 Apple Watch,HKQuantityTypeIdentifierHeartRate
Heart rate,2026-07-26 00:07:40+09:00,91.0,count/min,1,김하은의 Apple Watch,HKQuantityTypeIdentifierHeartRate
Heart rate,2026-07-26 00:12:26+09:00,95.0,count/min,1,김하은의 Apple Watch,HKQuantityTypeIdentifierHeartRate
Heart rate,2026-07-26 00:20:13+09:00,93.0,count/min,1,김하은의 Apple Watch,HKQuantityTypeIdentifierHeartRate
Heart rate,2026-07-26 00:26:38+09:00,84.0,count/min,1,김하은의 Apple Watch,HKQuantityTypeIdentifierHeartRate
Heart rate,2026-07-26 00:28:31+09:00,86.0,count/min,1,김하은의 Apple Watch,HKQuantityTypeIdentifierHeartRate
Heart rate,2026-07-26 00:32:38+09:00,88.0,count/min,1,김하은의 Apple Watch,HKQuantityTypeIdentifierHeartRate
Heart rate,2026-07-26 00:41:43+09:00,91.0,count/min,1,김하은의 Apple Watch,HKQuantityTypeIdentifierHeartRate
Heart rate,2026-07-26 00:46:03+09:00,96.0,count/min,1,김하은의 Apple Watch,HKQuantityTypeIdentifierHeartRate
Heart rate,2026-07-26 00:50:55+09:00,94.0,count/min,1,김하은의 Apple Watch,HKQuantityTypeIdentifierHeartRate
Heart rate,2026-07-26 00:52:42+09:00,89.0,count/min,1,김하은의 Apple Watch,HKQuantityTypeIdentifierHeartRate
Heart rate,2026-07-26 00:57:48+09:00,83.0,count/min,1,김하은의 Apple Watch,HKQuantityTypeIdentifierHeartRate
Heart rate,2026-07-26 01:04:46+09:00,79.0,count/min,1,김하은의 Apple Watch,HKQuantityTypeIdentifierHeartRate
Heart rate,2026-07-26 01:12:03+09:00,79.0,count/min,1,김하은의 Apple Watch,HKQuantityTypeIdentifierHeartRate
Heart rate,2026-07-26 01:15:16+09:00,79.0,count/min,1,김하은의 Apple Watch,HKQuantityTypeIdentifierHeartRate
Heart rate,2026-07-26 01:18:40+09:00,76.0,count/min,1,김하은의 Apple Watch,HKQuantityTypeIdentifierHeartRate
Heart rate,2026-07-26 18:40:40+09:00,113.0,count/min,1,김하은의 Apple Watch,HKQuantityTypeIdentifierHeartRate
Heart rate,2026-07-26 18:46:33+09:00,118.0,count/min,1,김하은의 Apple Watch,HKQuantityTypeIdentifierHeartRate
Heart rate,2026-07-26 18:47:54+09:00,116.0,count/min,1,김하은의 Apple Watch,HKQuantityTypeIdentifierHeartRate
Heart rate,2026-07-26 18:51:42+09:00,118.186,count/min,0,김하은의 Apple Watch,HKQuantityTypeIdentifierHeartRate
Heart rate,2026-07-26 18:53:10+09:00,116.0,count/min,1,김하은의 Apple Watch,HKQuantityTypeIdentifierHeartRate
Heart rate,2026-07-26 18:58:14+09:00,112.0,count/min,1,김하은의 Apple Watch,HKQuantityTypeIdentifierHeartRate
Heart rate,2026-07-26 19:04:41+09:00,90.0,count/min,1,김하은의 Apple Watch,HKQuantityTypeIdentifierHeartRate
Heart rate,2026-07-26 19:11:51+09:00,105.0,count/min,1,김하은의 Apple Watch,HKQuantityTypeIdentifierHeartRate
Heart rate,2026-07-26 19:14:06+09:00,112.0,count/min,1,김하은의 Apple Watch,HKQuantityTypeIdentifierHeartRate
Heart rate,2026-07-26 19:18:33+09:00,119.0,count/min,0,김하은의 Apple Watch,HKQuantityTypeIdentifierHeartRate
Heart rate,2026-07-26 19:26:11+09:00,111.0,count/min,1,김하은의 Apple Watch,HKQuantityTypeIdentifierHeartRate
Heart rate,2026-07-26 19:31:32+09:00,109.0,count/min,1,김하은의 Apple Watch,HKQuantityTypeIdentifierHeartRate
Heart rate,2026-07-26 19:35:51+09:00,94.0,count/min,1,김하은의 Apple Watch,HKQuantityTypeIdentifierHeartRate
Heart rate,2026-07-26 19:37:33+09:00,108.0,count/min,1,김하은의 Apple Watch,HKQuantityTypeIdentifierHeartRate
Heart rate,2026-07-26 19:44:55+09:00,114.0,count/min,1,김하은의 Apple Watch,HKQuantityTypeIdentifierHeartRate
Heart rate,2026-07-26 19:46:09+09:00,109.191,count/min,0,김하은의 Apple Watch,HKQuantityTypeIdentifierHeartRate
Heart rate,2026-07-26 19:48:03+09:00,100.0,count/min,1,김하은의 Apple Watch,HKQuantityTypeIdentifierHeartRate
Heart rate,2026-07-26 20:05:42+09:00,131.0,count/min,2,김하은의 Apple Watch,HKQuantityTypeIdentifierHeartRate
Heart rate,2026-07-26 20:07:57+09:00,131.0,count/min,2,김하은의 Apple Watch,HKQuantityTypeIdentifierHeartRate
Heart rate,2026-07-26 20:10:20+09:00,128.0,count/min,2,김하은의 Apple Watch,HKQuantityTypeIdentifierHeartRate
Heart rate,2026-07-26 20:13:06+09:00,179.0,count/min,2,김하은의 Apple Watch,HKQuantityTypeIdentifierHeartRate
Heart rate,2026-07-26 20:14:33+09:00,147.0,count/min,0,김하은의 Apple Watch,HKQuantityTypeIdentifierHeartRate
Heart rate,2026-07-26 20:14:36+09:00,155.0,count/min,0,김하은의 Apple Watch,HKQuantityTypeIdentifierHeartRate
Heart rate,2026-07-26 20:14:43+09:00,153.0,count/min,0,김하은의 Apple Watch,HKQuantityTypeIdentifierHeartRate
Heart rate,2026-07-26 20:14:48+09:00,154.0,count/min,0,김하은의 Apple Watch,HKQuantityTypeIdentifierHeartRate
Heart rate,2026-07-26 20:14:50+09:00,153.0,count/min,0,김하은의 Apple Watch,HKQuantityTypeIdentifierHeartRate
Heart rate,2026-07-26 20:14:55+09:00,152.0,count/min,0,김하은의 Apple Watch,HKQuantityTypeIdentifierHeartRate
Heart rate,2026-07-26 20:15:01+09:00,151.0,count/min,0,김하은의 Apple Watch,HKQuantityTypeIdentifierHeartRate
Heart rate,2026-07-26 20:15:04+09:00,150.0,count/min,0,김하은의 Apple Watch,HKQuantityTypeIdentifierHeartRate
Heart rate,2026-07-26 20:15:12+09:00,148.0,count/min,0,김하은의 Apple Watch,HKQuantityTypeIdentifierHeartRate
Heart rate,2026-07-26 20:15:17+09:00,149.0,count/min,0,김하은의 Apple Watch,HKQuantityTypeIdentifierHeartRate
Heart rate,2026-07-26 20:15:19+09:00,149.0,count/min,0,김하은의 Apple Watch,HKQuantityTypeIdentifierHeartRate
Heart rate,2026-07-26 20:15:28+09:00,149.0,count/min,0,김하은의 Apple Watch,HKQuantityTypeIdentifierHeartRate
Heart rate,2026-07-26 20:15:33+09:00,147.0,count/min,0,김하은의 Apple Watch,HKQuantityTypeIdentifierHeartRate
Heart rate,2026-07-26 20:15:35+09:00,147.0,count/min,0,김하은의 Apple Watch,HKQuantityTypeIdentifierHeartRate
Heart rate,2026-07-26 20:15:39+09:00,145.0,count/min,0,김하은의 Apple Watch,HKQuantityTypeIdentifierHeartRate
Heart rate,2026-07-26 20:15:47+09:00,147.0,count/min,0,김하은의 Apple Watch,HKQuantityTypeIdentifierHeartRate
Heart rate,2026-07-26 20:15:51+09:00,148.0,count/min,0,김하은의 Apple Watch,HKQuantityTypeIdentifierHeartRate
Heart rate,2026-07-26 20:15:57+09:00,145.0,count/min,0,김하은의 Apple Watch,HKQuantityTypeIdentifierHeartRate
Heart rate,2026-07-26 20:16:00+09:00,144.0,count/min,0,김하은의 Apple Watch,HKQuantityTypeIdentifierHeartRate
Heart rate,2026-07-26 20:16:07+09:00,140.0,count/min,0,김하은의 Apple Watch,HKQuantityTypeIdentifierHeartRate
Heart rate,2026-07-26 20:16:13+09:00,140.0,count/min,0,김하은의 Apple Watch,HKQuantityTypeIdentifierHeartRate
Heart rate,2026-07-26 20:16:14+09:00,140.0,count/min,0,김하은의 Apple Watch,HKQuantityTypeIdentifierHeartRate
Heart rate,2026-07-26 20:16:21+09:00,139.0,count/min,0,김하은의 Apple Watch,HKQuantityTypeIdentifierHeartRate
Heart rate,2026-07-26 20:16:27+09:00,138.0,count/min,0,김하은의 Apple Watch,HKQuantityTypeIdentifierHeartRate
Heart rate,2026-07-26 20:16:31+09:00,139.0,count/min,0,김하은의 Apple Watch,HKQuantityTypeIdentifierHeartRate
Heart rate,2026-07-26 20:16:36+09:00,139.0,count/min,0,김하은의 Apple Watch,HKQuantityTypeIdentifierHeartRate
Heart rate,2026-07-26 20:16:41+09:00,142.0,count/min,0,김하은의 Apple Watch,HKQuantityTypeIdentifierHeartRate
Heart rate,2026-07-26 20:16:44+09:00,142.0,count/min,0,김하은의 Apple Watch,HKQuantityTypeIdentifierHeartRate
Heart rate,2026-07-26 20:16:51+09:00,143.0,count/min,0,김하은의 Apple Watch,HKQuantityTypeIdentifierHeartRate
Heart rate,2026-07-26 20:16:56+09:00,142.0,count/min,0,김하은의 Apple Watch,HKQuantityTypeIdentifierHeartRate
Heart rate,2026-07-26 20:17:00+09:00,141.0,count/min,0,김하은의 Apple Watch,HKQuantityTypeIdentifierHeartRate
Heart rate,2026-07-26 20:17:05+09:00,142.0,count/min,0,김하은의 Apple Watch,HKQuantityTypeIdentifierHeartRate
Heart rate,2026-07-26 20:17:10+09:00,143.0,count/min,0,김하은의 Apple Watch,HKQuantityTypeIdentifierHeartRate
Heart rate,2026-07-26 20:17:18+09:00,142.0,count/min,0,김하은의 Apple Watch,HKQuantityTypeIdentifierHeartRate
Heart rate,2026-07-26 20:17:21+09:00,140.0,count/min,0,김하은의 Apple Watch,HKQuantityTypeIdentifierHeartRate
Heart rate,2026-07-26 20:17:26+09:00,138.0,count/min,0,김하은의 Apple Watch,HKQuantityTypeIdentifierHeartRate
Heart rate,2026-07-26 20:17:32+09:00,138.0,count/min,0,김하은의 Apple Watch,HKQuantityTypeIdentifierHeartRate
Heart rate,2026-07-26 20:17:34+09:00,138.0,count/min,0,김하은의 Apple Watch,HKQuantityTypeIdentifierHeartRate
Heart rate,2026-07-26 20:17:39+09:00,139.0,count/min,0,김하은의 Apple Watch,HKQuantityTypeIdentifierHeartRate
Heart rate,2026-07-26 20:17:44+09:00,141.0,count/min,0,김하은의 Apple Watch,HKQuantityTypeIdentifierHeartRate
Heart rate,2026-07-26 20:17:53+09:00,141.0,count/min,0,김하은의 Apple Watch,HKQuantityTypeIdentifierHeartRate
Heart rate,2026-07-26 20:17:54+09:00,141.0,count/min,0,김하은의 Apple Watch,HKQuantityTypeIdentifierHeartRate
Heart rate,2026-07-26 20:17:59+09:00,141.0,count/min,0,김하은의 Apple Watch,HKQuantityTypeIdentifierHeartRate
Heart rate,2026-07-26 20:18:07+09:00,140.0,count/min,0,김하은의 Apple Watch,HKQuantityTypeIdentifierHeartRate
Heart rate,2026-07-26 20:18:11+09:00,139.0,count/min,0,김하은의 Apple Watch,HKQuantityTypeIdentifierHeartRate
Heart rate,2026-07-26 20:18:15+09:00,135.0,count/min,0,김하은의 Apple Watch,HKQuantityTypeIdentifierHeartRate
Heart rate,2026-07-26 20:18:19+09:00,136.0,count/min,0,김하은의 Apple Watch,HKQuantityTypeIdentifierHeartRate
Heart rate,2026-07-26 20:18:26+09:00,140.0,count/min,0,김하은의 Apple Watch,HKQuantityTypeIdentifierHeartRate
Heart rate,2026-07-26 20:18:30+09:00,139.0,count/min,0,김하은의 Apple Watch,HKQuantityTypeIdentifierHeartRate
Heart rate,2026-07-26 20:18:38+09:00,137.0,count/min,0,김하은의 Apple Watch,HKQuantityTypeIdentifierHeartRate
Heart rate,2026-07-26 20:18:43+09:00,135.0,count/min,0,김하은의 Apple Watch,HKQuantityTypeIdentifierHeartRate
Heart rate,2026-07-26 20:18:47+09:00,132.0,count/min,0,김하은의 Apple Watch,HKQuantityTypeIdentifierHeartRate
Heart rate,2026-07-26 20:18:53+09:00,129.0,count/min,0,김하은의 Apple Watch,HKQuantityTypeIdentifierHeartRate
Heart rate,2026-07-26 20:18:55+09:00,129.0,count/min,0,김하은의 Apple Watch,HKQuantityTypeIdentifierHeartRate
Heart rate,2026-07-26 20:19:03+09:00,132.0,count/min,0,김하은의 Apple Watch,HKQuantityTypeIdentifierHeartRate
Heart rate,2026-07-26 20:19:07+09:00,133.0,count/min,0,김하은의 Apple Watch,HKQuantityTypeIdentifierHeartRate
Heart rate,2026-07-26 20:19:10+09:00,131.0,count/min,0,김하은의 Apple Watch,HKQuantityTypeIdentifierHeartRate
Heart rate,2026-07-26 20:19:14+09:00,130.0,count/min,0,김하은의 Apple Watch,HKQuantityTypeIdentifierHeartRate
Heart rate,2026-07-26 20:19:23+09:00,130.0,count/min,0,김하은의 Apple Watch,HKQuantityTypeIdentifierHeartRate
Heart rate,2026-07-26 20:19:25+09:00,130.0,count/min,0,김하은의 Apple Watch,HKQuantityTypeIdentifierHeartRate
Heart rate,2026-07-26 20:19:33+09:00,135.0,count/min,0,김하은의 Apple Watch,HKQuantityTypeIdentifierHeartRate
Heart rate,2026-07-26 20:19:37+09:00,135.0,count/min,0,김하은의 Apple Watch,HKQuantityTypeIdentifierHeartRate
Heart rate,2026-07-26 20:19:43+09:00,136.0,count/min,0,김하은의 Apple Watch,HKQuantityTypeIdentifierHeartRate
Heart rate,2026-07-26 20:19:44+09:00,137.0,count/min,0,김하은의 Apple Watch,HKQuantityTypeIdentifierHeartRate
Heart rate,2026-07-26 20:19:50+09:00,138.0,count/min,0,김하은의 Apple Watch,HKQuantityTypeIdentifierHeartRate
Heart rate,2026-07-26 20:19:55+09:00,137.0,count/min,0,김하은의 Apple Watch,HKQuantityTypeIdentifierHeartRate
Heart rate,2026-07-26 20:19:59+09:00,137.0,count/min,0,김하은의 Apple Watch,HKQuantityTypeIdentifierHeartRate
Heart rate,2026-07-26 20:20:06+09:00,139.0,count/min,0,김하은의 Apple Watch,HKQuantityTypeIdentifierHeartRate
Heart rate,2026-07-26 20:20:10+09:00,139.0,count/min,0,김하은의 Apple Watch,HKQuantityTypeIdentifierHeartRate
Heart rate,2026-07-26 20:20:14+09:00,138.0,count/min,0,김하은의 Apple Watch,HKQuantityTypeIdentifierHeartRate
Heart rate,2026-07-26 20:20:19+09:00,141.0,count/min,0,김하은의 Apple Watch,HKQuantityTypeIdentifierHeartRate
Heart rate,2026-07-26 20:20:28+09:00,142.0,count/min,0,김하은의 Apple Watch,HKQuantityTypeIdentifierHeartRate
Heart rate,2026-07-26 20:20:29+09:00,143.0,count/min,0,김하은의 Apple Watch,HKQuantityTypeIdentifierHeartRate
Heart rate,2026-07-26 20:20:34+09:00,143.0,count/min,0,김하은의 Apple Watch,HKQuantityTypeIdentifierHeartRate
Heart rate,2026-07-26 20:20:42+09:00,144.0,count/min,0,김하은의 Apple Watch,HKQuantityTypeIdentifierHeartRate
Heart rate,2026-07-26 20:20:48+09:00,146.0,count/min,0,김하은의 Apple Watch,HKQuantityTypeIdentifierHeartRate
Heart rate,2026-07-26 20:20:51+09:00,145.0,count/min,0,김하은의 Apple Watch,HKQuantityTypeIdentifierHeartRate
Heart rate,2026-07-26 20:20:55+09:00,145.0,count/min,0,김하은의 Apple Watch,HKQuantityTypeIdentifierHeartRate
Heart rate,2026-07-26 20:21:01+09:00,147.0,count/min,0,김하은의 Apple Watch,HKQuantityTypeIdentifierHeartRate
Heart rate,2026-07-26 20:21:04+09:00,148.0,count/min,0,김하은의 Apple Watch,HKQuantityTypeIdentifierHeartRate
Heart rate,2026-07-26 20:21:13+09:00,149.0,count/min,0,김하은의 Apple Watch,HKQuantityTypeIdentifierHeartRate
Heart rate,2026-07-26 20:21:14+09:00,149.0,count/min,0,김하은의 Apple Watch,HKQuantityTypeIdentifierHeartRate
Heart rate,2026-07-26 20:21:23+09:00,151.0,count/min,0,김하은의 Apple Watch,HKQuantityTypeIdentifierHeartRate
Heart rate,2026-07-26 20:23:46+09:00,151.0,count/min,2,김하은의 Apple Watch,HKQuantityTypeIdentifierHeartRate
Heart rate,2026-07-26 20:25:53+09:00,138.0,count/min,0,김하은의 Apple Watch,HKQuantityTypeIdentifierHeartRate
Heart rate,2026-07-26 20:27:56+09:00,136.0,count/min,2,김하은의 Apple Watch,HKQuantityTypeIdentifierHeartRate
Heart rate,2026-07-26 20:31:29+09:00,111.0,count/min,1,김하은의 Apple Watch,HKQuantityTypeIdentifierHeartRate
Heart rate,2026-07-26 20:37:05+09:00,109.0,count/min,1,김하은의 Apple Watch,HKQuantityTypeIdentifierHeartRate
Heart rate,2026-07-26 20:38:38+09:00,106.0,count/min,1,김하은의 Apple Watch,HKQuantityTypeIdentifierHeartRate
Heart rate,2026-07-26 20:42:34+09:00,118.0,count/min,1,김하은의 Apple Watch,HKQuantityTypeIdentifierHeartRate
Heart rate,2026-07-26 20:50:52+09:00,99.0,count/min,1,김하은의 Apple Watch,HKQuantityTypeIdentifierHeartRate
Heart rate,2026-07-26 20:54:07+09:00,111.0,count/min,1,김하은의 Apple Watch,HKQuantityTypeIdentifierHeartRate
Heart rate,2026-07-26 21:01:09+09:00,106.0,count/min,1,김하은의 Apple Watch,HKQuantityTypeIdentifierHeartRate
Heart rate,2026-07-26 21:05:24+09:00,99.0,count/min,1,김하은의 Apple Watch,HKQuantityTypeIdentifierHeartRate
Heart rate,2026-07-26 21:12:14+09:00,96.0,count/min,1,김하은의 Apple Watch,HKQuantityTypeIdentifierHeartRate
Heart rate,2026-07-26 21:15:31+09:00,93.0,count/min,1,김하은의 Apple Watch,HKQuantityTypeIdentifierHeartRate
Heart rate,2026-07-26 21:21:57+09:00,93.0,count/min,1,김하은의 Apple Watch,HKQuantityTypeIdentifierHeartRate
Heart rate,2026-07-26 21:23:05+09:00,93.0,count/min,1,김하은의 Apple Watch,HKQuantityTypeIdentifierHeartRate
Heart rate,2026-07-26 21:31:03+09:00,98.0,count/min,1,김하은의 Apple Watch,HKQuantityTypeIdentifierHeartRate
Heart rate,2026-07-26 21:32:49+09:00,92.0,count/min,1,김하은의 Apple Watch,HKQuantityTypeIdentifierHeartRate
Heart rate,2026-07-26 21:39:16+09:00,98.7287,count/min,0,김하은의 Apple Watch,HKQuantityTypeIdentifierHeartRate
Heart rate,2026-07-26 21:39:20+09:00,100.0,count/min,1,김하은의 Apple Watch,HKQuantityTypeIdentifierHeartRate
Heart rate,2026-07-26 21:45:21+09:00,98.0,count/min,1,김하은의 Apple Watch,HKQuantityTypeIdentifierHeartRate
Heart rate,2026-07-26 21:47:51+09:00,87.0,count/min,1,김하은의 Apple Watch,HKQuantityTypeIdentifierHeartRate
Heart rate,2026-07-26 21:52:43+09:00,90.0,count/min,1,김하은의 Apple Watch,HKQuantityTypeIdentifierHeartRate
Heart rate,2026-07-26 21:59:46+09:00,90.0,count/min,1,김하은의 Apple Watch,HKQuantityTypeIdentifierHeartRate
Heart rate,2026-07-26 22:02:56+09:00,95.0,count/min,0,김하은의 Apple Watch,HKQuantityTypeIdentifierHeartRate
Heart rate,2026-07-26 22:10:41+09:00,60.0,count/min,0,김하은의 Apple Watch,HKQuantityTypeIdentifierHeartRate
Heart rate,2026-07-26 22:16:03+09:00,91.0,count/min,1,김하은의 Apple Watch,HKQuantityTypeIdentifierHeartRate
Heart rate,2026-07-26 22:17:38+09:00,89.0,count/min,1,김하은의 Apple Watch,HKQuantityTypeIdentifierHeartRate
Heart rate,2026-07-26 22:26:47+09:00,89.0,count/min,1,김하은의 Apple Watch,HKQuantityTypeIdentifierHeartRate
Heart rate,2026-07-26 22:28:07+09:00,90.0,count/min,1,김하은의 Apple Watch,HKQuantityTypeIdentifierHeartRate
Heart rate,2026-07-26 22:36:55+09:00,89.0,count/min,1,김하은의 Apple Watch,HKQuantityTypeIdentifierHeartRate
Heart rate,2026-07-26 22:41:28+09:00,87.0,count/min,1,김하은의 Apple Watch,HKQuantityTypeIdentifierHeartRate
Heart rate,2026-07-26 22:43:10+09:00,86.0,count/min,1,김하은의 Apple Watch,HKQuantityTypeIdentifierHeartRate
Heart rate,2026-07-26 22:48:03+09:00,87.0,count/min,1,김하은의 Apple Watch,HKQuantityTypeIdentifierHeartRate
Heart rate,2026-07-26 22:53:41+09:00,118.0,count/min,2,김하은의 Apple Watch,HKQuantityTypeIdentifierHeartRate
Heart rate,2026-07-26 22:57:05+09:00,106.0,count/min,1,김하은의 Apple Watch,HKQuantityTypeIdentifierHeartRate
Heart rate,2026-07-26 22:59:06+09:00,110.0,count/min,1,김하은의 Apple Watch,HKQuantityTypeIdentifierHeartRate
Heart rate,2026-07-26 23:03:26+09:00,121.0,count/min,2,김하은의 Apple Watch,HKQuantityTypeIdentifierHeartRate
Heart rate,2026-07-26 23:05:27+09:00,167.0,count/min,0,김하은의 Apple Watch,HKQuantityTypeIdentifierHeartRate
Heart rate,2026-07-26 23:05:32+09:00,165.0,count/min,0,김하은의 Apple Watch,HKQuantityTypeIdentifierHeartRate
Heart rate,2026-07-26 23:05:37+09:00,163.0,count/min,0,김하은의 Apple Watch,HKQuantityTypeIdentifierHeartRate
Heart rate,2026-07-26 23:05:39+09:00,161.0,count/min,0,김하은의 Apple Watch,HKQuantityTypeIdentifierHeartRate
Heart rate,2026-07-26 23:05:45+09:00,158.0,count/min,0,김하은의 Apple Watch,HKQuantityTypeIdentifierHeartRate
Heart rate,2026-07-26 23:05:52+09:00,156.0,count/min,0,김하은의 Apple Watch,HKQuantityTypeIdentifierHeartRate
Heart rate,2026-07-26 23:05:53+09:00,155.0,count/min,0,김하은의 Apple Watch,HKQuantityTypeIdentifierHeartRate
Heart rate,2026-07-26 23:06:02+09:00,152.0,count/min,0,김하은의 Apple Watch,HKQuantityTypeIdentifierHeartRate
Heart rate,2026-07-26 23:06:06+09:00,150.0,count/min,0,김하은의 Apple Watch,HKQuantityTypeIdentifierHeartRate
Heart rate,2026-07-26 23:06:10+09:00,150.0,count/min,0,김하은의 Apple Watch,HKQuantityTypeIdentifierHeartRate
Heart rate,2026-07-26 23:06:17+09:00,150.0,count/min,0,김하은의 Apple Watch,HKQuantityTypeIdentifierHeartRate
Heart rate,2026-07-26 23:08:46+09:00,133.0,count/min,2,김하은의 Apple Watch,HKQuantityTypeIdentifierHeartRate
Heart rate,2026-07-26 23:11:10+09:00,168.0,count/min,2,김하은의 Apple Watch,HKQuantityTypeIdentifierHeartRate
Heart rate,2026-07-26 23:13:49+09:00,153.0,count/min,0,김하은의 Apple Watch,HKQuantityTypeIdentifierHeartRate
Heart rate,2026-07-26 23:13:54+09:00,153.0,count/min,0,김하은의 Apple Watch,HKQuantityTypeIdentifierHeartRate
Heart rate,2026-07-26 23:13:55+09:00,154.0,count/min,0,김하은의 Apple Watch,HKQuantityTypeIdentifierHeartRate
Heart rate,2026-07-26 23:14:01+09:00,153.0,count/min,0,김하은의 Apple Watch,HKQuantityTypeIdentifierHeartRate
Heart rate,2026-07-26 23:14:07+09:00,151.0,count/min,0,김하은의 Apple Watch,HKQuantityTypeIdentifierHeartRate
Heart rate,2026-07-26 23:14:10+09:00,150.0,count/min,0,김하은의 Apple Watch,HKQuantityTypeIdentifierHeartRate
Heart rate,2026-07-26 23:14:15+09:00,149.0,count/min,0,김하은의 Apple Watch,HKQuantityTypeIdentifierHeartRate
Heart rate,2026-07-26 23:14:20+09:00,147.0,count/min,0,김하은의 Apple Watch,HKQuantityTypeIdentifierHeartRate
Heart rate,2026-07-26 23:14:39+09:00,144.0,count/min,0,김하은의 Apple Watch,HKQuantityTypeIdentifierHeartRate
Heart rate,2026-07-26 23:14:41+09:00,143.0,count/min,0,김하은의 Apple Watch,HKQuantityTypeIdentifierHeartRate
Heart rate,2026-07-26 23:14:49+09:00,143.0,count/min,0,김하은의 Apple Watch,HKQuantityTypeIdentifierHeartRate
Heart rate,2026-07-26 23:14:50+09:00,142.0,count/min,0,김하은의 Apple Watch,HKQuantityTypeIdentifierHeartRate
Heart rate,2026-07-26 23:14:56+09:00,143.0,count/min,0,김하은의 Apple Watch,HKQuantityTypeIdentifierHeartRate
Heart rate,2026-07-26 23:15:03+09:00,143.0,count/min,0,김하은의 Apple Watch,HKQuantityTypeIdentifierHeartRate
Heart rate,2026-07-26 23:15:06+09:00,143.0,count/min,0,김하은의 Apple Watch,HKQuantityTypeIdentifierHeartRate
Heart rate,2026-07-26 23:15:10+09:00,142.0,count/min,0,김하은의 Apple Watch,HKQuantityTypeIdentifierHeartRate
Heart rate,2026-07-26 23:15:17+09:00,139.0,count/min,0,김하은의 Apple Watch,HKQuantityTypeIdentifierHeartRate
Heart rate,2026-07-26 23:15:20+09:00,139.0,count/min,0,김하은의 Apple Watch,HKQuantityTypeIdentifierHeartRate
Heart rate,2026-07-26 23:15:25+09:00,139.0,count/min,0,김하은의 Apple Watch,HKQuantityTypeIdentifierHeartRate
Heart rate,2026-07-26 23:15:34+09:00,137.0,count/min,0,김하은의 Apple Watch,HKQuantityTypeIdentifierHeartRate
Heart rate,2026-07-26 23:15:37+09:00,136.0,count/min,0,김하은의 Apple Watch,HKQuantityTypeIdentifierHeartRate
Heart rate,2026-07-26 23:15:40+09:00,135.0,count/min,0,김하은의 Apple Watch,HKQuantityTypeIdentifierHeartRate
Heart rate,2026-07-26 23:15:48+09:00,134.0,count/min,0,김하은의 Apple Watch,HKQuantityTypeIdentifierHeartRate
Heart rate,2026-07-26 23:15:54+09:00,134.0,count/min,0,김하은의 Apple Watch,HKQuantityTypeIdentifierHeartRate
Heart rate,2026-07-26 23:15:55+09:00,134.0,count/min,0,김하은의 Apple Watch,HKQuantityTypeIdentifierHeartRate
Heart rate,2026-07-26 23:16:03+09:00,134.0,count/min,0,김하은의 Apple Watch,HKQuantityTypeIdentifierHeartRate
Heart rate,2026-07-26 23:16:09+09:00,132.0,count/min,0,김하은의 Apple Watch,HKQuantityTypeIdentifierHeartRate
Heart rate,2026-07-26 23:16:14+09:00,134.0,count/min,0,김하은의 Apple Watch,HKQuantityTypeIdentifierHeartRate
Heart rate,2026-07-26 23:16:16+09:00,134.0,count/min,0,김하은의 Apple Watch,HKQuantityTypeIdentifierHeartRate
Heart rate,2026-07-26 23:16:21+09:00,132.0,count/min,0,김하은의 Apple Watch,HKQuantityTypeIdentifierHeartRate
Heart rate,2026-07-26 23:16:25+09:00,131.0,count/min,0,김하은의 Apple Watch,HKQuantityTypeIdentifierHeartRate
Heart rate,2026-07-26 23:16:30+09:00,132.0,count/min,0,김하은의 Apple Watch,HKQuantityTypeIdentifierHeartRate
Heart rate,2026-07-26 23:16:37+09:00,130.0,count/min,0,김하은의 Apple Watch,HKQuantityTypeIdentifierHeartRate
Heart rate,2026-07-26 23:16:44+09:00,134.0,count/min,0,김하은의 Apple Watch,HKQuantityTypeIdentifierHeartRate
Heart rate,2026-07-26 23:16:45+09:00,133.0,count/min,0,김하은의 Apple Watch,HKQuantityTypeIdentifierHeartRate
Heart rate,2026-07-26 23:16:54+09:00,133.0,count/min,0,김하은의 Apple Watch,HKQuantityTypeIdentifierHeartRate
Heart rate,2026-07-26 23:16:59+09:00,132.0,count/min,0,김하은의 Apple Watch,HKQuantityTypeIdentifierHeartRate
Heart rate,2026-07-26 23:17:03+09:00,134.0,count/min,0,김하은의 Apple Watch,HKQuantityTypeIdentifierHeartRate
Heart rate,2026-07-26 23:17:09+09:00,132.0,count/min,0,김하은의 Apple Watch,HKQuantityTypeIdentifierHeartRate
Heart rate,2026-07-26 23:17:12+09:00,134.0,count/min,0,김하은의 Apple Watch,HKQuantityTypeIdentifierHeartRate
Heart rate,2026-07-26 23:17:17+09:00,135.0,count/min,0,김하은의 Apple Watch,HKQuantityTypeIdentifierHeartRate
Heart rate,2026-07-26 23:17:23+09:00,136.0,count/min,0,김하은의 Apple Watch,HKQuantityTypeIdentifierHeartRate
Heart rate,2026-07-26 23:17:26+09:00,136.0,count/min,0,김하은의 Apple Watch,HKQuantityTypeIdentifierHeartRate
Heart rate,2026-07-26 23:17:30+09:00,136.0,count/min,0,김하은의 Apple Watch,HKQuantityTypeIdentifierHeartRate
Heart rate,2026-07-26 23:17:36+09:00,136.0,count/min,0,김하은의 Apple Watch,HKQuantityTypeIdentifierHeartRate
Heart rate,2026-07-26 23:17:40+09:00,136.0,count/min,0,김하은의 Apple Watch,HKQuantityTypeIdentifierHeartRate
Heart rate,2026-07-26 23:17:45+09:00,136.0,count/min,0,김하은의 Apple Watch,HKQuantityTypeIdentifierHeartRate
Heart rate,2026-07-26 23:17:52+09:00,136.0,count/min,0,김하은의 Apple Watch,HKQuantityTypeIdentifierHeartRate
Heart rate,2026-07-26 23:17:58+09:00,135.0,count/min,0,김하은의 Apple Watch,HKQuantityTypeIdentifierHeartRate
Heart rate,2026-07-26 23:18:01+09:00,135.0,count/min,0,김하은의 Apple Watch,HKQuantityTypeIdentifierHeartRate
Heart rate,2026-07-26 23:18:05+09:00,135.0,count/min,0,김하은의 Apple Watch,HKQuantityTypeIdentifierHeartRate
Heart rate,2026-07-26 23:18:10+09:00,136.0,count/min,0,김하은의 Apple Watch,HKQuantityTypeIdentifierHeartRate
Heart rate,2026-07-26 23:18:15+09:00,136.0,count/min,0,김하은의 Apple Watch,HKQuantityTypeIdentifierHeartRate
Heart rate,2026-07-26 23:18:21+09:00,140.0,count/min,0,김하은의 Apple Watch,HKQuantityTypeIdentifierHeartRate
Heart rate,2026-07-26 23:18:29+09:00,142.0,count/min,0,김하은의 Apple Watch,HKQuantityTypeIdentifierHeartRate
Heart rate,2026-07-26 23:18:31+09:00,142.0,count/min,0,김하은의 Apple Watch,HKQuantityTypeIdentifierHeartRate
Heart rate,2026-07-26 23:18:39+09:00,143.0,count/min,0,김하은의 Apple Watch,HKQuantityTypeIdentifierHeartRate
Heart rate,2026-07-26 23:18:54+09:00,143.0,count/min,0,김하은의 Apple Watch,HKQuantityTypeIdentifierHeartRate
Heart rate,2026-07-26 23:18:57+09:00,142.0,count/min,0,김하은의 Apple Watch,HKQuantityTypeIdentifierHeartRate
Heart rate,2026-07-26 23:19:04+09:00,138.0,count/min,0,김하은의 Apple Watch,HKQuantityTypeIdentifierHeartRate
Heart rate,2026-07-26 23:19:08+09:00,138.0,count/min,0,김하은의 Apple Watch,HKQuantityTypeIdentifierHeartRate
Heart rate,2026-07-26 23:19:10+09:00,136.0,count/min,0,김하은의 Apple Watch,HKQuantityTypeIdentifierHeartRate
Heart rate,2026-07-26 23:19:19+09:00,126.0,count/min,0,김하은의 Apple Watch,HKQuantityTypeIdentifierHeartRate
Heart rate,2026-07-26 23:19:20+09:00,127.0,count/min,0,김하은의 Apple Watch,HKQuantityTypeIdentifierHeartRate
Heart rate,2026-07-26 23:19:34+09:00,125.0,count/min,0,김하은의 Apple Watch,HKQuantityTypeIdentifierHeartRate
Heart rate,2026-07-26 23:19:35+09:00,125.0,count/min,0,김하은의 Apple Watch,HKQuantityTypeIdentifierHeartRate
Heart rate,2026-07-26 23:19:41+09:00,126.0,count/min,0,김하은의 Apple Watch,HKQuantityTypeIdentifierHeartRate
Heart rate,2026-07-26 23:19:49+09:00,121.0,count/min,0,김하은의 Apple Watch,HKQuantityTypeIdentifierHeartRate
Heart rate,2026-07-26 23:20:04+09:00,129.0,count/min,0,김하은의 Apple Watch,HKQuantityTypeIdentifierHeartRate
Heart rate,2026-07-26 23:20:17+09:00,126.0,count/min,0,김하은의 Apple Watch,HKQuantityTypeIdentifierHeartRate
Heart rate,2026-07-26 23:20:22+09:00,126.0,count/min,0,김하은의 Apple Watch,HKQuantityTypeIdentifierHeartRate
Heart rate,2026-07-26 23:20:25+09:00,127.0,count/min,0,김하은의 Apple Watch,HKQuantityTypeIdentifierHeartRate
Heart rate,2026-07-26 23:20:31+09:00,131.0,count/min,0,김하은의 Apple Watch,HKQuantityTypeIdentifierHeartRate
Heart rate,2026-07-26 23:20:37+09:00,132.0,count/min,0,김하은의 Apple Watch,HKQuantityTypeIdentifierHeartRate
Heart rate,2026-07-26 23:20:42+09:00,130.0,count/min,0,김하은의 Apple Watch,HKQuantityTypeIdentifierHeartRate
Heart rate,2026-07-26 23:20:49+09:00,131.0,count/min,0,김하은의 Apple Watch,HKQuantityTypeIdentifierHeartRate
Heart rate,2026-07-26 23:20:50+09:00,131.0,count/min,0,김하은의 Apple Watch,HKQuantityTypeIdentifierHeartRate
Heart rate,2026-07-26 23:20:59+09:00,124.0,count/min,0,김하은의 Apple Watch,HKQuantityTypeIdentifierHeartRate
Heart rate,2026-07-26 23:21:03+09:00,122.0,count/min,0,김하은의 Apple Watch,HKQuantityTypeIdentifierHeartRate
Heart rate,2026-07-26 23:21:07+09:00,122.0,count/min,0,김하은의 Apple Watch,HKQuantityTypeIdentifierHeartRate
Heart rate,2026-07-26 23:21:14+09:00,120.0,count/min,0,김하은의 Apple Watch,HKQuantityTypeIdentifierHeartRate
Heart rate,2026-07-26 23:21:19+09:00,121.0,count/min,0,김하은의 Apple Watch,HKQuantityTypeIdentifierHeartRate
Heart rate,2026-07-26 23:21:23+09:00,120.0,count/min,0,김하은의 Apple Watch,HKQuantityTypeIdentifierHeartRate
Heart rate,2026-07-26 23:21:25+09:00,121.0,count/min,0,김하은의 Apple Watch,HKQuantityTypeIdentifierHeartRate
Heart rate,2026-07-26 23:21:31+09:00,122.0,count/min,0,김하은의 Apple Watch,HKQuantityTypeIdentifierHeartRate
Heart rate,2026-07-26 23:21:39+09:00,127.0,count/min,0,김하은의 Apple Watch,HKQuantityTypeIdentifierHeartRate
Heart rate,2026-07-26 23:21:42+09:00,127.0,count/min,0,김하은의 Apple Watch,HKQuantityTypeIdentifierHeartRate
Heart rate,2026-07-26 23:21:49+09:00,131.0,count/min,0,김하은의 Apple Watch,HKQuantityTypeIdentifierHeartRate
Heart rate,2026-07-26 23:21:54+09:00,130.0,count/min,0,김하은의 Apple Watch,HKQuantityTypeIdentifierHeartRate
Heart rate,2026-07-26 23:21:55+09:00,129.0,count/min,0,김하은의 Apple Watch,HKQuantityTypeIdentifierHeartRate
Heart rate,2026-07-26 23:22:01+09:00,127.0,count/min,0,김하은의 Apple Watch,HKQuantityTypeIdentifierHeartRate
Heart rate,2026-07-26 23:22:10+09:00,121.0,count/min,0,김하은의 Apple Watch,HKQuantityTypeIdentifierHeartRate
Heart rate,2026-07-26 23:22:15+09:00,121.0,count/min,0,김하은의 Apple Watch,HKQuantityTypeIdentifierHeartRate
Heart rate,2026-07-26 23:22:20+09:00,121.0,count/min,0,김하은의 Apple Watch,HKQuantityTypeIdentifierHeartRate
Heart rate,2026-07-26 23:22:21+09:00,121.0,count/min,0,김하은의 Apple Watch,HKQuantityTypeIdentifierHeartRate
Heart rate,2026-07-26 23:22:47+09:00,127.0,count/min,0,김하은의 Apple Watch,HKQuantityTypeIdentifierHeartRate
Heart rate,2026-07-26 23:22:53+09:00,123.0,count/min,0,김하은의 Apple Watch,HKQuantityTypeIdentifierHeartRate
Heart rate,2026-07-26 23:22:59+09:00,119.0,count/min,0,김하은의 Apple Watch,HKQuantityTypeIdentifierHeartRate
Heart rate,2026-07-26 23:23:05+09:00,122.0,count/min,0,김하은의 Apple Watch,HKQuantityTypeIdentifierHeartRate
Heart rate,2026-07-26 23:23:06+09:00,122.0,count/min,0,김하은의 Apple Watch,HKQuantityTypeIdentifierHeartRate
Heart rate,2026-07-26 23:23:11+09:00,123.0,count/min,0,김하은의 Apple Watch,HKQuantityTypeIdentifierHeartRate
Heart rate,2026-07-26 23:23:17+09:00,126.0,count/min,0,김하은의 Apple Watch,HKQuantityTypeIdentifierHeartRate
Heart rate,2026-07-26 23:23:21+09:00,124.0,count/min,0,김하은의 Apple Watch,HKQuantityTypeIdentifierHeartRate
Heart rate,2026-07-26 23:23:30+09:00,116.0,count/min,0,김하은의 Apple Watch,HKQuantityTypeIdentifierHeartRate
Heart rate,2026-07-26 23:23:34+09:00,109.0,count/min,0,김하은의 Apple Watch,HKQuantityTypeIdentifierHeartRate
Heart rate,2026-07-26 23:23:36+09:00,107.0,count/min,0,김하은의 Apple Watch,HKQuantityTypeIdentifierHeartRate
Heart rate,2026-07-26 23:23:44+09:00,103.0,count/min,0,김하은의 Apple Watch,HKQuantityTypeIdentifierHeartRate
Heart rate,2026-07-26 23:23:50+09:00,99.0,count/min,0,김하은의 Apple Watch,HKQuantityTypeIdentifierHeartRate
Heart rate,2026-07-26 23:23:51+09:00,99.0,count/min,0,김하은의 Apple Watch,HKQuantityTypeIdentifierHeartRate
Heart rate,2026-07-26 23:23:59+09:00,98.0,count/min,0,김하은의 Apple Watch,HKQuantityTypeIdentifierHeartRate
Heart rate,2026-07-26 23:24:01+09:00,98.0,count/min,0,김하은의 Apple Watch,HKQuantityTypeIdentifierHeartRate
Heart rate,2026-07-26 23:24:07+09:00,98.0,count/min,0,김하은의 Apple Watch,HKQuantityTypeIdentifierHeartRate
Heart rate,2026-07-26 23:24:15+09:00,104.0,count/min,0,김하은의 Apple Watch,HKQuantityTypeIdentifierHeartRate
Heart rate,2026-07-26 23:24:19+09:00,106.0,count/min,0,김하은의 Apple Watch,HKQuantityTypeIdentifierHeartRate
Heart rate,2026-07-26 23:24:25+09:00,109.0,count/min,0,김하은의 Apple Watch,HKQuantityTypeIdentifierHeartRate
Heart rate,2026-07-26 23:24:26+09:00,109.0,count/min,0,김하은의 Apple Watch,HKQuantityTypeIdentifierHeartRate
Heart rate,2026-07-26 23:24:32+09:00,104.0,count/min,0,김하은의 Apple Watch,HKQuantityTypeIdentifierHeartRate
Heart rate,2026-07-26 23:24:40+09:00,104.0,count/min,0,김하은의 Apple Watch,HKQuantityTypeIdentifierHeartRate
Heart rate,2026-07-26 23:24:44+09:00,103.0,count/min,0,김하은의 Apple Watch,HKQuantityTypeIdentifierHeartRate
Heart rate,2026-07-26 23:24:46+09:00,103.0,count/min,0,김하은의 Apple Watch,HKQuantityTypeIdentifierHeartRate
Heart rate,2026-07-26 23:25:08+09:00,116.0,count/min,0,김하은의 Apple Watch,HKQuantityTypeIdentifierHeartRate
Heart rate,2026-07-26 23:25:11+09:00,115.0,count/min,0,김하은의 Apple Watch,HKQuantityTypeIdentifierHeartRate
Heart rate,2026-07-26 23:25:18+09:00,111.0,count/min,0,김하은의 Apple Watch,HKQuantityTypeIdentifierHeartRate
Heart rate,2026-07-26 23:25:22+09:00,111.0,count/min,0,김하은의 Apple Watch,HKQuantityTypeIdentifierHeartRate
Heart rate,2026-07-26 23:25:26+09:00,110.0,count/min,0,김하은의 Apple Watch,HKQuantityTypeIdentifierHeartRate
Heart rate,2026-07-26 23:25:31+09:00,110.0,count/min,0,김하은의 Apple Watch,HKQuantityTypeIdentifierHeartRate
Heart rate,2026-07-26 23:25:36+09:00,110.0,count/min,0,김하은의 Apple Watch,HKQuantityTypeIdentifierHeartRate
Heart rate,2026-07-26 23:25:42+09:00,111.0,count/min,0,김하은의 Apple Watch,HKQuantityTypeIdentifierHeartRate
Heart rate,2026-07-27 09:59:40+09:00,109.0,count/min,2,김하은의 Apple Watch,HKQuantityTypeIdentifierHeartRate
Heart rate,2026-07-27 10:02:00+09:00,122.0,count/min,2,김하은의 Apple Watch,HKQuantityTypeIdentifierHeartRate
Heart rate,2026-07-27 10:04:25+09:00,109.0,count/min,0,김하은의 Apple Watch,HKQuantityTypeIdentifierHeartRate
Heart rate,2026-07-27 10:07:26+09:00,114.0,count/min,2,김하은의 Apple Watch,HKQuantityTypeIdentifierHeartRate
Heart rate,2026-07-27 10:10:23+09:00,96.0,count/min,1,김하은의 Apple Watch,HKQuantityTypeIdentifierHeartRate
Heart rate,2026-07-27 10:16:13+09:00,100.0,count/min,1,김하은의 Apple Watch,HKQuantityTypeIdentifierHeartRate
Heart rate,2026-07-27 10:21:53+09:00,99.0,count/min,1,김하은의 Apple Watch,HKQuantityTypeIdentifierHeartRate
Heart rate,2026-07-27 10:23:36+09:00,100.0,count/min,1,김하은의 Apple Watch,HKQuantityTypeIdentifierHeartRate
Heart rate,2026-07-27 10:31:25+09:00,89.0,count/min,1,김하은의 Apple Watch,HKQuantityTypeIdentifierHeartRate
Heart rate,2026-07-27 10:35:40+09:00,99.0,count/min,1,김하은의 Apple Watch,HKQuantityTypeIdentifierHeartRate
Heart rate,2026-07-27 10:37:59+09:00,99.0,count/min,1,김하은의 Apple Watch,HKQuantityTypeIdentifierHeartRate
Heart rate,2026-07-27 10:40:38+09:00,123.0,count/min,2,김하은의 Apple Watch,HKQuantityTypeIdentifierHeartRate
Heart rate,2026-07-27 10:42:58+09:00,136.0,count/min,2,김하은의 Apple Watch,HKQuantityTypeIdentifierHeartRate
Heart rate,2026-07-27 10:45:22+09:00,137.0,count/min,2,김하은의 Apple Watch,HKQuantityTypeIdentifierHeartRate
Heart rate,2026-07-27 10:47:39+09:00,136.0,count/min,2,김하은의 Apple Watch,HKQuantityTypeIdentifierHeartRate
Heart rate,2026-07-27 10:49:12+09:00,102.0,count/min,0,김하은의 Apple Watch,HKQuantityTypeIdentifierHeartRate
Heart rate,2026-07-27 10:50:03+09:00,148.0,count/min,2,김하은의 Apple Watch,HKQuantityTypeIdentifierHeartRate
Heart rate,2026-07-27 10:52:26+09:00,145.0,count/min,2,김하은의 Apple Watch,HKQuantityTypeIdentifierHeartRate
Heart rate,2026-07-27 10:53:30+09:00,143.0,count/min,0,김하은의 Apple Watch,HKQuantityTypeIdentifierHeartRate
Heart rate,2026-07-27 10:53:40+09:00,150.0,count/min,0,김하은의 Apple Watch,HKQuantityTypeIdentifierHeartRate
Heart rate,2026-07-27 10:53:41+09:00,150.0,count/min,0,김하은의 Apple Watch,HKQuantityTypeIdentifierHeartRate
Heart rate,2026-07-27 10:53:50+09:00,156.0,count/min,0,김하은의 Apple Watch,HKQuantityTypeIdentifierHeartRate
Heart rate,2026-07-27 10:53:54+09:00,156.0,count/min,0,김하은의 Apple Watch,HKQuantityTypeIdentifierHeartRate
Heart rate,2026-07-27 10:53:59+09:00,155.0,count/min,0,김하은의 Apple Watch,HKQuantityTypeIdentifierHeartRate
Heart rate,2026-07-27 10:54:04+09:00,153.0,count/min,0,김하은의 Apple Watch,HKQuantityTypeIdentifierHeartRate
Heart rate,2026-07-27 10:54:09+09:00,151.0,count/min,0,김하은의 Apple Watch,HKQuantityTypeIdentifierHeartRate
Heart rate,2026-07-27 10:54:15+09:00,149.0,count/min,0,김하은의 Apple Watch,HKQuantityTypeIdentifierHeartRate
Heart rate,2026-07-27 10:54:16+09:00,149.0,count/min,0,김하은의 Apple Watch,HKQuantityTypeIdentifierHeartRate
Heart rate,2026-07-27 10:54:23+09:00,146.0,count/min,0,김하은의 Apple Watch,HKQuantityTypeIdentifierHeartRate
Heart rate,2026-07-27 10:54:30+09:00,143.0,count/min,0,김하은의 Apple Watch,HKQuantityTypeIdentifierHeartRate
Heart rate,2026-07-27 10:54:32+09:00,141.0,count/min,0,김하은의 Apple Watch,HKQuantityTypeIdentifierHeartRate
Heart rate,2026-07-27 10:54:38+09:00,141.0,count/min,0,김하은의 Apple Watch,HKQuantityTypeIdentifierHeartRate
Heart rate,2026-07-27 10:54:43+09:00,141.0,count/min,0,김하은의 Apple Watch,HKQuantityTypeIdentifierHeartRate
Heart rate,2026-07-27 10:54:47+09:00,141.0,count/min,0,김하은의 Apple Watch,HKQuantityTypeIdentifierHeartRate
Heart rate,2026-07-27 10:54:55+09:00,139.0,count/min,0,김하은의 Apple Watch,HKQuantityTypeIdentifierHeartRate
Heart rate,2026-07-27 10:54:59+09:00,138.0,count/min,0,김하은의 Apple Watch,HKQuantityTypeIdentifierHeartRate
Heart rate,2026-07-27 10:55:03+09:00,137.0,count/min,0,김하은의 Apple Watch,HKQuantityTypeIdentifierHeartRate
Heart rate,2026-07-27 10:55:09+09:00,138.0,count/min,0,김하은의 Apple Watch,HKQuantityTypeIdentifierHeartRate
Heart rate,2026-07-27 10:55:11+09:00,138.0,count/min,0,김하은의 Apple Watch,HKQuantityTypeIdentifierHeartRate
Heart rate,2026-07-27 10:55:18+09:00,138.0,count/min,0,김하은의 Apple Watch,HKQuantityTypeIdentifierHeartRate
Heart rate,2026-07-27 10:55:21+09:00,138.0,count/min,0,김하은의 Apple Watch,HKQuantityTypeIdentifierHeartRate
Heart rate,2026-07-27 10:55:27+09:00,137.0,count/min,0,김하은의 Apple Watch,HKQuantityTypeIdentifierHeartRate
Heart rate,2026-07-27 10:55:32+09:00,135.0,count/min,0,김하은의 Apple Watch,HKQuantityTypeIdentifierHeartRate
Heart rate,2026-07-27 10:55:37+09:00,134.0,count/min,0,김하은의 Apple Watch,HKQuantityTypeIdentifierHeartRate
Heart rate,2026-07-27 10:55:42+09:00,134.0,count/min,0,김하은의 Apple Watch,HKQuantityTypeIdentifierHeartRate
Heart rate,2026-07-27 10:55:49+09:00,133.0,count/min,0,김하은의 Apple Watch,HKQuantityTypeIdentifierHeartRate
Heart rate,2026-07-27 10:55:52+09:00,134.0,count/min,0,김하은의 Apple Watch,HKQuantityTypeIdentifierHeartRate
Heart rate,2026-07-27 10:55:56+09:00,135.0,count/min,0,김하은의 Apple Watch,HKQuantityTypeIdentifierHeartRate
Heart rate,2026-07-27 10:56:01+09:00,136.0,count/min,0,김하은의 Apple Watch,HKQuantityTypeIdentifierHeartRate
Heart rate,2026-07-27 10:56:10+09:00,137.0,count/min,0,김하은의 Apple Watch,HKQuantityTypeIdentifierHeartRate
Heart rate,2026-07-27 10:56:11+09:00,138.0,count/min,0,김하은의 Apple Watch,HKQuantityTypeIdentifierHeartRate
Heart rate,2026-07-27 10:56:19+09:00,150.0,count/min,0,김하은의 Apple Watch,HKQuantityTypeIdentifierHeartRate
Heart rate,2026-07-27 10:56:24+09:00,156.0,count/min,0,김하은의 Apple Watch,HKQuantityTypeIdentifierHeartRate
Heart rate,2026-07-27 10:56:30+09:00,164.0,count/min,0,김하은의 Apple Watch,HKQuantityTypeIdentifierHeartRate
Heart rate,2026-07-27 10:56:35+09:00,171.0,count/min,0,김하은의 Apple Watch,HKQuantityTypeIdentifierHeartRate
Heart rate,2026-07-27 10:56:37+09:00,173.0,count/min,0,김하은의 Apple Watch,HKQuantityTypeIdentifierHeartRate
Heart rate,2026-07-27 10:56:43+09:00,177.0,count/min,0,김하은의 Apple Watch,HKQuantityTypeIdentifierHeartRate
Heart rate,2026-07-27 10:56:49+09:00,178.0,count/min,0,김하은의 Apple Watch,HKQuantityTypeIdentifierHeartRate
Heart rate,2026-07-27 10:56:52+09:00,177.0,count/min,0,김하은의 Apple Watch,HKQuantityTypeIdentifierHeartRate
Heart rate,2026-07-27 10:56:58+09:00,175.0,count/min,0,김하은의 Apple Watch,HKQuantityTypeIdentifierHeartRate
Heart rate,2026-07-27 10:57:05+09:00,173.0,count/min,0,김하은의 Apple Watch,HKQuantityTypeIdentifierHeartRate
Heart rate,2026-07-27 10:57:10+09:00,169.0,count/min,0,김하은의 Apple Watch,HKQuantityTypeIdentifierHeartRate
Heart rate,2026-07-27 10:57:11+09:00,169.0,count/min,0,김하은의 Apple Watch,HKQuantityTypeIdentifierHeartRate
Heart rate,2026-07-27 10:57:19+09:00,162.0,count/min,0,김하은의 Apple Watch,HKQuantityTypeIdentifierHeartRate
Heart rate,2026-07-27 10:57:23+09:00,159.0,count/min,0,김하은의 Apple Watch,HKQuantityTypeIdentifierHeartRate
Heart rate,2026-07-27 10:57:29+09:00,158.0,count/min,0,김하은의 Apple Watch,HKQuantityTypeIdentifierHeartRate
Heart rate,2026-07-27 10:57:39+09:00,152.0,count/min,0,김하은의 Apple Watch,HKQuantityTypeIdentifierHeartRate
Heart rate,2026-07-27 10:57:44+09:00,151.0,count/min,0,김하은의 Apple Watch,HKQuantityTypeIdentifierHeartRate
Heart rate,2026-07-27 10:57:50+09:00,148.0,count/min,0,김하은의 Apple Watch,HKQuantityTypeIdentifierHeartRate
Heart rate,2026-07-27 10:57:51+09:00,149.0,count/min,0,김하은의 Apple Watch,HKQuantityTypeIdentifierHeartRate
Heart rate,2026-07-27 10:58:00+09:00,146.0,count/min,0,김하은의 Apple Watch,HKQuantityTypeIdentifierHeartRate
Heart rate,2026-07-27 10:58:03+09:00,144.0,count/min,0,김하은의 Apple Watch,HKQuantityTypeIdentifierHeartRate
Heart rate,2026-07-27 10:58:06+09:00,145.0,count/min,0,김하은의 Apple Watch,HKQuantityTypeIdentifierHeartRate
Heart rate,2026-07-27 10:58:12+09:00,144.0,count/min,0,김하은의 Apple Watch,HKQuantityTypeIdentifierHeartRate
Heart rate,2026-07-27 10:58:20+09:00,145.0,count/min,0,김하은의 Apple Watch,HKQuantityTypeIdentifierHeartRate
Heart rate,2026-07-27 10:58:25+09:00,142.0,count/min,0,김하은의 Apple Watch,HKQuantityTypeIdentifierHeartRate
Heart rate,2026-07-27 10:58:27+09:00,142.0,count/min,0,김하은의 Apple Watch,HKQuantityTypeIdentifierHeartRate
Heart rate,2026-07-27 10:58:32+09:00,138.0,count/min,0,김하은의 Apple Watch,HKQuantityTypeIdentifierHeartRate
Heart rate,2026-07-27 10:58:37+09:00,134.0,count/min,0,김하은의 Apple Watch,HKQuantityTypeIdentifierHeartRate
Heart rate,2026-07-27 10:58:45+09:00,133.0,count/min,0,김하은의 Apple Watch,HKQuantityTypeIdentifierHeartRate
Heart rate,2026-07-27 10:58:46+09:00,132.0,count/min,0,김하은의 Apple Watch,HKQuantityTypeIdentifierHeartRate
Heart rate,2026-07-27 10:58:53+09:00,134.0,count/min,0,김하은의 Apple Watch,HKQuantityTypeIdentifierHeartRate
Heart rate,2026-07-27 10:58:59+09:00,134.0,count/min,0,김하은의 Apple Watch,HKQuantityTypeIdentifierHeartRate
Heart rate,2026-07-27 10:59:02+09:00,134.0,count/min,0,김하은의 Apple Watch,HKQuantityTypeIdentifierHeartRate
Heart rate,2026-07-27 10:59:10+09:00,135.0,count/min,0,김하은의 Apple Watch,HKQuantityTypeIdentifierHeartRate
Heart rate,2026-07-27 10:59:11+09:00,134.0,count/min,0,김하은의 Apple Watch,HKQuantityTypeIdentifierHeartRate
Heart rate,2026-07-27 10:59:19+09:00,131.0,count/min,0,김하은의 Apple Watch,HKQuantityTypeIdentifierHeartRate
Heart rate,2026-07-27 10:59:21+09:00,131.0,count/min,0,김하은의 Apple Watch,HKQuantityTypeIdentifierHeartRate
Heart rate,2026-07-27 10:59:28+09:00,128.0,count/min,0,김하은의 Apple Watch,HKQuantityTypeIdentifierHeartRate
Heart rate,2026-07-27 10:59:34+09:00,127.0,count/min,0,김하은의 Apple Watch,HKQuantityTypeIdentifierHeartRate
Heart rate,2026-07-27 10:59:40+09:00,122.0,count/min,0,김하은의 Apple Watch,HKQuantityTypeIdentifierHeartRate
Heart rate,2026-07-27 10:59:43+09:00,120.0,count/min,0,김하은의 Apple Watch,HKQuantityTypeIdentifierHeartRate
Heart rate,2026-07-27 10:59:46+09:00,119.0,count/min,0,김하은의 Apple Watch,HKQuantityTypeIdentifierHeartRate
Heart rate,2026-07-27 10:59:55+09:00,126.0,count/min,0,김하은의 Apple Watch,HKQuantityTypeIdentifierHeartRate
Heart rate,2026-07-27 10:59:56+09:00,126.0,count/min,0,김하은의 Apple Watch,HKQuantityTypeIdentifierHeartRate
Heart rate,2026-07-27 11:00:05+09:00,128.0,count/min,0,김하은의 Apple Watch,HKQuantityTypeIdentifierHeartRate
Heart rate,2026-07-27 11:00:10+09:00,128.0,count/min,0,김하은의 Apple Watch,HKQuantityTypeIdentifierHeartRate
Heart rate,2026-07-27 11:00:14+09:00,129.0,count/min,0,김하은의 Apple Watch,HKQuantityTypeIdentifierHeartRate
Heart rate,2026-07-27 11:00:16+09:00,131.0,count/min,0,김하은의 Apple Watch,HKQuantityTypeIdentifierHeartRate
Heart rate,2026-07-27 11:00:22+09:00,133.0,count/min,0,김하은의 Apple Watch,HKQuantityTypeIdentifierHeartRate
Heart rate,2026-07-27 11:00:29+09:00,132.0,count/min,0,김하은의 Apple Watch,HKQuantityTypeIdentifierHeartRate
Heart rate,2026-07-27 11:00:35+09:00,130.0,count/min,0,김하은의 Apple Watch,HKQuantityTypeIdentifierHeartRate
Heart rate,2026-07-27 11:00:39+09:00,129.0,count/min,0,김하은의 Apple Watch,HKQuantityTypeIdentifierHeartRate
Heart rate,2026-07-27 11:00:42+09:00,128.0,count/min,0,김하은의 Apple Watch,HKQuantityTypeIdentifierHeartRate
Heart rate,2026-07-27 11:00:48+09:00,126.0,count/min,0,김하은의 Apple Watch,HKQuantityTypeIdentifierHeartRate
Heart rate,2026-07-27 11:00:55+09:00,128.0,count/min,0,김하은의 Apple Watch,HKQuantityTypeIdentifierHeartRate
Heart rate,2026-07-27 11:01:00+09:00,126.0,count/min,0,김하은의 Apple Watch,HKQuantityTypeIdentifierHeartRate
Heart rate,2026-07-27 11:01:04+09:00,125.0,count/min,0,김하은의 Apple Watch,HKQuantityTypeIdentifierHeartRate
Heart rate,2026-07-27 11:01:06+09:00,124.0,count/min,0,김하은의 Apple Watch,HKQuantityTypeIdentifierHeartRate
Heart rate,2026-07-27 11:01:11+09:00,120.0,count/min,0,김하은의 Apple Watch,HKQuantityTypeIdentifierHeartRate
Heart rate,2026-07-27 11:01:16+09:00,120.0,count/min,0,김하은의 Apple Watch,HKQuantityTypeIdentifierHeartRate
Heart rate,2026-07-27 11:01:25+09:00,125.0,count/min,0,김하은의 Apple Watch,HKQuantityTypeIdentifierHeartRate
Heart rate,2026-07-27 11:01:27+09:00,126.0,count/min,0,김하은의 Apple Watch,HKQuantityTypeIdentifierHeartRate
Heart rate,2026-07-27 11:01:34+09:00,128.0,count/min,0,김하은의 Apple Watch,HKQuantityTypeIdentifierHeartRate
Heart rate,2026-07-27 11:01:40+09:00,127.0,count/min,0,김하은의 Apple Watch,HKQuantityTypeIdentifierHeartRate
Heart rate,2026-07-27 11:01:45+09:00,124.0,count/min,0,김하은의 Apple Watch,HKQuantityTypeIdentifierHeartRate
Heart rate,2026-07-27 11:01:47+09:00,123.0,count/min,0,김하은의 Apple Watch,HKQuantityTypeIdentifierHeartRate
Heart rate,2026-07-27 11:01:51+09:00,121.0,count/min,0,김하은의 Apple Watch,HKQuantityTypeIdentifierHeartRate
Heart rate,2026-07-27 11:02:00+09:00,113.0,count/min,0,김하은의 Apple Watch,HKQuantityTypeIdentifierHeartRate
Heart rate,2026-07-27 11:02:05+09:00,115.0,count/min,0,김하은의 Apple Watch,HKQuantityTypeIdentifierHeartRate
Heart rate,2026-07-27 11:02:06+09:00,116.0,count/min,0,김하은의 Apple Watch,HKQuantityTypeIdentifierHeartRate
Heart rate,2026-07-27 11:02:15+09:00,118.0,count/min,0,김하은의 Apple Watch,HKQuantityTypeIdentifierHeartRate
Heart rate,2026-07-27 11:02:20+09:00,121.0,count/min,0,김하은의 Apple Watch,HKQuantityTypeIdentifierHeartRate
Heart rate,2026-07-27 11:02:24+09:00,120.0,count/min,0,김하은의 Apple Watch,HKQuantityTypeIdentifierHeartRate
Heart rate,2026-07-27 11:02:26+09:00,119.0,count/min,0,김하은의 Apple Watch,HKQuantityTypeIdentifierHeartRate
Heart rate,2026-07-27 11:02:31+09:00,120.0,count/min,0,김하은의 Apple Watch,HKQuantityTypeIdentifierHeartRate
Heart rate,2026-07-27 11:02:36+09:00,122.0,count/min,0,김하은의 Apple Watch,HKQuantityTypeIdentifierHeartRate
Heart rate,2026-07-27 11:02:45+09:00,115.0,count/min,0,김하은의 Apple Watch,HKQuantityTypeIdentifierHeartRate
Heart rate,2026-07-27 11:02:49+09:00,116.0,count/min,0,김하은의 Apple Watch,HKQuantityTypeIdentifierHeartRate
Heart rate,2026-07-27 11:02:51+09:00,117.0,count/min,0,김하은의 Apple Watch,HKQuantityTypeIdentifierHeartRate
Heart rate,2026-07-27 11:03:03+09:00,129.0,count/min,0,김하은의 Apple Watch,HKQuantityTypeIdentifierHeartRate
Heart rate,2026-07-27 11:03:10+09:00,117.0,count/min,0,김하은의 Apple Watch,HKQuantityTypeIdentifierHeartRate
Heart rate,2026-07-27 11:03:14+09:00,108.0,count/min,0,김하은의 Apple Watch,HKQuantityTypeIdentifierHeartRate
Heart rate,2026-07-27 11:03:16+09:00,105.0,count/min,0,김하은의 Apple Watch,HKQuantityTypeIdentifierHeartRate
Heart rate,2026-07-27 11:03:25+09:00,94.0,count/min,0,김하은의 Apple Watch,HKQuantityTypeIdentifierHeartRate
Heart rate,2026-07-27 11:03:30+09:00,94.0,count/min,0,김하은의 Apple Watch,HKQuantityTypeIdentifierHeartRate
Heart rate,2026-07-27 11:03:34+09:00,94.0,count/min,0,김하은의 Apple Watch,HKQuantityTypeIdentifierHeartRate
Heart rate,2026-07-27 11:03:36+09:00,95.0,count/min,0,김하은의 Apple Watch,HKQuantityTypeIdentifierHeartRate
Heart rate,2026-07-27 11:05:30+09:00,93.0,count/min,1,김하은의 Apple Watch,HKQuantityTypeIdentifierHeartRate
Heart rate,2026-07-27 11:05:35+09:00,94.2923,count/min,0,김하은의 Apple Watch,HKQuantityTypeIdentifierHeartRate
Heart rate,2026-07-27 11:10:45+09:00,124.0,count/min,2,김하은의 Apple Watch,HKQuantityTypeIdentifierHeartRate
Heart rate,2026-07-27 11:12:01+09:00,98.0,count/min,0,김하은의 Apple Watch,HKQuantityTypeIdentifierHeartRate
Heart rate,2026-07-27 11:12:06+09:00,98.0,count/min,0,김하은의 Apple Watch,HKQuantityTypeIdentifierHeartRate
Heart rate,2026-07-27 11:12:07+09:00,99.0,count/min,0,김하은의 Apple Watch,HKQuantityTypeIdentifierHeartRate
Heart rate,2026-07-27 11:12:16+09:00,107.0,count/min,0,김하은의 Apple Watch,HKQuantityTypeIdentifierHeartRate
Heart rate,2026-07-27 11:12:19+09:00,108.0,count/min,0,김하은의 Apple Watch,HKQuantityTypeIdentifierHeartRate
Heart rate,2026-07-27 11:12:26+09:00,105.0,count/min,0,김하은의 Apple Watch,HKQuantityTypeIdentifierHeartRate
Heart rate,2026-07-27 11:12:28+09:00,104.0,count/min,0,김하은의 Apple Watch,HKQuantityTypeIdentifierHeartRate
Heart rate,2026-07-27 11:12:32+09:00,102.0,count/min,0,김하은의 Apple Watch,HKQuantityTypeIdentifierHeartRate
Heart rate,2026-07-27 11:12:41+09:00,95.0,count/min,0,김하은의 Apple Watch,HKQuantityTypeIdentifierHeartRate
Heart rate,2026-07-27 11:12:46+09:00,96.0,count/min,0,김하은의 Apple Watch,HKQuantityTypeIdentifierHeartRate
Heart rate,2026-07-27 11:15:45+09:00,91.0,count/min,1,김하은의 Apple Watch,HKQuantityTypeIdentifierHeartRate
Heart rate,2026-07-27 11:18:57+09:00,96.0,count/min,1,김하은의 Apple Watch,HKQuantityTypeIdentifierHeartRate
Heart rate,2026-07-27 11:23:45+09:00,60.0,count/min,1,김하은의 Apple Watch,HKQuantityTypeIdentifierHeartRate
Heart rate,2026-07-27 11:29:54+09:00,91.0,count/min,1,김하은의 Apple Watch,HKQuantityTypeIdentifierHeartRate
Heart rate,2026-07-27 11:32:26+09:00,128.0,count/min,2,김하은의 Apple Watch,HKQuantityTypeIdentifierHeartRate
Heart rate,2026-07-27 11:33:17+09:00,127.0,count/min,0,김하은의 Apple Watch,HKQuantityTypeIdentifierHeartRate
Heart rate,2026-07-27 11:33:20+09:00,131.0,count/min,0,김하은의 Apple Watch,HKQuantityTypeIdentifierHeartRate
Heart rate,2026-07-27 11:33:25+09:00,125.0,count/min,0,김하은의 Apple Watch,HKQuantityTypeIdentifierHeartRate
Heart rate,2026-07-27 11:33:28+09:00,122.0,count/min,0,김하은의 Apple Watch,HKQuantityTypeIdentifierHeartRate
Heart rate,2026-07-27 11:33:36+09:00,117.0,count/min,0,김하은의 Apple Watch,HKQuantityTypeIdentifierHeartRate
Heart rate,2026-07-27 11:33:42+09:00,117.0,count/min,0,김하은의 Apple Watch,HKQuantityTypeIdentifierHeartRate
Heart rate,2026-07-27 11:33:46+09:00,119.0,count/min,0,김하은의 Apple Watch,HKQuantityTypeIdentifierHeartRate
Heart rate,2026-07-27 11:33:49+09:00,120.0,count/min,0,김하은의 Apple Watch,HKQuantityTypeIdentifierHeartRate
Heart rate,2026-07-27 11:33:54+09:00,123.0,count/min,0,김하은의 Apple Watch,HKQuantityTypeIdentifierHeartRate
Heart rate,2026-07-27 11:34:02+09:00,124.0,count/min,0,김하은의 Apple Watch,HKQuantityTypeIdentifierHeartRate
Heart rate,2026-07-27 11:34:07+09:00,124.0,count/min,0,김하은의 Apple Watch,HKQuantityTypeIdentifierHeartRate
Heart rate,2026-07-27 11:34:11+09:00,124.0,count/min,0,김하은의 Apple Watch,HKQuantityTypeIdentifierHeartRate
Heart rate,2026-07-27 11:35:55+09:00,106.0,count/min,1,김하은의 Apple Watch,HKQuantityTypeIdentifierHeartRate
Heart rate,2026-07-27 11:38:15+09:00,146.0,count/min,2,김하은의 Apple Watch,HKQuantityTypeIdentifierHeartRate
Heart rate,2026-07-27 11:40:51+09:00,125.0,count/min,2,김하은의 Apple Watch,HKQuantityTypeIdentifierHeartRate
Heart rate,2026-07-27 11:41:39+09:00,102.0,count/min,1,김하은의 Apple Watch,HKQuantityTypeIdentifierHeartRate
Heart rate,2026-07-27 11:45:12+09:00,92.4752,count/min,0,김하은의 Apple Watch,HKQuantityTypeIdentifierHeartRate
Heart rate,2026-07-27 11:46:03+09:00,92.0,count/min,1,김하은의 Apple Watch,HKQuantityTypeIdentifierHeartRate
Heart rate,2026-07-27 11:50:13+09:00,109.0,count/min,0,김하은의 Apple Watch,HKQuantityTypeIdentifierHeartRate
Heart rate,2026-07-27 11:53:16+09:00,123.0,count/min,2,김하은의 Apple Watch,HKQuantityTypeIdentifierHeartRate
Heart rate,2026-07-27 11:56:07+09:00,119.0,count/min,2,김하은의 Apple Watch,HKQuantityTypeIdentifierHeartRate
Heart rate,2026-07-27 11:58:37+09:00,112.0,count/min,2,김하은의 Apple Watch,HKQuantityTypeIdentifierHeartRate
Heart rate,2026-07-27 12:01:21+09:00,118.0,count/min,1,김하은의 Apple Watch,HKQuantityTypeIdentifierHeartRate
Heart rate,2026-07-27 12:03:48+09:00,123.0,count/min,2,김하은의 Apple Watch,HKQuantityTypeIdentifierHeartRate
Heart rate,2026-07-27 12:06:08+09:00,132.0,count/min,2,김하은의 Apple Watch,HKQuantityTypeIdentifierHeartRate
Heart rate,2026-07-27 12:06:19+09:00,123.0,count/min,0,김하은의 Apple Watch,HKQuantityTypeIdentifierHeartRate
Heart rate,2026-07-27 12:06:24+09:00,124.0,count/min,0,김하은의 Apple Watch,HKQuantityTypeIdentifierHeartRate
Heart rate,2026-07-27 12:06:28+09:00,123.0,count/min,0,김하은의 Apple Watch,HKQuantityTypeIdentifierHeartRate
Heart rate,2026-07-27 12:06:34+09:00,124.0,count/min,0,김하은의 Apple Watch,HKQuantityTypeIdentifierHeartRate
Heart rate,2026-07-27 12:06:35+09:00,123.0,count/min,0,김하은의 Apple Watch,HKQuantityTypeIdentifierHeartRate
Heart rate,2026-07-27 12:06:41+09:00,118.0,count/min,0,김하은의 Apple Watch,HKQuantityTypeIdentifierHeartRate
Heart rate,2026-07-27 12:06:46+09:00,118.0,count/min,0,김하은의 Apple Watch,HKQuantityTypeIdentifierHeartRate
Heart rate,2026-07-27 12:07:05+09:00,120.0,count/min,0,김하은의 Apple Watch,HKQuantityTypeIdentifierHeartRate
Heart rate,2026-07-27 12:07:53+09:00,122.0,count/min,0,김하은의 Apple Watch,HKQuantityTypeIdentifierHeartRate
Heart rate,2026-07-27 12:12:42+09:00,118.0,count/min,2,김하은의 Apple Watch,HKQuantityTypeIdentifierHeartRate
Heart rate,2026-07-27 12:15:01+09:00,129.0,count/min,2,김하은의 Apple Watch,HKQuantityTypeIdentifierHeartRate
Heart rate,2026-07-27 12:16:57+09:00,113.0,count/min,0,김하은의 Apple Watch,HKQuantityTypeIdentifierHeartRate
Heart rate,2026-07-27 12:19:21+09:00,86.0,count/min,1,김하은의 Apple Watch,HKQuantityTypeIdentifierHeartRate
Heart rate,2026-07-27 12:22:00+09:00,126.0,count/min,2,김하은의 Apple Watch,HKQuantityTypeIdentifierHeartRate
Heart rate,2026-07-27 12:23:32+09:00,102.0,count/min,0,김하은의 Apple Watch,HKQuantityTypeIdentifierHeartRate
Heart rate,2026-07-27 12:23:36+09:00,114.0,count/min,0,김하은의 Apple Watch,HKQuantityTypeIdentifierHeartRate
Heart rate,2026-07-27 12:23:42+09:00,121.0,count/min,0,김하은의 Apple Watch,HKQuantityTypeIdentifierHeartRate
Heart rate,2026-07-27 12:23:47+09:00,123.0,count/min,0,김하은의 Apple Watch,HKQuantityTypeIdentifierHeartRate
Heart rate,2026-07-27 12:23:52+09:00,122.0,count/min,0,김하은의 Apple Watch,HKQuantityTypeIdentifierHeartRate
Heart rate,2026-07-27 12:23:53+09:00,121.0,count/min,0,김하은의 Apple Watch,HKQuantityTypeIdentifierHeartRate
Heart rate,2026-07-27 12:23:58+09:00,122.0,count/min,0,김하은의 Apple Watch,HKQuantityTypeIdentifierHeartRate
Heart rate,2026-07-27 12:24:06+09:00,116.0,count/min,0,김하은의 Apple Watch,HKQuantityTypeIdentifierHeartRate
Heart rate,2026-07-27 12:25:51+09:00,98.0,count/min,1,김하은의 Apple Watch,HKQuantityTypeIdentifierHeartRate
Heart rate,2026-07-27 12:28:58+09:00,98.0,count/min,1,김하은의 Apple Watch,HKQuantityTypeIdentifierHeartRate
Heart rate,2026-07-27 12:32:34+09:00,98.0,count/min,0,김하은의 Apple Watch,HKQuantityTypeIdentifierHeartRate
Heart rate,2026-07-27 12:35:27+09:00,150.0,count/min,2,김하은의 Apple Watch,HKQuantityTypeIdentifierHeartRate
Heart rate,2026-07-27 12:37:46+09:00,123.0,count/min,2,김하은의 Apple Watch,HKQuantityTypeIdentifierHeartRate
Heart rate,2026-07-27 12:40:10+09:00,138.0,count/min,2,김하은의 Apple Watch,HKQuantityTypeIdentifierHeartRate
Heart rate,2026-07-27 12:43:54+09:00,115.0,count/min,1,김하은의 Apple Watch,HKQuantityTypeIdentifierHeartRate
Heart rate,2026-07-27 12:46:51+09:00,116.0,count/min,2,김하은의 Apple Watch,HKQuantityTypeIdentifierHeartRate
Heart rate,2026-07-27 12:50:04+09:00,101.0,count/min,1,김하은의 Apple Watch,HKQuantityTypeIdentifierHeartRate
Heart rate,2026-07-27 12:54:03+09:00,99.0,count/min,1,김하은의 Apple Watch,HKQuantityTypeIdentifierHeartRate
Heart rate,2026-07-27 12:58:31+09:00,90.0,count/min,1,김하은의 Apple Watch,HKQuantityTypeIdentifierHeartRate
Heart rate,2026-07-27 13:06:28+09:00,97.0,count/min,1,김하은의 Apple Watch,HKQuantityTypeIdentifierHeartRate
Heart rate,2026-07-27 13:10:18+09:00,95.0,count/min,1,김하은의 Apple Watch,HKQuantityTypeIdentifierHeartRate
Heart rate,2026-07-27 13:12:59+09:00,92.0,count/min,1,김하은의 Apple Watch,HKQuantityTypeIdentifierHeartRate
Heart rate,2026-07-27 13:18:54+09:00,113.0,count/min,1,김하은의 Apple Watch,HKQuantityTypeIdentifierHeartRate
Heart rate,2026-07-27 13:24:26+09:00,109.0,count/min,0,김하은의 Apple Watch,HKQuantityTypeIdentifierHeartRate
Heart rate,2026-07-27 13:29:06+09:00,116.0,count/min,1,김하은의 Apple Watch,HKQuantityTypeIdentifierHeartRate
Heart rate,2026-07-27 13:37:02+09:00,101.0,count/min,1,김하은의 Apple Watch,HKQuantityTypeIdentifierHeartRate
Heart rate,2026-07-27 13:39:23+09:00,116.0,count/min,1,김하은의 Apple Watch,HKQuantityTypeIdentifierHeartRate
Heart rate,2026-07-27 13:41:49+09:00,115.762,count/min,0,김하은의 Apple Watch,HKQuantityTypeIdentifierHeartRate
Heart rate,2026-07-27 13:42:55+09:00,115.0,count/min,1,김하은의 Apple Watch,HKQuantityTypeIdentifierHeartRate
Heart rate,2026-07-27 13:48:50+09:00,118.0,count/min,1,김하은의 Apple Watch,HKQuantityTypeIdentifierHeartRate
Heart rate,2026-07-27 13:52:34+09:00,105.0,count/min,1,김하은의 Apple Watch,HKQuantityTypeIdentifierHeartRate
Heart rate,2026-07-27 13:57:40+09:00,117.0,count/min,1,김하은의 Apple Watch,HKQuantityTypeIdentifierHeartRate
Heart rate,2026-07-27 14:03:51+09:00,112.0,count/min,1,김하은의 Apple Watch,HKQuantityTypeIdentifierHeartRate
Heart rate,2026-07-27 14:09:15+09:00,112.0,count/min,1,김하은의 Apple Watch,HKQuantityTypeIdentifierHeartRate
Heart rate,2026-07-27 14:12:42+09:00,112.0,count/min,1,김하은의 Apple Watch,HKQuantityTypeIdentifierHeartRate
Heart rate,2026-07-27 14:22:22+09:00,110.0,count/min,1,김하은의 Apple Watch,HKQuantityTypeIdentifierHeartRate
Heart rate,2026-07-27 14:25:41+09:00,116.0,count/min,0,김하은의 Apple Watch,HKQuantityTypeIdentifierHeartRate
Heart rate,2026-07-27 14:30:55+09:00,119.0,count/min,1,김하은의 Apple Watch,HKQuantityTypeIdentifierHeartRate
Heart rate,2026-07-27 14:32:32+09:00,114.0,count/min,1,김하은의 Apple Watch,HKQuantityTypeIdentifierHeartRate
Heart rate,2026-07-27 14:37:03+09:00,117.0,count/min,2,김하은의 Apple Watch,HKQuantityTypeIdentifierHeartRate
Heart rate,2026-07-27 14:38:03+09:00,96.0,count/min,0,김하은의 Apple Watch,HKQuantityTypeIdentifierHeartRate
Heart rate,2026-07-27 14:52:11+09:00,110.0,count/min,1,김하은의 Apple Watch,HKQuantityTypeIdentifierHeartRate
Heart rate,2026-07-27 14:53:40+09:00,114.0,count/min,0,김하은의 Apple Watch,HKQuantityTypeIdentifierHeartRate
Heart rate,2026-07-27 14:54:06+09:00,114.0,count/min,1,김하은의 Apple Watch,HKQuantityTypeIdentifierHeartRate
Heart rate,2026-07-27 15:00:44+09:00,117.0,count/min,1,김하은의 Apple Watch,HKQuantityTypeIdentifierHeartRate
Heart rate,2026-07-27 15:04:29+09:00,114.0,count/min,1,김하은의 Apple Watch,HKQuantityTypeIdentifierHeartRate
Heart rate,2026-07-27 15:08:05+09:00,114.0,count/min,1,김하은의 Apple Watch,HKQuantityTypeIdentifierHeartRate
Heart rate,2026-07-27 15:14:12+09:00,115.0,count/min,1,김하은의 Apple Watch,HKQuantityTypeIdentifierHeartRate
Heart rate,2026-07-27 15:17:59+09:00,114.0,count/min,1,김하은의 Apple Watch,HKQuantityTypeIdentifierHeartRate
Heart rate,2026-07-27 15:23:31+09:00,114.0,count/min,1,김하은의 Apple Watch,HKQuantityTypeIdentifierHeartRate
Heart rate,2026-07-27 15:30:44+09:00,114.0,count/min,1,김하은의 Apple Watch,HKQuantityTypeIdentifierHeartRate
Heart rate,2026-07-27 15:36:02+09:00,112.0,count/min,1,김하은의 Apple Watch,HKQuantityTypeIdentifierHeartRate
Heart rate,2026-07-27 15:38:54+09:00,109.0,count/min,1,김하은의 Apple Watch,HKQuantityTypeIdentifierHeartRate
Heart rate,2026-07-27 15:43:36+09:00,111.156,count/min,0,김하은의 Apple Watch,HKQuantityTypeIdentifierHeartRate
Heart rate,2026-07-27 15:45:15+09:00,97.0,count/min,1,김하은의 Apple Watch,HKQuantityTypeIdentifierHeartRate
Heart rate,2026-07-27 15:48:37+09:00,108.0,count/min,0,김하은의 Apple Watch,HKQuantityTypeIdentifierHeartRate
Heart rate,2026-07-27 15:55:23+09:00,74.0,count/min,1,김하은의 Apple Watch,HKQuantityTypeIdentifierHeartRate
Heart rate,2026-07-27 16:00:59+09:00,94.0,count/min,1,김하은의 Apple Watch,HKQuantityTypeIdentifierHeartRate
Heart rate,2026-07-27 16:04:05+09:00,94.0,count/min,1,김하은의 Apple Watch,HKQuantityTypeIdentifierHeartRate
Heart rate,2026-07-27 16:10:37+09:00,91.0,count/min,1,김하은의 Apple Watch,HKQuantityTypeIdentifierHeartRate
Heart rate,2026-07-27 16:17:12+09:00,91.0,count/min,1,김하은의 Apple Watch,HKQuantityTypeIdentifierHeartRate
Heart rate,2026-07-27 16:18:37+09:00,88.0,count/min,1,김하은의 Apple Watch,HKQuantityTypeIdentifierHeartRate
Heart rate,2026-07-27 16:24:32+09:00,89.0,count/min,1,김하은의 Apple Watch,HKQuantityTypeIdentifierHeartRate
Heart rate,2026-07-27 16:30:26+09:00,109.0,count/min,1,김하은의 Apple Watch,HKQuantityTypeIdentifierHeartRate
Heart rate,2026-07-27 16:37:14+09:00,91.0,count/min,1,김하은의 Apple Watch,HKQuantityTypeIdentifierHeartRate
Heart rate,2026-07-27 16:41:56+09:00,91.0,count/min,1,김하은의 Apple Watch,HKQuantityTypeIdentifierHeartRate
Heart rate,2026-07-27 16:45:14+09:00,92.0,count/min,1,김하은의 Apple Watch,HKQuantityTypeIdentifierHeartRate
Heart rate,2026-07-27 16:48:59+09:00,86.0,count/min,1,김하은의 Apple Watch,HKQuantityTypeIdentifierHeartRate
Heart rate,2026-07-27 16:53:23+09:00,92.0,count/min,1,김하은의 Apple Watch,HKQuantityTypeIdentifierHeartRate
Heart rate,2026-07-27 16:55:51+09:00,91.0,count/min,1,김하은의 Apple Watch,HKQuantityTypeIdentifierHeartRate
Heart rate,2026-07-27 17:00:09+09:00,89.0,count/min,1,김하은의 Apple Watch,HKQuantityTypeIdentifierHeartRate
Heart rate,2026-07-27 17:05:50+09:00,96.0,count/min,1,김하은의 Apple Watch,HKQuantityTypeIdentifierHeartRate
Heart rate,2026-07-27 17:15:04+09:00,93.0,count/min,1,김하은의 Apple Watch,HKQuantityTypeIdentifierHeartRate
Heart rate,2026-07-27 17:16:23+09:00,90.0,count/min,1,김하은의 Apple Watch,HKQuantityTypeIdentifierHeartRate
Heart rate,2026-07-27 17:24:16+09:00,89.0,count/min,1,김하은의 Apple Watch,HKQuantityTypeIdentifierHeartRate
Heart rate,2026-07-27 17:26:46+09:00,97.0,count/min,0,김하은의 Apple Watch,HKQuantityTypeIdentifierHeartRate
Heart rate,2026-07-27 17:34:08+09:00,108.0,count/min,1,김하은의 Apple Watch,HKQuantityTypeIdentifierHeartRate
Heart rate,2026-07-27 17:36:39+09:00,90.0,count/min,1,김하은의 Apple Watch,HKQuantityTypeIdentifierHeartRate
Heart rate,2026-07-27 17:44:01+09:00,97.0,count/min,1,김하은의 Apple Watch,HKQuantityTypeIdentifierHeartRate
Heart rate,2026-07-27 17:45:04+09:00,111.988,count/min,0,김하은의 Apple Watch,HKQuantityTypeIdentifierHeartRate
Heart rate,2026-07-27 17:47:22+09:00,110.0,count/min,0,김하은의 Apple Watch,HKQuantityTypeIdentifierHeartRate
Heart rate,2026-07-27 17:50:47+09:00,109.0,count/min,1,김하은의 Apple Watch,HKQuantityTypeIdentifierHeartRate
Heart rate,2026-07-27 17:55:49+09:00,107.0,count/min,1,김하은의 Apple Watch,HKQuantityTypeIdentifierHeartRate
Heart rate,2026-07-27 18:02:18+09:00,103.0,count/min,1,김하은의 Apple Watch,HKQuantityTypeIdentifierHeartRate
Heart rate,2026-07-27 18:06:12+09:00,155.0,count/min,0,김하은의 Apple Watch,HKQuantityTypeIdentifierHeartRate
Heart rate,2026-07-27 18:06:16+09:00,152.0,count/min,0,김하은의 Apple Watch,HKQuantityTypeIdentifierHeartRate
Heart rate,2026-07-27 18:06:22+09:00,155.0,count/min,0,김하은의 Apple Watch,HKQuantityTypeIdentifierHeartRate
Heart rate,2026-07-27 18:06:27+09:00,163.0,count/min,0,김하은의 Apple Watch,HKQuantityTypeIdentifierHeartRate
Heart rate,2026-07-27 18:06:32+09:00,165.0,count/min,0,김하은의 Apple Watch,HKQuantityTypeIdentifierHeartRate
Heart rate,2026-07-27 18:06:37+09:00,165.0,count/min,0,김하은의 Apple Watch,HKQuantityTypeIdentifierHeartRate
Heart rate,2026-07-27 18:06:41+09:00,165.0,count/min,0,김하은의 Apple Watch,HKQuantityTypeIdentifierHeartRate
Heart rate,2026-07-27 18:06:43+09:00,165.0,count/min,0,김하은의 Apple Watch,HKQuantityTypeIdentifierHeartRate
Heart rate,2026-07-27 18:06:48+09:00,163.0,count/min,0,김하은의 Apple Watch,HKQuantityTypeIdentifierHeartRate
Heart rate,2026-07-27 18:06:54+09:00,163.0,count/min,0,김하은의 Apple Watch,HKQuantityTypeIdentifierHeartRate
Heart rate,2026-07-27 18:06:59+09:00,164.0,count/min,0,김하은의 Apple Watch,HKQuantityTypeIdentifierHeartRate
Heart rate,2026-07-27 18:07:05+09:00,167.0,count/min,0,김하은의 Apple Watch,HKQuantityTypeIdentifierHeartRate
Heart rate,2026-07-27 18:07:09+09:00,169.0,count/min,0,김하은의 Apple Watch,HKQuantityTypeIdentifierHeartRate
Heart rate,2026-07-27 18:07:15+09:00,168.0,count/min,0,김하은의 Apple Watch,HKQuantityTypeIdentifierHeartRate
Heart rate,2026-07-27 18:07:18+09:00,167.0,count/min,0,김하은의 Apple Watch,HKQuantityTypeIdentifierHeartRate
Heart rate,2026-07-27 18:07:27+09:00,169.0,count/min,0,김하은의 Apple Watch,HKQuantityTypeIdentifierHeartRate
Heart rate,2026-07-27 18:07:29+09:00,169.0,count/min,0,김하은의 Apple Watch,HKQuantityTypeIdentifierHeartRate
Heart rate,2026-07-27 18:07:37+09:00,171.0,count/min,0,김하은의 Apple Watch,HKQuantityTypeIdentifierHeartRate
Heart rate,2026-07-27 18:07:42+09:00,171.0,count/min,0,김하은의 Apple Watch,HKQuantityTypeIdentifierHeartRate
Heart rate,2026-07-27 18:10:40+09:00,121.0,count/min,0,김하은의 Apple Watch,HKQuantityTypeIdentifierHeartRate
Heart rate,2026-07-27 18:15:23+09:00,113.0,count/min,1,김하은의 Apple Watch,HKQuantityTypeIdentifierHeartRate
Heart rate,2026-07-27 18:20:40+09:00,110.0,count/min,1,김하은의 Apple Watch,HKQuantityTypeIdentifierHeartRate
Heart rate,2026-07-27 18:26:58+09:00,135.0,count/min,2,김하은의 Apple Watch,HKQuantityTypeIdentifierHeartRate
Heart rate,2026-07-27 18:33:13+09:00,142.0,count/min,0,김하은의 Apple Watch,HKQuantityTypeIdentifierHeartRate
Heart rate,2026-07-27 18:33:18+09:00,143.0,count/min,0,김하은의 Apple Watch,HKQuantityTypeIdentifierHeartRate
Heart rate,2026-07-27 18:33:20+09:00,145.0,count/min,0,김하은의 Apple Watch,HKQuantityTypeIdentifierHeartRate
Heart rate,2026-07-27 18:33:26+09:00,148.0,count/min,0,김하은의 Apple Watch,HKQuantityTypeIdentifierHeartRate
Heart rate,2026-07-27 18:33:30+09:00,151.0,count/min,0,김하은의 Apple Watch,HKQuantityTypeIdentifierHeartRate
Heart rate,2026-07-27 18:33:34+09:00,152.0,count/min,0,김하은의 Apple Watch,HKQuantityTypeIdentifierHeartRate
Heart rate,2026-07-27 18:33:43+09:00,160.0,count/min,0,김하은의 Apple Watch,HKQuantityTypeIdentifierHeartRate
Heart rate,2026-07-27 18:33:44+09:00,161.0,count/min,0,김하은의 Apple Watch,HKQuantityTypeIdentifierHeartRate
Heart rate,2026-07-27 18:33:49+09:00,161.0,count/min,0,김하은의 Apple Watch,HKQuantityTypeIdentifierHeartRate
Heart rate,2026-07-27 18:33:58+09:00,156.0,count/min,0,김하은의 Apple Watch,HKQuantityTypeIdentifierHeartRate
Heart rate,2026-07-27 18:34:09+09:00,149.0,count/min,0,김하은의 Apple Watch,HKQuantityTypeIdentifierHeartRate
Heart rate,2026-07-27 18:34:14+09:00,142.0,count/min,0,김하은의 Apple Watch,HKQuantityTypeIdentifierHeartRate
Heart rate,2026-07-27 18:34:17+09:00,140.0,count/min,0,김하은의 Apple Watch,HKQuantityTypeIdentifierHeartRate
Heart rate,2026-07-27 18:34:20+09:00,139.0,count/min,0,김하은의 Apple Watch,HKQuantityTypeIdentifierHeartRate
Heart rate,2026-07-27 18:34:26+09:00,138.0,count/min,0,김하은의 Apple Watch,HKQuantityTypeIdentifierHeartRate
Heart rate,2026-07-27 18:34:32+09:00,136.0,count/min,0,김하은의 Apple Watch,HKQuantityTypeIdentifierHeartRate
Heart rate,2026-07-27 18:34:36+09:00,135.0,count/min,0,김하은의 Apple Watch,HKQuantityTypeIdentifierHeartRate
Heart rate,2026-07-27 18:34:43+09:00,135.0,count/min,0,김하은의 Apple Watch,HKQuantityTypeIdentifierHeartRate
Heart rate,2026-07-27 18:34:46+09:00,135.0,count/min,0,김하은의 Apple Watch,HKQuantityTypeIdentifierHeartRate
Heart rate,2026-07-27 18:34:53+09:00,137.0,count/min,0,김하은의 Apple Watch,HKQuantityTypeIdentifierHeartRate
Heart rate,2026-07-27 18:34:59+09:00,136.0,count/min,0,김하은의 Apple Watch,HKQuantityTypeIdentifierHeartRate
Heart rate,2026-07-27 18:35:01+09:00,136.0,count/min,0,김하은의 Apple Watch,HKQuantityTypeIdentifierHeartRate
Heart rate,2026-07-27 18:35:08+09:00,136.0,count/min,0,김하은의 Apple Watch,HKQuantityTypeIdentifierHeartRate
Heart rate,2026-07-27 18:35:13+09:00,137.0,count/min,0,김하은의 Apple Watch,HKQuantityTypeIdentifierHeartRate
Heart rate,2026-07-27 18:35:17+09:00,136.0,count/min,0,김하은의 Apple Watch,HKQuantityTypeIdentifierHeartRate
Heart rate,2026-07-27 18:35:20+09:00,136.0,count/min,0,김하은의 Apple Watch,HKQuantityTypeIdentifierHeartRate
Heart rate,2026-07-27 18:35:29+09:00,137.0,count/min,0,김하은의 Apple Watch,HKQuantityTypeIdentifierHeartRate
Heart rate,2026-07-27 18:35:31+09:00,136.0,count/min,0,김하은의 Apple Watch,HKQuantityTypeIdentifierHeartRate
Heart rate,2026-07-27 18:35:44+09:00,135.0,count/min,0,김하은의 Apple Watch,HKQuantityTypeIdentifierHeartRate
Heart rate,2026-07-27 18:35:45+09:00,136.0,count/min,0,김하은의 Apple Watch,HKQuantityTypeIdentifierHeartRate
Heart rate,2026-07-27 18:35:50+09:00,137.0,count/min,0,김하은의 Apple Watch,HKQuantityTypeIdentifierHeartRate
Heart rate,2026-07-27 18:35:55+09:00,138.0,count/min,0,김하은의 Apple Watch,HKQuantityTypeIdentifierHeartRate
Heart rate,2026-07-27 18:36:01+09:00,134.0,count/min,0,김하은의 Apple Watch,HKQuantityTypeIdentifierHeartRate
Heart rate,2026-07-27 18:36:05+09:00,130.0,count/min,0,김하은의 Apple Watch,HKQuantityTypeIdentifierHeartRate
Heart rate,2026-07-27 18:36:12+09:00,129.0,count/min,0,김하은의 Apple Watch,HKQuantityTypeIdentifierHeartRate
Heart rate,2026-07-27 18:36:17+09:00,130.0,count/min,0,김하은의 Apple Watch,HKQuantityTypeIdentifierHeartRate
Heart rate,2026-07-27 18:36:20+09:00,132.0,count/min,0,김하은의 Apple Watch,HKQuantityTypeIdentifierHeartRate
Heart rate,2026-07-27 18:36:28+09:00,133.0,count/min,0,김하은의 Apple Watch,HKQuantityTypeIdentifierHeartRate
Heart rate,2026-07-27 18:36:33+09:00,133.0,count/min,0,김하은의 Apple Watch,HKQuantityTypeIdentifierHeartRate
Heart rate,2026-07-27 18:36:35+09:00,135.0,count/min,0,김하은의 Apple Watch,HKQuantityTypeIdentifierHeartRate
Heart rate,2026-07-27 18:36:40+09:00,136.0,count/min,0,김하은의 Apple Watch,HKQuantityTypeIdentifierHeartRate
Heart rate,2026-07-27 18:36:48+09:00,136.0,count/min,0,김하은의 Apple Watch,HKQuantityTypeIdentifierHeartRate
Heart rate,2026-07-27 18:36:53+09:00,133.0,count/min,0,김하은의 Apple Watch,HKQuantityTypeIdentifierHeartRate
Heart rate,2026-07-27 18:36:58+09:00,131.0,count/min,0,김하은의 Apple Watch,HKQuantityTypeIdentifierHeartRate
Heart rate,2026-07-27 18:37:01+09:00,131.0,count/min,0,김하은의 Apple Watch,HKQuantityTypeIdentifierHeartRate
Heart rate,2026-07-27 18:37:19+09:00,131.0,count/min,0,김하은의 Apple Watch,HKQuantityTypeIdentifierHeartRate
Heart rate,2026-07-27 18:37:20+09:00,131.0,count/min,0,김하은의 Apple Watch,HKQuantityTypeIdentifierHeartRate
Heart rate,2026-07-27 18:37:29+09:00,121.0,count/min,0,김하은의 Apple Watch,HKQuantityTypeIdentifierHeartRate
Heart rate,2026-07-27 18:37:31+09:00,119.0,count/min,0,김하은의 Apple Watch,HKQuantityTypeIdentifierHeartRate
Heart rate,2026-07-27 18:37:37+09:00,116.0,count/min,0,김하은의 Apple Watch,HKQuantityTypeIdentifierHeartRate
Heart rate,2026-07-27 18:37:50+09:00,120.0,count/min,0,김하은의 Apple Watch,HKQuantityTypeIdentifierHeartRate
Heart rate,2026-07-27 18:37:56+09:00,122.0,count/min,0,김하은의 Apple Watch,HKQuantityTypeIdentifierHeartRate
Heart rate,2026-07-27 18:38:01+09:00,118.0,count/min,0,김하은의 Apple Watch,HKQuantityTypeIdentifierHeartRate
Heart rate,2026-07-27 18:38:05+09:00,121.0,count/min,0,김하은의 Apple Watch,HKQuantityTypeIdentifierHeartRate
Heart rate,2026-07-27 18:38:10+09:00,125.0,count/min,0,김하은의 Apple Watch,HKQuantityTypeIdentifierHeartRate
Heart rate,2026-07-27 18:38:17+09:00,135.0,count/min,0,김하은의 Apple Watch,HKQuantityTypeIdentifierHeartRate
Heart rate,2026-07-27 18:38:22+09:00,133.0,count/min,0,김하은의 Apple Watch,HKQuantityTypeIdentifierHeartRate
Heart rate,2026-07-27 18:38:43+09:00,127.0,count/min,0,김하은의 Apple Watch,HKQuantityTypeIdentifierHeartRate
Heart rate,2026-07-27 18:38:55+09:00,128.0,count/min,0,김하은의 Apple Watch,HKQuantityTypeIdentifierHeartRate
Heart rate,2026-07-27 18:39:00+09:00,129.0,count/min,0,김하은의 Apple Watch,HKQuantityTypeIdentifierHeartRate
Heart rate,2026-07-27 18:39:09+09:00,124.0,count/min,0,김하은의 Apple Watch,HKQuantityTypeIdentifierHeartRate
Heart rate,2026-07-27 18:39:13+09:00,115.0,count/min,0,김하은의 Apple Watch,HKQuantityTypeIdentifierHeartRate
Heart rate,2026-07-27 18:39:19+09:00,110.0,count/min,0,김하은의 Apple Watch,HKQuantityTypeIdentifierHeartRate
Heart rate,2026-07-27 18:39:22+09:00,111.0,count/min,0,김하은의 Apple Watch,HKQuantityTypeIdentifierHeartRate
Heart rate,2026-07-27 18:39:29+09:00,109.0,count/min,0,김하은의 Apple Watch,HKQuantityTypeIdentifierHeartRate
Heart rate,2026-07-27 18:39:31+09:00,108.0,count/min,0,김하은의 Apple Watch,HKQuantityTypeIdentifierHeartRate
Heart rate,2026-07-27 18:39:36+09:00,108.0,count/min,0,김하은의 Apple Watch,HKQuantityTypeIdentifierHeartRate
Heart rate,2026-07-27 18:39:44+09:00,109.0,count/min,0,김하은의 Apple Watch,HKQuantityTypeIdentifierHeartRate
Heart rate,2026-07-27 18:39:47+09:00,109.0,count/min,0,김하은의 Apple Watch,HKQuantityTypeIdentifierHeartRate
Heart rate,2026-07-27 18:39:54+09:00,108.0,count/min,0,김하은의 Apple Watch,HKQuantityTypeIdentifierHeartRate
Heart rate,2026-07-27 18:39:59+09:00,104.0,count/min,0,김하은의 Apple Watch,HKQuantityTypeIdentifierHeartRate
Heart rate,2026-07-27 18:40:02+09:00,104.0,count/min,0,김하은의 Apple Watch,HKQuantityTypeIdentifierHeartRate
Heart rate,2026-07-27 18:40:08+09:00,107.0,count/min,0,김하은의 Apple Watch,HKQuantityTypeIdentifierHeartRate
Heart rate,2026-07-27 18:40:15+09:00,108.0,count/min,0,김하은의 Apple Watch,HKQuantityTypeIdentifierHeartRate
Heart rate,2026-07-27 18:40:20+09:00,109.0,count/min,0,김하은의 Apple Watch,HKQuantityTypeIdentifierHeartRate
Heart rate,2026-07-27 18:40:22+09:00,109.0,count/min,0,김하은의 Apple Watch,HKQuantityTypeIdentifierHeartRate
Heart rate,2026-07-27 18:40:27+09:00,109.0,count/min,0,김하은의 Apple Watch,HKQuantityTypeIdentifierHeartRate
Heart rate,2026-07-27 18:40:34+09:00,109.0,count/min,0,김하은의 Apple Watch,HKQuantityTypeIdentifierHeartRate
Heart rate,2026-07-27 18:40:37+09:00,107.0,count/min,0,김하은의 Apple Watch,HKQuantityTypeIdentifierHeartRate
Heart rate,2026-07-27 18:40:43+09:00,103.0,count/min,0,김하은의 Apple Watch,HKQuantityTypeIdentifierHeartRate
Heart rate,2026-07-27 18:40:50+09:00,111.0,count/min,0,김하은의 Apple Watch,HKQuantityTypeIdentifierHeartRate
Heart rate,2026-07-27 18:40:54+09:00,109.0,count/min,0,김하은의 Apple Watch,HKQuantityTypeIdentifierHeartRate
Heart rate,2026-07-27 18:40:56+09:00,109.0,count/min,0,김하은의 Apple Watch,HKQuantityTypeIdentifierHeartRate
Heart rate,2026-07-27 18:41:05+09:00,104.0,count/min,0,김하은의 Apple Watch,HKQuantityTypeIdentifierHeartRate
Heart rate,2026-07-27 18:41:06+09:00,105.0,count/min,0,김하은의 Apple Watch,HKQuantityTypeIdentifierHeartRate
Heart rate,2026-07-27 18:41:15+09:00,98.0,count/min,0,김하은의 Apple Watch,HKQuantityTypeIdentifierHeartRate
Heart rate,2026-07-27 18:41:18+09:00,98.0,count/min,0,김하은의 Apple Watch,HKQuantityTypeIdentifierHeartRate
Heart rate,2026-07-27 18:41:25+09:00,104.0,count/min,0,김하은의 Apple Watch,HKQuantityTypeIdentifierHeartRate
Heart rate,2026-07-27 18:41:30+09:00,98.0,count/min,0,김하은의 Apple Watch,HKQuantityTypeIdentifierHeartRate
Heart rate,2026-07-27 18:41:35+09:00,98.0,count/min,0,김하은의 Apple Watch,HKQuantityTypeIdentifierHeartRate
Heart rate,2026-07-27 18:42:06+09:00,109.0,count/min,0,김하은의 Apple Watch,HKQuantityTypeIdentifierHeartRate
Heart rate,2026-07-27 18:42:11+09:00,114.0,count/min,0,김하은의 Apple Watch,HKQuantityTypeIdentifierHeartRate
Heart rate,2026-07-27 18:43:42+09:00,96.0,count/min,1,김하은의 Apple Watch,HKQuantityTypeIdentifierHeartRate
Heart rate,2026-07-27 18:45:25+09:00,110.0,count/min,0,김하은의 Apple Watch,HKQuantityTypeIdentifierHeartRate
Heart rate,2026-07-27 19:16:28+09:00,94.0,count/min,1,김하은의 Apple Watch,HKQuantityTypeIdentifierHeartRate
Heart rate,2026-07-27 19:20:53+09:00,98.0,count/min,1,김하은의 Apple Watch,HKQuantityTypeIdentifierHeartRate
Heart rate,2026-07-27 19:26:10+09:00,95.0,count/min,1,김하은의 Apple Watch,HKQuantityTypeIdentifierHeartRate
Heart rate,2026-07-27 19:31:49+09:00,111.0,count/min,1,김하은의 Apple Watch,HKQuantityTypeIdentifierHeartRate
Heart rate,2026-07-27 19:35:12+09:00,112.0,count/min,0,김하은의 Apple Watch,HKQuantityTypeIdentifierHeartRate
Heart rate,2026-07-27 19:40:48+09:00,98.0,count/min,2,김하은의 Apple Watch,HKQuantityTypeIdentifierHeartRate
Heart rate,2026-07-27 19:44:24+09:00,89.0,count/min,1,김하은의 Apple Watch,HKQuantityTypeIdentifierHeartRate
Heart rate,2026-07-27 19:44:39+09:00,96.9447,count/min,0,김하은의 Apple Watch,HKQuantityTypeIdentifierHeartRate
Heart rate,2026-07-27 19:49:20+09:00,91.0,count/min,1,김하은의 Apple Watch,HKQuantityTypeIdentifierHeartRate
Heart rate,2026-07-27 19:51:45+09:00,91.0,count/min,1,김하은의 Apple Watch,HKQuantityTypeIdentifierHeartRate
Heart rate,2026-07-27 19:56:25+09:00,94.0,count/min,1,김하은의 Apple Watch,HKQuantityTypeIdentifierHeartRate
Heart rate,2026-07-27 20:00:38+09:00,93.0,count/min,1,김하은의 Apple Watch,HKQuantityTypeIdentifierHeartRate
Heart rate,2026-07-27 20:06:52+09:00,93.0,count/min,1,김하은의 Apple Watch,HKQuantityTypeIdentifierHeartRate
Heart rate,2026-07-27 20:13:46+09:00,90.0,count/min,1,김하은의 Apple Watch,HKQuantityTypeIdentifierHeartRate
Heart rate,2026-07-27 20:20:03+09:00,88.0,count/min,1,김하은의 Apple Watch,HKQuantityTypeIdentifierHeartRate
Heart rate,2026-07-27 20:23:29+09:00,90.0,count/min,1,김하은의 Apple Watch,HKQuantityTypeIdentifierHeartRate
Heart rate,2026-07-27 20:27:57+09:00,83.0,count/min,1,김하은의 Apple Watch,HKQuantityTypeIdentifierHeartRate
Heart rate,2026-07-27 20:33:17+09:00,104.0,count/min,0,김하은의 Apple Watch,HKQuantityTypeIdentifierHeartRate
Heart rate,2026-07-27 20:38:45+09:00,102.0,count/min,0,김하은의 Apple Watch,HKQuantityTypeIdentifierHeartRate
Heart rate,2026-07-27 20:40:42+09:00,102.0,count/min,0,김하은의 Apple Watch,HKQuantityTypeIdentifierHeartRate
Heart rate,2026-07-27 20:49:39+09:00,107.0,count/min,0,김하은의 Apple Watch,HKQuantityTypeIdentifierHeartRate
Heart rate,2026-07-27 20:53:03+09:00,92.0,count/min,1,김하은의 Apple Watch,HKQuantityTypeIdentifierHeartRate
Heart rate,2026-07-28 09:35:32+09:00,120.0,count/min,2,김하은의 Apple Watch,HKQuantityTypeIdentifierHeartRate
Heart rate,2026-07-28 09:40:06+09:00,87.0,count/min,1,김하은의 Apple Watch,HKQuantityTypeIdentifierHeartRate
Heart rate,2026-07-28 09:40:27+09:00,87.0866,count/min,0,김하은의 Apple Watch,HKQuantityTypeIdentifierHeartRate
Heart rate,2026-07-28 09:41:44+09:00,79.0,count/min,1,김하은의 Apple Watch,HKQuantityTypeIdentifierHeartRate
Heart rate,2026-07-28 09:49:12+09:00,84.0,count/min,1,김하은의 Apple Watch,HKQuantityTypeIdentifierHeartRate
Heart rate,2026-07-28 09:53:05+09:00,104.0,count/min,1,김하은의 Apple Watch,HKQuantityTypeIdentifierHeartRate
Heart rate,2026-07-28 09:59:53+09:00,90.0,count/min,0,김하은의 Apple Watch,HKQuantityTypeIdentifierHeartRate
Heart rate,2026-07-28 10:04:45+09:00,97.0,count/min,1,김하은의 Apple Watch,HKQuantityTypeIdentifierHeartRate
Heart rate,2026-07-28 10:05:51+09:00,96.0,count/min,1,김하은의 Apple Watch,HKQuantityTypeIdentifierHeartRate
Heart rate,2026-07-28 10:14:21+09:00,112.0,count/min,1,김하은의 Apple Watch,HKQuantityTypeIdentifierHeartRate
Heart rate,2026-07-28 10:15:36+09:00,99.0,count/min,1,김하은의 Apple Watch,HKQuantityTypeIdentifierHeartRate
Heart rate,2026-07-28 10:20:17+09:00,101.0,count/min,1,김하은의 Apple Watch,HKQuantityTypeIdentifierHeartRate
Heart rate,2026-07-28 10:25:19+09:00,115.0,count/min,1,김하은의 Apple Watch,HKQuantityTypeIdentifierHeartRate
Heart rate,2026-07-28 10:34:48+09:00,113.0,count/min,1,김하은의 Apple Watch,HKQuantityTypeIdentifierHeartRate
Heart rate,2026-07-28 10:39:25+09:00,118.0,count/min,1,김하은의 Apple Watch,HKQuantityTypeIdentifierHeartRate
Heart rate,2026-07-28 10:41:00+09:00,113.0,count/min,1,김하은의 Apple Watch,HKQuantityTypeIdentifierHeartRate
Heart rate,2026-07-28 10:46:50+09:00,117.0,count/min,1,김하은의 Apple Watch,HKQuantityTypeIdentifierHeartRate
Heart rate,2026-07-28 10:54:30+09:00,120.0,count/min,1,김하은의 Apple Watch,HKQuantityTypeIdentifierHeartRate
Heart rate,2026-07-28 11:00:07+09:00,119.0,count/min,1,김하은의 Apple Watch,HKQuantityTypeIdentifierHeartRate
Heart rate,2026-07-28 11:04:21+09:00,116.0,count/min,1,김하은의 Apple Watch,HKQuantityTypeIdentifierHeartRate
Heart rate,2026-07-28 11:09:03+09:00,109.0,count/min,1,김하은의 Apple Watch,HKQuantityTypeIdentifierHeartRate
Heart rate,2026-07-28 11:10:10+09:00,116.0,count/min,1,김하은의 Apple Watch,HKQuantityTypeIdentifierHeartRate
Heart rate,2026-07-28 11:16:59+09:00,110.0,count/min,1,김하은의 Apple Watch,HKQuantityTypeIdentifierHeartRate
Heart rate,2026-07-28 11:20:08+09:00,113.0,count/min,1,김하은의 Apple Watch,HKQuantityTypeIdentifierHeartRate
Heart rate,2026-07-28 11:29:08+09:00,106.0,count/min,1,김하은의 Apple Watch,HKQuantityTypeIdentifierHeartRate
Heart rate,2026-07-28 11:30:26+09:00,106.0,count/min,1,김하은의 Apple Watch,HKQuantityTypeIdentifierHeartRate
Heart rate,2026-07-28 11:38:52+09:00,106.0,count/min,1,김하은의 Apple Watch,HKQuantityTypeIdentifierHeartRate
Heart rate,2026-07-28 11:40:24+09:00,111.0,count/min,1,김하은의 Apple Watch,HKQuantityTypeIdentifierHeartRate
Heart rate,2026-07-28 11:48:42+09:00,108.0,count/min,1,김하은의 Apple Watch,HKQuantityTypeIdentifierHeartRate
Heart rate,2026-07-28 11:51:49+09:00,110.0,count/min,1,김하은의 Apple Watch,HKQuantityTypeIdentifierHeartRate
Heart rate,2026-07-28 11:59:22+09:00,89.1816,count/min,0,김하은의 Apple Watch,HKQuantityTypeIdentifierHeartRate
Heart rate,2026-07-28 11:59:28+09:00,88.0,count/min,1,김하은의 Apple Watch,HKQuantityTypeIdentifierHeartRate
Heart rate,2026-07-28 12:01:15+09:00,87.0,count/min,1,김하은의 Apple Watch,HKQuantityTypeIdentifierHeartRate
Heart rate,2026-07-28 12:09:50+09:00,99.0,count/min,1,김하은의 Apple Watch,HKQuantityTypeIdentifierHeartRate
Heart rate,2026-07-28 12:11:40+09:00,105.0,count/min,1,김하은의 Apple Watch,HKQuantityTypeIdentifierHeartRate
Heart rate,2026-07-28 12:15:09+09:00,65.0,count/min,1,김하은의 Apple Watch,HKQuantityTypeIdentifierHeartRate
Heart rate,2026-07-28 12:23:01+09:00,108.0,count/min,0,김하은의 Apple Watch,HKQuantityTypeIdentifierHeartRate
Heart rate,2026-07-28 12:26:51+09:00,108.0,count/min,1,김하은의 Apple Watch,HKQuantityTypeIdentifierHeartRate
Heart rate,2026-07-28 12:31:46+09:00,107.0,count/min,1,김하은의 Apple Watch,HKQuantityTypeIdentifierHeartRate
Heart rate,2026-07-28 12:37:53+09:00,104.0,count/min,1,김하은의 Apple Watch,HKQuantityTypeIdentifierHeartRate
Heart rate,2026-07-28 12:42:47+09:00,108.0,count/min,1,김하은의 Apple Watch,HKQuantityTypeIdentifierHeartRate
Heart rate,2026-07-28 12:49:54+09:00,91.0,count/min,0,김하은의 Apple Watch,HKQuantityTypeIdentifierHeartRate
Heart rate,2026-07-28 12:52:02+09:00,108.0,count/min,1,김하은의 Apple Watch,HKQuantityTypeIdentifierHeartRate
Heart rate,2026-07-28 12:56:18+09:00,105.0,count/min,1,김하은의 Apple Watch,HKQuantityTypeIdentifierHeartRate
Heart rate,2026-07-28 13:01:21+09:00,104.0,count/min,1,김하은의 Apple Watch,HKQuantityTypeIdentifierHeartRate
Heart rate,2026-07-28 13:06:59+09:00,110.0,count/min,0,김하은의 Apple Watch,HKQuantityTypeIdentifierHeartRate
Heart rate,2026-07-28 13:14:17+09:00,111.0,count/min,1,김하은의 Apple Watch,HKQuantityTypeIdentifierHeartRate
Heart rate,2026-07-28 13:18:11+09:00,109.0,count/min,1,김하은의 Apple Watch,HKQuantityTypeIdentifierHeartRate
Heart rate,2026-07-28 13:23:06+09:00,111.0,count/min,1,김하은의 Apple Watch,HKQuantityTypeIdentifierHeartRate
Heart rate,2026-07-28 13:27:38+09:00,118.0,count/min,1,김하은의 Apple Watch,HKQuantityTypeIdentifierHeartRate
Heart rate,2026-07-28 13:33:40+09:00,118.0,count/min,1,김하은의 Apple Watch,HKQuantityTypeIdentifierHeartRate
Heart rate,2026-07-28 13:37:40+09:00,109.0,count/min,1,김하은의 Apple Watch,HKQuantityTypeIdentifierHeartRate
Heart rate,2026-07-28 13:38:11+09:00,114.572,count/min,0,김하은의 Apple Watch,HKQuantityTypeIdentifierHeartRate
Heart rate,2026-07-28 13:40:22+09:00,112.0,count/min,1,김하은의 Apple Watch,HKQuantityTypeIdentifierHeartRate
Heart rate,2026-07-28 13:48:12+09:00,109.0,count/min,1,김하은의 Apple Watch,HKQuantityTypeIdentifierHeartRate
Heart rate,2026-07-28 13:50:15+09:00,110.0,count/min,1,김하은의 Apple Watch,HKQuantityTypeIdentifierHeartRate
Heart rate,2026-07-28 14:00:04+09:00,89.0,count/min,0,김하은의 Apple Watch,HKQuantityTypeIdentifierHeartRate
Heart rate,2026-07-28 14:01:29+09:00,57.0,count/min,1,김하은의 Apple Watch,HKQuantityTypeIdentifierHeartRate
Heart rate,2026-07-28 14:07:00+09:00,119.0,count/min,1,김하은의 Apple Watch,HKQuantityTypeIdentifierHeartRate
Heart rate,2026-07-28 14:12:45+09:00,119.0,count/min,1,김하은의 Apple Watch,HKQuantityTypeIdentifierHeartRate
Heart rate,2026-07-28 14:15:54+09:00,118.0,count/min,1,김하은의 Apple Watch,HKQuantityTypeIdentifierHeartRate
Heart rate,2026-07-28 14:23:21+09:00,113.0,count/min,0,김하은의 Apple Watch,HKQuantityTypeIdentifierHeartRate
Heart rate,2026-07-28 14:27:35+09:00,112.0,count/min,1,김하은의 Apple Watch,HKQuantityTypeIdentifierHeartRate
Heart rate,2026-07-28 14:32:23+09:00,112.0,count/min,1,김하은의 Apple Watch,HKQuantityTypeIdentifierHeartRate
Heart rate,2026-07-28 14:35:22+09:00,113.0,count/min,1,김하은의 Apple Watch,HKQuantityTypeIdentifierHeartRate
Heart rate,2026-07-28 14:40:46+09:00,120.0,count/min,1,김하은의 Apple Watch,HKQuantityTypeIdentifierHeartRate
Heart rate,2026-07-28 14:49:50+09:00,109.0,count/min,1,김하은의 Apple Watch,HKQuantityTypeIdentifierHeartRate
Heart rate,2026-07-28 14:52:47+09:00,111.0,count/min,1,김하은의 Apple Watch,HKQuantityTypeIdentifierHeartRate
Heart rate,2026-07-28 14:56:58+09:00,110.0,count/min,1,김하은의 Apple Watch,HKQuantityTypeIdentifierHeartRate
Heart rate,2026-07-28 15:04:42+09:00,111.0,count/min,1,김하은의 Apple Watch,HKQuantityTypeIdentifierHeartRate
Heart rate,2026-07-28 15:08:25+09:00,112.0,count/min,1,김하은의 Apple Watch,HKQuantityTypeIdentifierHeartRate
Heart rate,2026-07-28 15:12:42+09:00,113.0,count/min,1,김하은의 Apple Watch,HKQuantityTypeIdentifierHeartRate
Heart rate,2026-07-28 15:16:22+09:00,113.0,count/min,1,김하은의 Apple Watch,HKQuantityTypeIdentifierHeartRate
Heart rate,2026-07-28 15:23:06+09:00,114.0,count/min,1,김하은의 Apple Watch,HKQuantityTypeIdentifierHeartRate
Heart rate,2026-07-28 15:26:58+09:00,115.0,count/min,1,김하은의 Apple Watch,HKQuantityTypeIdentifierHeartRate
Heart rate,2026-07-28 15:33:06+09:00,111.0,count/min,1,김하은의 Apple Watch,HKQuantityTypeIdentifierHeartRate
Heart rate,2026-07-28 15:36:02+09:00,112.0,count/min,1,김하은의 Apple Watch,HKQuantityTypeIdentifierHeartRate
Heart rate,2026-07-28 15:39:18+09:00,115.426,count/min,0,김하은의 Apple Watch,HKQuantityTypeIdentifierHeartRate
Heart rate,2026-07-28 15:41:14+09:00,113.0,count/min,1,김하은의 Apple Watch,HKQuantityTypeIdentifierHeartRate
Heart rate,2026-07-28 15:47:56+09:00,117.0,count/min,1,김하은의 Apple Watch,HKQuantityTypeIdentifierHeartRate
Heart rate,2026-07-28 15:50:16+09:00,114.0,count/min,1,김하은의 Apple Watch,HKQuantityTypeIdentifierHeartRate
Heart rate,2026-07-28 15:59:55+09:00,112.0,count/min,0,김하은의 Apple Watch,HKQuantityTypeIdentifierHeartRate
Heart rate,2026-07-28 16:02:25+09:00,110.0,count/min,1,김하은의 Apple Watch,HKQuantityTypeIdentifierHeartRate
Heart rate,2026-07-28 16:05:16+09:00,111.0,count/min,0,김하은의 Apple Watch,HKQuantityTypeIdentifierHeartRate
Heart rate,2026-07-28 16:12:25+09:00,112.0,count/min,1,김하은의 Apple Watch,HKQuantityTypeIdentifierHeartRate
Heart rate,2026-07-28 16:15:56+09:00,106.0,count/min,1,김하은의 Apple Watch,HKQuantityTypeIdentifierHeartRate
Heart rate,2026-07-28 16:21:22+09:00,114.0,count/min,1,김하은의 Apple Watch,HKQuantityTypeIdentifierHeartRate
Heart rate,2026-07-28 16:25:35+09:00,92.0,count/min,0,김하은의 Apple Watch,HKQuantityTypeIdentifierHeartRate
Heart rate,2026-07-28 16:33:19+09:00,93.0,count/min,0,김하은의 Apple Watch,HKQuantityTypeIdentifierHeartRate
Heart rate,2026-07-28 16:37:28+09:00,92.0,count/min,1,김하은의 Apple Watch,HKQuantityTypeIdentifierHeartRate
Heart rate,2026-07-28 16:42:37+09:00,110.0,count/min,1,김하은의 Apple Watch,HKQuantityTypeIdentifierHeartRate
Heart rate,2026-07-28 16:45:36+09:00,112.0,count/min,1,김하은의 Apple Watch,HKQuantityTypeIdentifierHeartRate
Heart rate,2026-07-29 11:01:11+09:00,110.0,count/min,0,김하은의 Apple Watch,HKQuantityTypeIdentifierHeartRate
Heart rate,2026-07-29 11:15:13+09:00,97.0,count/min,0,김하은의 Apple Watch,HKQuantityTypeIdentifierHeartRate
Heart rate,2026-07-29 11:31:12+09:00,88.0,count/min,0,김하은의 Apple Watch,HKQuantityTypeIdentifierHeartRate
Heart rate,2026-07-29 11:32:54+09:00,97.4398,count/min,0,김하은의 Apple Watch,HKQuantityTypeIdentifierHeartRate
Heart rate,2026-07-29 11:37:40+09:00,99.0,count/min,1,김하은의 Apple Watch,HKQuantityTypeIdentifierHeartRate
Heart rate,2026-07-29 11:38:49+09:00,100.0,count/min,0,김하은의 Apple Watch,HKQuantityTypeIdentifierHeartRate
Heart rate,2026-07-29 11:47:25+09:00,86.0,count/min,1,김하은의 Apple Watch,HKQuantityTypeIdentifierHeartRate
Heart rate,2026-07-29 11:50:15+09:00,99.0,count/min,0,김하은의 Apple Watch,HKQuantityTypeIdentifierHeartRate
Heart rate,2026-07-29 11:54:54+09:00,100.0,count/min,1,김하은의 Apple Watch,HKQuantityTypeIdentifierHeartRate
Heart rate,2026-07-29 12:01:46+09:00,96.0,count/min,0,김하은의 Apple Watch,HKQuantityTypeIdentifierHeartRate
Heart rate,2026-07-29 12:03:02+09:00,93.0,count/min,0,김하은의 Apple Watch,HKQuantityTypeIdentifierHeartRate
Heart rate,2026-07-29 12:17:46+09:00,82.0,count/min,0,김하은의 Apple Watch,HKQuantityTypeIdentifierHeartRate
Heart rate,2026-07-29 12:19:16+09:00,84.0,count/min,1,김하은의 Apple Watch,HKQuantityTypeIdentifierHeartRate
Heart rate,2026-07-29 12:23:44+09:00,90.0,count/min,1,김하은의 Apple Watch,HKQuantityTypeIdentifierHeartRate
Heart rate,2026-07-29 12:32:44+09:00,91.0,count/min,1,김하은의 Apple Watch,HKQuantityTypeIdentifierHeartRate
Heart rate,2026-07-29 12:35:46+09:00,84.0,count/min,1,김하은의 Apple Watch,HKQuantityTypeIdentifierHeartRate
Heart rate,2026-07-29 12:39:26+09:00,89.0,count/min,1,김하은의 Apple Watch,HKQuantityTypeIdentifierHeartRate
Heart rate,2026-07-29 12:39:53+09:00,89.651,count/min,0,김하은의 Apple Watch,HKQuantityTypeIdentifierHeartRate
Heart rate,2026-07-29 12:50:24+09:00,97.0,count/min,1,김하은의 Apple Watch,HKQuantityTypeIdentifierHeartRate
Heart rate,2026-07-29 12:54:13+09:00,84.0,count/min,1,김하은의 Apple Watch,HKQuantityTypeIdentifierHeartRate
Heart rate,2026-07-29 12:59:29+09:00,96.0,count/min,1,김하은의 Apple Watch,HKQuantityTypeIdentifierHeartRate
Heart rate,2026-07-29 13:03:51+09:00,97.0,count/min,1,김하은의 Apple Watch,HKQuantityTypeIdentifierHeartRate
Heart rate,2026-07-29 13:10:09+09:00,86.0,count/min,1,김하은의 Apple Watch,HKQuantityTypeIdentifierHeartRate
Heart rate,2026-07-29 13:22:38+09:00,114.0,count/min,2,김하은의 Apple Watch,HKQuantityTypeIdentifierHeartRate
Heart rate,2026-07-29 13:23:41+09:00,95.0,count/min,1,김하은의 Apple Watch,HKQuantityTypeIdentifierHeartRate
Heart rate,2026-07-29 13:29:12+09:00,91.0,count/min,1,김하은의 Apple Watch,HKQuantityTypeIdentifierHeartRate
Heart rate,2026-07-29 13:37:02+09:00,111.0,count/min,1,김하은의 Apple Watch,HKQuantityTypeIdentifierHeartRate
Heart rate,2026-07-29 13:38:34+09:00,109.0,count/min,1,김하은의 Apple Watch,HKQuantityTypeIdentifierHeartRate
Heart rate,2026-07-29 13:43:14+09:00,111.0,count/min,1,김하은의 Apple Watch,HKQuantityTypeIdentifierHeartRate
Heart rate,2026-07-29 13:49:16+09:00,107.0,count/min,1,김하은의 Apple Watch,HKQuantityTypeIdentifierHeartRate
Heart rate,2026-07-29 13:57:17+09:00,110.0,count/min,1,김하은의 Apple Watch,HKQuantityTypeIdentifierHeartRate
Heart rate,2026-07-29 14:00:20+09:00,113.0,count/min,1,김하은의 Apple Watch,HKQuantityTypeIdentifierHeartRate
Heart rate,2026-07-29 14:03:59+09:00,113.0,count/min,1,김하은의 Apple Watch,HKQuantityTypeIdentifierHeartRate
Heart rate,2026-07-29 14:07:55+09:00,111.0,count/min,1,김하은의 Apple Watch,HKQuantityTypeIdentifierHeartRate
Heart rate,2026-07-29 14:14:58+09:00,119.0,count/min,1,김하은의 Apple Watch,HKQuantityTypeIdentifierHeartRate
Heart rate,2026-07-29 14:22:21+09:00,117.0,count/min,0,김하은의 Apple Watch,HKQuantityTypeIdentifierHeartRate
Heart rate,2026-07-29 14:25:37+09:00,114.0,count/min,1,김하은의 Apple Watch,HKQuantityTypeIdentifierHeartRate
Heart rate,2026-07-29 14:31:22+09:00,119.0,count/min,1,김하은의 Apple Watch,HKQuantityTypeIdentifierHeartRate
Heart rate,2026-07-29 14:33:18+09:00,115.0,count/min,1,김하은의 Apple Watch,HKQuantityTypeIdentifierHeartRate
Heart rate,2026-07-29 14:39:48+09:00,121.0,count/min,1,김하은의 Apple Watch,HKQuantityTypeIdentifierHeartRate
Heart rate,2026-07-29 14:41:19+09:00,119.0,count/min,1,김하은의 Apple Watch,HKQuantityTypeIdentifierHeartRate
Heart rate,2026-07-29 14:42:46+09:00,126.0,count/min,1,김하은의 Apple Watch,HKQuantityTypeIdentifierHeartRate
Heart rate,2026-07-29 14:43:05+09:00,120.0,count/min,1,김하은의 Apple Watch,HKQuantityTypeIdentifierHeartRate
Heart rate,2026-07-29 14:43:20+09:00,121.0,count/min,1,김하은의 Apple Watch,HKQuantityTypeIdentifierHeartRate
Heart rate,2026-07-29 14:48:56+09:00,123.0,count/min,1,김하은의 Apple Watch,HKQuantityTypeIdentifierHeartRate
Heart rate,2026-07-29 14:49:45+09:00,123.0,count/min,1,김하은의 Apple Watch,HKQuantityTypeIdentifierHeartRate
Heart rate,2026-07-29 14:53:17+09:00,119.0,count/min,1,김하은의 Apple Watch,HKQuantityTypeIdentifierHeartRate
Heart rate,2026-07-29 15:01:18+09:00,125.0,count/min,1,김하은의 Apple Watch,HKQuantityTypeIdentifierHeartRate
Heart rate,2026-07-29 15:06:40+09:00,115.344,count/min,0,김하은의 Apple Watch,HKQuantityTypeIdentifierHeartRate
Heart rate,2026-07-29 15:06:40+09:00,113.0,count/min,1,김하은의 Apple Watch,HKQuantityTypeIdentifierHeartRate
Heart rate,2026-07-29 15:11:52+09:00,91.0,count/min,1,김하은의 Apple Watch,HKQuantityTypeIdentifierHeartRate
Heart rate,2026-07-29 15:14:50+09:00,90.0,count/min,1,김하은의 Apple Watch,HKQuantityTypeIdentifierHeartRate
Heart rate,2026-07-29 15:18:50+09:00,99.0,count/min,1,김하은의 Apple Watch,HKQuantityTypeIdentifierHeartRate
Heart rate,2026-07-29 15:23:58+09:00,98.0,count/min,1,김하은의 Apple Watch,HKQuantityTypeIdentifierHeartRate
Heart rate,2026-07-29 15:32:44+09:00,118.0,count/min,1,김하은의 Apple Watch,HKQuantityTypeIdentifierHeartRate
Heart rate,2026-07-29 15:35:58+09:00,91.0,count/min,1,김하은의 Apple Watch,HKQuantityTypeIdentifierHeartRate
Heart rate,2026-07-29 15:46:43+09:00,119.0,count/min,2,김하은의 Apple Watch,HKQuantityTypeIdentifierHeartRate
Heart rate,2026-07-29 15:50:20+09:00,102.0,count/min,1,김하은의 Apple Watch,HKQuantityTypeIdentifierHeartRate
Heart rate,2026-07-29 16:02:08+09:00,100.0,count/min,1,김하은의 Apple Watch,HKQuantityTypeIdentifierHeartRate
Heart rate,2026-07-29 16:05:22+09:00,95.0,count/min,1,김하은의 Apple Watch,HKQuantityTypeIdentifierHeartRate
Heart rate,2026-07-29 16:10:44+09:00,90.0,count/min,1,김하은의 Apple Watch,HKQuantityTypeIdentifierHeartRate
Heart rate,2026-07-29 16:14:44+09:00,91.0,count/min,1,김하은의 Apple Watch,HKQuantityTypeIdentifierHeartRate
Heart rate,2026-07-29 16:20:04+09:00,98.0,count/min,1,김하은의 Apple Watch,HKQuantityTypeIdentifierHeartRate
Heart rate,2026-07-29 16:23:28+09:00,94.0,count/min,1,김하은의 Apple Watch,HKQuantityTypeIdentifierHeartRate
Heart rate,2026-07-29 16:29:26+09:00,110.0,count/min,1,김하은의 Apple Watch,HKQuantityTypeIdentifierHeartRate
Heart rate,2026-07-29 16:37:13+09:00,99.0,count/min,1,김하은의 Apple Watch,HKQuantityTypeIdentifierHeartRate
Heart rate,2026-07-29 16:39:40+09:00,94.0,count/min,1,김하은의 Apple Watch,HKQuantityTypeIdentifierHeartRate
Heart rate,2026-07-29 16:45:51+09:00,94.0,count/min,1,김하은의 Apple Watch,HKQuantityTypeIdentifierHeartRate
Heart rate,2026-07-29 16:48:52+09:00,94.0,count/min,1,김하은의 Apple Watch,HKQuantityTypeIdentifierHeartRate
Heart rate,2026-07-29 16:57:06+09:00,95.0,count/min,1,김하은의 Apple Watch,HKQuantityTypeIdentifierHeartRate
Heart rate,2026-07-29 16:59:09+09:00,95.0,count/min,1,김하은의 Apple Watch,HKQuantityTypeIdentifierHeartRate
Heart rate,2026-07-29 17:07:41+09:00,103.0,count/min,1,김하은의 Apple Watch,HKQuantityTypeIdentifierHeartRate
Heart rate,2026-07-29 17:10:46+09:00,108.0,count/min,0,김하은의 Apple Watch,HKQuantityTypeIdentifierHeartRate
Heart rate,2026-07-29 17:14:40+09:00,94.0,count/min,0,김하은의 Apple Watch,HKQuantityTypeIdentifierHeartRate
Heart rate,2026-07-29 17:38:39+09:00,81.0,count/min,0,김하은의 Apple Watch,HKQuantityTypeIdentifierHeartRate
Heart rate,2026-07-29 17:44:00+09:00,74.0,count/min,0,김하은의 Apple Watch,HKQuantityTypeIdentifierHeartRate
Heart rate,2026-07-29 17:55:48+09:00,105.0,count/min,0,김하은의 Apple Watch,HKQuantityTypeIdentifierHeartRate
Heart rate,2026-07-29 18:02:45+09:00,97.0,count/min,0,김하은의 Apple Watch,HKQuantityTypeIdentifierHeartRate
Heart rate,2026-07-29 18:05:16+09:00,104.0,count/min,1,김하은의 Apple Watch,HKQuantityTypeIdentifierHeartRate
Heart rate,2026-07-29 18:08:54+09:00,110.0,count/min,1,김하은의 Apple Watch,HKQuantityTypeIdentifierHeartRate
Heart rate,2026-07-29 18:16:50+09:00,101.0,count/min,1,김하은의 Apple Watch,HKQuantityTypeIdentifierHeartRate
Heart rate,2026-07-29 18:18:40+09:00,96.0,count/min,1,김하은의 Apple Watch,HKQuantityTypeIdentifierHeartRate
Heart rate,2026-07-29 18:23:16+09:00,91.0,count/min,1,김하은의 Apple Watch,HKQuantityTypeIdentifierHeartRate
Heart rate,2026-07-29 18:31:40+09:00,99.0,count/min,1,김하은의 Apple Watch,HKQuantityTypeIdentifierHeartRate
Heart rate,2026-07-29 18:34:04+09:00,99.0,count/min,1,김하은의 Apple Watch,HKQuantityTypeIdentifierHeartRate
Heart rate,2026-07-29 18:38:58+09:00,113.442,count/min,0,김하은의 Apple Watch,HKQuantityTypeIdentifierHeartRate
Heart rate,2026-07-29 18:41:13+09:00,96.0,count/min,1,김하은의 Apple Watch,HKQuantityTypeIdentifierHeartRate
Heart rate,2026-07-29 18:44:20+09:00,90.0,count/min,1,김하은의 Apple Watch,HKQuantityTypeIdentifierHeartRate
Heart rate,2026-07-29 18:51:29+09:00,98.0,count/min,1,김하은의 Apple Watch,HKQuantityTypeIdentifierHeartRate
Heart rate,2026-07-29 18:55:23+09:00,116.0,count/min,2,김하은의 Apple Watch,HKQuantityTypeIdentifierHeartRate
Heart rate,2026-07-29 18:57:46+09:00,95.0,count/min,0,김하은의 Apple Watch,HKQuantityTypeIdentifierHeartRate
Heart rate,2026-07-29 19:00:38+09:00,110.0,count/min,1,김하은의 Apple Watch,HKQuantityTypeIdentifierHeartRate
Heart rate,2026-07-29 19:04:54+09:00,91.0,count/min,1,김하은의 Apple Watch,HKQuantityTypeIdentifierHeartRate
Heart rate,2026-07-29 19:12:06+09:00,90.0,count/min,1,김하은의 Apple Watch,HKQuantityTypeIdentifierHeartRate
Heart rate,2026-07-29 19:13:12+09:00,87.0,count/min,1,김하은의 Apple Watch,HKQuantityTypeIdentifierHeartRate
Heart rate,2026-07-29 19:21:26+09:00,100.0,count/min,1,김하은의 Apple Watch,HKQuantityTypeIdentifierHeartRate
Heart rate,2026-07-29 19:23:19+09:00,99.0,count/min,1,김하은의 Apple Watch,HKQuantityTypeIdentifierHeartRate
Heart rate,2026-07-29 19:29:59+09:00,99.0,count/min,1,김하은의 Apple Watch,HKQuantityTypeIdentifierHeartRate
Heart rate,2026-07-29 19:36:09+09:00,100.0,count/min,1,김하은의 Apple Watch,HKQuantityTypeIdentifierHeartRate
Heart rate,2026-07-29 19:40:27+09:00,97.0,count/min,1,김하은의 Apple Watch,HKQuantityTypeIdentifierHeartRate
Heart rate,2026-07-29 19:47:03+09:00,95.0,count/min,1,김하은의 Apple Watch,HKQuantityTypeIdentifierHeartRate
Heart rate,2026-07-29 19:52:32+09:00,104.0,count/min,1,김하은의 Apple Watch,HKQuantityTypeIdentifierHeartRate
Heart rate,2026-07-29 19:55:59+09:00,95.0,count/min,1,김하은의 Apple Watch,HKQuantityTypeIdentifierHeartRate
Heart rate,2026-07-29 20:00:43+09:00,96.0,count/min,1,김하은의 Apple Watch,HKQuantityTypeIdentifierHeartRate
Heart rate,2026-07-29 20:04:00+09:00,100.0,count/min,1,김하은의 Apple Watch,HKQuantityTypeIdentifierHeartRate
Heart rate,2026-07-29 20:12:46+09:00,96.0,count/min,0,김하은의 Apple Watch,HKQuantityTypeIdentifierHeartRate
Heart rate,2026-07-29 20:16:45+09:00,100.0,count/min,1,김하은의 Apple Watch,HKQuantityTypeIdentifierHeartRate
Heart rate,2026-07-29 20:19:41+09:00,97.0,count/min,1,김하은의 Apple Watch,HKQuantityTypeIdentifierHeartRate
Heart rate,2026-07-29 20:23:00+09:00,99.0,count/min,1,김하은의 Apple Watch,HKQuantityTypeIdentifierHeartRate
Heart rate,2026-07-29 20:29:44+09:00,93.0,count/min,1,김하은의 Apple Watch,HKQuantityTypeIdentifierHeartRate
Heart rate,2026-07-29 20:35:42+09:00,96.0,count/min,1,김하은의 Apple Watch,HKQuantityTypeIdentifierHeartRate
Heart rate,2026-07-29 20:38:52+09:00,99.0,count/min,1,김하은의 Apple Watch,HKQuantityTypeIdentifierHeartRate
Heart rate,2026-07-29 20:43:37+09:00,106.0,count/min,1,김하은의 Apple Watch,HKQuantityTypeIdentifierHeartRate
Heart rate,2026-07-29 20:50:51+09:00,115.0,count/min,1,김하은의 Apple Watch,HKQuantityTypeIdentifierHeartRate
Heart rate,2026-07-29 20:52:05+09:00,124.0,count/min,1,김하은의 Apple Watch,HKQuantityTypeIdentifierHeartRate
Heart rate,2026-07-29 20:52:45+09:00,115.363,count/min,0,김하은의 Apple Watch,HKQuantityTypeIdentifierHeartRate
Heart rate,2026-07-29 20:53:55+09:00,124.0,count/min,1,김하은의 Apple Watch,HKQuantityTypeIdentifierHeartRate
Heart rate,2026-07-29 20:54:04+09:00,115.0,count/min,1,김하은의 Apple Watch,HKQuantityTypeIdentifierHeartRate
Heart rate,2026-07-29 20:55:29+09:00,123.0,count/min,1,김하은의 Apple Watch,HKQuantityTypeIdentifierHeartRate
Heart rate,2026-07-29 21:00:24+09:00,121.0,count/min,1,김하은의 Apple Watch,HKQuantityTypeIdentifierHeartRate
Heart rate,2026-07-29 21:00:29+09:00,120.0,count/min,1,김하은의 Apple Watch,HKQuantityTypeIdentifierHeartRate
Heart rate,2026-07-29 21:06:44+09:00,119.0,count/min,1,김하은의 Apple Watch,HKQuantityTypeIdentifierHeartRate
Heart rate,2026-07-29 21:10:13+09:00,119.0,count/min,1,김하은의 Apple Watch,HKQuantityTypeIdentifierHeartRate
Heart rate,2026-07-29 21:13:21+09:00,119.0,count/min,1,김하은의 Apple Watch,HKQuantityTypeIdentifierHeartRate
Heart rate,2026-07-29 21:21:11+09:00,98.0,count/min,1,김하은의 Apple Watch,HKQuantityTypeIdentifierHeartRate
Heart rate,2026-07-29 21:23:10+09:00,122.0,count/min,0,김하은의 Apple Watch,HKQuantityTypeIdentifierHeartRate
Heart rate,2026-07-29 21:23:14+09:00,119.0,count/min,0,김하은의 Apple Watch,HKQuantityTypeIdentifierHeartRate
Heart rate,2026-07-29 21:23:16+09:00,117.0,count/min,0,김하은의 Apple Watch,HKQuantityTypeIdentifierHeartRate
Heart rate,2026-07-29 21:23:25+09:00,116.0,count/min,0,김하은의 Apple Watch,HKQuantityTypeIdentifierHeartRate
Heart rate,2026-07-29 21:23:30+09:00,117.0,count/min,0,김하은의 Apple Watch,HKQuantityTypeIdentifierHeartRate
Heart rate,2026-07-29 21:23:32+09:00,117.0,count/min,0,김하은의 Apple Watch,HKQuantityTypeIdentifierHeartRate
Heart rate,2026-07-29 21:23:40+09:00,120.0,count/min,0,김하은의 Apple Watch,HKQuantityTypeIdentifierHeartRate
Heart rate,2026-07-29 21:23:41+09:00,120.0,count/min,0,김하은의 Apple Watch,HKQuantityTypeIdentifierHeartRate
Heart rate,2026-07-29 21:23:56+09:00,122.0,count/min,0,김하은의 Apple Watch,HKQuantityTypeIdentifierHeartRate
Heart rate,2026-07-29 21:24:00+09:00,119.0,count/min,0,김하은의 Apple Watch,HKQuantityTypeIdentifierHeartRate
Heart rate,2026-07-29 21:24:02+09:00,116.0,count/min,0,김하은의 Apple Watch,HKQuantityTypeIdentifierHeartRate
Heart rate,2026-07-29 21:24:08+09:00,109.0,count/min,0,김하은의 Apple Watch,HKQuantityTypeIdentifierHeartRate
Heart rate,2026-07-29 21:24:16+09:00,104.0,count/min,0,김하은의 Apple Watch,HKQuantityTypeIdentifierHeartRate
Heart rate,2026-07-29 21:24:17+09:00,102.0,count/min,0,김하은의 Apple Watch,HKQuantityTypeIdentifierHeartRate
Heart rate,2026-07-29 21:24:26+09:00,110.0,count/min,0,김하은의 Apple Watch,HKQuantityTypeIdentifierHeartRate
Heart rate,2026-07-29 21:24:28+09:00,114.0,count/min,0,김하은의 Apple Watch,HKQuantityTypeIdentifierHeartRate
Heart rate,2026-07-29 21:25:07+09:00,114.0,count/min,1,김하은의 Apple Watch,HKQuantityTypeIdentifierHeartRate
Heart rate,2026-07-29 21:28:54+09:00,119.0,count/min,1,김하은의 Apple Watch,HKQuantityTypeIdentifierHeartRate
Heart rate,2026-07-29 21:37:29+09:00,107.0,count/min,1,김하은의 Apple Watch,HKQuantityTypeIdentifierHeartRate
Heart rate,2026-07-29 21:40:44+09:00,99.0,count/min,1,김하은의 Apple Watch,HKQuantityTypeIdentifierHeartRate
Heart rate,2026-07-29 21:46:10+09:00,101.0,count/min,1,김하은의 Apple Watch,HKQuantityTypeIdentifierHeartRate
Heart rate,2026-07-29 21:51:50+09:00,99.0,count/min,1,김하은의 Apple Watch,HKQuantityTypeIdentifierHeartRate
Heart rate,2026-07-29 21:57:43+09:00,99.0,count/min,1,김하은의 Apple Watch,HKQuantityTypeIdentifierHeartRate
Heart rate,2026-07-29 22:00:27+09:00,100.0,count/min,0,김하은의 Apple Watch,HKQuantityTypeIdentifierHeartRate
Heart rate,2026-07-29 22:06:12+09:00,96.0,count/min,1,김하은의 Apple Watch,HKQuantityTypeIdentifierHeartRate
Heart rate,2026-07-29 22:11:43+09:00,98.0,count/min,1,김하은의 Apple Watch,HKQuantityTypeIdentifierHeartRate
Heart rate,2026-07-29 22:12:54+09:00,99.0,count/min,1,김하은의 Apple Watch,HKQuantityTypeIdentifierHeartRate
Heart rate,2026-07-29 22:22:04+09:00,91.0,count/min,1,김하은의 Apple Watch,HKQuantityTypeIdentifierHeartRate
Heart rate,2026-07-29 22:22:42+09:00,92.0,count/min,0,김하은의 Apple Watch,HKQuantityTypeIdentifierHeartRate
Heart rate,2026-07-29 22:24:48+09:00,92.0,count/min,1,김하은의 Apple Watch,HKQuantityTypeIdentifierHeartRate
Heart rate,2026-07-29 22:29:36+09:00,93.0,count/min,1,김하은의 Apple Watch,HKQuantityTypeIdentifierHeartRate
Heart rate,2026-07-29 22:34:02+09:00,96.0,count/min,1,김하은의 Apple Watch,HKQuantityTypeIdentifierHeartRate
Heart rate,2026-07-29 22:37:38+09:00,98.9725,count/min,0,김하은의 Apple Watch,HKQuantityTypeIdentifierHeartRate
Heart rate,2026-07-29 22:39:41+09:00,99.0,count/min,1,김하은의 Apple Watch,HKQuantityTypeIdentifierHeartRate
Heart rate,2026-07-29 22:45:01+09:00,91.0,count/min,1,김하은의 Apple Watch,HKQuantityTypeIdentifierHeartRate
Heart rate,2026-07-29 22:48:22+09:00,91.0,count/min,1,김하은의 Apple Watch,HKQuantityTypeIdentifierHeartRate
Heart rate,2026-07-29 22:55:49+09:00,96.0,count/min,1,김하은의 Apple Watch,HKQuantityTypeIdentifierHeartRate
Heart rate,2026-07-29 23:00:59+09:00,93.0,count/min,1,김하은의 Apple Watch,HKQuantityTypeIdentifierHeartRate
Heart rate,2026-07-29 23:01:43+09:00,95.0,count/min,0,김하은의 Apple Watch,HKQuantityTypeIdentifierHeartRate
Heart rate,2026-07-29 23:03:18+09:00,93.0,count/min,1,김하은의 Apple Watch,HKQuantityTypeIdentifierHeartRate
Heart rate,2026-07-29 23:12:00+09:00,95.0,count/min,1,김하은의 Apple Watch,HKQuantityTypeIdentifierHeartRate
Heart rate,2026-07-29 23:16:10+09:00,93.0,count/min,1,김하은의 Apple Watch,HKQuantityTypeIdentifierHeartRate
Heart rate,2026-07-29 23:22:02+09:00,100.0,count/min,1,김하은의 Apple Watch,HKQuantityTypeIdentifierHeartRate
Heart rate,2026-07-29 23:25:08+09:00,93.0,count/min,1,김하은의 Apple Watch,HKQuantityTypeIdentifierHeartRate
Heart rate,2026-07-29 23:28:53+09:00,89.0,count/min,1,김하은의 Apple Watch,HKQuantityTypeIdentifierHeartRate
Heart rate,2026-07-29 23:34:41+09:00,99.0,count/min,1,김하은의 Apple Watch,HKQuantityTypeIdentifierHeartRate
Heart rate,2026-07-29 23:42:00+09:00,92.0,count/min,1,김하은의 Apple Watch,HKQuantityTypeIdentifierHeartRate
Heart rate,2026-07-29 23:43:58+09:00,92.0,count/min,1,김하은의 Apple Watch,HKQuantityTypeIdentifierHeartRate
Heart rate,2026-07-29 23:48:11+09:00,91.0,count/min,0,김하은의 Apple Watch,HKQuantityTypeIdentifierHeartRate
Heart rate,2026-07-29 23:48:49+09:00,89.0,count/min,1,김하은의 Apple Watch,HKQuantityTypeIdentifierHeartRate
Heart rate,2026-07-29 23:56:30+09:00,91.0,count/min,1,김하은의 Apple Watch,HKQuantityTypeIdentifierHeartRate
Heart rate,2026-07-29 23:58:17+09:00,90.0,count/min,1,김하은의 Apple Watch,HKQuantityTypeIdentifierHeartRate
Heart rate,2026-07-30 00:05:35+09:00,46.0,count/min,1,김하은의 Apple Watch,HKQuantityTypeIdentifierHeartRate
Heart rate,2026-07-30 00:08:15+09:00,91.0,count/min,1,김하은의 Apple Watch,HKQuantityTypeIdentifierHeartRate
Heart rate,2026-07-30 00:17:47+09:00,90.0,count/min,1,김하은의 Apple Watch,HKQuantityTypeIdentifierHeartRate
Heart rate,2026-07-30 00:22:36+09:00,91.0,count/min,1,김하은의 Apple Watch,HKQuantityTypeIdentifierHeartRate
Heart rate,2026-07-30 00:25:32+09:00,92.0,count/min,1,김하은의 Apple Watch,HKQuantityTypeIdentifierHeartRate
Heart rate,2026-07-30 00:27:16+09:00,92.0,count/min,1,김하은의 Apple Watch,HKQuantityTypeIdentifierHeartRate
Heart rate,2026-07-30 02:57:35+09:00,90.0,count/min,0,김하은의 Apple Watch,HKQuantityTypeIdentifierHeartRate
Heart rate,2026-07-30 12:45:54+09:00,102.0,count/min,2,김하은의 Apple Watch,HKQuantityTypeIdentifierHeartRate
Heart rate,2026-07-30 12:53:22+09:00,99.0,count/min,0,김하은의 Apple Watch,HKQuantityTypeIdentifierHeartRate
Heart rate,2026-07-30 12:57:12+09:00,100.0,count/min,0,김하은의 Apple Watch,HKQuantityTypeIdentifierHeartRate
Heart rate,2026-07-30 13:05:57+09:00,110.0,count/min,2,김하은의 Apple Watch,HKQuantityTypeIdentifierHeartRate
Heart rate,2026-07-30 13:07:35+09:00,106.0,count/min,0,김하은의 Apple Watch,HKQuantityTypeIdentifierHeartRate
Heart rate,2026-07-30 13:07:40+09:00,112.0,count/min,0,김하은의 Apple Watch,HKQuantityTypeIdentifierHeartRate
Heart rate,2026-07-30 13:07:45+09:00,113.0,count/min,0,김하은의 Apple Watch,HKQuantityTypeIdentifierHeartRate
Heart rate,2026-07-30 13:07:47+09:00,113.0,count/min,0,김하은의 Apple Watch,HKQuantityTypeIdentifierHeartRate
Heart rate,2026-07-30 13:07:55+09:00,114.0,count/min,0,김하은의 Apple Watch,HKQuantityTypeIdentifierHeartRate
Heart rate,2026-07-30 13:07:58+09:00,114.0,count/min,0,김하은의 Apple Watch,HKQuantityTypeIdentifierHeartRate
Heart rate,2026-07-30 13:08:01+09:00,115.0,count/min,0,김하은의 Apple Watch,HKQuantityTypeIdentifierHeartRate
Heart rate,2026-07-30 13:08:10+09:00,120.0,count/min,0,김하은의 Apple Watch,HKQuantityTypeIdentifierHeartRate
Heart rate,2026-07-30 13:08:14+09:00,122.0,count/min,0,김하은의 Apple Watch,HKQuantityTypeIdentifierHeartRate
Heart rate,2026-07-30 13:08:16+09:00,122.0,count/min,0,김하은의 Apple Watch,HKQuantityTypeIdentifierHeartRate
Heart rate,2026-07-30 13:08:25+09:00,126.0,count/min,0,김하은의 Apple Watch,HKQuantityTypeIdentifierHeartRate
Heart rate,2026-07-30 13:08:27+09:00,126.0,count/min,0,김하은의 Apple Watch,HKQuantityTypeIdentifierHeartRate
Heart rate,2026-07-30 13:08:31+09:00,126.0,count/min,0,김하은의 Apple Watch,HKQuantityTypeIdentifierHeartRate
Heart rate,2026-07-30 13:08:40+09:00,123.0,count/min,0,김하은의 Apple Watch,HKQuantityTypeIdentifierHeartRate
Heart rate,2026-07-30 13:08:41+09:00,122.0,count/min,0,김하은의 Apple Watch,HKQuantityTypeIdentifierHeartRate
Heart rate,2026-07-30 13:08:48+09:00,119.0,count/min,0,김하은의 Apple Watch,HKQuantityTypeIdentifierHeartRate
Heart rate,2026-07-30 13:08:51+09:00,119.0,count/min,0,김하은의 Apple Watch,HKQuantityTypeIdentifierHeartRate
Heart rate,2026-07-30 13:08:58+09:00,117.0,count/min,0,김하은의 Apple Watch,HKQuantityTypeIdentifierHeartRate
Heart rate,2026-07-30 13:09:01+09:00,117.0,count/min,0,김하은의 Apple Watch,HKQuantityTypeIdentifierHeartRate
Heart rate,2026-07-30 13:09:10+09:00,114.0,count/min,0,김하은의 Apple Watch,HKQuantityTypeIdentifierHeartRate
Heart rate,2026-07-30 13:09:15+09:00,115.0,count/min,0,김하은의 Apple Watch,HKQuantityTypeIdentifierHeartRate
Heart rate,2026-07-30 13:09:18+09:00,115.0,count/min,0,김하은의 Apple Watch,HKQuantityTypeIdentifierHeartRate
Heart rate,2026-07-30 13:09:24+09:00,118.0,count/min,0,김하은의 Apple Watch,HKQuantityTypeIdentifierHeartRate
Heart rate,2026-07-30 13:09:29+09:00,123.0,count/min,0,김하은의 Apple Watch,HKQuantityTypeIdentifierHeartRate
Heart rate,2026-07-30 13:09:35+09:00,126.0,count/min,0,김하은의 Apple Watch,HKQuantityTypeIdentifierHeartRate
Heart rate,2026-07-30 13:09:36+09:00,126.0,count/min,0,김하은의 Apple Watch,HKQuantityTypeIdentifierHeartRate
Heart rate,2026-07-30 13:09:44+09:00,130.0,count/min,0,김하은의 Apple Watch,HKQuantityTypeIdentifierHeartRate
Heart rate,2026-07-30 13:09:46+09:00,131.0,count/min,0,김하은의 Apple Watch,HKQuantityTypeIdentifierHeartRate
Heart rate,2026-07-30 13:09:54+09:00,134.0,count/min,0,김하은의 Apple Watch,HKQuantityTypeIdentifierHeartRate
Heart rate,2026-07-30 13:09:56+09:00,135.0,count/min,0,김하은의 Apple Watch,HKQuantityTypeIdentifierHeartRate
Heart rate,2026-07-30 13:10:04+09:00,136.0,count/min,0,김하은의 Apple Watch,HKQuantityTypeIdentifierHeartRate
Heart rate,2026-07-30 13:10:09+09:00,134.0,count/min,0,김하은의 Apple Watch,HKQuantityTypeIdentifierHeartRate
Heart rate,2026-07-30 13:10:21+09:00,134.0,count/min,0,김하은의 Apple Watch,HKQuantityTypeIdentifierHeartRate
Heart rate,2026-07-30 13:10:26+09:00,129.0,count/min,0,김하은의 Apple Watch,HKQuantityTypeIdentifierHeartRate
Heart rate,2026-07-30 13:12:57+09:00,131.0,count/min,2,김하은의 Apple Watch,HKQuantityTypeIdentifierHeartRate
Heart rate,2026-07-30 13:13:07+09:00,126.0,count/min,0,김하은의 Apple Watch,HKQuantityTypeIdentifierHeartRate
Heart rate,2026-07-30 13:13:12+09:00,127.0,count/min,0,김하은의 Apple Watch,HKQuantityTypeIdentifierHeartRate
Heart rate,2026-07-30 13:13:27+09:00,127.0,count/min,0,김하은의 Apple Watch,HKQuantityTypeIdentifierHeartRate
Heart rate,2026-07-30 13:13:31+09:00,127.0,count/min,0,김하은의 Apple Watch,HKQuantityTypeIdentifierHeartRate
Heart rate,2026-07-30 13:13:33+09:00,127.0,count/min,0,김하은의 Apple Watch,HKQuantityTypeIdentifierHeartRate
Heart rate,2026-07-30 13:13:39+09:00,127.0,count/min,0,김하은의 Apple Watch,HKQuantityTypeIdentifierHeartRate
Heart rate,2026-07-30 13:13:43+09:00,126.0,count/min,0,김하은의 Apple Watch,HKQuantityTypeIdentifierHeartRate
Heart rate,2026-07-30 13:13:49+09:00,127.0,count/min,0,김하은의 Apple Watch,HKQuantityTypeIdentifierHeartRate
Heart rate,2026-07-30 13:14:12+09:00,126.0,count/min,0,김하은의 Apple Watch,HKQuantityTypeIdentifierHeartRate
Heart rate,2026-07-30 13:14:15+09:00,125.0,count/min,0,김하은의 Apple Watch,HKQuantityTypeIdentifierHeartRate
Heart rate,2026-07-30 13:14:22+09:00,131.0,count/min,0,김하은의 Apple Watch,HKQuantityTypeIdentifierHeartRate
Heart rate,2026-07-30 13:14:24+09:00,133.0,count/min,0,김하은의 Apple Watch,HKQuantityTypeIdentifierHeartRate
Heart rate,2026-07-30 13:14:29+09:00,132.0,count/min,0,김하은의 Apple Watch,HKQuantityTypeIdentifierHeartRate
Heart rate,2026-07-30 13:14:35+09:00,134.0,count/min,0,김하은의 Apple Watch,HKQuantityTypeIdentifierHeartRate
Heart rate,2026-07-30 13:16:36+09:00,93.0,count/min,1,김하은의 Apple Watch,HKQuantityTypeIdentifierHeartRate
Heart rate,2026-07-30 13:21:00+09:00,91.5393,count/min,0,김하은의 Apple Watch,HKQuantityTypeIdentifierHeartRate
Heart rate,2026-07-30 13:21:03+09:00,85.0,count/min,1,김하은의 Apple Watch,HKQuantityTypeIdentifierHeartRate
Heart rate,2026-07-30 13:25:24+09:00,90.0,count/min,1,김하은의 Apple Watch,HKQuantityTypeIdentifierHeartRate
Heart rate,2026-07-30 13:28:06+09:00,87.0,count/min,1,김하은의 Apple Watch,HKQuantityTypeIdentifierHeartRate
Heart rate,2026-07-30 13:30:39+09:00,120.0,count/min,2,김하은의 Apple Watch,HKQuantityTypeIdentifierHeartRate
Heart rate,2026-07-30 13:33:05+09:00,137.0,count/min,2,김하은의 Apple Watch,HKQuantityTypeIdentifierHeartRate
Heart rate,2026-07-30 13:34:55+09:00,122.0,count/min,0,김하은의 Apple Watch,HKQuantityTypeIdentifierHeartRate
Heart rate,2026-07-30 13:44:02+09:00,102.0,count/min,0,김하은의 Apple Watch,HKQuantityTypeIdentifierHeartRate
Heart rate,2026-07-30 13:50:39+09:00,91.0,count/min,1,김하은의 Apple Watch,HKQuantityTypeIdentifierHeartRate
Heart rate,2026-07-30 13:52:07+09:00,98.0,count/min,1,김하은의 Apple Watch,HKQuantityTypeIdentifierHeartRate
Heart rate,2026-07-30 13:56:51+09:00,101.0,count/min,1,김하은의 Apple Watch,HKQuantityTypeIdentifierHeartRate
Heart rate,2026-07-30 14:03:48+09:00,93.0,count/min,1,김하은의 Apple Watch,HKQuantityTypeIdentifierHeartRate
Heart rate,2026-07-30 14:09:35+09:00,120.0,count/min,1,김하은의 Apple Watch,HKQuantityTypeIdentifierHeartRate
Heart rate,2026-07-30 14:14:55+09:00,125.0,count/min,1,김하은의 Apple Watch,HKQuantityTypeIdentifierHeartRate
Heart rate,2026-07-30 14:17:55+09:00,59.0,count/min,1,김하은의 Apple Watch,HKQuantityTypeIdentifierHeartRate
Heart rate,2026-07-30 14:25:42+09:00,119.0,count/min,1,김하은의 Apple Watch,HKQuantityTypeIdentifierHeartRate
Heart rate,2026-07-30 14:29:07+09:00,111.0,count/min,0,김하은의 Apple Watch,HKQuantityTypeIdentifierHeartRate
Heart rate,2026-07-30 14:34:34+09:00,118.0,count/min,1,김하은의 Apple Watch,HKQuantityTypeIdentifierHeartRate
Heart rate,2026-07-30 14:41:41+09:00,115.0,count/min,1,김하은의 Apple Watch,HKQuantityTypeIdentifierHeartRate
Heart rate,2026-07-30 14:42:09+09:00,118.094,count/min,0,김하은의 Apple Watch,HKQuantityTypeIdentifierHeartRate
Heart rate,2026-07-30 14:44:51+09:00,116.0,count/min,1,김하은의 Apple Watch,HKQuantityTypeIdentifierHeartRate
Heart rate,2026-07-30 14:47:04+09:00,119.0,count/min,1,김하은의 Apple Watch,HKQuantityTypeIdentifierHeartRate
Heart rate,2026-07-30 14:52:02+09:00,117.0,count/min,1,김하은의 Apple Watch,HKQuantityTypeIdentifierHeartRate
Heart rate,2026-07-30 14:58:08+09:00,118.0,count/min,1,김하은의 Apple Watch,HKQuantityTypeIdentifierHeartRate
Heart rate,2026-07-30 15:03:59+09:00,96.0,count/min,1,김하은의 Apple Watch,HKQuantityTypeIdentifierHeartRate
Heart rate,2026-07-30 15:10:16+09:00,114.0,count/min,1,김하은의 Apple Watch,HKQuantityTypeIdentifierHeartRate
Heart rate,2026-07-30 15:16:05+09:00,111.0,count/min,1,김하은의 Apple Watch,HKQuantityTypeIdentifierHeartRate
Heart rate,2026-07-30 15:17:07+09:00,112.0,count/min,0,김하은의 Apple Watch,HKQuantityTypeIdentifierHeartRate
Heart rate,2026-07-30 15:23:12+09:00,113.0,count/min,1,김하은의 Apple Watch,HKQuantityTypeIdentifierHeartRate
Heart rate,2026-07-30 15:30:22+09:00,111.0,count/min,1,김하은의 Apple Watch,HKQuantityTypeIdentifierHeartRate
Heart rate,2026-07-30 15:32:03+09:00,109.0,count/min,1,김하은의 Apple Watch,HKQuantityTypeIdentifierHeartRate
Heart rate,2026-07-30 15:39:16+09:00,111.0,count/min,1,김하은의 Apple Watch,HKQuantityTypeIdentifierHeartRate
Heart rate,2026-07-30 15:43:45+09:00,109.0,count/min,0,김하은의 Apple Watch,HKQuantityTypeIdentifierHeartRate
Heart rate,2026-07-30 15:47:26+09:00,95.0,count/min,1,김하은의 Apple Watch,HKQuantityTypeIdentifierHeartRate
Heart rate,2026-07-30 15:53:47+09:00,94.0,count/min,1,김하은의 Apple Watch,HKQuantityTypeIdentifierHeartRate
Heart rate,2026-07-30 16:01:31+09:00,90.0,count/min,1,김하은의 Apple Watch,HKQuantityTypeIdentifierHeartRate
Heart rate,2026-07-30 16:03:53+09:00,93.0,count/min,1,김하은의 Apple Watch,HKQuantityTypeIdentifierHeartRate
Heart rate,2026-07-30 16:11:05+09:00,91.0,count/min,1,김하은의 Apple Watch,HKQuantityTypeIdentifierHeartRate
Heart rate,2026-07-30 16:14:12+09:00,85.0,count/min,1,김하은의 Apple Watch,HKQuantityTypeIdentifierHeartRate
Heart rate,2026-07-30 16:17:18+09:00,89.0,count/min,1,김하은의 Apple Watch,HKQuantityTypeIdentifierHeartRate
Heart rate,2026-07-30 16:26:31+09:00,87.0,count/min,1,김하은의 Apple Watch,HKQuantityTypeIdentifierHeartRate
Heart rate,2026-07-30 16:27:36+09:00,97.0,count/min,1,김하은의 Apple Watch,HKQuantityTypeIdentifierHeartRate
Heart rate,2026-07-30 16:35:54+09:00,94.0,count/min,1,김하은의 Apple Watch,HKQuantityTypeIdentifierHeartRate
Heart rate,2026-07-30 16:39:13+09:00,97.0,count/min,1,김하은의 Apple Watch,HKQuantityTypeIdentifierHeartRate
Heart rate,2026-07-30 16:43:30+09:00,90.0,count/min,1,김하은의 Apple Watch,HKQuantityTypeIdentifierHeartRate
Heart rate,2026-07-30 16:46:56+09:00,88.0,count/min,1,김하은의 Apple Watch,HKQuantityTypeIdentifierHeartRate
Heart rate,2026-07-30 16:56:24+09:00,88.0,count/min,1,김하은의 Apple Watch,HKQuantityTypeIdentifierHeartRate
Heart rate,2026-07-30 17:00:36+09:00,110.0,count/min,1,김하은의 Apple Watch,HKQuantityTypeIdentifierHeartRate
Heart rate,2026-07-30 17:03:35+09:00,109.655,count/min,0,김하은의 Apple Watch,HKQuantityTypeIdentifierHeartRate
Heart rate,2026-07-30 17:04:36+09:00,110.0,count/min,1,김하은의 Apple Watch,HKQuantityTypeIdentifierHeartRate
Heart rate,2026-07-30 17:10:39+09:00,109.0,count/min,0,김하은의 Apple Watch,HKQuantityTypeIdentifierHeartRate
Heart rate,2026-07-30 17:16:08+09:00,90.0,count/min,1,김하은의 Apple Watch,HKQuantityTypeIdentifierHeartRate
Heart rate,2026-07-30 17:17:12+09:00,85.0,count/min,1,김하은의 Apple Watch,HKQuantityTypeIdentifierHeartRate
Heart rate,2026-07-30 17:17:46+09:00,88.0,count/min,0,김하은의 Apple Watch,HKQuantityTypeIdentifierHeartRate
Heart rate,2026-07-30 17:25:22+09:00,90.0,count/min,1,김하은의 Apple Watch,HKQuantityTypeIdentifierHeartRate
Heart rate,2026-07-30 17:29:48+09:00,91.0,count/min,1,김하은의 Apple Watch,HKQuantityTypeIdentifierHeartRate
Heart rate,2026-07-30 17:35:33+09:00,89.0,count/min,1,김하은의 Apple Watch,HKQuantityTypeIdentifierHeartRate
Heart rate,2026-07-30 17:37:12+09:00,95.0,count/min,0,김하은의 Apple Watch,HKQuantityTypeIdentifierHeartRate
Heart rate,2026-07-30 17:44:50+09:00,90.0,count/min,1,김하은의 Apple Watch,HKQuantityTypeIdentifierHeartRate
Heart rate,2026-07-30 17:49:12+09:00,100.0,count/min,0,김하은의 Apple Watch,HKQuantityTypeIdentifierHeartRate
Heart rate,2026-07-30 17:52:08+09:00,93.0,count/min,1,김하은의 Apple Watch,HKQuantityTypeIdentifierHeartRate
Heart rate,2026-07-30 17:59:31+09:00,94.0,count/min,1,김하은의 Apple Watch,HKQuantityTypeIdentifierHeartRate
Heart rate,2026-07-30 18:05:04+09:00,94.0,count/min,1,김하은의 Apple Watch,HKQuantityTypeIdentifierHeartRate
Heart rate,2026-07-30 18:09:55+09:00,97.0,count/min,1,김하은의 Apple Watch,HKQuantityTypeIdentifierHeartRate
Heart rate,2026-07-30 18:14:58+09:00,94.0,count/min,1,김하은의 Apple Watch,HKQuantityTypeIdentifierHeartRate
Heart rate,2026-07-30 18:18:15+09:00,95.0,count/min,1,김하은의 Apple Watch,HKQuantityTypeIdentifierHeartRate
Heart rate,2026-07-30 18:26:06+09:00,91.0,count/min,1,김하은의 Apple Watch,HKQuantityTypeIdentifierHeartRate
Heart rate,2026-07-30 18:28:02+09:00,91.0,count/min,1,김하은의 Apple Watch,HKQuantityTypeIdentifierHeartRate
Heart rate,2026-07-30 18:34:48+09:00,113.0,count/min,2,김하은의 Apple Watch,HKQuantityTypeIdentifierHeartRate
Heart rate,2026-07-30 18:37:07+09:00,124.0,count/min,2,김하은의 Apple Watch,HKQuantityTypeIdentifierHeartRate
Heart rate,2026-07-30 18:39:52+09:00,73.0,count/min,0,김하은의 Apple Watch,HKQuantityTypeIdentifierHeartRate
Heart rate,2026-07-30 18:41:22+09:00,125.0,count/min,2,김하은의 Apple Watch,HKQuantityTypeIdentifierHeartRate
Heart rate,2026-07-30 18:44:43+09:00,124.0,count/min,2,김하은의 Apple Watch,HKQuantityTypeIdentifierHeartRate
Heart rate,2026-07-30 18:50:20+09:00,104.0,count/min,2,김하은의 Apple Watch,HKQuantityTypeIdentifierHeartRate
Heart rate,2026-07-30 18:50:40+09:00,47.0,count/min,0,김하은의 Apple Watch,HKQuantityTypeIdentifierHeartRate
Heart rate,2026-07-30 18:51:51+09:00,93.0,count/min,1,김하은의 Apple Watch,HKQuantityTypeIdentifierHeartRate
Heart rate,2026-07-30 19:01:12+09:00,125.0,count/min,2,김하은의 Apple Watch,HKQuantityTypeIdentifierHeartRate
Heart rate,2026-07-30 19:01:44+09:00,129.0,count/min,0,김하은의 Apple Watch,HKQuantityTypeIdentifierHeartRate
Heart rate,2026-07-30 19:01:49+09:00,128.0,count/min,0,김하은의 Apple Watch,HKQuantityTypeIdentifierHeartRate
Heart rate,2026-07-30 19:01:52+09:00,128.0,count/min,0,김하은의 Apple Watch,HKQuantityTypeIdentifierHeartRate
Heart rate,2026-07-30 19:01:55+09:00,127.0,count/min,0,김하은의 Apple Watch,HKQuantityTypeIdentifierHeartRate
Heart rate,2026-07-30 19:02:03+09:00,121.0,count/min,0,김하은의 Apple Watch,HKQuantityTypeIdentifierHeartRate
Heart rate,2026-07-30 19:02:05+09:00,122.0,count/min,0,김하은의 Apple Watch,HKQuantityTypeIdentifierHeartRate
Heart rate,2026-07-30 19:02:10+09:00,126.0,count/min,0,김하은의 Apple Watch,HKQuantityTypeIdentifierHeartRate
Heart rate,2026-07-30 19:02:19+09:00,124.0,count/min,0,김하은의 Apple Watch,HKQuantityTypeIdentifierHeartRate
Heart rate,2026-07-30 19:02:21+09:00,124.0,count/min,0,김하은의 Apple Watch,HKQuantityTypeIdentifierHeartRate
Heart rate,2026-07-30 19:02:27+09:00,130.0,count/min,0,김하은의 Apple Watch,HKQuantityTypeIdentifierHeartRate
Heart rate,2026-07-30 19:02:34+09:00,132.0,count/min,0,김하은의 Apple Watch,HKQuantityTypeIdentifierHeartRate
Heart rate,2026-07-30 19:02:35+09:00,132.0,count/min,0,김하은의 Apple Watch,HKQuantityTypeIdentifierHeartRate
Heart rate,2026-07-30 19:02:49+09:00,129.0,count/min,0,김하은의 Apple Watch,HKQuantityTypeIdentifierHeartRate
Heart rate,2026-07-30 19:02:52+09:00,130.0,count/min,0,김하은의 Apple Watch,HKQuantityTypeIdentifierHeartRate
Heart rate,2026-07-30 19:02:59+09:00,128.0,count/min,0,김하은의 Apple Watch,HKQuantityTypeIdentifierHeartRate
Heart rate,2026-07-30 19:03:01+09:00,127.0,count/min,0,김하은의 Apple Watch,HKQuantityTypeIdentifierHeartRate
Heart rate,2026-07-30 19:03:05+09:00,126.0,count/min,0,김하은의 Apple Watch,HKQuantityTypeIdentifierHeartRate
Heart rate,2026-07-30 19:03:14+09:00,123.0,count/min,0,김하은의 Apple Watch,HKQuantityTypeIdentifierHeartRate
Heart rate,2026-07-30 19:03:18+09:00,122.0,count/min,0,김하은의 Apple Watch,HKQuantityTypeIdentifierHeartRate
Heart rate,2026-07-30 19:03:20+09:00,123.0,count/min,0,김하은의 Apple Watch,HKQuantityTypeIdentifierHeartRate
Heart rate,2026-07-30 19:03:25+09:00,123.0,count/min,0,김하은의 Apple Watch,HKQuantityTypeIdentifierHeartRate
Heart rate,2026-07-30 19:03:32+09:00,121.0,count/min,0,김하은의 Apple Watch,HKQuantityTypeIdentifierHeartRate
Heart rate,2026-07-30 19:03:39+09:00,120.0,count/min,0,김하은의 Apple Watch,HKQuantityTypeIdentifierHeartRate
Heart rate,2026-07-30 19:03:44+09:00,118.0,count/min,0,김하은의 Apple Watch,HKQuantityTypeIdentifierHeartRate
Heart rate,2026-07-30 19:03:45+09:00,119.0,count/min,0,김하은의 Apple Watch,HKQuantityTypeIdentifierHeartRate
Heart rate,2026-07-30 19:03:53+09:00,124.0,count/min,0,김하은의 Apple Watch,HKQuantityTypeIdentifierHeartRate
Heart rate,2026-07-30 19:03:55+09:00,124.0,count/min,0,김하은의 Apple Watch,HKQuantityTypeIdentifierHeartRate
Heart rate,2026-07-30 19:04:00+09:00,126.0,count/min,0,김하은의 Apple Watch,HKQuantityTypeIdentifierHeartRate
Heart rate,2026-07-30 19:04:08+09:00,127.0,count/min,0,김하은의 Apple Watch,HKQuantityTypeIdentifierHeartRate
Heart rate,2026-07-30 19:04:14+09:00,124.0,count/min,0,김하은의 Apple Watch,HKQuantityTypeIdentifierHeartRate
Heart rate,2026-07-30 19:04:17+09:00,123.0,count/min,0,김하은의 Apple Watch,HKQuantityTypeIdentifierHeartRate
Heart rate,2026-07-30 19:04:21+09:00,122.0,count/min,0,김하은의 Apple Watch,HKQuantityTypeIdentifierHeartRate
Heart rate,2026-07-30 19:04:25+09:00,121.0,count/min,0,김하은의 Apple Watch,HKQuantityTypeIdentifierHeartRate
Heart rate,2026-07-30 19:04:30+09:00,124.0,count/min,0,김하은의 Apple Watch,HKQuantityTypeIdentifierHeartRate
Heart rate,2026-07-30 19:04:35+09:00,127.0,count/min,0,김하은의 Apple Watch,HKQuantityTypeIdentifierHeartRate
Heart rate,2026-07-30 19:04:44+09:00,127.0,count/min,0,김하은의 Apple Watch,HKQuantityTypeIdentifierHeartRate
Heart rate,2026-07-30 19:07:05+09:00,135.0,count/min,2,김하은의 Apple Watch,HKQuantityTypeIdentifierHeartRate
Heart rate,2026-07-30 19:09:23+09:00,126.0,count/min,2,김하은의 Apple Watch,HKQuantityTypeIdentifierHeartRate
Heart rate,2026-07-30 19:10:20+09:00,72.0,count/min,0,김하은의 Apple Watch,HKQuantityTypeIdentifierHeartRate
Oxygen saturation,2026-07-02 10:46:42+09:00,92.0,%,,김하은의 Apple Watch,HKQuantityTypeIdentifierOxygenSaturation
Oxygen saturation,2026-07-02 11:50:28+09:00,97.0,%,,김하은의 Apple Watch,HKQuantityTypeIdentifierOxygenSaturation
Oxygen saturation,2026-07-02 12:50:49+09:00,97.0,%,,김하은의 Apple Watch,HKQuantityTypeIdentifierOxygenSaturation
Oxygen saturation,2026-07-02 13:23:22+09:00,95.0,%,,김하은의 Apple Watch,HKQuantityTypeIdentifierOxygenSaturation
Oxygen saturation,2026-07-02 15:06:15+09:00,98.0,%,,김하은의 Apple Watch,HKQuantityTypeIdentifierOxygenSaturation
Oxygen saturation,2026-07-02 18:56:01+09:00,97.0,%,,김하은의 Apple Watch,HKQuantityTypeIdentifierOxygenSaturation
Oxygen saturation,2026-07-02 19:27:44+09:00,95.0,%,,김하은의 Apple Watch,HKQuantityTypeIdentifierOxygenSaturation
Oxygen saturation,2026-07-03 11:41:50+09:00,97.0,%,,김하은의 Apple Watch,HKQuantityTypeIdentifierOxygenSaturation
Oxygen saturation,2026-07-03 12:21:10+09:00,94.0,%,,김하은의 Apple Watch,HKQuantityTypeIdentifierOxygenSaturation
Oxygen saturation,2026-07-03 19:53:28+09:00,98.0,%,,김하은의 Apple Watch,HKQuantityTypeIdentifierOxygenSaturation
Oxygen saturation,2026-07-03 21:52:08+09:00,91.0,%,,김하은의 Apple Watch,HKQuantityTypeIdentifierOxygenSaturation
Oxygen saturation,2026-07-03 23:26:19+09:00,91.0,%,,김하은의 Apple Watch,HKQuantityTypeIdentifierOxygenSaturation
Oxygen saturation,2026-07-04 00:57:09+09:00,97.0,%,,김하은의 Apple Watch,HKQuantityTypeIdentifierOxygenSaturation
Oxygen saturation,2026-07-04 13:00:23+09:00,100.0,%,,김하은의 Apple Watch,HKQuantityTypeIdentifierOxygenSaturation
Oxygen saturation,2026-07-05 11:00:05+09:00,100.0,%,,김하은의 Apple Watch,HKQuantityTypeIdentifierOxygenSaturation
Oxygen saturation,2026-07-05 11:42:53+09:00,96.0,%,,김하은의 Apple Watch,HKQuantityTypeIdentifierOxygenSaturation
Oxygen saturation,2026-07-05 12:13:09+09:00,97.0,%,,김하은의 Apple Watch,HKQuantityTypeIdentifierOxygenSaturation
Oxygen saturation,2026-07-06 12:49:42+09:00,91.0,%,,김하은의 Apple Watch,HKQuantityTypeIdentifierOxygenSaturation
Oxygen saturation,2026-07-06 14:37:57+09:00,97.0,%,,김하은의 Apple Watch,HKQuantityTypeIdentifierOxygenSaturation
Oxygen saturation,2026-07-06 15:20:38+09:00,97.0,%,,김하은의 Apple Watch,HKQuantityTypeIdentifierOxygenSaturation
Oxygen saturation,2026-07-06 16:13:41+09:00,93.0,%,,김하은의 Apple Watch,HKQuantityTypeIdentifierOxygenSaturation
Oxygen saturation,2026-07-06 16:59:19+09:00,91.0,%,,김하은의 Apple Watch,HKQuantityTypeIdentifierOxygenSaturation
Oxygen saturation,2026-07-06 18:11:45+09:00,93.0,%,,김하은의 Apple Watch,HKQuantityTypeIdentifierOxygenSaturation
Oxygen saturation,2026-07-06 19:30:33+09:00,95.0,%,,김하은의 Apple Watch,HKQuantityTypeIdentifierOxygenSaturation
Oxygen saturation,2026-07-06 20:00:33+09:00,97.0,%,,김하은의 Apple Watch,HKQuantityTypeIdentifierOxygenSaturation
Oxygen saturation,2026-07-06 20:42:54+09:00,95.0,%,,김하은의 Apple Watch,HKQuantityTypeIdentifierOxygenSaturation
Oxygen saturation,2026-07-06 22:18:09+09:00,96.0,%,,김하은의 Apple Watch,HKQuantityTypeIdentifierOxygenSaturation
Oxygen saturation,2026-07-07 00:59:44+09:00,93.0,%,,김하은의 Apple Watch,HKQuantityTypeIdentifierOxygenSaturation
Oxygen saturation,2026-07-07 19:00:03+09:00,95.0,%,,김하은의 Apple Watch,HKQuantityTypeIdentifierOxygenSaturation
Oxygen saturation,2026-07-07 20:10:29+09:00,96.0,%,,김하은의 Apple Watch,HKQuantityTypeIdentifierOxygenSaturation
Oxygen saturation,2026-07-09 11:24:38+09:00,92.0,%,,김하은의 Apple Watch,HKQuantityTypeIdentifierOxygenSaturation
Oxygen saturation,2026-07-09 17:33:11+09:00,95.0,%,,김하은의 Apple Watch,HKQuantityTypeIdentifierOxygenSaturation
Oxygen saturation,2026-07-09 18:12:37+09:00,95.0,%,,김하은의 Apple Watch,HKQuantityTypeIdentifierOxygenSaturation
Oxygen saturation,2026-07-09 18:46:05+09:00,97.0,%,,김하은의 Apple Watch,HKQuantityTypeIdentifierOxygenSaturation
Oxygen saturation,2026-07-09 21:54:08+09:00,92.0,%,,김하은의 Apple Watch,HKQuantityTypeIdentifierOxygenSaturation
Oxygen saturation,2026-07-12 11:47:27+09:00,95.0,%,,김하은의 Apple Watch,HKQuantityTypeIdentifierOxygenSaturation
Oxygen saturation,2026-07-12 12:20:05+09:00,93.0,%,,김하은의 Apple Watch,HKQuantityTypeIdentifierOxygenSaturation
Oxygen saturation,2026-07-12 14:22:18+09:00,97.0,%,,김하은의 Apple Watch,HKQuantityTypeIdentifierOxygenSaturation
Oxygen saturation,2026-07-12 15:27:06+09:00,93.0,%,,김하은의 Apple Watch,HKQuantityTypeIdentifierOxygenSaturation
Oxygen saturation,2026-07-13 11:14:57+09:00,95.0,%,,김하은의 Apple Watch,HKQuantityTypeIdentifierOxygenSaturation
Oxygen saturation,2026-07-13 16:54:42+09:00,100.0,%,,김하은의 Apple Watch,HKQuantityTypeIdentifierOxygenSaturation
Oxygen saturation,2026-07-13 20:15:55+09:00,95.0,%,,김하은의 Apple Watch,HKQuantityTypeIdentifierOxygenSaturation
Oxygen saturation,2026-07-13 22:00:08+09:00,96.0,%,,김하은의 Apple Watch,HKQuantityTypeIdentifierOxygenSaturation
Oxygen saturation,2026-07-14 13:35:52+09:00,90.0,%,,김하은의 Apple Watch,HKQuantityTypeIdentifierOxygenSaturation
Oxygen saturation,2026-07-15 11:23:07+09:00,95.0,%,,김하은의 Apple Watch,HKQuantityTypeIdentifierOxygenSaturation
Oxygen saturation,2026-07-15 16:35:03+09:00,96.0,%,,김하은의 Apple Watch,HKQuantityTypeIdentifierOxygenSaturation
Oxygen saturation,2026-07-16 14:07:23+09:00,93.0,%,,김하은의 Apple Watch,HKQuantityTypeIdentifierOxygenSaturation
Oxygen saturation,2026-07-16 16:35:27+09:00,98.0,%,,김하은의 Apple Watch,HKQuantityTypeIdentifierOxygenSaturation
Oxygen saturation,2026-07-16 17:52:38+09:00,99.0,%,,김하은의 Apple Watch,HKQuantityTypeIdentifierOxygenSaturation
Oxygen saturation,2026-07-16 20:38:51+09:00,98.0,%,,김하은의 Apple Watch,HKQuantityTypeIdentifierOxygenSaturation
Oxygen saturation,2026-07-16 21:49:24+09:00,90.0,%,,김하은의 Apple Watch,HKQuantityTypeIdentifierOxygenSaturation
Oxygen saturation,2026-07-16 23:22:48+09:00,97.0,%,,김하은의 Apple Watch,HKQuantityTypeIdentifierOxygenSaturation
Oxygen saturation,2026-07-17 00:17:49+09:00,97.0,%,,김하은의 Apple Watch,HKQuantityTypeIdentifierOxygenSaturation
Oxygen saturation,2026-07-17 18:15:36+09:00,97.0,%,,김하은의 Apple Watch,HKQuantityTypeIdentifierOxygenSaturation
Oxygen saturation,2026-07-18 14:56:58+09:00,97.0,%,,김하은의 Apple Watch,HKQuantityTypeIdentifierOxygenSaturation
Oxygen saturation,2026-07-18 15:26:59+09:00,96.0,%,,김하은의 Apple Watch,HKQuantityTypeIdentifierOxygenSaturation
Oxygen saturation,2026-07-18 16:36:32+09:00,100.0,%,,김하은의 Apple Watch,HKQuantityTypeIdentifierOxygenSaturation
Oxygen saturation,2026-07-18 21:07:16+09:00,93.0,%,,김하은의 Apple Watch,HKQuantityTypeIdentifierOxygenSaturation
Oxygen saturation,2026-07-19 00:57:10+09:00,96.0,%,,김하은의 Apple Watch,HKQuantityTypeIdentifierOxygenSaturation
Oxygen saturation,2026-07-21 12:17:09+09:00,100.0,%,,김하은의 Apple Watch,HKQuantityTypeIdentifierOxygenSaturation
Oxygen saturation,2026-07-21 13:17:14+09:00,99.0,%,,김하은의 Apple Watch,HKQuantityTypeIdentifierOxygenSaturation
Oxygen saturation,2026-07-21 14:24:28+09:00,99.0,%,,김하은의 Apple Watch,HKQuantityTypeIdentifierOxygenSaturation
Oxygen saturation,2026-07-22 01:42:42+09:00,89.0,%,,김하은의 Apple Watch,HKQuantityTypeIdentifierOxygenSaturation
Oxygen saturation,2026-07-22 02:33:22+09:00,99.0,%,,김하은의 Apple Watch,HKQuantityTypeIdentifierOxygenSaturation
Oxygen saturation,2026-07-22 03:03:23+09:00,97.0,%,,김하은의 Apple Watch,HKQuantityTypeIdentifierOxygenSaturation
Oxygen saturation,2026-07-22 03:33:23+09:00,96.0,%,,김하은의 Apple Watch,HKQuantityTypeIdentifierOxygenSaturation
Oxygen saturation,2026-07-22 04:04:14+09:00,98.0,%,,김하은의 Apple Watch,HKQuantityTypeIdentifierOxygenSaturation
Oxygen saturation,2026-07-22 04:34:40+09:00,95.0,%,,김하은의 Apple Watch,HKQuantityTypeIdentifierOxygenSaturation
Oxygen saturation,2026-07-22 05:04:40+09:00,94.0,%,,김하은의 Apple Watch,HKQuantityTypeIdentifierOxygenSaturation
Oxygen saturation,2026-07-22 05:37:48+09:00,98.0,%,,김하은의 Apple Watch,HKQuantityTypeIdentifierOxygenSaturation
Oxygen saturation,2026-07-22 06:19:57+09:00,98.0,%,,김하은의 Apple Watch,HKQuantityTypeIdentifierOxygenSaturation
Oxygen saturation,2026-07-22 07:20:02+09:00,98.0,%,,김하은의 Apple Watch,HKQuantityTypeIdentifierOxygenSaturation
Oxygen saturation,2026-07-22 07:50:03+09:00,99.0,%,,김하은의 Apple Watch,HKQuantityTypeIdentifierOxygenSaturation
Oxygen saturation,2026-07-22 09:01:48+09:00,98.0,%,,김하은의 Apple Watch,HKQuantityTypeIdentifierOxygenSaturation
Oxygen saturation,2026-07-22 10:58:19+09:00,99.0,%,,김하은의 Apple Watch,HKQuantityTypeIdentifierOxygenSaturation
Oxygen saturation,2026-07-22 21:12:13+09:00,99.0,%,,김하은의 Apple Watch,HKQuantityTypeIdentifierOxygenSaturation
Oxygen saturation,2026-07-22 23:11:17+09:00,99.0,%,,김하은의 Apple Watch,HKQuantityTypeIdentifierOxygenSaturation
Oxygen saturation,2026-07-23 00:23:03+09:00,97.0,%,,김하은의 Apple Watch,HKQuantityTypeIdentifierOxygenSaturation
Oxygen saturation,2026-07-23 00:54:24+09:00,96.0,%,,김하은의 Apple Watch,HKQuantityTypeIdentifierOxygenSaturation
Oxygen saturation,2026-07-23 02:45:13+09:00,98.0,%,,김하은의 Apple Watch,HKQuantityTypeIdentifierOxygenSaturation
Oxygen saturation,2026-07-23 11:35:27+09:00,99.0,%,,김하은의 Apple Watch,HKQuantityTypeIdentifierOxygenSaturation
Oxygen saturation,2026-07-23 13:37:00+09:00,97.0,%,,김하은의 Apple Watch,HKQuantityTypeIdentifierOxygenSaturation
Oxygen saturation,2026-07-23 17:39:20+09:00,96.0,%,,김하은의 Apple Watch,HKQuantityTypeIdentifierOxygenSaturation
Oxygen saturation,2026-07-23 18:10:10+09:00,95.0,%,,김하은의 Apple Watch,HKQuantityTypeIdentifierOxygenSaturation
Oxygen saturation,2026-07-23 23:53:06+09:00,94.0,%,,김하은의 Apple Watch,HKQuantityTypeIdentifierOxygenSaturation
Oxygen saturation,2026-07-24 21:09:17+09:00,96.0,%,,김하은의 Apple Watch,HKQuantityTypeIdentifierOxygenSaturation
Oxygen saturation,2026-07-24 22:09:43+09:00,97.0,%,,김하은의 Apple Watch,HKQuantityTypeIdentifierOxygenSaturation
Oxygen saturation,2026-07-25 13:40:51+09:00,98.0,%,,김하은의 Apple Watch,HKQuantityTypeIdentifierOxygenSaturation
Oxygen saturation,2026-07-25 20:24:41+09:00,94.0,%,,김하은의 Apple Watch,HKQuantityTypeIdentifierOxygenSaturation
Oxygen saturation,2026-07-25 21:02:19+09:00,96.0,%,,김하은의 Apple Watch,HKQuantityTypeIdentifierOxygenSaturation
Oxygen saturation,2026-07-27 14:53:40+09:00,98.0,%,,김하은의 Apple Watch,HKQuantityTypeIdentifierOxygenSaturation
Oxygen saturation,2026-07-29 22:22:42+09:00,100.0,%,,김하은의 Apple Watch,HKQuantityTypeIdentifierOxygenSaturation
Oxygen saturation,2026-07-29 23:01:43+09:00,100.0,%,,김하은의 Apple Watch,HKQuantityTypeIdentifierOxygenSaturation
Oxygen saturation,2026-07-29 23:48:11+09:00,96.0,%,,김하은의 Apple Watch,HKQuantityTypeIdentifierOxygenSaturation
Oxygen saturation,2026-07-30 17:17:46+09:00,99.0,%,,김하은의 Apple Watch,HKQuantityTypeIdentifierOxygenSaturation
Respiratory rate,2026-07-04 01:11:37+09:00,22.0,count/min,,김하은의 Apple Watch,HKQuantityTypeIdentifierRespiratoryRate
Respiratory rate,2026-07-06 23:22:47+09:00,24.5,count/min,,김하은의 Apple Watch,HKQuantityTypeIdentifierRespiratoryRate
Respiratory rate,2026-07-06 23:32:46+09:00,22.0,count/min,,김하은의 Apple Watch,HKQuantityTypeIdentifierRespiratoryRate
Respiratory rate,2026-07-07 00:02:14+09:00,22.0,count/min,,김하은의 Apple Watch,HKQuantityTypeIdentifierRespiratoryRate
Respiratory rate,2026-07-07 00:10:43+09:00,25.5,count/min,,김하은의 Apple Watch,HKQuantityTypeIdentifierRespiratoryRate
Respiratory rate,2026-07-07 00:21:42+09:00,20.0,count/min,,김하은의 Apple Watch,HKQuantityTypeIdentifierRespiratoryRate
Respiratory rate,2026-07-07 00:26:42+09:00,22.5,count/min,,김하은의 Apple Watch,HKQuantityTypeIdentifierRespiratoryRate
Respiratory rate,2026-07-07 00:43:41+09:00,23.5,count/min,,김하은의 Apple Watch,HKQuantityTypeIdentifierRespiratoryRate
Respiratory rate,2026-07-07 00:50:10+09:00,20.5,count/min,,김하은의 Apple Watch,HKQuantityTypeIdentifierRespiratoryRate
Respiratory rate,2026-07-07 00:57:10+09:00,20.0,count/min,,김하은의 Apple Watch,HKQuantityTypeIdentifierRespiratoryRate
Respiratory rate,2026-07-07 01:10:39+09:00,20.5,count/min,,김하은의 Apple Watch,HKQuantityTypeIdentifierRespiratoryRate
Respiratory rate,2026-07-07 01:56:05+09:00,22.0,count/min,,김하은의 Apple Watch,HKQuantityTypeIdentifierRespiratoryRate
Respiratory rate,2026-07-07 02:18:04+09:00,20.5,count/min,,김하은의 Apple Watch,HKQuantityTypeIdentifierRespiratoryRate
Respiratory rate,2026-07-16 23:22:00+09:00,23.5,count/min,,김하은의 Apple Watch,HKQuantityTypeIdentifierRespiratoryRate
Respiratory rate,2026-07-17 00:19:41+09:00,9.0,count/min,,김하은의 Apple Watch,HKQuantityTypeIdentifierRespiratoryRate
Respiratory rate,2026-07-17 01:08:07+09:00,22.0,count/min,,김하은의 Apple Watch,HKQuantityTypeIdentifierRespiratoryRate
Respiratory rate,2026-07-22 02:24:39+09:00,20.5,count/min,,김하은의 Apple Watch,HKQuantityTypeIdentifierRespiratoryRate
Respiratory rate,2026-07-22 02:32:38+09:00,20.5,count/min,,김하은의 Apple Watch,HKQuantityTypeIdentifierRespiratoryRate
Respiratory rate,2026-07-22 02:45:38+09:00,21.0,count/min,,김하은의 Apple Watch,HKQuantityTypeIdentifierRespiratoryRate
Respiratory rate,2026-07-22 02:48:37+09:00,20.0,count/min,,김하은의 Apple Watch,HKQuantityTypeIdentifierRespiratoryRate
Respiratory rate,2026-07-22 03:02:36+09:00,15.5,count/min,,김하은의 Apple Watch,HKQuantityTypeIdentifierRespiratoryRate
Respiratory rate,2026-07-22 03:12:06+09:00,16.5,count/min,,김하은의 Apple Watch,HKQuantityTypeIdentifierRespiratoryRate
Respiratory rate,2026-07-22 03:18:05+09:00,16.5,count/min,,김하은의 Apple Watch,HKQuantityTypeIdentifierRespiratoryRate
Respiratory rate,2026-07-22 03:32:04+09:00,17.0,count/min,,김하은의 Apple Watch,HKQuantityTypeIdentifierRespiratoryRate
Respiratory rate,2026-07-22 03:43:33+09:00,17.0,count/min,,김하은의 Apple Watch,HKQuantityTypeIdentifierRespiratoryRate
Respiratory rate,2026-07-22 03:51:03+09:00,17.0,count/min,,김하은의 Apple Watch,HKQuantityTypeIdentifierRespiratoryRate
Respiratory rate,2026-07-22 04:02:02+09:00,16.5,count/min,,김하은의 Apple Watch,HKQuantityTypeIdentifierRespiratoryRate
Respiratory rate,2026-07-22 04:10:31+09:00,19.0,count/min,,김하은의 Apple Watch,HKQuantityTypeIdentifierRespiratoryRate
Respiratory rate,2026-07-22 04:26:30+09:00,19.5,count/min,,김하은의 Apple Watch,HKQuantityTypeIdentifierRespiratoryRate
Respiratory rate,2026-07-22 04:36:00+09:00,17.5,count/min,,김하은의 Apple Watch,HKQuantityTypeIdentifierRespiratoryRate
Respiratory rate,2026-07-22 04:44:59+09:00,16.5,count/min,,김하은의 Apple Watch,HKQuantityTypeIdentifierRespiratoryRate
Respiratory rate,2026-07-22 04:53:58+09:00,17.0,count/min,,김하은의 Apple Watch,HKQuantityTypeIdentifierRespiratoryRate
Respiratory rate,2026-07-22 05:04:28+09:00,16.5,count/min,,김하은의 Apple Watch,HKQuantityTypeIdentifierRespiratoryRate
Respiratory rate,2026-07-22 05:12:57+09:00,17.0,count/min,,김하은의 Apple Watch,HKQuantityTypeIdentifierRespiratoryRate
Respiratory rate,2026-07-22 05:26:56+09:00,16.5,count/min,,김하은의 Apple Watch,HKQuantityTypeIdentifierRespiratoryRate
Respiratory rate,2026-07-22 05:30:26+09:00,17.0,count/min,,김하은의 Apple Watch,HKQuantityTypeIdentifierRespiratoryRate
Respiratory rate,2026-07-22 05:45:25+09:00,17.5,count/min,,김하은의 Apple Watch,HKQuantityTypeIdentifierRespiratoryRate
Respiratory rate,2026-07-22 05:53:54+09:00,18.0,count/min,,김하은의 Apple Watch,HKQuantityTypeIdentifierRespiratoryRate
Respiratory rate,2026-07-22 05:58:54+09:00,17.0,count/min,,김하은의 Apple Watch,HKQuantityTypeIdentifierRespiratoryRate
Respiratory rate,2026-07-22 06:07:23+09:00,16.5,count/min,,김하은의 Apple Watch,HKQuantityTypeIdentifierRespiratoryRate
Respiratory rate,2026-07-22 06:19:52+09:00,15.5,count/min,,김하은의 Apple Watch,HKQuantityTypeIdentifierRespiratoryRate
Respiratory rate,2026-07-22 06:33:21+09:00,16.5,count/min,,김하은의 Apple Watch,HKQuantityTypeIdentifierRespiratoryRate
Respiratory rate,2026-07-22 06:46:20+09:00,17.5,count/min,,김하은의 Apple Watch,HKQuantityTypeIdentifierRespiratoryRate
Respiratory rate,2026-07-22 06:54:50+09:00,16.0,count/min,,김하은의 Apple Watch,HKQuantityTypeIdentifierRespiratoryRate
Respiratory rate,2026-07-22 07:05:49+09:00,15.5,count/min,,김하은의 Apple Watch,HKQuantityTypeIdentifierRespiratoryRate
Respiratory rate,2026-07-22 07:11:18+09:00,15.5,count/min,,김하은의 Apple Watch,HKQuantityTypeIdentifierRespiratoryRate
Respiratory rate,2026-07-22 07:17:48+09:00,14.5,count/min,,김하은의 Apple Watch,HKQuantityTypeIdentifierRespiratoryRate
Respiratory rate,2026-07-22 07:35:47+09:00,17.0,count/min,,김하은의 Apple Watch,HKQuantityTypeIdentifierRespiratoryRate
Respiratory rate,2026-07-22 07:46:16+09:00,17.0,count/min,,김하은의 Apple Watch,HKQuantityTypeIdentifierRespiratoryRate
Respiratory rate,2026-07-22 07:54:45+09:00,19.0,count/min,,김하은의 Apple Watch,HKQuantityTypeIdentifierRespiratoryRate
Respiratory rate,2026-07-22 07:58:45+09:00,19.5,count/min,,김하은의 Apple Watch,HKQuantityTypeIdentifierRespiratoryRate
Respiratory rate,2026-07-22 08:16:44+09:00,17.0,count/min,,김하은의 Apple Watch,HKQuantityTypeIdentifierRespiratoryRate
Respiratory rate,2026-07-22 08:26:43+09:00,15.0,count/min,,김하은의 Apple Watch,HKQuantityTypeIdentifierRespiratoryRate
Respiratory rate,2026-07-22 08:27:43+09:00,16.5,count/min,,김하은의 Apple Watch,HKQuantityTypeIdentifierRespiratoryRate
Respiratory rate,2026-07-22 08:41:42+09:00,17.0,count/min,,김하은의 Apple Watch,HKQuantityTypeIdentifierRespiratoryRate
Respiratory rate,2026-07-22 08:56:41+09:00,16.0,count/min,,김하은의 Apple Watch,HKQuantityTypeIdentifierRespiratoryRate
Respiratory rate,2026-07-22 09:04:40+09:00,16.5,count/min,,김하은의 Apple Watch,HKQuantityTypeIdentifierRespiratoryRate
Respiratory rate,2026-07-22 09:12:40+09:00,17.0,count/min,,김하은의 Apple Watch,HKQuantityTypeIdentifierRespiratoryRate
Respiratory rate,2026-07-29 23:17:59+09:00,29.5,count/min,,김하은의 Apple Watch,HKQuantityTypeIdentifierRespiratoryRate
Respiratory rate,2026-07-29 23:50:27+09:00,31.5,count/min,,김하은의 Apple Watch,HKQuantityTypeIdentifierRespiratoryRate
Respiratory rate,2026-07-29 23:56:26+09:00,27.5,count/min,,김하은의 Apple Watch,HKQuantityTypeIdentifierRespiratoryRate
Resting heart rate,2026-07-01 19:24:43+09:00,80.0,count/min,,김하은의 Apple Watch,HKQuantityTypeIdentifierRestingHeartRate
Resting heart rate,2026-07-02 10:42:04+09:00,79.0,count/min,,김하은의 Apple Watch,HKQuantityTypeIdentifierRestingHeartRate
Resting heart rate,2026-07-03 11:15:20+09:00,80.0,count/min,,김하은의 Apple Watch,HKQuantityTypeIdentifierRestingHeartRate
Resting heart rate,2026-07-04 00:40:15+09:00,70.0,count/min,,김하은의 Apple Watch,HKQuantityTypeIdentifierRestingHeartRate
Resting heart rate,2026-07-05 10:33:17+09:00,68.0,count/min,,김하은의 Apple Watch,HKQuantityTypeIdentifierRestingHeartRate
Resting heart rate,2026-07-06 12:46:01+09:00,68.0,count/min,,김하은의 Apple Watch,HKQuantityTypeIdentifierRestingHeartRate
Resting heart rate,2026-07-07 00:02:35+09:00,66.0,count/min,,김하은의 Apple Watch,HKQuantityTypeIdentifierRestingHeartRate
Resting heart rate,2026-07-09 09:43:41+09:00,66.0,count/min,,김하은의 Apple Watch,HKQuantityTypeIdentifierRestingHeartRate
Resting heart rate,2026-07-10 18:19:22+09:00,80.0,count/min,,김하은의 Apple Watch,HKQuantityTypeIdentifierRestingHeartRate
Resting heart rate,2026-07-12 10:14:28+09:00,68.0,count/min,,김하은의 Apple Watch,HKQuantityTypeIdentifierRestingHeartRate
Resting heart rate,2026-07-13 11:05:11+09:00,79.0,count/min,,김하은의 Apple Watch,HKQuantityTypeIdentifierRestingHeartRate
Resting heart rate,2026-07-14 12:58:21+09:00,73.0,count/min,,김하은의 Apple Watch,HKQuantityTypeIdentifierRestingHeartRate
Resting heart rate,2026-07-15 10:44:40+09:00,79.0,count/min,,김하은의 Apple Watch,HKQuantityTypeIdentifierRestingHeartRate
Resting heart rate,2026-07-16 13:51:50+09:00,74.0,count/min,,김하은의 Apple Watch,HKQuantityTypeIdentifierRestingHeartRate
Resting heart rate,2026-07-17 00:00:27+09:00,68.0,count/min,,김하은의 Apple Watch,HKQuantityTypeIdentifierRestingHeartRate
Resting heart rate,2026-07-18 14:27:37+09:00,79.0,count/min,,김하은의 Apple Watch,HKQuantityTypeIdentifierRestingHeartRate
Resting heart rate,2026-07-19 00:00:01+09:00,76.0,count/min,,김하은의 Apple Watch,HKQuantityTypeIdentifierRestingHeartRate
Resting heart rate,2026-07-21 10:04:44+09:00,81.0,count/min,,김하은의 Apple Watch,HKQuantityTypeIdentifierRestingHeartRate
Resting heart rate,2026-07-22 00:02:17+09:00,74.0,count/min,,김하은의 Apple Watch,HKQuantityTypeIdentifierRestingHeartRate
Resting heart rate,2026-07-23 00:06:28+09:00,79.0,count/min,,김하은의 Apple Watch,HKQuantityTypeIdentifierRestingHeartRate
Resting heart rate,2026-07-24 00:01:14+09:00,80.0,count/min,,김하은의 Apple Watch,HKQuantityTypeIdentifierRestingHeartRate
Resting heart rate,2026-07-25 12:53:02+09:00,84.0,count/min,,김하은의 Apple Watch,HKQuantityTypeIdentifierRestingHeartRate
Resting heart rate,2026-07-26 00:01:23+09:00,79.0,count/min,,김하은의 Apple Watch,HKQuantityTypeIdentifierRestingHeartRate
Resting heart rate,2026-07-27 09:59:40+09:00,88.0,count/min,,김하은의 Apple Watch,HKQuantityTypeIdentifierRestingHeartRate
Resting heart rate,2026-07-28 09:35:32+09:00,87.0,count/min,,김하은의 Apple Watch,HKQuantityTypeIdentifierRestingHeartRate
Resting heart rate,2026-07-29 11:01:11+09:00,89.0,count/min,,김하은의 Apple Watch,HKQuantityTypeIdentifierRestingHeartRate
Resting heart rate,2026-07-30 00:05:35+09:00,87.0,count/min,,김하은의 Apple Watch,HKQuantityTypeIdentifierRestingHeartRate
Walking heart rate,2026-07-02 10:42:04+09:00,105.0,count/min,,김하은의 Apple Watch,HKQuantityTypeIdentifierWalkingHeartRateAverage
Walking heart rate,2026-07-03 11:15:20+09:00,134.0,count/min,,김하은의 Apple Watch,HKQuantityTypeIdentifierWalkingHeartRateAverage
Walking heart rate,2026-07-04 00:40:15+09:00,102.0,count/min,,김하은의 Apple Watch,HKQuantityTypeIdentifierWalkingHeartRateAverage
Walking heart rate,2026-07-06 12:46:01+09:00,120.0,count/min,,김하은의 Apple Watch,HKQuantityTypeIdentifierWalkingHeartRateAverage
Walking heart rate,2026-07-07 00:02:35+09:00,91.0,count/min,,김하은의 Apple Watch,HKQuantityTypeIdentifierWalkingHeartRateAverage
Walking heart rate,2026-07-09 09:43:41+09:00,120.0,count/min,,김하은의 Apple Watch,HKQuantityTypeIdentifierWalkingHeartRateAverage
Walking heart rate,2026-07-10 18:19:22+09:00,108.0,count/min,,김하은의 Apple Watch,HKQuantityTypeIdentifierWalkingHeartRateAverage
Walking heart rate,2026-07-12 10:14:28+09:00,109.0,count/min,,김하은의 Apple Watch,HKQuantityTypeIdentifierWalkingHeartRateAverage
Walking heart rate,2026-07-13 11:05:11+09:00,112.0,count/min,,김하은의 Apple Watch,HKQuantityTypeIdentifierWalkingHeartRateAverage
Walking heart rate,2026-07-15 10:44:40+09:00,103.0,count/min,,김하은의 Apple Watch,HKQuantityTypeIdentifierWalkingHeartRateAverage
Walking heart rate,2026-07-16 13:51:50+09:00,115.0,count/min,,김하은의 Apple Watch,HKQuantityTypeIdentifierWalkingHeartRateAverage
Walking heart rate,2026-07-17 00:00:27+09:00,96.0,count/min,,김하은의 Apple Watch,HKQuantityTypeIdentifierWalkingHeartRateAverage
Walking heart rate,2026-07-18 14:27:37+09:00,104.5,count/min,,김하은의 Apple Watch,HKQuantityTypeIdentifierWalkingHeartRateAverage
Walking heart rate,2026-07-21 10:04:44+09:00,104.0,count/min,,김하은의 Apple Watch,HKQuantityTypeIdentifierWalkingHeartRateAverage
Walking heart rate,2026-07-22 00:02:17+09:00,113.5,count/min,,김하은의 Apple Watch,HKQuantityTypeIdentifierWalkingHeartRateAverage
Walking heart rate,2026-07-23 00:06:28+09:00,130.0,count/min,,김하은의 Apple Watch,HKQuantityTypeIdentifierWalkingHeartRateAverage
Walking heart rate,2026-07-24 00:01:14+09:00,119.5,count/min,,김하은의 Apple Watch,HKQuantityTypeIdentifierWalkingHeartRateAverage
Walking heart rate,2026-07-25 12:53:02+09:00,127.0,count/min,,김하은의 Apple Watch,HKQuantityTypeIdentifierWalkingHeartRateAverage
Walking heart rate,2026-07-26 00:01:23+09:00,132.0,count/min,,김하은의 Apple Watch,HKQuantityTypeIdentifierWalkingHeartRateAverage
Walking heart rate,2026-07-27 09:59:40+09:00,124.5,count/min,,김하은의 Apple Watch,HKQuantityTypeIdentifierWalkingHeartRateAverage
Walking heart rate,2026-07-28 09:35:32+09:00,120.0,count/min,,김하은의 Apple Watch,HKQuantityTypeIdentifierWalkingHeartRateAverage
Walking heart rate,2026-07-29 11:01:11+09:00,116.0,count/min,,김하은의 Apple Watch,HKQuantityTypeIdentifierWalkingHeartRateAverage
Walking heart rate,2026-07-30 00:05:35+09:00,124.0,count/min,,김하은의 Apple Watch,HKQuantityTypeIdentifierWalkingHeartRateAverage
