display_name,timestamp,value,unit,motion_context,source_name,hk_type
HRV SDNN,2026-07-16 08:27:59+09:00,13.8137,ms,,김아연의 Apple Watch,HKQuantityTypeIdentifierHeartRateVariabilitySDNN
HRV SDNN,2026-07-16 10:04:59+09:00,21.225,ms,,김아연의 Apple Watch,HKQuantityTypeIdentifierHeartRateVariabilitySDNN
HRV SDNN,2026-07-16 13:58:37+09:00,28.5837,ms,,김아연의 Apple Watch,HKQuantityTypeIdentifierHeartRateVariabilitySDNN
HRV SDNN,2026-07-16 18:27:46+09:00,24.0555,ms,,김아연의 Apple Watch,HKQuantityTypeIdentifierHeartRateVariabilitySDNN
HRV SDNN,2026-07-16 22:34:52+09:00,21.6223,ms,,김아연의 Apple Watch,HKQuantityTypeIdentifierHeartRateVariabilitySDNN
HRV SDNN,2026-07-17 17:56:37+09:00,32.3027,ms,,김아연의 Apple Watch,HKQuantityTypeIdentifierHeartRateVariabilitySDNN
HRV SDNN,2026-07-18 14:23:45+09:00,22.0348,ms,,김아연의 Apple Watch,HKQuantityTypeIdentifierHeartRateVariabilitySDNN
HRV SDNN,2026-07-20 08:28:59+09:00,15.9499,ms,,김아연의 Apple Watch,HKQuantityTypeIdentifierHeartRateVariabilitySDNN
HRV SDNN,2026-07-20 11:54:02+09:00,28.7494,ms,,김아연의 Apple Watch,HKQuantityTypeIdentifierHeartRateVariabilitySDNN
HRV SDNN,2026-07-20 13:08:01+09:00,27.4622,ms,,김아연의 Apple Watch,HKQuantityTypeIdentifierHeartRateVariabilitySDNN
HRV SDNN,2026-07-20 16:54:39+09:00,39.1243,ms,,김아연의 Apple Watch,HKQuantityTypeIdentifierHeartRateVariabilitySDNN
HRV SDNN,2026-07-20 20:53:00+09:00,28.7259,ms,,김아연의 Apple Watch,HKQuantityTypeIdentifierHeartRateVariabilitySDNN
HRV SDNN,2026-07-21 08:52:20+09:00,10.6397,ms,,김아연의 Apple Watch,HKQuantityTypeIdentifierHeartRateVariabilitySDNN
HRV SDNN,2026-07-21 13:02:18+09:00,25.6395,ms,,김아연의 Apple Watch,HKQuantityTypeIdentifierHeartRateVariabilitySDNN
HRV SDNN,2026-07-21 16:52:41+09:00,48.2326,ms,,김아연의 Apple Watch,HKQuantityTypeIdentifierHeartRateVariabilitySDNN
HRV SDNN,2026-07-21 22:43:38+09:00,42.4556,ms,,김아연의 Apple Watch,HKQuantityTypeIdentifierHeartRateVariabilitySDNN
HRV SDNN,2026-07-23 08:34:40+09:00,12.998,ms,,김아연의 Apple Watch,HKQuantityTypeIdentifierHeartRateVariabilitySDNN
HRV SDNN,2026-07-23 12:31:08+09:00,15.9199,ms,,김아연의 Apple Watch,HKQuantityTypeIdentifierHeartRateVariabilitySDNN
HRV SDNN,2026-07-23 18:20:10+09:00,16.4332,ms,,김아연의 Apple Watch,HKQuantityTypeIdentifierHeartRateVariabilitySDNN
HRV SDNN,2026-07-24 08:31:50+09:00,14.2568,ms,,김아연의 Apple Watch,HKQuantityTypeIdentifierHeartRateVariabilitySDNN
HRV SDNN,2026-07-24 09:40:20+09:00,25.9506,ms,,김아연의 Apple Watch,HKQuantityTypeIdentifierHeartRateVariabilitySDNN
HRV SDNN,2026-07-24 19:11:04+09:00,24.4638,ms,,김아연의 Apple Watch,HKQuantityTypeIdentifierHeartRateVariabilitySDNN
HRV SDNN,2026-07-24 21:39:09+09:00,23.4177,ms,,김아연의 Apple Watch,HKQuantityTypeIdentifierHeartRateVariabilitySDNN
HRV SDNN,2026-07-26 12:20:36+09:00,45.5075,ms,,김아연의 Apple Watch,HKQuantityTypeIdentifierHeartRateVariabilitySDNN
HRV SDNN,2026-07-26 13:40:52+09:00,34.4983,ms,,김아연의 Apple Watch,HKQuantityTypeIdentifierHeartRateVariabilitySDNN
HRV SDNN,2026-07-26 19:15:11+09:00,30.8821,ms,,김아연의 Apple Watch,HKQuantityTypeIdentifierHeartRateVariabilitySDNN
HRV SDNN,2026-07-26 22:02:18+09:00,17.9019,ms,,김아연의 Apple Watch,HKQuantityTypeIdentifierHeartRateVariabilitySDNN
HRV SDNN,2026-07-27 08:50:20+09:00,12.4658,ms,,김아연의 Apple Watch,HKQuantityTypeIdentifierHeartRateVariabilitySDNN
HRV SDNN,2026-07-27 09:41:15+09:00,35.4784,ms,,김아연의 Apple Watch,HKQuantityTypeIdentifierHeartRateVariabilitySDNN
HRV SDNN,2026-07-27 14:21:48+09:00,49.5886,ms,,김아연의 Apple Watch,HKQuantityTypeIdentifierHeartRateVariabilitySDNN
HRV SDNN,2026-07-30 10:57:23+09:00,49.2089,ms,,김아연의 Apple Watch,HKQuantityTypeIdentifierHeartRateVariabilitySDNN
HRV SDNN,2026-07-30 13:10:36+09:00,35.7665,ms,,김아연의 Apple Watch,HKQuantityTypeIdentifierHeartRateVariabilitySDNN
HRV SDNN,2026-07-30 17:09:52+09:00,37.87,ms,,김아연의 Apple Watch,HKQuantityTypeIdentifierHeartRateVariabilitySDNN
HRV SDNN,2026-07-31 15:42:23+09:00,38.8485,ms,,김아연의 Apple Watch,HKQuantityTypeIdentifierHeartRateVariabilitySDNN
HRV SDNN,2026-07-31 15:44:08+09:00,32.5498,ms,,김아연의 Apple Watch,HKQuantityTypeIdentifierHeartRateVariabilitySDNN
HRV SDNN,2026-07-31 17:09:02+09:00,50.4333,ms,,김아연의 Apple Watch,HKQuantityTypeIdentifierHeartRateVariabilitySDNN
HRV SDNN,2026-07-31 21:41:25+09:00,49.4409,ms,,김아연의 Apple Watch,HKQuantityTypeIdentifierHeartRateVariabilitySDNN
HRV SDNN,2026-08-01 01:05:41+09:00,16.5736,ms,,김아연의 Apple Watch,HKQuantityTypeIdentifierHeartRateVariabilitySDNN
Heart rate,2026-07-14 03:19:54+09:00,79.0,count/min,0,김아연의 Apple Watch,HKQuantityTypeIdentifierHeartRate
Heart rate,2026-07-14 03:19:55+09:00,79.0,count/min,0,김아연의 Apple Watch,HKQuantityTypeIdentifierHeartRate
Heart rate,2026-07-14 03:19:57+09:00,78.0,count/min,0,김아연의 Apple Watch,HKQuantityTypeIdentifierHeartRate
Heart rate,2026-07-14 03:19:58+09:00,78.0,count/min,0,김아연의 Apple Watch,HKQuantityTypeIdentifierHeartRate
Heart rate,2026-07-14 03:19:59+09:00,78.0,count/min,0,김아연의 Apple Watch,HKQuantityTypeIdentifierHeartRate
Heart rate,2026-07-14 03:20:00+09:00,78.0,count/min,0,김아연의 Apple Watch,HKQuantityTypeIdentifierHeartRate
Heart rate,2026-07-14 03:20:01+09:00,81.0,count/min,0,김아연의 Apple Watch,HKQuantityTypeIdentifierHeartRate
Heart rate,2026-07-14 03:20:06+09:00,78.0,count/min,0,김아연의 Apple Watch,HKQuantityTypeIdentifierHeartRate
Heart rate,2026-07-14 03:20:08+09:00,76.0,count/min,0,김아연의 Apple Watch,HKQuantityTypeIdentifierHeartRate
Heart rate,2026-07-14 03:20:09+09:00,77.0,count/min,0,김아연의 Apple Watch,HKQuantityTypeIdentifierHeartRate
Heart rate,2026-07-14 03:20:10+09:00,77.0,count/min,0,김아연의 Apple Watch,HKQuantityTypeIdentifierHeartRate
Heart rate,2026-07-14 03:20:11+09:00,76.0,count/min,0,김아연의 Apple Watch,HKQuantityTypeIdentifierHeartRate
Heart rate,2026-07-14 03:20:12+09:00,77.0,count/min,0,김아연의 Apple Watch,HKQuantityTypeIdentifierHeartRate
Heart rate,2026-07-14 03:20:13+09:00,78.0,count/min,0,김아연의 Apple Watch,HKQuantityTypeIdentifierHeartRate
Heart rate,2026-07-14 03:20:37+09:00,78.0,count/min,0,김아연의 Apple Watch,HKQuantityTypeIdentifierHeartRate
Heart rate,2026-07-14 03:20:40+09:00,76.0,count/min,0,김아연의 Apple Watch,HKQuantityTypeIdentifierHeartRate
Heart rate,2026-07-14 03:20:41+09:00,78.0,count/min,0,김아연의 Apple Watch,HKQuantityTypeIdentifierHeartRate
Heart rate,2026-07-14 03:20:42+09:00,78.0,count/min,0,김아연의 Apple Watch,HKQuantityTypeIdentifierHeartRate
Heart rate,2026-07-14 03:20:43+09:00,77.0,count/min,0,김아연의 Apple Watch,HKQuantityTypeIdentifierHeartRate
Heart rate,2026-07-14 03:20:44+09:00,78.0,count/min,0,김아연의 Apple Watch,HKQuantityTypeIdentifierHeartRate
Heart rate,2026-07-14 03:20:45+09:00,77.0,count/min,0,김아연의 Apple Watch,HKQuantityTypeIdentifierHeartRate
Heart rate,2026-07-14 03:20:46+09:00,76.0,count/min,0,김아연의 Apple Watch,HKQuantityTypeIdentifierHeartRate
Heart rate,2026-07-14 03:20:47+09:00,75.0,count/min,0,김아연의 Apple Watch,HKQuantityTypeIdentifierHeartRate
Heart rate,2026-07-14 03:20:48+09:00,75.0,count/min,0,김아연의 Apple Watch,HKQuantityTypeIdentifierHeartRate
Heart rate,2026-07-14 03:20:49+09:00,75.0,count/min,0,김아연의 Apple Watch,HKQuantityTypeIdentifierHeartRate
Heart rate,2026-07-14 03:20:50+09:00,75.0,count/min,0,김아연의 Apple Watch,HKQuantityTypeIdentifierHeartRate
Heart rate,2026-07-14 03:20:51+09:00,75.0,count/min,0,김아연의 Apple Watch,HKQuantityTypeIdentifierHeartRate
Heart rate,2026-07-14 03:20:52+09:00,74.0,count/min,0,김아연의 Apple Watch,HKQuantityTypeIdentifierHeartRate
Heart rate,2026-07-14 03:20:53+09:00,76.0,count/min,0,김아연의 Apple Watch,HKQuantityTypeIdentifierHeartRate
Heart rate,2026-07-14 03:20:54+09:00,76.0,count/min,0,김아연의 Apple Watch,HKQuantityTypeIdentifierHeartRate
Heart rate,2026-07-14 03:20:55+09:00,77.0,count/min,0,김아연의 Apple Watch,HKQuantityTypeIdentifierHeartRate
Heart rate,2026-07-14 03:20:56+09:00,77.0,count/min,0,김아연의 Apple Watch,HKQuantityTypeIdentifierHeartRate
Heart rate,2026-07-14 03:20:57+09:00,76.0,count/min,0,김아연의 Apple Watch,HKQuantityTypeIdentifierHeartRate
Heart rate,2026-07-14 03:20:58+09:00,75.0,count/min,0,김아연의 Apple Watch,HKQuantityTypeIdentifierHeartRate
Heart rate,2026-07-14 03:20:59+09:00,75.0,count/min,0,김아연의 Apple Watch,HKQuantityTypeIdentifierHeartRate
Heart rate,2026-07-14 03:22:01+09:00,76.0,count/min,0,김아연의 Apple Watch,HKQuantityTypeIdentifierHeartRate
Heart rate,2026-07-14 03:22:06+09:00,76.0,count/min,0,김아연의 Apple Watch,HKQuantityTypeIdentifierHeartRate
Heart rate,2026-07-14 03:22:11+09:00,77.0,count/min,0,김아연의 Apple Watch,HKQuantityTypeIdentifierHeartRate
Heart rate,2026-07-14 03:22:16+09:00,77.0,count/min,0,김아연의 Apple Watch,HKQuantityTypeIdentifierHeartRate
Heart rate,2026-07-14 03:22:18+09:00,77.0,count/min,0,김아연의 Apple Watch,HKQuantityTypeIdentifierHeartRate
Heart rate,2026-07-14 03:22:25+09:00,79.0,count/min,0,김아연의 Apple Watch,HKQuantityTypeIdentifierHeartRate
Heart rate,2026-07-14 03:22:27+09:00,78.0,count/min,0,김아연의 Apple Watch,HKQuantityTypeIdentifierHeartRate
Heart rate,2026-07-14 03:22:35+09:00,75.0,count/min,0,김아연의 Apple Watch,HKQuantityTypeIdentifierHeartRate
Heart rate,2026-07-14 03:22:38+09:00,77.0,count/min,0,김아연의 Apple Watch,HKQuantityTypeIdentifierHeartRate
Heart rate,2026-07-14 03:22:45+09:00,81.0,count/min,0,김아연의 Apple Watch,HKQuantityTypeIdentifierHeartRate
Heart rate,2026-07-14 03:22:48+09:00,82.0,count/min,0,김아연의 Apple Watch,HKQuantityTypeIdentifierHeartRate
Heart rate,2026-07-14 03:23:03+09:00,75.0,count/min,0,김아연의 Apple Watch,HKQuantityTypeIdentifierHeartRate
Heart rate,2026-07-14 03:23:08+09:00,73.0,count/min,0,김아연의 Apple Watch,HKQuantityTypeIdentifierHeartRate
Heart rate,2026-07-14 03:23:13+09:00,73.0,count/min,0,김아연의 Apple Watch,HKQuantityTypeIdentifierHeartRate
Heart rate,2026-07-14 03:23:18+09:00,73.0,count/min,0,김아연의 Apple Watch,HKQuantityTypeIdentifierHeartRate
Heart rate,2026-07-14 03:23:23+09:00,72.0,count/min,0,김아연의 Apple Watch,HKQuantityTypeIdentifierHeartRate
Heart rate,2026-07-14 03:23:27+09:00,71.0,count/min,0,김아연의 Apple Watch,HKQuantityTypeIdentifierHeartRate
Heart rate,2026-07-14 03:23:33+09:00,70.0,count/min,0,김아연의 Apple Watch,HKQuantityTypeIdentifierHeartRate
Heart rate,2026-07-14 03:23:34+09:00,70.0,count/min,0,김아연의 Apple Watch,HKQuantityTypeIdentifierHeartRate
Heart rate,2026-07-14 03:24:09+09:00,88.0,count/min,0,김아연의 Apple Watch,HKQuantityTypeIdentifierHeartRate
Heart rate,2026-07-14 03:24:35+09:00,71.0,count/min,0,김아연의 Apple Watch,HKQuantityTypeIdentifierHeartRate
Heart rate,2026-07-14 03:24:45+09:00,72.0,count/min,0,김아연의 Apple Watch,HKQuantityTypeIdentifierHeartRate
Heart rate,2026-07-14 13:23:41+09:00,86.0,count/min,0,김아연의 Apple Watch,HKQuantityTypeIdentifierHeartRate
Heart rate,2026-07-14 13:23:46+09:00,88.0,count/min,0,김아연의 Apple Watch,HKQuantityTypeIdentifierHeartRate
Heart rate,2026-07-14 13:23:50+09:00,91.0,count/min,0,김아연의 Apple Watch,HKQuantityTypeIdentifierHeartRate
Heart rate,2026-07-14 13:23:52+09:00,90.0,count/min,0,김아연의 Apple Watch,HKQuantityTypeIdentifierHeartRate
Heart rate,2026-07-14 13:24:01+09:00,93.0,count/min,0,김아연의 Apple Watch,HKQuantityTypeIdentifierHeartRate
Heart rate,2026-07-14 13:24:03+09:00,91.0,count/min,0,김아연의 Apple Watch,HKQuantityTypeIdentifierHeartRate
Heart rate,2026-07-14 13:24:08+09:00,86.0,count/min,0,김아연의 Apple Watch,HKQuantityTypeIdentifierHeartRate
Heart rate,2026-07-14 13:24:15+09:00,89.0,count/min,0,김아연의 Apple Watch,HKQuantityTypeIdentifierHeartRate
Heart rate,2026-07-14 13:24:19+09:00,87.0,count/min,0,김아연의 Apple Watch,HKQuantityTypeIdentifierHeartRate
Heart rate,2026-07-14 13:24:22+09:00,87.0,count/min,0,김아연의 Apple Watch,HKQuantityTypeIdentifierHeartRate
Heart rate,2026-07-16 08:09:07+09:00,110.0,count/min,1,김아연의 Apple Watch,HKQuantityTypeIdentifierHeartRate
Heart rate,2026-07-16 08:10:07+09:00,128.0,count/min,0,김아연의 Apple Watch,HKQuantityTypeIdentifierHeartRate
Heart rate,2026-07-16 08:10:12+09:00,131.0,count/min,0,김아연의 Apple Watch,HKQuantityTypeIdentifierHeartRate
Heart rate,2026-07-16 08:10:17+09:00,135.0,count/min,0,김아연의 Apple Watch,HKQuantityTypeIdentifierHeartRate
Heart rate,2026-07-16 08:10:22+09:00,137.0,count/min,0,김아연의 Apple Watch,HKQuantityTypeIdentifierHeartRate
Heart rate,2026-07-16 08:10:23+09:00,137.0,count/min,0,김아연의 Apple Watch,HKQuantityTypeIdentifierHeartRate
Heart rate,2026-07-16 08:11:31+09:00,133.0,count/min,0,김아연의 Apple Watch,HKQuantityTypeIdentifierHeartRate
Heart rate,2026-07-16 08:11:35+09:00,139.0,count/min,0,김아연의 Apple Watch,HKQuantityTypeIdentifierHeartRate
Heart rate,2026-07-16 08:11:41+09:00,140.0,count/min,0,김아연의 Apple Watch,HKQuantityTypeIdentifierHeartRate
Heart rate,2026-07-16 08:11:45+09:00,141.0,count/min,0,김아연의 Apple Watch,HKQuantityTypeIdentifierHeartRate
Heart rate,2026-07-16 08:11:47+09:00,141.0,count/min,0,김아연의 Apple Watch,HKQuantityTypeIdentifierHeartRate
Heart rate,2026-07-16 08:11:55+09:00,141.0,count/min,0,김아연의 Apple Watch,HKQuantityTypeIdentifierHeartRate
Heart rate,2026-07-16 08:11:57+09:00,141.0,count/min,0,김아연의 Apple Watch,HKQuantityTypeIdentifierHeartRate
Heart rate,2026-07-16 08:12:02+09:00,141.0,count/min,0,김아연의 Apple Watch,HKQuantityTypeIdentifierHeartRate
Heart rate,2026-07-16 08:12:07+09:00,141.0,count/min,0,김아연의 Apple Watch,HKQuantityTypeIdentifierHeartRate
Heart rate,2026-07-16 08:12:16+09:00,145.0,count/min,0,김아연의 Apple Watch,HKQuantityTypeIdentifierHeartRate
Heart rate,2026-07-16 08:12:20+09:00,146.0,count/min,0,김아연의 Apple Watch,HKQuantityTypeIdentifierHeartRate
Heart rate,2026-07-16 08:12:22+09:00,146.0,count/min,0,김아연의 Apple Watch,HKQuantityTypeIdentifierHeartRate
Heart rate,2026-07-16 08:12:30+09:00,144.0,count/min,0,김아연의 Apple Watch,HKQuantityTypeIdentifierHeartRate
Heart rate,2026-07-16 08:12:33+09:00,143.0,count/min,0,김아연의 Apple Watch,HKQuantityTypeIdentifierHeartRate
Heart rate,2026-07-16 08:12:37+09:00,143.0,count/min,0,김아연의 Apple Watch,HKQuantityTypeIdentifierHeartRate
Heart rate,2026-07-16 08:12:44+09:00,146.0,count/min,0,김아연의 Apple Watch,HKQuantityTypeIdentifierHeartRate
Heart rate,2026-07-16 08:12:49+09:00,145.0,count/min,0,김아연의 Apple Watch,HKQuantityTypeIdentifierHeartRate
Heart rate,2026-07-16 08:12:53+09:00,145.0,count/min,0,김아연의 Apple Watch,HKQuantityTypeIdentifierHeartRate
Heart rate,2026-07-16 08:12:59+09:00,145.0,count/min,0,김아연의 Apple Watch,HKQuantityTypeIdentifierHeartRate
Heart rate,2026-07-16 08:13:02+09:00,146.0,count/min,0,김아연의 Apple Watch,HKQuantityTypeIdentifierHeartRate
Heart rate,2026-07-16 08:13:11+09:00,147.0,count/min,0,김아연의 Apple Watch,HKQuantityTypeIdentifierHeartRate
Heart rate,2026-07-16 08:13:12+09:00,147.0,count/min,0,김아연의 Apple Watch,HKQuantityTypeIdentifierHeartRate
Heart rate,2026-07-16 08:13:18+09:00,150.0,count/min,0,김아연의 Apple Watch,HKQuantityTypeIdentifierHeartRate
Heart rate,2026-07-16 08:13:26+09:00,149.0,count/min,0,김아연의 Apple Watch,HKQuantityTypeIdentifierHeartRate
Heart rate,2026-07-16 08:13:27+09:00,150.0,count/min,0,김아연의 Apple Watch,HKQuantityTypeIdentifierHeartRate
Heart rate,2026-07-16 08:13:32+09:00,150.0,count/min,0,김아연의 Apple Watch,HKQuantityTypeIdentifierHeartRate
Heart rate,2026-07-16 08:13:37+09:00,151.0,count/min,0,김아연의 Apple Watch,HKQuantityTypeIdentifierHeartRate
Heart rate,2026-07-16 08:13:42+09:00,151.0,count/min,0,김아연의 Apple Watch,HKQuantityTypeIdentifierHeartRate
Heart rate,2026-07-16 08:13:47+09:00,150.0,count/min,0,김아연의 Apple Watch,HKQuantityTypeIdentifierHeartRate
Heart rate,2026-07-16 08:13:52+09:00,149.0,count/min,0,김아연의 Apple Watch,HKQuantityTypeIdentifierHeartRate
Heart rate,2026-07-16 08:13:58+09:00,148.0,count/min,0,김아연의 Apple Watch,HKQuantityTypeIdentifierHeartRate
Heart rate,2026-07-16 08:14:02+09:00,148.0,count/min,0,김아연의 Apple Watch,HKQuantityTypeIdentifierHeartRate
Heart rate,2026-07-16 08:14:11+09:00,148.0,count/min,0,김아연의 Apple Watch,HKQuantityTypeIdentifierHeartRate
Heart rate,2026-07-16 08:14:12+09:00,145.0,count/min,0,김아연의 Apple Watch,HKQuantityTypeIdentifierHeartRate
Heart rate,2026-07-16 08:14:17+09:00,149.0,count/min,0,김아연의 Apple Watch,HKQuantityTypeIdentifierHeartRate
Heart rate,2026-07-16 08:14:26+09:00,142.0,count/min,0,김아연의 Apple Watch,HKQuantityTypeIdentifierHeartRate
Heart rate,2026-07-16 08:14:29+09:00,145.0,count/min,0,김아연의 Apple Watch,HKQuantityTypeIdentifierHeartRate
Heart rate,2026-07-16 08:14:32+09:00,142.0,count/min,0,김아연의 Apple Watch,HKQuantityTypeIdentifierHeartRate
Heart rate,2026-07-16 08:14:41+09:00,144.0,count/min,0,김아연의 Apple Watch,HKQuantityTypeIdentifierHeartRate
Heart rate,2026-07-16 08:14:43+09:00,143.0,count/min,0,김아연의 Apple Watch,HKQuantityTypeIdentifierHeartRate
Heart rate,2026-07-16 08:14:51+09:00,140.0,count/min,0,김아연의 Apple Watch,HKQuantityTypeIdentifierHeartRate
Heart rate,2026-07-16 08:14:54+09:00,139.0,count/min,0,김아연의 Apple Watch,HKQuantityTypeIdentifierHeartRate
Heart rate,2026-07-16 08:14:58+09:00,137.0,count/min,0,김아연의 Apple Watch,HKQuantityTypeIdentifierHeartRate
Heart rate,2026-07-16 08:15:02+09:00,137.0,count/min,0,김아연의 Apple Watch,HKQuantityTypeIdentifierHeartRate
Heart rate,2026-07-16 08:15:11+09:00,141.0,count/min,0,김아연의 Apple Watch,HKQuantityTypeIdentifierHeartRate
Heart rate,2026-07-16 08:15:14+09:00,142.0,count/min,0,김아연의 Apple Watch,HKQuantityTypeIdentifierHeartRate
Heart rate,2026-07-16 08:15:17+09:00,143.0,count/min,0,김아연의 Apple Watch,HKQuantityTypeIdentifierHeartRate
Heart rate,2026-07-16 08:15:26+09:00,147.0,count/min,0,김아연의 Apple Watch,HKQuantityTypeIdentifierHeartRate
Heart rate,2026-07-16 08:15:27+09:00,147.0,count/min,0,김아연의 Apple Watch,HKQuantityTypeIdentifierHeartRate
Heart rate,2026-07-16 08:15:32+09:00,153.0,count/min,0,김아연의 Apple Watch,HKQuantityTypeIdentifierHeartRate
Heart rate,2026-07-16 08:15:40+09:00,160.0,count/min,0,김아연의 Apple Watch,HKQuantityTypeIdentifierHeartRate
Heart rate,2026-07-16 08:15:44+09:00,163.0,count/min,0,김아연의 Apple Watch,HKQuantityTypeIdentifierHeartRate
Heart rate,2026-07-16 08:15:48+09:00,162.0,count/min,0,김아연의 Apple Watch,HKQuantityTypeIdentifierHeartRate
Heart rate,2026-07-16 08:15:53+09:00,161.0,count/min,0,김아연의 Apple Watch,HKQuantityTypeIdentifierHeartRate
Heart rate,2026-07-16 08:15:57+09:00,159.0,count/min,0,김아연의 Apple Watch,HKQuantityTypeIdentifierHeartRate
Heart rate,2026-07-16 08:16:04+09:00,157.0,count/min,0,김아연의 Apple Watch,HKQuantityTypeIdentifierHeartRate
Heart rate,2026-07-16 08:16:11+09:00,158.0,count/min,0,김아연의 Apple Watch,HKQuantityTypeIdentifierHeartRate
Heart rate,2026-07-16 08:16:14+09:00,157.0,count/min,0,김아연의 Apple Watch,HKQuantityTypeIdentifierHeartRate
Heart rate,2026-07-16 08:16:17+09:00,155.0,count/min,0,김아연의 Apple Watch,HKQuantityTypeIdentifierHeartRate
Heart rate,2026-07-16 08:16:25+09:00,151.0,count/min,0,김아연의 Apple Watch,HKQuantityTypeIdentifierHeartRate
Heart rate,2026-07-16 08:16:31+09:00,146.0,count/min,0,김아연의 Apple Watch,HKQuantityTypeIdentifierHeartRate
Heart rate,2026-07-16 08:16:32+09:00,146.0,count/min,0,김아연의 Apple Watch,HKQuantityTypeIdentifierHeartRate
Heart rate,2026-07-16 08:16:41+09:00,144.0,count/min,0,김아연의 Apple Watch,HKQuantityTypeIdentifierHeartRate
Heart rate,2026-07-16 08:16:42+09:00,144.0,count/min,0,김아연의 Apple Watch,HKQuantityTypeIdentifierHeartRate
Heart rate,2026-07-16 08:16:49+09:00,142.0,count/min,0,김아연의 Apple Watch,HKQuantityTypeIdentifierHeartRate
Heart rate,2026-07-16 08:16:53+09:00,142.0,count/min,0,김아연의 Apple Watch,HKQuantityTypeIdentifierHeartRate
Heart rate,2026-07-16 08:16:57+09:00,142.0,count/min,0,김아연의 Apple Watch,HKQuantityTypeIdentifierHeartRate
Heart rate,2026-07-16 08:17:05+09:00,142.0,count/min,0,김아연의 Apple Watch,HKQuantityTypeIdentifierHeartRate
Heart rate,2026-07-16 08:17:09+09:00,143.0,count/min,0,김아연의 Apple Watch,HKQuantityTypeIdentifierHeartRate
Heart rate,2026-07-16 08:17:13+09:00,143.0,count/min,0,김아연의 Apple Watch,HKQuantityTypeIdentifierHeartRate
Heart rate,2026-07-16 08:17:17+09:00,143.0,count/min,0,김아연의 Apple Watch,HKQuantityTypeIdentifierHeartRate
Heart rate,2026-07-16 08:17:23+09:00,145.0,count/min,0,김아연의 Apple Watch,HKQuantityTypeIdentifierHeartRate
Heart rate,2026-07-16 08:17:27+09:00,144.0,count/min,0,김아연의 Apple Watch,HKQuantityTypeIdentifierHeartRate
Heart rate,2026-07-16 08:17:32+09:00,143.0,count/min,0,김아연의 Apple Watch,HKQuantityTypeIdentifierHeartRate
Heart rate,2026-07-16 08:17:41+09:00,137.0,count/min,0,김아연의 Apple Watch,HKQuantityTypeIdentifierHeartRate
Heart rate,2026-07-16 08:17:45+09:00,134.0,count/min,0,김아연의 Apple Watch,HKQuantityTypeIdentifierHeartRate
Heart rate,2026-07-16 08:17:51+09:00,140.0,count/min,0,김아연의 Apple Watch,HKQuantityTypeIdentifierHeartRate
Heart rate,2026-07-16 08:17:54+09:00,140.0,count/min,0,김아연의 Apple Watch,HKQuantityTypeIdentifierHeartRate
Heart rate,2026-07-16 08:18:01+09:00,136.0,count/min,0,김아연의 Apple Watch,HKQuantityTypeIdentifierHeartRate
Heart rate,2026-07-16 08:18:02+09:00,135.0,count/min,0,김아연의 Apple Watch,HKQuantityTypeIdentifierHeartRate
Heart rate,2026-07-16 08:18:11+09:00,128.0,count/min,0,김아연의 Apple Watch,HKQuantityTypeIdentifierHeartRate
Heart rate,2026-07-16 08:18:16+09:00,128.0,count/min,0,김아연의 Apple Watch,HKQuantityTypeIdentifierHeartRate
Heart rate,2026-07-16 08:18:18+09:00,126.0,count/min,0,김아연의 Apple Watch,HKQuantityTypeIdentifierHeartRate
Heart rate,2026-07-16 08:18:26+09:00,122.0,count/min,0,김아연의 Apple Watch,HKQuantityTypeIdentifierHeartRate
Heart rate,2026-07-16 08:18:27+09:00,121.0,count/min,0,김아연의 Apple Watch,HKQuantityTypeIdentifierHeartRate
Heart rate,2026-07-16 08:18:36+09:00,117.0,count/min,0,김아연의 Apple Watch,HKQuantityTypeIdentifierHeartRate
Heart rate,2026-07-16 08:18:38+09:00,117.0,count/min,0,김아연의 Apple Watch,HKQuantityTypeIdentifierHeartRate
Heart rate,2026-07-16 08:18:46+09:00,119.0,count/min,0,김아연의 Apple Watch,HKQuantityTypeIdentifierHeartRate
Heart rate,2026-07-16 08:18:48+09:00,118.0,count/min,0,김아연의 Apple Watch,HKQuantityTypeIdentifierHeartRate
Heart rate,2026-07-16 08:18:52+09:00,118.0,count/min,0,김아연의 Apple Watch,HKQuantityTypeIdentifierHeartRate
Heart rate,2026-07-16 08:19:01+09:00,118.0,count/min,0,김아연의 Apple Watch,HKQuantityTypeIdentifierHeartRate
Heart rate,2026-07-16 08:19:06+09:00,115.0,count/min,0,김아연의 Apple Watch,HKQuantityTypeIdentifierHeartRate
Heart rate,2026-07-16 08:19:07+09:00,115.0,count/min,0,김아연의 Apple Watch,HKQuantityTypeIdentifierHeartRate
Heart rate,2026-07-16 08:19:12+09:00,113.0,count/min,0,김아연의 Apple Watch,HKQuantityTypeIdentifierHeartRate
Heart rate,2026-07-16 08:19:21+09:00,114.0,count/min,0,김아연의 Apple Watch,HKQuantityTypeIdentifierHeartRate
Heart rate,2026-07-16 08:19:22+09:00,114.0,count/min,0,김아연의 Apple Watch,HKQuantityTypeIdentifierHeartRate
Heart rate,2026-07-16 08:19:31+09:00,116.0,count/min,0,김아연의 Apple Watch,HKQuantityTypeIdentifierHeartRate
Heart rate,2026-07-16 08:19:36+09:00,117.0,count/min,0,김아연의 Apple Watch,HKQuantityTypeIdentifierHeartRate
Heart rate,2026-07-16 08:19:40+09:00,117.0,count/min,0,김아연의 Apple Watch,HKQuantityTypeIdentifierHeartRate
Heart rate,2026-07-16 08:19:42+09:00,118.0,count/min,0,김아연의 Apple Watch,HKQuantityTypeIdentifierHeartRate
Heart rate,2026-07-16 08:19:47+09:00,118.0,count/min,0,김아연의 Apple Watch,HKQuantityTypeIdentifierHeartRate
Heart rate,2026-07-16 08:19:52+09:00,122.0,count/min,0,김아연의 Apple Watch,HKQuantityTypeIdentifierHeartRate
Heart rate,2026-07-16 08:19:57+09:00,126.0,count/min,0,김아연의 Apple Watch,HKQuantityTypeIdentifierHeartRate
Heart rate,2026-07-16 08:20:06+09:00,131.0,count/min,0,김아연의 Apple Watch,HKQuantityTypeIdentifierHeartRate
Heart rate,2026-07-16 08:20:10+09:00,131.0,count/min,0,김아연의 Apple Watch,HKQuantityTypeIdentifierHeartRate
Heart rate,2026-07-16 08:20:15+09:00,131.0,count/min,0,김아연의 Apple Watch,HKQuantityTypeIdentifierHeartRate
Heart rate,2026-07-16 08:20:19+09:00,132.0,count/min,0,김아연의 Apple Watch,HKQuantityTypeIdentifierHeartRate
Heart rate,2026-07-16 08:20:23+09:00,135.0,count/min,0,김아연의 Apple Watch,HKQuantityTypeIdentifierHeartRate
Heart rate,2026-07-16 08:20:27+09:00,137.0,count/min,0,김아연의 Apple Watch,HKQuantityTypeIdentifierHeartRate
Heart rate,2026-07-16 08:20:36+09:00,142.0,count/min,0,김아연의 Apple Watch,HKQuantityTypeIdentifierHeartRate
Heart rate,2026-07-16 08:20:41+09:00,147.0,count/min,0,김아연의 Apple Watch,HKQuantityTypeIdentifierHeartRate
Heart rate,2026-07-16 08:20:45+09:00,147.0,count/min,0,김아연의 Apple Watch,HKQuantityTypeIdentifierHeartRate
Heart rate,2026-07-16 08:20:47+09:00,148.0,count/min,0,김아연의 Apple Watch,HKQuantityTypeIdentifierHeartRate
Heart rate,2026-07-16 08:20:56+09:00,152.0,count/min,0,김아연의 Apple Watch,HKQuantityTypeIdentifierHeartRate
Heart rate,2026-07-16 08:20:57+09:00,152.0,count/min,0,김아연의 Apple Watch,HKQuantityTypeIdentifierHeartRate
Heart rate,2026-07-16 08:21:06+09:00,154.0,count/min,0,김아연의 Apple Watch,HKQuantityTypeIdentifierHeartRate
Heart rate,2026-07-16 08:21:09+09:00,154.0,count/min,0,김아연의 Apple Watch,HKQuantityTypeIdentifierHeartRate
Heart rate,2026-07-16 08:21:13+09:00,152.0,count/min,0,김아연의 Apple Watch,HKQuantityTypeIdentifierHeartRate
Heart rate,2026-07-16 08:21:17+09:00,152.0,count/min,0,김아연의 Apple Watch,HKQuantityTypeIdentifierHeartRate
Heart rate,2026-07-16 08:21:26+09:00,147.0,count/min,0,김아연의 Apple Watch,HKQuantityTypeIdentifierHeartRate
Heart rate,2026-07-16 08:21:27+09:00,147.0,count/min,0,김아연의 Apple Watch,HKQuantityTypeIdentifierHeartRate
Heart rate,2026-07-16 08:21:32+09:00,145.0,count/min,0,김아연의 Apple Watch,HKQuantityTypeIdentifierHeartRate
Heart rate,2026-07-16 08:21:41+09:00,141.0,count/min,0,김아연의 Apple Watch,HKQuantityTypeIdentifierHeartRate
Heart rate,2026-07-16 08:21:42+09:00,142.0,count/min,0,김아연의 Apple Watch,HKQuantityTypeIdentifierHeartRate
Heart rate,2026-07-16 08:21:47+09:00,143.0,count/min,0,김아연의 Apple Watch,HKQuantityTypeIdentifierHeartRate
Heart rate,2026-07-16 08:21:53+09:00,144.0,count/min,0,김아연의 Apple Watch,HKQuantityTypeIdentifierHeartRate
Heart rate,2026-07-16 08:21:57+09:00,143.0,count/min,0,김아연의 Apple Watch,HKQuantityTypeIdentifierHeartRate
Heart rate,2026-07-16 08:22:06+09:00,145.0,count/min,0,김아연의 Apple Watch,HKQuantityTypeIdentifierHeartRate
Heart rate,2026-07-16 08:22:11+09:00,142.0,count/min,0,김아연의 Apple Watch,HKQuantityTypeIdentifierHeartRate
Heart rate,2026-07-16 08:22:13+09:00,142.0,count/min,0,김아연의 Apple Watch,HKQuantityTypeIdentifierHeartRate
Heart rate,2026-07-16 08:22:17+09:00,139.0,count/min,0,김아연의 Apple Watch,HKQuantityTypeIdentifierHeartRate
Heart rate,2026-07-16 08:22:23+09:00,140.0,count/min,0,김아연의 Apple Watch,HKQuantityTypeIdentifierHeartRate
Heart rate,2026-07-16 08:22:29+09:00,138.0,count/min,0,김아연의 Apple Watch,HKQuantityTypeIdentifierHeartRate
Heart rate,2026-07-16 08:22:32+09:00,138.0,count/min,0,김아연의 Apple Watch,HKQuantityTypeIdentifierHeartRate
Heart rate,2026-07-16 08:22:37+09:00,135.0,count/min,0,김아연의 Apple Watch,HKQuantityTypeIdentifierHeartRate
Heart rate,2026-07-16 08:22:42+09:00,137.0,count/min,0,김아연의 Apple Watch,HKQuantityTypeIdentifierHeartRate
Heart rate,2026-07-16 08:22:51+09:00,136.0,count/min,0,김아연의 Apple Watch,HKQuantityTypeIdentifierHeartRate
Heart rate,2026-07-16 08:22:56+09:00,134.0,count/min,0,김아연의 Apple Watch,HKQuantityTypeIdentifierHeartRate
Heart rate,2026-07-16 08:22:58+09:00,134.0,count/min,0,김아연의 Apple Watch,HKQuantityTypeIdentifierHeartRate
Heart rate,2026-07-16 08:23:04+09:00,133.0,count/min,0,김아연의 Apple Watch,HKQuantityTypeIdentifierHeartRate
Heart rate,2026-07-16 08:23:07+09:00,135.0,count/min,0,김아연의 Apple Watch,HKQuantityTypeIdentifierHeartRate
Heart rate,2026-07-16 08:23:16+09:00,128.0,count/min,0,김아연의 Apple Watch,HKQuantityTypeIdentifierHeartRate
Heart rate,2026-07-16 08:23:21+09:00,129.0,count/min,0,김아연의 Apple Watch,HKQuantityTypeIdentifierHeartRate
Heart rate,2026-07-16 08:23:23+09:00,128.0,count/min,0,김아연의 Apple Watch,HKQuantityTypeIdentifierHeartRate
Heart rate,2026-07-16 08:23:27+09:00,128.0,count/min,0,김아연의 Apple Watch,HKQuantityTypeIdentifierHeartRate
Heart rate,2026-07-16 08:23:32+09:00,127.0,count/min,0,김아연의 Apple Watch,HKQuantityTypeIdentifierHeartRate
Heart rate,2026-07-16 08:23:41+09:00,128.0,count/min,0,김아연의 Apple Watch,HKQuantityTypeIdentifierHeartRate
Heart rate,2026-07-16 08:23:46+09:00,127.0,count/min,0,김아연의 Apple Watch,HKQuantityTypeIdentifierHeartRate
Heart rate,2026-07-16 08:23:48+09:00,126.0,count/min,0,김아연의 Apple Watch,HKQuantityTypeIdentifierHeartRate
Heart rate,2026-07-16 08:23:56+09:00,131.0,count/min,0,김아연의 Apple Watch,HKQuantityTypeIdentifierHeartRate
Heart rate,2026-07-16 08:24:00+09:00,130.0,count/min,0,김아연의 Apple Watch,HKQuantityTypeIdentifierHeartRate
Heart rate,2026-07-16 08:24:06+09:00,125.0,count/min,0,김아연의 Apple Watch,HKQuantityTypeIdentifierHeartRate
Heart rate,2026-07-16 08:24:07+09:00,125.0,count/min,0,김아연의 Apple Watch,HKQuantityTypeIdentifierHeartRate
Heart rate,2026-07-16 08:24:12+09:00,125.0,count/min,0,김아연의 Apple Watch,HKQuantityTypeIdentifierHeartRate
Heart rate,2026-07-16 08:24:21+09:00,123.0,count/min,0,김아연의 Apple Watch,HKQuantityTypeIdentifierHeartRate
Heart rate,2026-07-16 08:24:22+09:00,122.0,count/min,0,김아연의 Apple Watch,HKQuantityTypeIdentifierHeartRate
Heart rate,2026-07-16 08:24:31+09:00,122.0,count/min,0,김아연의 Apple Watch,HKQuantityTypeIdentifierHeartRate
Heart rate,2026-07-16 08:24:35+09:00,122.0,count/min,0,김아연의 Apple Watch,HKQuantityTypeIdentifierHeartRate
Heart rate,2026-07-16 08:24:41+09:00,126.0,count/min,0,김아연의 Apple Watch,HKQuantityTypeIdentifierHeartRate
Heart rate,2026-07-16 08:24:43+09:00,126.0,count/min,0,김아연의 Apple Watch,HKQuantityTypeIdentifierHeartRate
Heart rate,2026-07-16 08:24:47+09:00,125.0,count/min,0,김아연의 Apple Watch,HKQuantityTypeIdentifierHeartRate
Heart rate,2026-07-16 08:24:52+09:00,126.0,count/min,0,김아연의 Apple Watch,HKQuantityTypeIdentifierHeartRate
Heart rate,2026-07-16 08:25:01+09:00,117.0,count/min,0,김아연의 Apple Watch,HKQuantityTypeIdentifierHeartRate
Heart rate,2026-07-16 08:25:05+09:00,119.0,count/min,0,김아연의 Apple Watch,HKQuantityTypeIdentifierHeartRate
Heart rate,2026-07-16 08:25:10+09:00,117.0,count/min,0,김아연의 Apple Watch,HKQuantityTypeIdentifierHeartRate
Heart rate,2026-07-16 08:25:16+09:00,116.0,count/min,0,김아연의 Apple Watch,HKQuantityTypeIdentifierHeartRate
Heart rate,2026-07-16 08:25:21+09:00,116.0,count/min,0,김아연의 Apple Watch,HKQuantityTypeIdentifierHeartRate
Heart rate,2026-07-16 08:25:25+09:00,116.0,count/min,0,김아연의 Apple Watch,HKQuantityTypeIdentifierHeartRate
Heart rate,2026-07-16 08:25:28+09:00,114.0,count/min,0,김아연의 Apple Watch,HKQuantityTypeIdentifierHeartRate
Heart rate,2026-07-16 08:25:35+09:00,110.0,count/min,0,김아연의 Apple Watch,HKQuantityTypeIdentifierHeartRate
Heart rate,2026-07-16 08:25:40+09:00,110.0,count/min,0,김아연의 Apple Watch,HKQuantityTypeIdentifierHeartRate
Heart rate,2026-07-16 08:25:46+09:00,109.0,count/min,0,김아연의 Apple Watch,HKQuantityTypeIdentifierHeartRate
Heart rate,2026-07-16 08:25:51+09:00,108.0,count/min,0,김아연의 Apple Watch,HKQuantityTypeIdentifierHeartRate
Heart rate,2026-07-16 08:25:56+09:00,109.0,count/min,0,김아연의 Apple Watch,HKQuantityTypeIdentifierHeartRate
Heart rate,2026-07-16 08:26:00+09:00,108.0,count/min,0,김아연의 Apple Watch,HKQuantityTypeIdentifierHeartRate
Heart rate,2026-07-16 08:26:06+09:00,109.0,count/min,0,김아연의 Apple Watch,HKQuantityTypeIdentifierHeartRate
Heart rate,2026-07-16 08:27:59+09:00,110.97,count/min,0,김아연의 Apple Watch,HKQuantityTypeIdentifierHeartRate
Heart rate,2026-07-16 08:29:21+09:00,109.0,count/min,1,김아연의 Apple Watch,HKQuantityTypeIdentifierHeartRate
Heart rate,2026-07-16 08:32:08+09:00,108.0,count/min,1,김아연의 Apple Watch,HKQuantityTypeIdentifierHeartRate
Heart rate,2026-07-16 08:34:31+09:00,133.0,count/min,0,김아연의 Apple Watch,HKQuantityTypeIdentifierHeartRate
Heart rate,2026-07-16 08:34:36+09:00,136.0,count/min,0,김아연의 Apple Watch,HKQuantityTypeIdentifierHeartRate
Heart rate,2026-07-16 08:34:40+09:00,136.0,count/min,0,김아연의 Apple Watch,HKQuantityTypeIdentifierHeartRate
Heart rate,2026-07-16 08:34:46+09:00,135.0,count/min,0,김아연의 Apple Watch,HKQuantityTypeIdentifierHeartRate
Heart rate,2026-07-16 08:34:47+09:00,136.0,count/min,0,김아연의 Apple Watch,HKQuantityTypeIdentifierHeartRate
Heart rate,2026-07-16 08:34:52+09:00,137.0,count/min,0,김아연의 Apple Watch,HKQuantityTypeIdentifierHeartRate
Heart rate,2026-07-16 08:34:57+09:00,137.0,count/min,0,김아연의 Apple Watch,HKQuantityTypeIdentifierHeartRate
Heart rate,2026-07-16 08:35:06+09:00,138.0,count/min,0,김아연의 Apple Watch,HKQuantityTypeIdentifierHeartRate
Heart rate,2026-07-16 08:35:11+09:00,139.0,count/min,0,김아연의 Apple Watch,HKQuantityTypeIdentifierHeartRate
Heart rate,2026-07-16 08:35:12+09:00,140.0,count/min,0,김아연의 Apple Watch,HKQuantityTypeIdentifierHeartRate
Heart rate,2026-07-16 08:35:19+09:00,145.0,count/min,0,김아연의 Apple Watch,HKQuantityTypeIdentifierHeartRate
Heart rate,2026-07-16 08:35:24+09:00,150.0,count/min,0,김아연의 Apple Watch,HKQuantityTypeIdentifierHeartRate
Heart rate,2026-07-16 08:35:27+09:00,150.0,count/min,0,김아연의 Apple Watch,HKQuantityTypeIdentifierHeartRate
Heart rate,2026-07-16 08:35:36+09:00,148.0,count/min,0,김아연의 Apple Watch,HKQuantityTypeIdentifierHeartRate
Heart rate,2026-07-16 08:35:41+09:00,150.0,count/min,0,김아연의 Apple Watch,HKQuantityTypeIdentifierHeartRate
Heart rate,2026-07-16 08:35:44+09:00,153.0,count/min,0,김아연의 Apple Watch,HKQuantityTypeIdentifierHeartRate
Heart rate,2026-07-16 08:35:48+09:00,151.0,count/min,0,김아연의 Apple Watch,HKQuantityTypeIdentifierHeartRate
Heart rate,2026-07-16 08:35:55+09:00,147.0,count/min,0,김아연의 Apple Watch,HKQuantityTypeIdentifierHeartRate
Heart rate,2026-07-16 08:36:00+09:00,145.0,count/min,0,김아연의 Apple Watch,HKQuantityTypeIdentifierHeartRate
Heart rate,2026-07-16 08:36:04+09:00,145.0,count/min,0,김아연의 Apple Watch,HKQuantityTypeIdentifierHeartRate
Heart rate,2026-07-16 08:36:08+09:00,142.0,count/min,0,김아연의 Apple Watch,HKQuantityTypeIdentifierHeartRate
Heart rate,2026-07-16 08:36:15+09:00,145.0,count/min,0,김아연의 Apple Watch,HKQuantityTypeIdentifierHeartRate
Heart rate,2026-07-16 08:36:20+09:00,144.0,count/min,0,김아연의 Apple Watch,HKQuantityTypeIdentifierHeartRate
Heart rate,2026-07-16 08:36:22+09:00,146.0,count/min,0,김아연의 Apple Watch,HKQuantityTypeIdentifierHeartRate
Heart rate,2026-07-16 08:36:31+09:00,157.0,count/min,0,김아연의 Apple Watch,HKQuantityTypeIdentifierHeartRate
Heart rate,2026-07-16 08:36:35+09:00,161.0,count/min,0,김아연의 Apple Watch,HKQuantityTypeIdentifierHeartRate
Heart rate,2026-07-16 08:36:37+09:00,161.0,count/min,0,김아연의 Apple Watch,HKQuantityTypeIdentifierHeartRate
Heart rate,2026-07-16 08:36:46+09:00,158.0,count/min,0,김아연의 Apple Watch,HKQuantityTypeIdentifierHeartRate
Heart rate,2026-07-16 08:36:48+09:00,157.0,count/min,0,김아연의 Apple Watch,HKQuantityTypeIdentifierHeartRate
Heart rate,2026-07-16 08:36:54+09:00,153.0,count/min,0,김아연의 Apple Watch,HKQuantityTypeIdentifierHeartRate
Heart rate,2026-07-16 08:36:59+09:00,149.0,count/min,0,김아연의 Apple Watch,HKQuantityTypeIdentifierHeartRate
Heart rate,2026-07-16 08:37:04+09:00,144.0,count/min,0,김아연의 Apple Watch,HKQuantityTypeIdentifierHeartRate
Heart rate,2026-07-16 08:37:11+09:00,142.0,count/min,0,김아연의 Apple Watch,HKQuantityTypeIdentifierHeartRate
Heart rate,2026-07-16 08:37:14+09:00,143.0,count/min,0,김아연의 Apple Watch,HKQuantityTypeIdentifierHeartRate
Heart rate,2026-07-16 08:37:20+09:00,148.0,count/min,0,김아연의 Apple Watch,HKQuantityTypeIdentifierHeartRate
Heart rate,2026-07-16 08:37:24+09:00,153.0,count/min,0,김아연의 Apple Watch,HKQuantityTypeIdentifierHeartRate
Heart rate,2026-07-16 08:37:29+09:00,157.0,count/min,0,김아연의 Apple Watch,HKQuantityTypeIdentifierHeartRate
Heart rate,2026-07-16 08:37:32+09:00,159.0,count/min,0,김아연의 Apple Watch,HKQuantityTypeIdentifierHeartRate
Heart rate,2026-07-16 08:37:41+09:00,166.0,count/min,0,김아연의 Apple Watch,HKQuantityTypeIdentifierHeartRate
Heart rate,2026-07-16 08:37:46+09:00,164.0,count/min,0,김아연의 Apple Watch,HKQuantityTypeIdentifierHeartRate
Heart rate,2026-07-16 08:37:50+09:00,162.0,count/min,0,김아연의 Apple Watch,HKQuantityTypeIdentifierHeartRate
Heart rate,2026-07-16 08:37:52+09:00,162.0,count/min,0,김아연의 Apple Watch,HKQuantityTypeIdentifierHeartRate
Heart rate,2026-07-16 08:37:58+09:00,160.0,count/min,0,김아연의 Apple Watch,HKQuantityTypeIdentifierHeartRate
Heart rate,2026-07-16 08:38:06+09:00,160.0,count/min,0,김아연의 Apple Watch,HKQuantityTypeIdentifierHeartRate
Heart rate,2026-07-16 08:38:08+09:00,160.0,count/min,0,김아연의 Apple Watch,HKQuantityTypeIdentifierHeartRate
Heart rate,2026-07-16 08:38:15+09:00,158.0,count/min,0,김아연의 Apple Watch,HKQuantityTypeIdentifierHeartRate
Heart rate,2026-07-16 08:38:21+09:00,155.0,count/min,0,김아연의 Apple Watch,HKQuantityTypeIdentifierHeartRate
Heart rate,2026-07-16 08:38:22+09:00,154.0,count/min,0,김아연의 Apple Watch,HKQuantityTypeIdentifierHeartRate
Heart rate,2026-07-16 08:38:27+09:00,149.0,count/min,0,김아연의 Apple Watch,HKQuantityTypeIdentifierHeartRate
Heart rate,2026-07-16 08:38:36+09:00,146.0,count/min,0,김아연의 Apple Watch,HKQuantityTypeIdentifierHeartRate
Heart rate,2026-07-16 08:38:39+09:00,144.0,count/min,0,김아연의 Apple Watch,HKQuantityTypeIdentifierHeartRate
Heart rate,2026-07-16 08:38:42+09:00,143.0,count/min,0,김아연의 Apple Watch,HKQuantityTypeIdentifierHeartRate
Heart rate,2026-07-16 08:38:47+09:00,142.0,count/min,0,김아연의 Apple Watch,HKQuantityTypeIdentifierHeartRate
Heart rate,2026-07-16 08:38:56+09:00,143.0,count/min,0,김아연의 Apple Watch,HKQuantityTypeIdentifierHeartRate
Heart rate,2026-07-16 08:39:11+09:00,142.0,count/min,0,김아연의 Apple Watch,HKQuantityTypeIdentifierHeartRate
Heart rate,2026-07-16 08:39:15+09:00,141.0,count/min,0,김아연의 Apple Watch,HKQuantityTypeIdentifierHeartRate
Heart rate,2026-07-16 08:39:21+09:00,142.0,count/min,0,김아연의 Apple Watch,HKQuantityTypeIdentifierHeartRate
Heart rate,2026-07-16 08:39:22+09:00,142.0,count/min,0,김아연의 Apple Watch,HKQuantityTypeIdentifierHeartRate
Heart rate,2026-07-16 08:39:28+09:00,140.0,count/min,0,김아연의 Apple Watch,HKQuantityTypeIdentifierHeartRate
Heart rate,2026-07-16 08:39:33+09:00,139.0,count/min,0,김아연의 Apple Watch,HKQuantityTypeIdentifierHeartRate
Heart rate,2026-07-16 08:39:38+09:00,141.0,count/min,0,김아연의 Apple Watch,HKQuantityTypeIdentifierHeartRate
Heart rate,2026-07-16 08:40:06+09:00,142.0,count/min,0,김아연의 Apple Watch,HKQuantityTypeIdentifierHeartRate
Heart rate,2026-07-16 08:40:10+09:00,144.0,count/min,0,김아연의 Apple Watch,HKQuantityTypeIdentifierHeartRate
Heart rate,2026-07-16 08:40:16+09:00,145.0,count/min,0,김아연의 Apple Watch,HKQuantityTypeIdentifierHeartRate
Heart rate,2026-07-16 08:40:18+09:00,146.0,count/min,0,김아연의 Apple Watch,HKQuantityTypeIdentifierHeartRate
Heart rate,2026-07-16 08:40:26+09:00,151.0,count/min,0,김아연의 Apple Watch,HKQuantityTypeIdentifierHeartRate
Heart rate,2026-07-16 08:40:28+09:00,150.0,count/min,0,김아연의 Apple Watch,HKQuantityTypeIdentifierHeartRate
Heart rate,2026-07-16 08:40:34+09:00,150.0,count/min,0,김아연의 Apple Watch,HKQuantityTypeIdentifierHeartRate
Heart rate,2026-07-16 08:40:38+09:00,150.0,count/min,0,김아연의 Apple Watch,HKQuantityTypeIdentifierHeartRate
Heart rate,2026-07-16 08:40:45+09:00,148.0,count/min,0,김아연의 Apple Watch,HKQuantityTypeIdentifierHeartRate
Heart rate,2026-07-16 08:40:51+09:00,151.0,count/min,0,김아연의 Apple Watch,HKQuantityTypeIdentifierHeartRate
Heart rate,2026-07-16 08:40:56+09:00,153.0,count/min,0,김아연의 Apple Watch,HKQuantityTypeIdentifierHeartRate
Heart rate,2026-07-16 08:40:57+09:00,154.0,count/min,0,김아연의 Apple Watch,HKQuantityTypeIdentifierHeartRate
Heart rate,2026-07-16 08:41:05+09:00,157.0,count/min,0,김아연의 Apple Watch,HKQuantityTypeIdentifierHeartRate
Heart rate,2026-07-16 08:41:10+09:00,155.0,count/min,0,김아연의 Apple Watch,HKQuantityTypeIdentifierHeartRate
Heart rate,2026-07-16 08:41:14+09:00,156.0,count/min,0,김아연의 Apple Watch,HKQuantityTypeIdentifierHeartRate
Heart rate,2026-07-16 08:41:21+09:00,152.0,count/min,0,김아연의 Apple Watch,HKQuantityTypeIdentifierHeartRate
Heart rate,2026-07-16 08:41:25+09:00,150.0,count/min,0,김아연의 Apple Watch,HKQuantityTypeIdentifierHeartRate
Heart rate,2026-07-16 08:41:28+09:00,147.0,count/min,0,김아연의 Apple Watch,HKQuantityTypeIdentifierHeartRate
Heart rate,2026-07-16 08:41:35+09:00,144.0,count/min,0,김아연의 Apple Watch,HKQuantityTypeIdentifierHeartRate
Heart rate,2026-07-16 08:41:41+09:00,146.0,count/min,0,김아연의 Apple Watch,HKQuantityTypeIdentifierHeartRate
Heart rate,2026-07-16 08:41:46+09:00,145.0,count/min,0,김아연의 Apple Watch,HKQuantityTypeIdentifierHeartRate
Heart rate,2026-07-16 08:41:47+09:00,145.0,count/min,0,김아연의 Apple Watch,HKQuantityTypeIdentifierHeartRate
Heart rate,2026-07-16 08:41:52+09:00,143.0,count/min,0,김아연의 Apple Watch,HKQuantityTypeIdentifierHeartRate
Heart rate,2026-07-16 08:42:01+09:00,139.0,count/min,0,김아연의 Apple Watch,HKQuantityTypeIdentifierHeartRate
Heart rate,2026-07-16 08:42:04+09:00,137.0,count/min,0,김아연의 Apple Watch,HKQuantityTypeIdentifierHeartRate
Heart rate,2026-07-16 08:42:07+09:00,135.0,count/min,0,김아연의 Apple Watch,HKQuantityTypeIdentifierHeartRate
Heart rate,2026-07-16 08:42:16+09:00,134.0,count/min,0,김아연의 Apple Watch,HKQuantityTypeIdentifierHeartRate
Heart rate,2026-07-16 08:42:20+09:00,134.0,count/min,0,김아연의 Apple Watch,HKQuantityTypeIdentifierHeartRate
Heart rate,2026-07-16 08:42:22+09:00,133.0,count/min,0,김아연의 Apple Watch,HKQuantityTypeIdentifierHeartRate
Heart rate,2026-07-16 08:42:27+09:00,131.0,count/min,0,김아연의 Apple Watch,HKQuantityTypeIdentifierHeartRate
Heart rate,2026-07-16 08:42:32+09:00,131.0,count/min,0,김아연의 Apple Watch,HKQuantityTypeIdentifierHeartRate
Heart rate,2026-07-16 08:42:37+09:00,132.0,count/min,0,김아연의 Apple Watch,HKQuantityTypeIdentifierHeartRate
Heart rate,2026-07-16 08:42:42+09:00,131.0,count/min,0,김아연의 Apple Watch,HKQuantityTypeIdentifierHeartRate
Heart rate,2026-07-16 08:42:47+09:00,132.0,count/min,0,김아연의 Apple Watch,HKQuantityTypeIdentifierHeartRate
Heart rate,2026-07-16 08:42:56+09:00,131.0,count/min,0,김아연의 Apple Watch,HKQuantityTypeIdentifierHeartRate
Heart rate,2026-07-16 08:42:59+09:00,132.0,count/min,0,김아연의 Apple Watch,HKQuantityTypeIdentifierHeartRate
Heart rate,2026-07-16 08:43:02+09:00,132.0,count/min,0,김아연의 Apple Watch,HKQuantityTypeIdentifierHeartRate
Heart rate,2026-07-16 08:43:07+09:00,131.0,count/min,0,김아연의 Apple Watch,HKQuantityTypeIdentifierHeartRate
Heart rate,2026-07-16 08:43:16+09:00,136.0,count/min,0,김아연의 Apple Watch,HKQuantityTypeIdentifierHeartRate
Heart rate,2026-07-16 08:43:21+09:00,137.0,count/min,0,김아연의 Apple Watch,HKQuantityTypeIdentifierHeartRate
Heart rate,2026-07-16 08:43:22+09:00,136.0,count/min,0,김아연의 Apple Watch,HKQuantityTypeIdentifierHeartRate
Heart rate,2026-07-16 08:43:31+09:00,129.0,count/min,0,김아연의 Apple Watch,HKQuantityTypeIdentifierHeartRate
Heart rate,2026-07-16 08:43:32+09:00,129.0,count/min,0,김아연의 Apple Watch,HKQuantityTypeIdentifierHeartRate
Heart rate,2026-07-16 08:43:41+09:00,133.0,count/min,0,김아연의 Apple Watch,HKQuantityTypeIdentifierHeartRate
Heart rate,2026-07-16 08:43:45+09:00,135.0,count/min,0,김아연의 Apple Watch,HKQuantityTypeIdentifierHeartRate
Heart rate,2026-07-16 08:43:48+09:00,135.0,count/min,0,김아연의 Apple Watch,HKQuantityTypeIdentifierHeartRate
Heart rate,2026-07-16 08:43:53+09:00,138.0,count/min,0,김아연의 Apple Watch,HKQuantityTypeIdentifierHeartRate
Heart rate,2026-07-16 08:44:01+09:00,132.0,count/min,0,김아연의 Apple Watch,HKQuantityTypeIdentifierHeartRate
Heart rate,2026-07-16 08:44:06+09:00,132.0,count/min,0,김아연의 Apple Watch,HKQuantityTypeIdentifierHeartRate
Heart rate,2026-07-16 08:44:10+09:00,132.0,count/min,0,김아연의 Apple Watch,HKQuantityTypeIdentifierHeartRate
Heart rate,2026-07-16 08:44:14+09:00,129.0,count/min,0,김아연의 Apple Watch,HKQuantityTypeIdentifierHeartRate
Heart rate,2026-07-16 08:44:17+09:00,127.0,count/min,0,김아연의 Apple Watch,HKQuantityTypeIdentifierHeartRate
Heart rate,2026-07-16 08:44:26+09:00,126.0,count/min,0,김아연의 Apple Watch,HKQuantityTypeIdentifierHeartRate
Heart rate,2026-07-16 08:44:28+09:00,127.0,count/min,0,김아연의 Apple Watch,HKQuantityTypeIdentifierHeartRate
Heart rate,2026-07-16 08:44:36+09:00,124.0,count/min,0,김아연의 Apple Watch,HKQuantityTypeIdentifierHeartRate
Heart rate,2026-07-16 08:44:37+09:00,124.0,count/min,0,김아연의 Apple Watch,HKQuantityTypeIdentifierHeartRate
Heart rate,2026-07-16 08:44:45+09:00,124.0,count/min,0,김아연의 Apple Watch,HKQuantityTypeIdentifierHeartRate
Heart rate,2026-07-16 08:44:49+09:00,123.0,count/min,0,김아연의 Apple Watch,HKQuantityTypeIdentifierHeartRate
Heart rate,2026-07-16 08:44:53+09:00,123.0,count/min,0,김아연의 Apple Watch,HKQuantityTypeIdentifierHeartRate
Heart rate,2026-07-16 08:44:58+09:00,121.0,count/min,0,김아연의 Apple Watch,HKQuantityTypeIdentifierHeartRate
Heart rate,2026-07-16 08:45:06+09:00,129.0,count/min,0,김아연의 Apple Watch,HKQuantityTypeIdentifierHeartRate
Heart rate,2026-07-16 08:45:10+09:00,129.0,count/min,0,김아연의 Apple Watch,HKQuantityTypeIdentifierHeartRate
Heart rate,2026-07-16 08:45:13+09:00,129.0,count/min,0,김아연의 Apple Watch,HKQuantityTypeIdentifierHeartRate
Heart rate,2026-07-16 08:45:17+09:00,130.0,count/min,0,김아연의 Apple Watch,HKQuantityTypeIdentifierHeartRate
Heart rate,2026-07-16 08:45:23+09:00,128.0,count/min,0,김아연의 Apple Watch,HKQuantityTypeIdentifierHeartRate
Heart rate,2026-07-16 08:45:52+09:00,119.0,count/min,1,김아연의 Apple Watch,HKQuantityTypeIdentifierHeartRate
Heart rate,2026-07-16 08:51:41+09:00,109.0,count/min,1,김아연의 Apple Watch,HKQuantityTypeIdentifierHeartRate
Heart rate,2026-07-16 08:53:49+09:00,99.0,count/min,1,김아연의 Apple Watch,HKQuantityTypeIdentifierHeartRate
Heart rate,2026-07-16 08:56:48+09:00,100.0,count/min,1,김아연의 Apple Watch,HKQuantityTypeIdentifierHeartRate
Heart rate,2026-07-16 09:03:48+09:00,94.0,count/min,1,김아연의 Apple Watch,HKQuantityTypeIdentifierHeartRate
Heart rate,2026-07-16 09:11:37+09:00,90.0,count/min,1,김아연의 Apple Watch,HKQuantityTypeIdentifierHeartRate
Heart rate,2026-07-16 09:13:29+09:00,88.0,count/min,1,김아연의 Apple Watch,HKQuantityTypeIdentifierHeartRate
Heart rate,2026-07-16 09:19:39+09:00,86.0,count/min,1,김아연의 Apple Watch,HKQuantityTypeIdentifierHeartRate
Heart rate,2026-07-16 09:25:52+09:00,84.0,count/min,1,김아연의 Apple Watch,HKQuantityTypeIdentifierHeartRate
Heart rate,2026-07-16 09:30:56+09:00,84.0,count/min,1,김아연의 Apple Watch,HKQuantityTypeIdentifierHeartRate
Heart rate,2026-07-16 09:34:55+09:00,84.0,count/min,1,김아연의 Apple Watch,HKQuantityTypeIdentifierHeartRate
Heart rate,2026-07-16 09:41:15+09:00,80.0,count/min,1,김아연의 Apple Watch,HKQuantityTypeIdentifierHeartRate
Heart rate,2026-07-16 09:42:59+09:00,80.0,count/min,1,김아연의 Apple Watch,HKQuantityTypeIdentifierHeartRate
Heart rate,2026-07-16 09:50:33+09:00,81.0,count/min,1,김아연의 Apple Watch,HKQuantityTypeIdentifierHeartRate
Heart rate,2026-07-16 09:56:46+09:00,80.0,count/min,1,김아연의 Apple Watch,HKQuantityTypeIdentifierHeartRate
Heart rate,2026-07-16 09:57:59+09:00,78.0,count/min,1,김아연의 Apple Watch,HKQuantityTypeIdentifierHeartRate
Heart rate,2026-07-16 10:04:59+09:00,79.0279,count/min,0,김아연의 Apple Watch,HKQuantityTypeIdentifierHeartRate
Heart rate,2026-07-16 10:06:41+09:00,80.0,count/min,1,김아연의 Apple Watch,HKQuantityTypeIdentifierHeartRate
Heart rate,2026-07-16 10:08:02+09:00,77.0,count/min,1,김아연의 Apple Watch,HKQuantityTypeIdentifierHeartRate
Heart rate,2026-07-16 10:12:45+09:00,70.0,count/min,1,김아연의 Apple Watch,HKQuantityTypeIdentifierHeartRate
Heart rate,2026-07-16 10:20:24+09:00,72.0,count/min,1,김아연의 Apple Watch,HKQuantityTypeIdentifierHeartRate
Heart rate,2026-07-16 10:22:19+09:00,73.0,count/min,1,김아연의 Apple Watch,HKQuantityTypeIdentifierHeartRate
Heart rate,2026-07-16 10:26:50+09:00,74.0,count/min,1,김아연의 Apple Watch,HKQuantityTypeIdentifierHeartRate
Heart rate,2026-07-16 10:32:28+09:00,70.0,count/min,1,김아연의 Apple Watch,HKQuantityTypeIdentifierHeartRate
Heart rate,2026-07-16 10:41:46+09:00,72.0,count/min,1,김아연의 Apple Watch,HKQuantityTypeIdentifierHeartRate
Heart rate,2026-07-16 10:45:31+09:00,75.0,count/min,1,김아연의 Apple Watch,HKQuantityTypeIdentifierHeartRate
Heart rate,2026-07-16 10:49:50+09:00,73.0,count/min,1,김아연의 Apple Watch,HKQuantityTypeIdentifierHeartRate
Heart rate,2026-07-16 10:51:58+09:00,72.0,count/min,1,김아연의 Apple Watch,HKQuantityTypeIdentifierHeartRate
Heart rate,2026-07-16 10:57:15+09:00,72.0,count/min,1,김아연의 Apple Watch,HKQuantityTypeIdentifierHeartRate
Heart rate,2026-07-16 11:06:32+09:00,72.0,count/min,1,김아연의 Apple Watch,HKQuantityTypeIdentifierHeartRate
Heart rate,2026-07-16 11:07:47+09:00,71.0,count/min,1,김아연의 Apple Watch,HKQuantityTypeIdentifierHeartRate
Heart rate,2026-07-16 11:16:07+09:00,73.0,count/min,1,김아연의 Apple Watch,HKQuantityTypeIdentifierHeartRate
Heart rate,2026-07-16 11:17:53+09:00,75.0,count/min,1,김아연의 Apple Watch,HKQuantityTypeIdentifierHeartRate
Heart rate,2026-07-16 11:25:14+09:00,75.0,count/min,1,김아연의 Apple Watch,HKQuantityTypeIdentifierHeartRate
Heart rate,2026-07-16 11:31:03+09:00,81.0,count/min,1,김아연의 Apple Watch,HKQuantityTypeIdentifierHeartRate
Heart rate,2026-07-16 11:34:24+09:00,84.0,count/min,1,김아연의 Apple Watch,HKQuantityTypeIdentifierHeartRate
Heart rate,2026-07-16 11:40:26+09:00,66.0,count/min,1,김아연의 Apple Watch,HKQuantityTypeIdentifierHeartRate
Heart rate,2026-07-16 11:45:05+09:00,88.0,count/min,2,김아연의 Apple Watch,HKQuantityTypeIdentifierHeartRate
Heart rate,2026-07-16 11:47:07+09:00,73.0,count/min,1,김아연의 Apple Watch,HKQuantityTypeIdentifierHeartRate
Heart rate,2026-07-16 11:54:55+09:00,67.0,count/min,1,김아연의 Apple Watch,HKQuantityTypeIdentifierHeartRate
Heart rate,2026-07-16 11:57:43+09:00,67.0,count/min,1,김아연의 Apple Watch,HKQuantityTypeIdentifierHeartRate
Heart rate,2026-07-16 12:05:05+09:00,80.0,count/min,1,김아연의 Apple Watch,HKQuantityTypeIdentifierHeartRate
Heart rate,2026-07-16 12:10:44+09:00,83.0,count/min,1,김아연의 Apple Watch,HKQuantityTypeIdentifierHeartRate
Heart rate,2026-07-16 12:13:05+09:00,86.0,count/min,1,김아연의 Apple Watch,HKQuantityTypeIdentifierHeartRate
Heart rate,2026-07-16 12:16:08+09:00,101.0,count/min,2,김아연의 Apple Watch,HKQuantityTypeIdentifierHeartRate
Heart rate,2026-07-16 12:17:12+09:00,101.0,count/min,0,김아연의 Apple Watch,HKQuantityTypeIdentifierHeartRate
Heart rate,2026-07-16 12:17:18+09:00,97.0,count/min,0,김아연의 Apple Watch,HKQuantityTypeIdentifierHeartRate
Heart rate,2026-07-16 12:17:23+09:00,98.0,count/min,0,김아연의 Apple Watch,HKQuantityTypeIdentifierHeartRate
Heart rate,2026-07-16 12:17:24+09:00,97.0,count/min,0,김아연의 Apple Watch,HKQuantityTypeIdentifierHeartRate
Heart rate,2026-07-16 12:17:30+09:00,99.0,count/min,0,김아연의 Apple Watch,HKQuantityTypeIdentifierHeartRate
Heart rate,2026-07-16 12:17:34+09:00,101.0,count/min,0,김아연의 Apple Watch,HKQuantityTypeIdentifierHeartRate
Heart rate,2026-07-16 12:17:43+09:00,101.0,count/min,0,김아연의 Apple Watch,HKQuantityTypeIdentifierHeartRate
Heart rate,2026-07-16 12:17:47+09:00,100.0,count/min,0,김아연의 Apple Watch,HKQuantityTypeIdentifierHeartRate
Heart rate,2026-07-16 12:17:53+09:00,96.0,count/min,0,김아연의 Apple Watch,HKQuantityTypeIdentifierHeartRate
Heart rate,2026-07-16 12:17:58+09:00,95.0,count/min,0,김아연의 Apple Watch,HKQuantityTypeIdentifierHeartRate
Heart rate,2026-07-16 12:18:02+09:00,96.0,count/min,0,김아연의 Apple Watch,HKQuantityTypeIdentifierHeartRate
Heart rate,2026-07-16 12:18:07+09:00,95.0,count/min,0,김아연의 Apple Watch,HKQuantityTypeIdentifierHeartRate
Heart rate,2026-07-16 12:18:11+09:00,95.0,count/min,0,김아연의 Apple Watch,HKQuantityTypeIdentifierHeartRate
Heart rate,2026-07-16 12:18:14+09:00,94.0,count/min,0,김아연의 Apple Watch,HKQuantityTypeIdentifierHeartRate
Heart rate,2026-07-16 12:18:21+09:00,99.0,count/min,0,김아연의 Apple Watch,HKQuantityTypeIdentifierHeartRate
Heart rate,2026-07-16 12:18:26+09:00,100.0,count/min,0,김아연의 Apple Watch,HKQuantityTypeIdentifierHeartRate
Heart rate,2026-07-16 12:18:29+09:00,99.0,count/min,0,김아연의 Apple Watch,HKQuantityTypeIdentifierHeartRate
Heart rate,2026-07-16 12:18:38+09:00,95.0,count/min,0,김아연의 Apple Watch,HKQuantityTypeIdentifierHeartRate
Heart rate,2026-07-16 12:18:39+09:00,96.0,count/min,0,김아연의 Apple Watch,HKQuantityTypeIdentifierHeartRate
Heart rate,2026-07-16 12:18:48+09:00,91.0,count/min,0,김아연의 Apple Watch,HKQuantityTypeIdentifierHeartRate
Heart rate,2026-07-16 12:18:49+09:00,91.0,count/min,0,김아연의 Apple Watch,HKQuantityTypeIdentifierHeartRate
Heart rate,2026-07-16 12:18:54+09:00,93.0,count/min,0,김아연의 Apple Watch,HKQuantityTypeIdentifierHeartRate
Heart rate,2026-07-16 12:19:01+09:00,92.0,count/min,0,김아연의 Apple Watch,HKQuantityTypeIdentifierHeartRate
Heart rate,2026-07-16 12:19:06+09:00,93.0,count/min,0,김아연의 Apple Watch,HKQuantityTypeIdentifierHeartRate
Heart rate,2026-07-16 12:19:09+09:00,92.0,count/min,0,김아연의 Apple Watch,HKQuantityTypeIdentifierHeartRate
Heart rate,2026-07-16 12:19:16+09:00,92.0,count/min,0,김아연의 Apple Watch,HKQuantityTypeIdentifierHeartRate
Heart rate,2026-07-16 12:19:19+09:00,95.0,count/min,0,김아연의 Apple Watch,HKQuantityTypeIdentifierHeartRate
Heart rate,2026-07-16 12:19:28+09:00,97.0,count/min,0,김아연의 Apple Watch,HKQuantityTypeIdentifierHeartRate
Heart rate,2026-07-16 12:19:29+09:00,97.0,count/min,0,김아연의 Apple Watch,HKQuantityTypeIdentifierHeartRate
Heart rate,2026-07-16 12:19:37+09:00,99.0,count/min,0,김아연의 Apple Watch,HKQuantityTypeIdentifierHeartRate
Heart rate,2026-07-16 12:19:39+09:00,99.0,count/min,0,김아연의 Apple Watch,HKQuantityTypeIdentifierHeartRate
Heart rate,2026-07-16 12:19:48+09:00,98.0,count/min,0,김아연의 Apple Watch,HKQuantityTypeIdentifierHeartRate
Heart rate,2026-07-16 12:19:53+09:00,99.0,count/min,0,김아연의 Apple Watch,HKQuantityTypeIdentifierHeartRate
Heart rate,2026-07-16 12:19:56+09:00,99.0,count/min,0,김아연의 Apple Watch,HKQuantityTypeIdentifierHeartRate
Heart rate,2026-07-16 12:20:00+09:00,100.0,count/min,0,김아연의 Apple Watch,HKQuantityTypeIdentifierHeartRate
Heart rate,2026-07-16 12:20:08+09:00,102.0,count/min,0,김아연의 Apple Watch,HKQuantityTypeIdentifierHeartRate
Heart rate,2026-07-16 12:20:11+09:00,103.0,count/min,0,김아연의 Apple Watch,HKQuantityTypeIdentifierHeartRate
Heart rate,2026-07-16 12:20:14+09:00,103.0,count/min,0,김아연의 Apple Watch,HKQuantityTypeIdentifierHeartRate
Heart rate,2026-07-16 12:20:19+09:00,101.0,count/min,0,김아연의 Apple Watch,HKQuantityTypeIdentifierHeartRate
Heart rate,2026-07-16 12:20:28+09:00,99.0,count/min,0,김아연의 Apple Watch,HKQuantityTypeIdentifierHeartRate
Heart rate,2026-07-16 12:20:32+09:00,98.0,count/min,0,김아연의 Apple Watch,HKQuantityTypeIdentifierHeartRate
Heart rate,2026-07-16 12:20:38+09:00,99.0,count/min,0,김아연의 Apple Watch,HKQuantityTypeIdentifierHeartRate
Heart rate,2026-07-16 12:20:40+09:00,100.0,count/min,0,김아연의 Apple Watch,HKQuantityTypeIdentifierHeartRate
Heart rate,2026-07-16 12:20:47+09:00,98.0,count/min,0,김아연의 Apple Watch,HKQuantityTypeIdentifierHeartRate
Heart rate,2026-07-16 12:20:51+09:00,98.0,count/min,0,김아연의 Apple Watch,HKQuantityTypeIdentifierHeartRate
Heart rate,2026-07-16 12:20:54+09:00,98.0,count/min,0,김아연의 Apple Watch,HKQuantityTypeIdentifierHeartRate
Heart rate,2026-07-16 12:21:23+09:00,106.0,count/min,0,김아연의 Apple Watch,HKQuantityTypeIdentifierHeartRate
Heart rate,2026-07-16 12:21:28+09:00,106.0,count/min,0,김아연의 Apple Watch,HKQuantityTypeIdentifierHeartRate
Heart rate,2026-07-16 12:21:30+09:00,107.0,count/min,0,김아연의 Apple Watch,HKQuantityTypeIdentifierHeartRate
Heart rate,2026-07-16 12:21:36+09:00,108.0,count/min,0,김아연의 Apple Watch,HKQuantityTypeIdentifierHeartRate
Heart rate,2026-07-16 12:21:43+09:00,108.0,count/min,0,김아연의 Apple Watch,HKQuantityTypeIdentifierHeartRate
Heart rate,2026-07-16 12:21:46+09:00,109.0,count/min,0,김아연의 Apple Watch,HKQuantityTypeIdentifierHeartRate
Heart rate,2026-07-16 12:21:49+09:00,110.0,count/min,0,김아연의 Apple Watch,HKQuantityTypeIdentifierHeartRate
Heart rate,2026-07-16 12:21:54+09:00,107.0,count/min,0,김아연의 Apple Watch,HKQuantityTypeIdentifierHeartRate
Heart rate,2026-07-16 12:22:03+09:00,103.0,count/min,0,김아연의 Apple Watch,HKQuantityTypeIdentifierHeartRate
Heart rate,2026-07-16 12:22:05+09:00,101.0,count/min,0,김아연의 Apple Watch,HKQuantityTypeIdentifierHeartRate
Heart rate,2026-07-16 12:22:11+09:00,99.0,count/min,0,김아연의 Apple Watch,HKQuantityTypeIdentifierHeartRate
Heart rate,2026-07-16 12:22:17+09:00,99.0,count/min,0,김아연의 Apple Watch,HKQuantityTypeIdentifierHeartRate
Heart rate,2026-07-16 12:22:22+09:00,96.0,count/min,0,김아연의 Apple Watch,HKQuantityTypeIdentifierHeartRate
Heart rate,2026-07-16 12:22:24+09:00,96.0,count/min,0,김아연의 Apple Watch,HKQuantityTypeIdentifierHeartRate
Heart rate,2026-07-16 12:22:33+09:00,98.0,count/min,0,김아연의 Apple Watch,HKQuantityTypeIdentifierHeartRate
Heart rate,2026-07-16 12:22:37+09:00,100.0,count/min,0,김아연의 Apple Watch,HKQuantityTypeIdentifierHeartRate
Heart rate,2026-07-16 12:22:40+09:00,100.0,count/min,0,김아연의 Apple Watch,HKQuantityTypeIdentifierHeartRate
Heart rate,2026-07-16 12:22:44+09:00,101.0,count/min,0,김아연의 Apple Watch,HKQuantityTypeIdentifierHeartRate
Heart rate,2026-07-16 12:22:53+09:00,102.0,count/min,0,김아연의 Apple Watch,HKQuantityTypeIdentifierHeartRate
Heart rate,2026-07-16 12:22:54+09:00,102.0,count/min,0,김아연의 Apple Watch,HKQuantityTypeIdentifierHeartRate
Heart rate,2026-07-16 12:22:59+09:00,101.0,count/min,0,김아연의 Apple Watch,HKQuantityTypeIdentifierHeartRate
Heart rate,2026-07-16 12:23:05+09:00,102.0,count/min,0,김아연의 Apple Watch,HKQuantityTypeIdentifierHeartRate
Heart rate,2026-07-16 12:23:09+09:00,103.0,count/min,0,김아연의 Apple Watch,HKQuantityTypeIdentifierHeartRate
Heart rate,2026-07-16 12:23:17+09:00,104.0,count/min,0,김아연의 Apple Watch,HKQuantityTypeIdentifierHeartRate
Heart rate,2026-07-16 12:23:22+09:00,103.0,count/min,0,김아연의 Apple Watch,HKQuantityTypeIdentifierHeartRate
Heart rate,2026-07-16 12:23:24+09:00,103.0,count/min,0,김아연의 Apple Watch,HKQuantityTypeIdentifierHeartRate
Heart rate,2026-07-16 12:23:32+09:00,104.0,count/min,0,김아연의 Apple Watch,HKQuantityTypeIdentifierHeartRate
Heart rate,2026-07-16 12:23:34+09:00,105.0,count/min,0,김아연의 Apple Watch,HKQuantityTypeIdentifierHeartRate
Heart rate,2026-07-16 12:23:41+09:00,106.0,count/min,0,김아연의 Apple Watch,HKQuantityTypeIdentifierHeartRate
Heart rate,2026-07-16 12:23:44+09:00,101.0,count/min,0,김아연의 Apple Watch,HKQuantityTypeIdentifierHeartRate
Heart rate,2026-07-16 12:23:49+09:00,100.0,count/min,0,김아연의 Apple Watch,HKQuantityTypeIdentifierHeartRate
Heart rate,2026-07-16 12:23:57+09:00,101.0,count/min,0,김아연의 Apple Watch,HKQuantityTypeIdentifierHeartRate
Heart rate,2026-07-16 12:23:59+09:00,101.0,count/min,0,김아연의 Apple Watch,HKQuantityTypeIdentifierHeartRate
Heart rate,2026-07-16 12:24:04+09:00,106.0,count/min,0,김아연의 Apple Watch,HKQuantityTypeIdentifierHeartRate
Heart rate,2026-07-16 12:24:13+09:00,101.0,count/min,0,김아연의 Apple Watch,HKQuantityTypeIdentifierHeartRate
Heart rate,2026-07-16 12:24:16+09:00,102.0,count/min,0,김아연의 Apple Watch,HKQuantityTypeIdentifierHeartRate
Heart rate,2026-07-16 12:24:22+09:00,105.0,count/min,0,김아연의 Apple Watch,HKQuantityTypeIdentifierHeartRate
Heart rate,2026-07-16 12:24:27+09:00,107.0,count/min,0,김아연의 Apple Watch,HKQuantityTypeIdentifierHeartRate
Heart rate,2026-07-16 12:24:29+09:00,108.0,count/min,0,김아연의 Apple Watch,HKQuantityTypeIdentifierHeartRate
Heart rate,2026-07-16 12:24:38+09:00,107.0,count/min,0,김아연의 Apple Watch,HKQuantityTypeIdentifierHeartRate
Heart rate,2026-07-16 12:24:42+09:00,107.0,count/min,0,김아연의 Apple Watch,HKQuantityTypeIdentifierHeartRate
Heart rate,2026-07-16 12:24:48+09:00,107.0,count/min,0,김아연의 Apple Watch,HKQuantityTypeIdentifierHeartRate
Heart rate,2026-07-16 12:24:50+09:00,106.0,count/min,0,김아연의 Apple Watch,HKQuantityTypeIdentifierHeartRate
Heart rate,2026-07-16 12:24:58+09:00,106.0,count/min,0,김아연의 Apple Watch,HKQuantityTypeIdentifierHeartRate
Heart rate,2026-07-16 12:25:03+09:00,105.0,count/min,0,김아연의 Apple Watch,HKQuantityTypeIdentifierHeartRate
Heart rate,2026-07-16 12:25:04+09:00,106.0,count/min,0,김아연의 Apple Watch,HKQuantityTypeIdentifierHeartRate
Heart rate,2026-07-16 12:25:11+09:00,105.0,count/min,0,김아연의 Apple Watch,HKQuantityTypeIdentifierHeartRate
Heart rate,2026-07-16 12:25:16+09:00,106.0,count/min,0,김아연의 Apple Watch,HKQuantityTypeIdentifierHeartRate
Heart rate,2026-07-16 12:25:19+09:00,107.0,count/min,0,김아연의 Apple Watch,HKQuantityTypeIdentifierHeartRate
Heart rate,2026-07-16 12:25:25+09:00,108.0,count/min,0,김아연의 Apple Watch,HKQuantityTypeIdentifierHeartRate
Heart rate,2026-07-16 12:25:29+09:00,110.0,count/min,0,김아연의 Apple Watch,HKQuantityTypeIdentifierHeartRate
Heart rate,2026-07-16 12:25:36+09:00,115.0,count/min,0,김아연의 Apple Watch,HKQuantityTypeIdentifierHeartRate
Heart rate,2026-07-16 12:25:43+09:00,115.0,count/min,0,김아연의 Apple Watch,HKQuantityTypeIdentifierHeartRate
Heart rate,2026-07-16 12:25:48+09:00,110.0,count/min,0,김아연의 Apple Watch,HKQuantityTypeIdentifierHeartRate
Heart rate,2026-07-16 12:25:52+09:00,108.0,count/min,0,김아연의 Apple Watch,HKQuantityTypeIdentifierHeartRate
Heart rate,2026-07-16 12:25:57+09:00,106.0,count/min,0,김아연의 Apple Watch,HKQuantityTypeIdentifierHeartRate
Heart rate,2026-07-16 12:26:03+09:00,105.0,count/min,0,김아연의 Apple Watch,HKQuantityTypeIdentifierHeartRate
Heart rate,2026-07-16 12:26:05+09:00,105.0,count/min,0,김아연의 Apple Watch,HKQuantityTypeIdentifierHeartRate
Heart rate,2026-07-16 12:26:11+09:00,104.0,count/min,0,김아연의 Apple Watch,HKQuantityTypeIdentifierHeartRate
Heart rate,2026-07-16 12:26:14+09:00,104.0,count/min,0,김아연의 Apple Watch,HKQuantityTypeIdentifierHeartRate
Heart rate,2026-07-16 12:26:23+09:00,108.0,count/min,0,김아연의 Apple Watch,HKQuantityTypeIdentifierHeartRate
Heart rate,2026-07-16 12:26:27+09:00,107.0,count/min,0,김아연의 Apple Watch,HKQuantityTypeIdentifierHeartRate
Heart rate,2026-07-16 12:26:29+09:00,108.0,count/min,0,김아연의 Apple Watch,HKQuantityTypeIdentifierHeartRate
Heart rate,2026-07-16 12:26:37+09:00,108.0,count/min,0,김아연의 Apple Watch,HKQuantityTypeIdentifierHeartRate
Heart rate,2026-07-16 12:26:43+09:00,108.0,count/min,0,김아연의 Apple Watch,HKQuantityTypeIdentifierHeartRate
Heart rate,2026-07-16 12:26:45+09:00,107.0,count/min,0,김아연의 Apple Watch,HKQuantityTypeIdentifierHeartRate
Heart rate,2026-07-16 12:26:49+09:00,108.0,count/min,0,김아연의 Apple Watch,HKQuantityTypeIdentifierHeartRate
Heart rate,2026-07-16 12:26:57+09:00,107.0,count/min,0,김아연의 Apple Watch,HKQuantityTypeIdentifierHeartRate
Heart rate,2026-07-16 12:27:01+09:00,107.0,count/min,0,김아연의 Apple Watch,HKQuantityTypeIdentifierHeartRate
Heart rate,2026-07-16 12:27:04+09:00,108.0,count/min,0,김아연의 Apple Watch,HKQuantityTypeIdentifierHeartRate
Heart rate,2026-07-16 12:27:10+09:00,106.0,count/min,0,김아연의 Apple Watch,HKQuantityTypeIdentifierHeartRate
Heart rate,2026-07-16 12:27:17+09:00,107.0,count/min,0,김아연의 Apple Watch,HKQuantityTypeIdentifierHeartRate
Heart rate,2026-07-16 12:27:19+09:00,107.0,count/min,0,김아연의 Apple Watch,HKQuantityTypeIdentifierHeartRate
Heart rate,2026-07-16 12:27:27+09:00,109.0,count/min,0,김아연의 Apple Watch,HKQuantityTypeIdentifierHeartRate
Heart rate,2026-07-16 12:27:29+09:00,110.0,count/min,0,김아연의 Apple Watch,HKQuantityTypeIdentifierHeartRate
Heart rate,2026-07-16 12:27:34+09:00,110.0,count/min,0,김아연의 Apple Watch,HKQuantityTypeIdentifierHeartRate
Heart rate,2026-07-16 12:27:43+09:00,111.0,count/min,0,김아연의 Apple Watch,HKQuantityTypeIdentifierHeartRate
Heart rate,2026-07-16 12:27:44+09:00,111.0,count/min,0,김아연의 Apple Watch,HKQuantityTypeIdentifierHeartRate
Heart rate,2026-07-16 12:27:53+09:00,113.0,count/min,0,김아연의 Apple Watch,HKQuantityTypeIdentifierHeartRate
Heart rate,2026-07-16 12:27:58+09:00,112.0,count/min,0,김아연의 Apple Watch,HKQuantityTypeIdentifierHeartRate
Heart rate,2026-07-16 12:28:00+09:00,113.0,count/min,0,김아연의 Apple Watch,HKQuantityTypeIdentifierHeartRate
Heart rate,2026-07-16 12:28:06+09:00,113.0,count/min,0,김아연의 Apple Watch,HKQuantityTypeIdentifierHeartRate
Heart rate,2026-07-16 12:28:13+09:00,114.0,count/min,0,김아연의 Apple Watch,HKQuantityTypeIdentifierHeartRate
Heart rate,2026-07-16 12:28:14+09:00,115.0,count/min,0,김아연의 Apple Watch,HKQuantityTypeIdentifierHeartRate
Heart rate,2026-07-16 12:28:23+09:00,116.0,count/min,0,김아연의 Apple Watch,HKQuantityTypeIdentifierHeartRate
Heart rate,2026-07-16 12:28:28+09:00,117.0,count/min,0,김아연의 Apple Watch,HKQuantityTypeIdentifierHeartRate
Heart rate,2026-07-16 12:28:29+09:00,117.0,count/min,0,김아연의 Apple Watch,HKQuantityTypeIdentifierHeartRate
Heart rate,2026-07-16 12:28:38+09:00,120.0,count/min,0,김아연의 Apple Watch,HKQuantityTypeIdentifierHeartRate
Heart rate,2026-07-16 12:28:42+09:00,121.0,count/min,0,김아연의 Apple Watch,HKQuantityTypeIdentifierHeartRate
Heart rate,2026-07-16 12:28:44+09:00,120.0,count/min,0,김아연의 Apple Watch,HKQuantityTypeIdentifierHeartRate
Heart rate,2026-07-16 12:28:51+09:00,120.0,count/min,0,김아연의 Apple Watch,HKQuantityTypeIdentifierHeartRate
Heart rate,2026-07-16 12:28:54+09:00,119.0,count/min,0,김아연의 Apple Watch,HKQuantityTypeIdentifierHeartRate
Heart rate,2026-07-16 12:29:00+09:00,117.0,count/min,0,김아연의 Apple Watch,HKQuantityTypeIdentifierHeartRate
Heart rate,2026-07-16 12:29:04+09:00,115.0,count/min,0,김아연의 Apple Watch,HKQuantityTypeIdentifierHeartRate
Heart rate,2026-07-16 12:29:13+09:00,112.0,count/min,0,김아연의 Apple Watch,HKQuantityTypeIdentifierHeartRate
Heart rate,2026-07-16 12:29:14+09:00,112.0,count/min,0,김아연의 Apple Watch,HKQuantityTypeIdentifierHeartRate
Heart rate,2026-07-16 12:29:21+09:00,110.0,count/min,0,김아연의 Apple Watch,HKQuantityTypeIdentifierHeartRate
Heart rate,2026-07-16 12:29:27+09:00,112.0,count/min,0,김아연의 Apple Watch,HKQuantityTypeIdentifierHeartRate
Heart rate,2026-07-16 12:29:32+09:00,110.0,count/min,0,김아연의 Apple Watch,HKQuantityTypeIdentifierHeartRate
Heart rate,2026-07-16 12:29:38+09:00,108.0,count/min,0,김아연의 Apple Watch,HKQuantityTypeIdentifierHeartRate
Heart rate,2026-07-16 12:29:39+09:00,108.0,count/min,0,김아연의 Apple Watch,HKQuantityTypeIdentifierHeartRate
Heart rate,2026-07-16 12:29:45+09:00,106.0,count/min,0,김아연의 Apple Watch,HKQuantityTypeIdentifierHeartRate
Heart rate,2026-07-16 12:29:53+09:00,104.0,count/min,0,김아연의 Apple Watch,HKQuantityTypeIdentifierHeartRate
Heart rate,2026-07-16 12:29:56+09:00,103.0,count/min,0,김아연의 Apple Watch,HKQuantityTypeIdentifierHeartRate
Heart rate,2026-07-16 12:30:01+09:00,101.0,count/min,0,김아연의 Apple Watch,HKQuantityTypeIdentifierHeartRate
Heart rate,2026-07-16 12:30:04+09:00,101.0,count/min,0,김아연의 Apple Watch,HKQuantityTypeIdentifierHeartRate
Heart rate,2026-07-16 12:30:12+09:00,102.0,count/min,0,김아연의 Apple Watch,HKQuantityTypeIdentifierHeartRate
Heart rate,2026-07-16 12:30:18+09:00,103.0,count/min,0,김아연의 Apple Watch,HKQuantityTypeIdentifierHeartRate
Heart rate,2026-07-16 12:30:19+09:00,103.0,count/min,0,김아연의 Apple Watch,HKQuantityTypeIdentifierHeartRate
Heart rate,2026-07-16 12:30:28+09:00,103.0,count/min,0,김아연의 Apple Watch,HKQuantityTypeIdentifierHeartRate
Heart rate,2026-07-16 12:30:29+09:00,103.0,count/min,0,김아연의 Apple Watch,HKQuantityTypeIdentifierHeartRate
Heart rate,2026-07-16 12:30:34+09:00,102.0,count/min,0,김아연의 Apple Watch,HKQuantityTypeIdentifierHeartRate
Heart rate,2026-07-16 12:30:39+09:00,103.0,count/min,0,김아연의 Apple Watch,HKQuantityTypeIdentifierHeartRate
Heart rate,2026-07-16 12:30:48+09:00,102.0,count/min,0,김아연의 Apple Watch,HKQuantityTypeIdentifierHeartRate
Heart rate,2026-07-16 12:30:52+09:00,102.0,count/min,0,김아연의 Apple Watch,HKQuantityTypeIdentifierHeartRate
Heart rate,2026-07-16 12:30:56+09:00,100.0,count/min,0,김아연의 Apple Watch,HKQuantityTypeIdentifierHeartRate
Heart rate,2026-07-16 12:31:01+09:00,102.0,count/min,0,김아연의 Apple Watch,HKQuantityTypeIdentifierHeartRate
Heart rate,2026-07-16 12:31:14+09:00,100.0,count/min,0,김아연의 Apple Watch,HKQuantityTypeIdentifierHeartRate
Heart rate,2026-07-16 12:31:22+09:00,103.0,count/min,0,김아연의 Apple Watch,HKQuantityTypeIdentifierHeartRate
Heart rate,2026-07-16 12:31:27+09:00,104.0,count/min,0,김아연의 Apple Watch,HKQuantityTypeIdentifierHeartRate
Heart rate,2026-07-16 12:31:33+09:00,104.0,count/min,0,김아연의 Apple Watch,HKQuantityTypeIdentifierHeartRate
Heart rate,2026-07-16 12:31:37+09:00,103.0,count/min,0,김아연의 Apple Watch,HKQuantityTypeIdentifierHeartRate
Heart rate,2026-07-16 12:31:41+09:00,104.0,count/min,0,김아연의 Apple Watch,HKQuantityTypeIdentifierHeartRate
Heart rate,2026-07-16 12:31:44+09:00,106.0,count/min,0,김아연의 Apple Watch,HKQuantityTypeIdentifierHeartRate
Heart rate,2026-07-16 12:31:51+09:00,105.0,count/min,0,김아연의 Apple Watch,HKQuantityTypeIdentifierHeartRate
Heart rate,2026-07-16 12:31:54+09:00,104.0,count/min,0,김아연의 Apple Watch,HKQuantityTypeIdentifierHeartRate
Heart rate,2026-07-16 12:32:00+09:00,103.0,count/min,0,김아연의 Apple Watch,HKQuantityTypeIdentifierHeartRate
Heart rate,2026-07-16 12:32:06+09:00,103.0,count/min,0,김아연의 Apple Watch,HKQuantityTypeIdentifierHeartRate
Heart rate,2026-07-16 12:32:13+09:00,98.0,count/min,0,김아연의 Apple Watch,HKQuantityTypeIdentifierHeartRate
Heart rate,2026-07-16 12:32:15+09:00,98.0,count/min,0,김아연의 Apple Watch,HKQuantityTypeIdentifierHeartRate
Heart rate,2026-07-16 12:32:20+09:00,100.0,count/min,0,김아연의 Apple Watch,HKQuantityTypeIdentifierHeartRate
Heart rate,2026-07-16 12:32:25+09:00,100.0,count/min,0,김아연의 Apple Watch,HKQuantityTypeIdentifierHeartRate
Heart rate,2026-07-16 12:32:29+09:00,102.0,count/min,0,김아연의 Apple Watch,HKQuantityTypeIdentifierHeartRate
Heart rate,2026-07-16 12:32:35+09:00,98.0,count/min,0,김아연의 Apple Watch,HKQuantityTypeIdentifierHeartRate
Heart rate,2026-07-16 12:32:43+09:00,102.0,count/min,0,김아연의 Apple Watch,HKQuantityTypeIdentifierHeartRate
Heart rate,2026-07-16 12:32:45+09:00,103.0,count/min,0,김아연의 Apple Watch,HKQuantityTypeIdentifierHeartRate
Heart rate,2026-07-16 12:32:51+09:00,102.0,count/min,0,김아연의 Apple Watch,HKQuantityTypeIdentifierHeartRate
Heart rate,2026-07-16 12:32:57+09:00,102.0,count/min,0,김아연의 Apple Watch,HKQuantityTypeIdentifierHeartRate
Heart rate,2026-07-16 12:32:59+09:00,103.0,count/min,0,김아연의 Apple Watch,HKQuantityTypeIdentifierHeartRate
Heart rate,2026-07-16 12:33:07+09:00,99.0,count/min,0,김아연의 Apple Watch,HKQuantityTypeIdentifierHeartRate
Heart rate,2026-07-16 12:33:09+09:00,99.0,count/min,0,김아연의 Apple Watch,HKQuantityTypeIdentifierHeartRate
Heart rate,2026-07-16 12:33:16+09:00,101.0,count/min,0,김아연의 Apple Watch,HKQuantityTypeIdentifierHeartRate
Heart rate,2026-07-16 12:33:20+09:00,101.0,count/min,0,김아연의 Apple Watch,HKQuantityTypeIdentifierHeartRate
Heart rate,2026-07-16 12:33:24+09:00,102.0,count/min,0,김아연의 Apple Watch,HKQuantityTypeIdentifierHeartRate
Heart rate,2026-07-16 12:33:31+09:00,101.0,count/min,0,김아연의 Apple Watch,HKQuantityTypeIdentifierHeartRate
Heart rate,2026-07-16 12:33:35+09:00,102.0,count/min,0,김아연의 Apple Watch,HKQuantityTypeIdentifierHeartRate
Heart rate,2026-07-16 12:33:43+09:00,102.0,count/min,0,김아연의 Apple Watch,HKQuantityTypeIdentifierHeartRate
Heart rate,2026-07-16 12:33:47+09:00,100.0,count/min,0,김아연의 Apple Watch,HKQuantityTypeIdentifierHeartRate
Heart rate,2026-07-16 12:33:53+09:00,101.0,count/min,0,김아연의 Apple Watch,HKQuantityTypeIdentifierHeartRate
Heart rate,2026-07-16 12:33:57+09:00,103.0,count/min,0,김아연의 Apple Watch,HKQuantityTypeIdentifierHeartRate
Heart rate,2026-07-16 12:33:59+09:00,103.0,count/min,0,김아연의 Apple Watch,HKQuantityTypeIdentifierHeartRate
Heart rate,2026-07-16 12:34:06+09:00,105.0,count/min,0,김아연의 Apple Watch,HKQuantityTypeIdentifierHeartRate
Heart rate,2026-07-16 12:34:10+09:00,107.0,count/min,0,김아연의 Apple Watch,HKQuantityTypeIdentifierHeartRate
Heart rate,2026-07-16 12:34:18+09:00,107.0,count/min,0,김아연의 Apple Watch,HKQuantityTypeIdentifierHeartRate
Heart rate,2026-07-16 12:34:20+09:00,107.0,count/min,0,김아연의 Apple Watch,HKQuantityTypeIdentifierHeartRate
Heart rate,2026-07-16 12:34:25+09:00,105.0,count/min,0,김아연의 Apple Watch,HKQuantityTypeIdentifierHeartRate
Heart rate,2026-07-16 12:34:33+09:00,107.0,count/min,0,김아연의 Apple Watch,HKQuantityTypeIdentifierHeartRate
Heart rate,2026-07-16 12:34:37+09:00,105.0,count/min,0,김아연의 Apple Watch,HKQuantityTypeIdentifierHeartRate
Heart rate,2026-07-16 12:34:42+09:00,106.0,count/min,0,김아연의 Apple Watch,HKQuantityTypeIdentifierHeartRate
Heart rate,2026-07-16 12:34:45+09:00,104.0,count/min,0,김아연의 Apple Watch,HKQuantityTypeIdentifierHeartRate
Heart rate,2026-07-16 12:34:52+09:00,102.0,count/min,0,김아연의 Apple Watch,HKQuantityTypeIdentifierHeartRate
Heart rate,2026-07-16 12:34:56+09:00,102.0,count/min,0,김아연의 Apple Watch,HKQuantityTypeIdentifierHeartRate
Heart rate,2026-07-16 12:35:03+09:00,101.0,count/min,0,김아연의 Apple Watch,HKQuantityTypeIdentifierHeartRate
Heart rate,2026-07-16 12:35:07+09:00,103.0,count/min,0,김아연의 Apple Watch,HKQuantityTypeIdentifierHeartRate
Heart rate,2026-07-16 12:35:13+09:00,103.0,count/min,0,김아연의 Apple Watch,HKQuantityTypeIdentifierHeartRate
Heart rate,2026-07-16 12:35:14+09:00,103.0,count/min,0,김아연의 Apple Watch,HKQuantityTypeIdentifierHeartRate
Heart rate,2026-07-16 12:35:19+09:00,105.0,count/min,0,김아연의 Apple Watch,HKQuantityTypeIdentifierHeartRate
Heart rate,2026-07-16 12:35:27+09:00,102.0,count/min,0,김아연의 Apple Watch,HKQuantityTypeIdentifierHeartRate
Heart rate,2026-07-16 12:35:29+09:00,102.0,count/min,0,김아연의 Apple Watch,HKQuantityTypeIdentifierHeartRate
Heart rate,2026-07-16 12:35:36+09:00,104.0,count/min,0,김아연의 Apple Watch,HKQuantityTypeIdentifierHeartRate
Heart rate,2026-07-16 12:35:42+09:00,104.0,count/min,0,김아연의 Apple Watch,HKQuantityTypeIdentifierHeartRate
Heart rate,2026-07-16 12:35:46+09:00,104.0,count/min,0,김아연의 Apple Watch,HKQuantityTypeIdentifierHeartRate
Heart rate,2026-07-16 12:35:53+09:00,106.0,count/min,0,김아연의 Apple Watch,HKQuantityTypeIdentifierHeartRate
Heart rate,2026-07-16 12:35:54+09:00,107.0,count/min,0,김아연의 Apple Watch,HKQuantityTypeIdentifierHeartRate
Heart rate,2026-07-16 12:36:02+09:00,108.0,count/min,0,김아연의 Apple Watch,HKQuantityTypeIdentifierHeartRate
Heart rate,2026-07-16 12:36:06+09:00,110.0,count/min,0,김아연의 Apple Watch,HKQuantityTypeIdentifierHeartRate
Heart rate,2026-07-16 12:36:11+09:00,111.0,count/min,0,김아연의 Apple Watch,HKQuantityTypeIdentifierHeartRate
Heart rate,2026-07-16 12:36:18+09:00,111.0,count/min,0,김아연의 Apple Watch,HKQuantityTypeIdentifierHeartRate
Heart rate,2026-07-16 12:36:23+09:00,110.0,count/min,0,김아연의 Apple Watch,HKQuantityTypeIdentifierHeartRate
Heart rate,2026-07-16 12:36:24+09:00,110.0,count/min,0,김아연의 Apple Watch,HKQuantityTypeIdentifierHeartRate
Heart rate,2026-07-16 12:36:30+09:00,109.0,count/min,0,김아연의 Apple Watch,HKQuantityTypeIdentifierHeartRate
Heart rate,2026-07-16 12:36:37+09:00,110.0,count/min,0,김아연의 Apple Watch,HKQuantityTypeIdentifierHeartRate
Heart rate,2026-07-16 12:36:43+09:00,109.0,count/min,0,김아연의 Apple Watch,HKQuantityTypeIdentifierHeartRate
Heart rate,2026-07-16 12:36:45+09:00,110.0,count/min,0,김아연의 Apple Watch,HKQuantityTypeIdentifierHeartRate
Heart rate,2026-07-16 12:36:53+09:00,113.0,count/min,0,김아연의 Apple Watch,HKQuantityTypeIdentifierHeartRate
Heart rate,2026-07-16 12:36:54+09:00,112.0,count/min,0,김아연의 Apple Watch,HKQuantityTypeIdentifierHeartRate
Heart rate,2026-07-16 12:37:03+09:00,107.0,count/min,0,김아연의 Apple Watch,HKQuantityTypeIdentifierHeartRate
Heart rate,2026-07-16 12:37:05+09:00,107.0,count/min,0,김아연의 Apple Watch,HKQuantityTypeIdentifierHeartRate
Heart rate,2026-07-16 12:37:09+09:00,108.0,count/min,0,김아연의 Apple Watch,HKQuantityTypeIdentifierHeartRate
Heart rate,2026-07-16 12:37:17+09:00,109.0,count/min,0,김아연의 Apple Watch,HKQuantityTypeIdentifierHeartRate
Heart rate,2026-07-16 12:37:19+09:00,110.0,count/min,0,김아연의 Apple Watch,HKQuantityTypeIdentifierHeartRate
Heart rate,2026-07-16 12:37:25+09:00,113.0,count/min,0,김아연의 Apple Watch,HKQuantityTypeIdentifierHeartRate
Heart rate,2026-07-16 12:37:29+09:00,112.0,count/min,0,김아연의 Apple Watch,HKQuantityTypeIdentifierHeartRate
Heart rate,2026-07-16 12:37:34+09:00,110.0,count/min,0,김아연의 Apple Watch,HKQuantityTypeIdentifierHeartRate
Heart rate,2026-07-16 12:37:43+09:00,113.0,count/min,0,김아연의 Apple Watch,HKQuantityTypeIdentifierHeartRate
Heart rate,2026-07-16 12:37:47+09:00,115.0,count/min,0,김아연의 Apple Watch,HKQuantityTypeIdentifierHeartRate
Heart rate,2026-07-16 12:37:53+09:00,110.0,count/min,0,김아연의 Apple Watch,HKQuantityTypeIdentifierHeartRate
Heart rate,2026-07-16 12:37:54+09:00,109.0,count/min,0,김아연의 Apple Watch,HKQuantityTypeIdentifierHeartRate
Heart rate,2026-07-16 12:38:03+09:00,109.0,count/min,0,김아연의 Apple Watch,HKQuantityTypeIdentifierHeartRate
Heart rate,2026-07-16 12:38:08+09:00,111.0,count/min,0,김아연의 Apple Watch,HKQuantityTypeIdentifierHeartRate
Heart rate,2026-07-16 12:38:13+09:00,103.0,count/min,0,김아연의 Apple Watch,HKQuantityTypeIdentifierHeartRate
Heart rate,2026-07-16 12:38:16+09:00,102.0,count/min,0,김아연의 Apple Watch,HKQuantityTypeIdentifierHeartRate
Heart rate,2026-07-16 12:38:23+09:00,101.0,count/min,0,김아연의 Apple Watch,HKQuantityTypeIdentifierHeartRate
Heart rate,2026-07-16 12:38:25+09:00,101.0,count/min,0,김아연의 Apple Watch,HKQuantityTypeIdentifierHeartRate
Heart rate,2026-07-16 12:38:33+09:00,101.0,count/min,0,김아연의 Apple Watch,HKQuantityTypeIdentifierHeartRate
Heart rate,2026-07-16 12:38:38+09:00,102.0,count/min,0,김아연의 Apple Watch,HKQuantityTypeIdentifierHeartRate
Heart rate,2026-07-16 12:38:40+09:00,102.0,count/min,0,김아연의 Apple Watch,HKQuantityTypeIdentifierHeartRate
Heart rate,2026-07-16 12:38:47+09:00,103.0,count/min,0,김아연의 Apple Watch,HKQuantityTypeIdentifierHeartRate
Heart rate,2026-07-16 12:38:52+09:00,104.0,count/min,0,김아연의 Apple Watch,HKQuantityTypeIdentifierHeartRate
Heart rate,2026-07-16 12:38:58+09:00,104.0,count/min,0,김아연의 Apple Watch,HKQuantityTypeIdentifierHeartRate
Heart rate,2026-07-16 12:39:02+09:00,103.0,count/min,0,김아연의 Apple Watch,HKQuantityTypeIdentifierHeartRate
Heart rate,2026-07-16 12:39:07+09:00,105.0,count/min,0,김아연의 Apple Watch,HKQuantityTypeIdentifierHeartRate
Heart rate,2026-07-16 12:39:09+09:00,106.0,count/min,0,김아연의 Apple Watch,HKQuantityTypeIdentifierHeartRate
Heart rate,2026-07-16 12:39:18+09:00,107.0,count/min,0,김아연의 Apple Watch,HKQuantityTypeIdentifierHeartRate
Heart rate,2026-07-16 12:39:19+09:00,107.0,count/min,0,김아연의 Apple Watch,HKQuantityTypeIdentifierHeartRate
Heart rate,2026-07-16 12:39:28+09:00,108.0,count/min,0,김아연의 Apple Watch,HKQuantityTypeIdentifierHeartRate
Heart rate,2026-07-16 12:39:29+09:00,108.0,count/min,0,김아연의 Apple Watch,HKQuantityTypeIdentifierHeartRate
Heart rate,2026-07-16 12:39:34+09:00,109.0,count/min,0,김아연의 Apple Watch,HKQuantityTypeIdentifierHeartRate
Heart rate,2026-07-16 12:39:43+09:00,111.0,count/min,0,김아연의 Apple Watch,HKQuantityTypeIdentifierHeartRate
Heart rate,2026-07-16 12:39:47+09:00,111.0,count/min,0,김아연의 Apple Watch,HKQuantityTypeIdentifierHeartRate
Heart rate,2026-07-16 12:39:51+09:00,110.0,count/min,0,김아연의 Apple Watch,HKQuantityTypeIdentifierHeartRate
Heart rate,2026-07-16 12:39:58+09:00,110.0,count/min,0,김아연의 Apple Watch,HKQuantityTypeIdentifierHeartRate
Heart rate,2026-07-16 12:40:01+09:00,110.0,count/min,0,김아연의 Apple Watch,HKQuantityTypeIdentifierHeartRate
Heart rate,2026-07-16 12:40:04+09:00,110.0,count/min,0,김아연의 Apple Watch,HKQuantityTypeIdentifierHeartRate
Heart rate,2026-07-16 12:40:09+09:00,111.0,count/min,0,김아연의 Apple Watch,HKQuantityTypeIdentifierHeartRate
Heart rate,2026-07-16 12:40:18+09:00,109.0,count/min,0,김아연의 Apple Watch,HKQuantityTypeIdentifierHeartRate
Heart rate,2026-07-16 12:40:19+09:00,109.0,count/min,0,김아연의 Apple Watch,HKQuantityTypeIdentifierHeartRate
Heart rate,2026-07-16 12:40:26+09:00,111.0,count/min,0,김아연의 Apple Watch,HKQuantityTypeIdentifierHeartRate
Heart rate,2026-07-16 12:40:33+09:00,112.0,count/min,0,김아연의 Apple Watch,HKQuantityTypeIdentifierHeartRate
Heart rate,2026-07-16 12:40:34+09:00,112.0,count/min,0,김아연의 Apple Watch,HKQuantityTypeIdentifierHeartRate
Heart rate,2026-07-16 12:40:43+09:00,112.0,count/min,0,김아연의 Apple Watch,HKQuantityTypeIdentifierHeartRate
Heart rate,2026-07-16 12:40:44+09:00,112.0,count/min,0,김아연의 Apple Watch,HKQuantityTypeIdentifierHeartRate
Heart rate,2026-07-16 12:40:52+09:00,110.0,count/min,0,김아연의 Apple Watch,HKQuantityTypeIdentifierHeartRate
Heart rate,2026-07-16 12:40:58+09:00,111.0,count/min,0,김아연의 Apple Watch,HKQuantityTypeIdentifierHeartRate
Heart rate,2026-07-16 12:40:59+09:00,110.0,count/min,0,김아연의 Apple Watch,HKQuantityTypeIdentifierHeartRate
Heart rate,2026-07-16 12:41:08+09:00,109.0,count/min,0,김아연의 Apple Watch,HKQuantityTypeIdentifierHeartRate
Heart rate,2026-07-16 12:41:09+09:00,110.0,count/min,0,김아연의 Apple Watch,HKQuantityTypeIdentifierHeartRate
Heart rate,2026-07-16 12:41:14+09:00,111.0,count/min,0,김아연의 Apple Watch,HKQuantityTypeIdentifierHeartRate
Heart rate,2026-07-16 12:41:23+09:00,115.0,count/min,0,김아연의 Apple Watch,HKQuantityTypeIdentifierHeartRate
Heart rate,2026-07-16 12:41:27+09:00,114.0,count/min,0,김아연의 Apple Watch,HKQuantityTypeIdentifierHeartRate
Heart rate,2026-07-16 12:41:29+09:00,114.0,count/min,0,김아연의 Apple Watch,HKQuantityTypeIdentifierHeartRate
Heart rate,2026-07-16 12:41:34+09:00,115.0,count/min,0,김아연의 Apple Watch,HKQuantityTypeIdentifierHeartRate
Heart rate,2026-07-16 12:41:43+09:00,110.0,count/min,0,김아연의 Apple Watch,HKQuantityTypeIdentifierHeartRate
Heart rate,2026-07-16 12:41:45+09:00,111.0,count/min,0,김아연의 Apple Watch,HKQuantityTypeIdentifierHeartRate
Heart rate,2026-07-16 12:41:49+09:00,110.0,count/min,0,김아연의 Apple Watch,HKQuantityTypeIdentifierHeartRate
Heart rate,2026-07-16 12:41:57+09:00,113.0,count/min,0,김아연의 Apple Watch,HKQuantityTypeIdentifierHeartRate
Heart rate,2026-07-16 12:42:03+09:00,114.0,count/min,0,김아연의 Apple Watch,HKQuantityTypeIdentifierHeartRate
Heart rate,2026-07-16 12:42:04+09:00,115.0,count/min,0,김아연의 Apple Watch,HKQuantityTypeIdentifierHeartRate
Heart rate,2026-07-16 12:42:10+09:00,118.0,count/min,0,김아연의 Apple Watch,HKQuantityTypeIdentifierHeartRate
Heart rate,2026-07-16 12:42:18+09:00,123.0,count/min,0,김아연의 Apple Watch,HKQuantityTypeIdentifierHeartRate
Heart rate,2026-07-16 12:42:19+09:00,123.0,count/min,0,김아연의 Apple Watch,HKQuantityTypeIdentifierHeartRate
Heart rate,2026-07-16 12:42:28+09:00,122.0,count/min,0,김아연의 Apple Watch,HKQuantityTypeIdentifierHeartRate
Heart rate,2026-07-16 12:42:30+09:00,122.0,count/min,0,김아연의 Apple Watch,HKQuantityTypeIdentifierHeartRate
Heart rate,2026-07-16 12:42:34+09:00,120.0,count/min,0,김아연의 Apple Watch,HKQuantityTypeIdentifierHeartRate
Heart rate,2026-07-16 12:42:43+09:00,118.0,count/min,0,김아연의 Apple Watch,HKQuantityTypeIdentifierHeartRate
Heart rate,2026-07-16 12:42:48+09:00,113.0,count/min,0,김아연의 Apple Watch,HKQuantityTypeIdentifierHeartRate
Heart rate,2026-07-16 12:42:51+09:00,111.0,count/min,0,김아연의 Apple Watch,HKQuantityTypeIdentifierHeartRate
Heart rate,2026-07-16 12:42:58+09:00,113.0,count/min,0,김아연의 Apple Watch,HKQuantityTypeIdentifierHeartRate
Heart rate,2026-07-16 12:42:59+09:00,112.0,count/min,0,김아연의 Apple Watch,HKQuantityTypeIdentifierHeartRate
Heart rate,2026-07-16 12:43:08+09:00,103.0,count/min,0,김아연의 Apple Watch,HKQuantityTypeIdentifierHeartRate
Heart rate,2026-07-16 12:43:12+09:00,104.0,count/min,0,김아연의 Apple Watch,HKQuantityTypeIdentifierHeartRate
Heart rate,2026-07-16 12:43:18+09:00,100.0,count/min,0,김아연의 Apple Watch,HKQuantityTypeIdentifierHeartRate
Heart rate,2026-07-16 12:43:19+09:00,99.0,count/min,0,김아연의 Apple Watch,HKQuantityTypeIdentifierHeartRate
Heart rate,2026-07-16 12:43:24+09:00,99.0,count/min,0,김아연의 Apple Watch,HKQuantityTypeIdentifierHeartRate
Heart rate,2026-07-16 12:43:29+09:00,100.0,count/min,0,김아연의 Apple Watch,HKQuantityTypeIdentifierHeartRate
Heart rate,2026-07-16 12:43:36+09:00,102.0,count/min,0,김아연의 Apple Watch,HKQuantityTypeIdentifierHeartRate
Heart rate,2026-07-16 12:43:39+09:00,102.0,count/min,0,김아연의 Apple Watch,HKQuantityTypeIdentifierHeartRate
Heart rate,2026-07-16 12:43:48+09:00,101.0,count/min,0,김아연의 Apple Watch,HKQuantityTypeIdentifierHeartRate
Heart rate,2026-07-16 12:43:49+09:00,101.0,count/min,0,김아연의 Apple Watch,HKQuantityTypeIdentifierHeartRate
Heart rate,2026-07-16 12:43:54+09:00,100.0,count/min,0,김아연의 Apple Watch,HKQuantityTypeIdentifierHeartRate
Heart rate,2026-07-16 12:44:03+09:00,98.0,count/min,0,김아연의 Apple Watch,HKQuantityTypeIdentifierHeartRate
Heart rate,2026-07-16 12:44:07+09:00,98.0,count/min,0,김아연의 Apple Watch,HKQuantityTypeIdentifierHeartRate
Heart rate,2026-07-16 12:44:13+09:00,93.0,count/min,0,김아연의 Apple Watch,HKQuantityTypeIdentifierHeartRate
Heart rate,2026-07-16 12:44:17+09:00,94.0,count/min,0,김아연의 Apple Watch,HKQuantityTypeIdentifierHeartRate
Heart rate,2026-07-16 12:44:23+09:00,96.0,count/min,0,김아연의 Apple Watch,HKQuantityTypeIdentifierHeartRate
Heart rate,2026-07-16 12:44:26+09:00,96.0,count/min,0,김아연의 Apple Watch,HKQuantityTypeIdentifierHeartRate
Heart rate,2026-07-16 12:44:33+09:00,94.0,count/min,0,김아연의 Apple Watch,HKQuantityTypeIdentifierHeartRate
Heart rate,2026-07-16 12:44:35+09:00,95.0,count/min,0,김아연의 Apple Watch,HKQuantityTypeIdentifierHeartRate
Heart rate,2026-07-16 12:44:40+09:00,93.0,count/min,0,김아연의 Apple Watch,HKQuantityTypeIdentifierHeartRate
Heart rate,2026-07-16 12:44:47+09:00,95.0,count/min,0,김아연의 Apple Watch,HKQuantityTypeIdentifierHeartRate
Heart rate,2026-07-16 12:44:51+09:00,95.0,count/min,0,김아연의 Apple Watch,HKQuantityTypeIdentifierHeartRate
Heart rate,2026-07-16 12:44:56+09:00,93.0,count/min,0,김아연의 Apple Watch,HKQuantityTypeIdentifierHeartRate
Heart rate,2026-07-16 12:45:02+09:00,95.0,count/min,0,김아연의 Apple Watch,HKQuantityTypeIdentifierHeartRate
Heart rate,2026-07-16 12:45:05+09:00,95.0,count/min,0,김아연의 Apple Watch,HKQuantityTypeIdentifierHeartRate
Heart rate,2026-07-16 12:45:12+09:00,94.0,count/min,0,김아연의 Apple Watch,HKQuantityTypeIdentifierHeartRate
Heart rate,2026-07-16 12:45:15+09:00,94.0,count/min,0,김아연의 Apple Watch,HKQuantityTypeIdentifierHeartRate
Heart rate,2026-07-16 12:45:19+09:00,94.0,count/min,0,김아연의 Apple Watch,HKQuantityTypeIdentifierHeartRate
Heart rate,2026-07-16 12:45:26+09:00,95.0,count/min,0,김아연의 Apple Watch,HKQuantityTypeIdentifierHeartRate
Heart rate,2026-07-16 12:45:29+09:00,95.0,count/min,0,김아연의 Apple Watch,HKQuantityTypeIdentifierHeartRate
Heart rate,2026-07-16 12:45:35+09:00,95.0,count/min,0,김아연의 Apple Watch,HKQuantityTypeIdentifierHeartRate
Heart rate,2026-07-16 12:45:39+09:00,93.0,count/min,0,김아연의 Apple Watch,HKQuantityTypeIdentifierHeartRate
Heart rate,2026-07-16 12:45:44+09:00,93.0,count/min,0,김아연의 Apple Watch,HKQuantityTypeIdentifierHeartRate
Heart rate,2026-07-16 12:45:52+09:00,93.0,count/min,0,김아연의 Apple Watch,HKQuantityTypeIdentifierHeartRate
Heart rate,2026-07-16 12:45:58+09:00,94.0,count/min,0,김아연의 Apple Watch,HKQuantityTypeIdentifierHeartRate
Heart rate,2026-07-16 12:46:01+09:00,95.0,count/min,0,김아연의 Apple Watch,HKQuantityTypeIdentifierHeartRate
Heart rate,2026-07-16 12:46:06+09:00,97.0,count/min,0,김아연의 Apple Watch,HKQuantityTypeIdentifierHeartRate
Heart rate,2026-07-16 12:46:10+09:00,98.0,count/min,0,김아연의 Apple Watch,HKQuantityTypeIdentifierHeartRate
Heart rate,2026-07-16 12:46:16+09:00,101.0,count/min,0,김아연의 Apple Watch,HKQuantityTypeIdentifierHeartRate
Heart rate,2026-07-16 12:46:22+09:00,98.0,count/min,0,김아연의 Apple Watch,HKQuantityTypeIdentifierHeartRate
Heart rate,2026-07-16 12:46:28+09:00,93.0,count/min,0,김아연의 Apple Watch,HKQuantityTypeIdentifierHeartRate
Heart rate,2026-07-16 12:46:29+09:00,93.0,count/min,0,김아연의 Apple Watch,HKQuantityTypeIdentifierHeartRate
Heart rate,2026-07-16 12:46:35+09:00,94.0,count/min,0,김아연의 Apple Watch,HKQuantityTypeIdentifierHeartRate
Heart rate,2026-07-16 12:46:39+09:00,93.0,count/min,0,김아연의 Apple Watch,HKQuantityTypeIdentifierHeartRate
Heart rate,2026-07-16 12:46:48+09:00,88.0,count/min,0,김아연의 Apple Watch,HKQuantityTypeIdentifierHeartRate
Heart rate,2026-07-16 12:46:53+09:00,89.0,count/min,0,김아연의 Apple Watch,HKQuantityTypeIdentifierHeartRate
Heart rate,2026-07-16 12:46:56+09:00,90.0,count/min,0,김아연의 Apple Watch,HKQuantityTypeIdentifierHeartRate
Heart rate,2026-07-16 12:47:01+09:00,91.0,count/min,0,김아연의 Apple Watch,HKQuantityTypeIdentifierHeartRate
Heart rate,2026-07-16 12:47:04+09:00,92.0,count/min,0,김아연의 Apple Watch,HKQuantityTypeIdentifierHeartRate
Heart rate,2026-07-16 12:47:11+09:00,94.0,count/min,0,김아연의 Apple Watch,HKQuantityTypeIdentifierHeartRate
Heart rate,2026-07-16 12:47:16+09:00,94.0,count/min,0,김아연의 Apple Watch,HKQuantityTypeIdentifierHeartRate
Heart rate,2026-07-16 12:47:20+09:00,93.0,count/min,0,김아연의 Apple Watch,HKQuantityTypeIdentifierHeartRate
Heart rate,2026-07-16 12:47:24+09:00,96.0,count/min,0,김아연의 Apple Watch,HKQuantityTypeIdentifierHeartRate
Heart rate,2026-07-16 12:47:32+09:00,91.0,count/min,0,김아연의 Apple Watch,HKQuantityTypeIdentifierHeartRate
Heart rate,2026-07-16 12:47:37+09:00,90.0,count/min,0,김아연의 Apple Watch,HKQuantityTypeIdentifierHeartRate
Heart rate,2026-07-16 12:47:40+09:00,90.0,count/min,0,김아연의 Apple Watch,HKQuantityTypeIdentifierHeartRate
Heart rate,2026-07-16 12:47:47+09:00,93.0,count/min,0,김아연의 Apple Watch,HKQuantityTypeIdentifierHeartRate
Heart rate,2026-07-16 12:47:53+09:00,91.0,count/min,0,김아연의 Apple Watch,HKQuantityTypeIdentifierHeartRate
Heart rate,2026-07-16 12:47:55+09:00,92.0,count/min,0,김아연의 Apple Watch,HKQuantityTypeIdentifierHeartRate
Heart rate,2026-07-16 12:48:01+09:00,94.0,count/min,0,김아연의 Apple Watch,HKQuantityTypeIdentifierHeartRate
Heart rate,2026-07-16 12:48:04+09:00,93.0,count/min,0,김아연의 Apple Watch,HKQuantityTypeIdentifierHeartRate
Heart rate,2026-07-16 12:48:12+09:00,93.0,count/min,0,김아연의 Apple Watch,HKQuantityTypeIdentifierHeartRate
Heart rate,2026-07-16 12:48:15+09:00,93.0,count/min,0,김아연의 Apple Watch,HKQuantityTypeIdentifierHeartRate
Heart rate,2026-07-16 12:48:19+09:00,92.0,count/min,0,김아연의 Apple Watch,HKQuantityTypeIdentifierHeartRate
Heart rate,2026-07-16 12:48:27+09:00,95.0,count/min,0,김아연의 Apple Watch,HKQuantityTypeIdentifierHeartRate
Heart rate,2026-07-16 12:48:33+09:00,94.0,count/min,0,김아연의 Apple Watch,HKQuantityTypeIdentifierHeartRate
Heart rate,2026-07-16 12:48:36+09:00,95.0,count/min,0,김아연의 Apple Watch,HKQuantityTypeIdentifierHeartRate
Heart rate,2026-07-16 12:48:41+09:00,95.0,count/min,0,김아연의 Apple Watch,HKQuantityTypeIdentifierHeartRate
Heart rate,2026-07-16 12:48:45+09:00,94.0,count/min,0,김아연의 Apple Watch,HKQuantityTypeIdentifierHeartRate
Heart rate,2026-07-16 12:48:53+09:00,93.0,count/min,0,김아연의 Apple Watch,HKQuantityTypeIdentifierHeartRate
Heart rate,2026-07-16 12:48:55+09:00,93.0,count/min,0,김아연의 Apple Watch,HKQuantityTypeIdentifierHeartRate
Heart rate,2026-07-16 12:49:02+09:00,91.0,count/min,0,김아연의 Apple Watch,HKQuantityTypeIdentifierHeartRate
Heart rate,2026-07-16 12:49:08+09:00,92.0,count/min,0,김아연의 Apple Watch,HKQuantityTypeIdentifierHeartRate
Heart rate,2026-07-16 12:49:10+09:00,92.0,count/min,0,김아연의 Apple Watch,HKQuantityTypeIdentifierHeartRate
Heart rate,2026-07-16 12:49:17+09:00,91.0,count/min,0,김아연의 Apple Watch,HKQuantityTypeIdentifierHeartRate
Heart rate,2026-07-16 12:49:21+09:00,90.0,count/min,0,김아연의 Apple Watch,HKQuantityTypeIdentifierHeartRate
Heart rate,2026-07-16 12:49:26+09:00,89.0,count/min,0,김아연의 Apple Watch,HKQuantityTypeIdentifierHeartRate
Heart rate,2026-07-16 12:49:33+09:00,90.0,count/min,0,김아연의 Apple Watch,HKQuantityTypeIdentifierHeartRate
Heart rate,2026-07-16 12:49:36+09:00,90.0,count/min,0,김아연의 Apple Watch,HKQuantityTypeIdentifierHeartRate
Heart rate,2026-07-16 12:49:41+09:00,91.0,count/min,0,김아연의 Apple Watch,HKQuantityTypeIdentifierHeartRate
Heart rate,2026-07-16 12:49:45+09:00,91.0,count/min,0,김아연의 Apple Watch,HKQuantityTypeIdentifierHeartRate
Heart rate,2026-07-16 12:49:49+09:00,92.0,count/min,0,김아연의 Apple Watch,HKQuantityTypeIdentifierHeartRate
Heart rate,2026-07-16 12:49:54+09:00,93.0,count/min,0,김아연의 Apple Watch,HKQuantityTypeIdentifierHeartRate
Heart rate,2026-07-16 12:50:02+09:00,93.0,count/min,0,김아연의 Apple Watch,HKQuantityTypeIdentifierHeartRate
Heart rate,2026-07-16 12:50:06+09:00,94.0,count/min,0,김아연의 Apple Watch,HKQuantityTypeIdentifierHeartRate
Heart rate,2026-07-16 12:50:11+09:00,94.0,count/min,0,김아연의 Apple Watch,HKQuantityTypeIdentifierHeartRate
Heart rate,2026-07-16 12:50:18+09:00,94.0,count/min,0,김아연의 Apple Watch,HKQuantityTypeIdentifierHeartRate
Heart rate,2026-07-16 12:50:21+09:00,93.0,count/min,0,김아연의 Apple Watch,HKQuantityTypeIdentifierHeartRate
Heart rate,2026-07-16 12:51:08+09:00,93.0,count/min,1,김아연의 Apple Watch,HKQuantityTypeIdentifierHeartRate
Heart rate,2026-07-16 12:52:16+09:00,93.0,count/min,1,김아연의 Apple Watch,HKQuantityTypeIdentifierHeartRate
Heart rate,2026-07-16 12:59:12+09:00,85.0,count/min,1,김아연의 Apple Watch,HKQuantityTypeIdentifierHeartRate
Heart rate,2026-07-16 13:04:28+09:00,84.0,count/min,1,김아연의 Apple Watch,HKQuantityTypeIdentifierHeartRate
Heart rate,2026-07-16 13:09:47+09:00,85.0,count/min,1,김아연의 Apple Watch,HKQuantityTypeIdentifierHeartRate
Heart rate,2026-07-16 13:14:17+09:00,84.0,count/min,1,김아연의 Apple Watch,HKQuantityTypeIdentifierHeartRate
Heart rate,2026-07-16 13:20:16+09:00,79.0,count/min,1,김아연의 Apple Watch,HKQuantityTypeIdentifierHeartRate
Heart rate,2026-07-16 13:26:43+09:00,75.0,count/min,1,김아연의 Apple Watch,HKQuantityTypeIdentifierHeartRate
Heart rate,2026-07-16 13:30:22+09:00,80.0,count/min,1,김아연의 Apple Watch,HKQuantityTypeIdentifierHeartRate
Heart rate,2026-07-16 13:36:44+09:00,79.0,count/min,1,김아연의 Apple Watch,HKQuantityTypeIdentifierHeartRate
Heart rate,2026-07-16 13:39:25+09:00,80.0,count/min,1,김아연의 Apple Watch,HKQuantityTypeIdentifierHeartRate
Heart rate,2026-07-16 13:46:04+09:00,79.0,count/min,1,김아연의 Apple Watch,HKQuantityTypeIdentifierHeartRate
Heart rate,2026-07-16 13:48:37+09:00,80.0,count/min,1,김아연의 Apple Watch,HKQuantityTypeIdentifierHeartRate
Heart rate,2026-07-16 13:54:45+09:00,80.0,count/min,1,김아연의 Apple Watch,HKQuantityTypeIdentifierHeartRate
Heart rate,2026-07-16 13:58:26+09:00,78.0,count/min,1,김아연의 Apple Watch,HKQuantityTypeIdentifierHeartRate
Heart rate,2026-07-16 13:58:37+09:00,81.6518,count/min,0,김아연의 Apple Watch,HKQuantityTypeIdentifierHeartRate
Heart rate,2026-07-16 14:06:47+09:00,79.0,count/min,1,김아연의 Apple Watch,HKQuantityTypeIdentifierHeartRate
Heart rate,2026-07-16 14:08:54+09:00,76.0,count/min,1,김아연의 Apple Watch,HKQuantityTypeIdentifierHeartRate
Heart rate,2026-07-16 14:15:39+09:00,78.0,count/min,1,김아연의 Apple Watch,HKQuantityTypeIdentifierHeartRate
Heart rate,2026-07-16 14:19:53+09:00,79.0,count/min,1,김아연의 Apple Watch,HKQuantityTypeIdentifierHeartRate
Heart rate,2026-07-16 14:25:41+09:00,79.0,count/min,1,김아연의 Apple Watch,HKQuantityTypeIdentifierHeartRate
Heart rate,2026-07-16 14:31:37+09:00,80.0,count/min,1,김아연의 Apple Watch,HKQuantityTypeIdentifierHeartRate
Heart rate,2026-07-16 14:36:11+09:00,81.0,count/min,1,김아연의 Apple Watch,HKQuantityTypeIdentifierHeartRate
Heart rate,2026-07-16 14:39:41+09:00,79.0,count/min,1,김아연의 Apple Watch,HKQuantityTypeIdentifierHeartRate
Heart rate,2026-07-16 14:45:10+09:00,73.0,count/min,1,김아연의 Apple Watch,HKQuantityTypeIdentifierHeartRate
Heart rate,2026-07-16 14:50:44+09:00,75.0,count/min,1,김아연의 Apple Watch,HKQuantityTypeIdentifierHeartRate
Heart rate,2026-07-16 14:54:52+09:00,80.0,count/min,1,김아연의 Apple Watch,HKQuantityTypeIdentifierHeartRate
Heart rate,2026-07-16 14:56:47+09:00,79.0,count/min,1,김아연의 Apple Watch,HKQuantityTypeIdentifierHeartRate
Heart rate,2026-07-16 15:03:04+09:00,81.0,count/min,2,김아연의 Apple Watch,HKQuantityTypeIdentifierHeartRate
Heart rate,2026-07-16 15:03:32+09:00,79.0,count/min,1,김아연의 Apple Watch,HKQuantityTypeIdentifierHeartRate
Heart rate,2026-07-16 15:09:56+09:00,73.0,count/min,1,김아연의 Apple Watch,HKQuantityTypeIdentifierHeartRate
Heart rate,2026-07-16 15:12:25+09:00,75.0,count/min,1,김아연의 Apple Watch,HKQuantityTypeIdentifierHeartRate
Heart rate,2026-07-16 15:21:12+09:00,80.0,count/min,1,김아연의 Apple Watch,HKQuantityTypeIdentifierHeartRate
Heart rate,2026-07-16 15:24:12+09:00,74.0,count/min,1,김아연의 Apple Watch,HKQuantityTypeIdentifierHeartRate
Heart rate,2026-07-16 15:27:15+09:00,72.0,count/min,1,김아연의 Apple Watch,HKQuantityTypeIdentifierHeartRate
Heart rate,2026-07-16 15:34:06+09:00,79.0,count/min,1,김아연의 Apple Watch,HKQuantityTypeIdentifierHeartRate
Heart rate,2026-07-16 15:38:13+09:00,73.0,count/min,1,김아연의 Apple Watch,HKQuantityTypeIdentifierHeartRate
Heart rate,2026-07-16 15:44:58+09:00,71.0,count/min,0,김아연의 Apple Watch,HKQuantityTypeIdentifierHeartRate
Heart rate,2026-07-16 15:49:40+09:00,75.0,count/min,1,김아연의 Apple Watch,HKQuantityTypeIdentifierHeartRate
Heart rate,2026-07-16 15:54:35+09:00,74.0,count/min,1,김아연의 Apple Watch,HKQuantityTypeIdentifierHeartRate
Heart rate,2026-07-16 15:57:30+09:00,73.0,count/min,1,김아연의 Apple Watch,HKQuantityTypeIdentifierHeartRate
Heart rate,2026-07-16 16:03:59+09:00,73.0,count/min,1,김아연의 Apple Watch,HKQuantityTypeIdentifierHeartRate
Heart rate,2026-07-16 16:07:13+09:00,75.0,count/min,1,김아연의 Apple Watch,HKQuantityTypeIdentifierHeartRate
Heart rate,2026-07-16 16:09:50+09:00,91.0,count/min,2,김아연의 Apple Watch,HKQuantityTypeIdentifierHeartRate
Heart rate,2026-07-16 16:11:14+09:00,106.0,count/min,0,김아연의 Apple Watch,HKQuantityTypeIdentifierHeartRate
Heart rate,2026-07-16 16:11:18+09:00,105.0,count/min,0,김아연의 Apple Watch,HKQuantityTypeIdentifierHeartRate
Heart rate,2026-07-16 16:11:22+09:00,107.0,count/min,0,김아연의 Apple Watch,HKQuantityTypeIdentifierHeartRate
Heart rate,2026-07-16 16:11:35+09:00,93.0,count/min,0,김아연의 Apple Watch,HKQuantityTypeIdentifierHeartRate
Heart rate,2026-07-16 16:11:41+09:00,86.0,count/min,0,김아연의 Apple Watch,HKQuantityTypeIdentifierHeartRate
Heart rate,2026-07-16 16:15:35+09:00,96.0,count/min,2,김아연의 Apple Watch,HKQuantityTypeIdentifierHeartRate
Heart rate,2026-07-16 16:17:47+09:00,95.0,count/min,0,김아연의 Apple Watch,HKQuantityTypeIdentifierHeartRate
Heart rate,2026-07-16 16:17:52+09:00,94.0,count/min,0,김아연의 Apple Watch,HKQuantityTypeIdentifierHeartRate
Heart rate,2026-07-16 16:17:55+09:00,97.0,count/min,0,김아연의 Apple Watch,HKQuantityTypeIdentifierHeartRate
Heart rate,2026-07-16 16:18:02+09:00,93.0,count/min,0,김아연의 Apple Watch,HKQuantityTypeIdentifierHeartRate
Heart rate,2026-07-16 16:18:06+09:00,92.0,count/min,0,김아연의 Apple Watch,HKQuantityTypeIdentifierHeartRate
Heart rate,2026-07-16 16:18:08+09:00,92.0,count/min,0,김아연의 Apple Watch,HKQuantityTypeIdentifierHeartRate
Heart rate,2026-07-16 16:18:15+09:00,92.0,count/min,0,김아연의 Apple Watch,HKQuantityTypeIdentifierHeartRate
Heart rate,2026-07-16 16:19:19+09:00,95.0,count/min,0,김아연의 Apple Watch,HKQuantityTypeIdentifierHeartRate
Heart rate,2026-07-16 16:19:24+09:00,95.0,count/min,0,김아연의 Apple Watch,HKQuantityTypeIdentifierHeartRate
Heart rate,2026-07-16 16:19:27+09:00,95.0,count/min,0,김아연의 Apple Watch,HKQuantityTypeIdentifierHeartRate
Heart rate,2026-07-16 16:19:30+09:00,95.0,count/min,0,김아연의 Apple Watch,HKQuantityTypeIdentifierHeartRate
Heart rate,2026-07-16 16:19:35+09:00,98.0,count/min,0,김아연의 Apple Watch,HKQuantityTypeIdentifierHeartRate
Heart rate,2026-07-16 16:19:40+09:00,98.0,count/min,0,김아연의 Apple Watch,HKQuantityTypeIdentifierHeartRate
Heart rate,2026-07-16 16:19:49+09:00,97.0,count/min,0,김아연의 Apple Watch,HKQuantityTypeIdentifierHeartRate
Heart rate,2026-07-16 16:22:17+09:00,98.0,count/min,2,김아연의 Apple Watch,HKQuantityTypeIdentifierHeartRate
Heart rate,2026-07-16 16:23:08+09:00,108.0,count/min,0,김아연의 Apple Watch,HKQuantityTypeIdentifierHeartRate
Heart rate,2026-07-16 16:23:12+09:00,108.0,count/min,0,김아연의 Apple Watch,HKQuantityTypeIdentifierHeartRate
Heart rate,2026-07-16 16:23:14+09:00,109.0,count/min,0,김아연의 Apple Watch,HKQuantityTypeIdentifierHeartRate
Heart rate,2026-07-16 16:25:54+09:00,95.0,count/min,2,김아연의 Apple Watch,HKQuantityTypeIdentifierHeartRate
Heart rate,2026-07-16 16:27:22+09:00,86.0,count/min,0,김아연의 Apple Watch,HKQuantityTypeIdentifierHeartRate
Heart rate,2026-07-16 16:27:55+09:00,132.0,count/min,0,김아연의 Apple Watch,HKQuantityTypeIdentifierHeartRate
Heart rate,2026-07-16 16:27:59+09:00,131.0,count/min,0,김아연의 Apple Watch,HKQuantityTypeIdentifierHeartRate
Heart rate,2026-07-16 16:28:10+09:00,125.0,count/min,0,김아연의 Apple Watch,HKQuantityTypeIdentifierHeartRate
Heart rate,2026-07-16 16:28:20+09:00,117.0,count/min,0,김아연의 Apple Watch,HKQuantityTypeIdentifierHeartRate
Heart rate,2026-07-16 16:28:22+09:00,118.0,count/min,0,김아연의 Apple Watch,HKQuantityTypeIdentifierHeartRate
Heart rate,2026-07-16 16:28:40+09:00,85.0,count/min,0,김아연의 Apple Watch,HKQuantityTypeIdentifierHeartRate
Heart rate,2026-07-16 16:28:45+09:00,83.0,count/min,0,김아연의 Apple Watch,HKQuantityTypeIdentifierHeartRate
Heart rate,2026-07-16 16:28:46+09:00,83.0,count/min,0,김아연의 Apple Watch,HKQuantityTypeIdentifierHeartRate
Heart rate,2026-07-16 16:28:51+09:00,82.0,count/min,0,김아연의 Apple Watch,HKQuantityTypeIdentifierHeartRate
Heart rate,2026-07-16 16:29:00+09:00,84.0,count/min,0,김아연의 Apple Watch,HKQuantityTypeIdentifierHeartRate
Heart rate,2026-07-16 16:29:04+09:00,85.0,count/min,0,김아연의 Apple Watch,HKQuantityTypeIdentifierHeartRate
Heart rate,2026-07-16 16:29:10+09:00,83.0,count/min,0,김아연의 Apple Watch,HKQuantityTypeIdentifierHeartRate
Heart rate,2026-07-16 16:29:11+09:00,83.0,count/min,0,김아연의 Apple Watch,HKQuantityTypeIdentifierHeartRate
Heart rate,2026-07-16 16:29:16+09:00,82.0,count/min,0,김아연의 Apple Watch,HKQuantityTypeIdentifierHeartRate
Heart rate,2026-07-16 16:29:25+09:00,81.0,count/min,0,김아연의 Apple Watch,HKQuantityTypeIdentifierHeartRate
Heart rate,2026-07-16 16:29:29+09:00,81.0,count/min,0,김아연의 Apple Watch,HKQuantityTypeIdentifierHeartRate
Heart rate,2026-07-16 16:29:31+09:00,82.0,count/min,0,김아연의 Apple Watch,HKQuantityTypeIdentifierHeartRate
Heart rate,2026-07-16 16:29:40+09:00,77.0,count/min,0,김아연의 Apple Watch,HKQuantityTypeIdentifierHeartRate
Heart rate,2026-07-16 16:29:45+09:00,76.0,count/min,0,김아연의 Apple Watch,HKQuantityTypeIdentifierHeartRate
Heart rate,2026-07-16 16:29:50+09:00,75.0,count/min,0,김아연의 Apple Watch,HKQuantityTypeIdentifierHeartRate
Heart rate,2026-07-16 16:29:51+09:00,75.0,count/min,0,김아연의 Apple Watch,HKQuantityTypeIdentifierHeartRate
Heart rate,2026-07-16 16:29:57+09:00,74.0,count/min,0,김아연의 Apple Watch,HKQuantityTypeIdentifierHeartRate
Heart rate,2026-07-16 16:30:01+09:00,74.0,count/min,0,김아연의 Apple Watch,HKQuantityTypeIdentifierHeartRate
Heart rate,2026-07-16 16:30:06+09:00,77.0,count/min,0,김아연의 Apple Watch,HKQuantityTypeIdentifierHeartRate
Heart rate,2026-07-16 16:30:15+09:00,77.0,count/min,0,김아연의 Apple Watch,HKQuantityTypeIdentifierHeartRate
Heart rate,2026-07-16 16:30:20+09:00,75.0,count/min,0,김아연의 Apple Watch,HKQuantityTypeIdentifierHeartRate
Heart rate,2026-07-16 16:30:25+09:00,75.0,count/min,0,김아연의 Apple Watch,HKQuantityTypeIdentifierHeartRate
Heart rate,2026-07-16 16:30:30+09:00,75.0,count/min,0,김아연의 Apple Watch,HKQuantityTypeIdentifierHeartRate
Heart rate,2026-07-16 16:30:31+09:00,74.0,count/min,0,김아연의 Apple Watch,HKQuantityTypeIdentifierHeartRate
Heart rate,2026-07-16 16:30:40+09:00,73.0,count/min,0,김아연의 Apple Watch,HKQuantityTypeIdentifierHeartRate
Heart rate,2026-07-16 16:30:45+09:00,73.0,count/min,0,김아연의 Apple Watch,HKQuantityTypeIdentifierHeartRate
Heart rate,2026-07-16 16:30:46+09:00,73.0,count/min,0,김아연의 Apple Watch,HKQuantityTypeIdentifierHeartRate
Heart rate,2026-07-16 16:30:54+09:00,74.0,count/min,0,김아연의 Apple Watch,HKQuantityTypeIdentifierHeartRate
Heart rate,2026-07-16 16:30:56+09:00,75.0,count/min,0,김아연의 Apple Watch,HKQuantityTypeIdentifierHeartRate
Heart rate,2026-07-16 16:31:03+09:00,78.0,count/min,0,김아연의 Apple Watch,HKQuantityTypeIdentifierHeartRate
Heart rate,2026-07-16 16:31:06+09:00,79.0,count/min,0,김아연의 Apple Watch,HKQuantityTypeIdentifierHeartRate
Heart rate,2026-07-16 16:31:11+09:00,80.0,count/min,0,김아연의 Apple Watch,HKQuantityTypeIdentifierHeartRate
Heart rate,2026-07-16 16:31:20+09:00,83.0,count/min,0,김아연의 Apple Watch,HKQuantityTypeIdentifierHeartRate
Heart rate,2026-07-16 16:31:22+09:00,83.0,count/min,0,김아연의 Apple Watch,HKQuantityTypeIdentifierHeartRate
Heart rate,2026-07-16 16:31:28+09:00,79.0,count/min,0,김아연의 Apple Watch,HKQuantityTypeIdentifierHeartRate
Heart rate,2026-07-16 16:31:33+09:00,77.0,count/min,0,김아연의 Apple Watch,HKQuantityTypeIdentifierHeartRate
Heart rate,2026-07-16 16:31:36+09:00,77.0,count/min,0,김아연의 Apple Watch,HKQuantityTypeIdentifierHeartRate
Heart rate,2026-07-16 16:31:41+09:00,79.0,count/min,0,김아연의 Apple Watch,HKQuantityTypeIdentifierHeartRate
Heart rate,2026-07-16 16:31:47+09:00,80.0,count/min,0,김아연의 Apple Watch,HKQuantityTypeIdentifierHeartRate
Heart rate,2026-07-16 16:31:53+09:00,80.0,count/min,0,김아연의 Apple Watch,HKQuantityTypeIdentifierHeartRate
Heart rate,2026-07-16 16:33:32+09:00,72.0,count/min,1,김아연의 Apple Watch,HKQuantityTypeIdentifierHeartRate
Heart rate,2026-07-16 16:36:59+09:00,80.0,count/min,1,김아연의 Apple Watch,HKQuantityTypeIdentifierHeartRate
Heart rate,2026-07-16 16:45:17+09:00,72.0,count/min,1,김아연의 Apple Watch,HKQuantityTypeIdentifierHeartRate
Heart rate,2026-07-16 16:50:52+09:00,72.0,count/min,1,김아연의 Apple Watch,HKQuantityTypeIdentifierHeartRate
Heart rate,2026-07-16 16:55:23+09:00,73.0,count/min,1,김아연의 Apple Watch,HKQuantityTypeIdentifierHeartRate
Heart rate,2026-07-16 17:00:08+09:00,72.0,count/min,1,김아연의 Apple Watch,HKQuantityTypeIdentifierHeartRate
Heart rate,2026-07-16 17:01:56+09:00,72.0,count/min,1,김아연의 Apple Watch,HKQuantityTypeIdentifierHeartRate
Heart rate,2026-07-16 17:08:45+09:00,77.0,count/min,1,김아연의 Apple Watch,HKQuantityTypeIdentifierHeartRate
Heart rate,2026-07-16 17:13:14+09:00,72.0,count/min,1,김아연의 Apple Watch,HKQuantityTypeIdentifierHeartRate
Heart rate,2026-07-16 17:16:57+09:00,73.0,count/min,1,김아연의 Apple Watch,HKQuantityTypeIdentifierHeartRate
Heart rate,2026-07-16 17:25:26+09:00,71.0,count/min,1,김아연의 Apple Watch,HKQuantityTypeIdentifierHeartRate
Heart rate,2026-07-16 17:26:55+09:00,74.0,count/min,1,김아연의 Apple Watch,HKQuantityTypeIdentifierHeartRate
Heart rate,2026-07-16 17:33:44+09:00,80.0,count/min,1,김아연의 Apple Watch,HKQuantityTypeIdentifierHeartRate
Heart rate,2026-07-16 17:43:31+09:00,73.0,count/min,1,김아연의 Apple Watch,HKQuantityTypeIdentifierHeartRate
Heart rate,2026-07-16 17:46:50+09:00,72.0,count/min,1,김아연의 Apple Watch,HKQuantityTypeIdentifierHeartRate
Heart rate,2026-07-16 17:53:49+09:00,76.0,count/min,1,김아연의 Apple Watch,HKQuantityTypeIdentifierHeartRate
Heart rate,2026-07-16 17:57:51+09:00,71.0,count/min,1,김아연의 Apple Watch,HKQuantityTypeIdentifierHeartRate
Heart rate,2026-07-16 18:02:31+09:00,70.0,count/min,1,김아연의 Apple Watch,HKQuantityTypeIdentifierHeartRate
Heart rate,2026-07-16 18:13:23+09:00,110.0,count/min,2,김아연의 Apple Watch,HKQuantityTypeIdentifierHeartRate
Heart rate,2026-07-16 18:16:03+09:00,108.0,count/min,0,김아연의 Apple Watch,HKQuantityTypeIdentifierHeartRate
Heart rate,2026-07-16 18:16:08+09:00,108.0,count/min,0,김아연의 Apple Watch,HKQuantityTypeIdentifierHeartRate
Heart rate,2026-07-16 18:16:12+09:00,108.0,count/min,0,김아연의 Apple Watch,HKQuantityTypeIdentifierHeartRate
Heart rate,2026-07-16 18:16:14+09:00,109.0,count/min,0,김아연의 Apple Watch,HKQuantityTypeIdentifierHeartRate
Heart rate,2026-07-16 18:16:23+09:00,112.0,count/min,0,김아연의 Apple Watch,HKQuantityTypeIdentifierHeartRate
Heart rate,2026-07-16 18:16:25+09:00,113.0,count/min,0,김아연의 Apple Watch,HKQuantityTypeIdentifierHeartRate
Heart rate,2026-07-16 18:16:29+09:00,116.0,count/min,0,김아연의 Apple Watch,HKQuantityTypeIdentifierHeartRate
Heart rate,2026-07-16 18:16:37+09:00,112.0,count/min,0,김아연의 Apple Watch,HKQuantityTypeIdentifierHeartRate
Heart rate,2026-07-16 18:16:43+09:00,111.0,count/min,0,김아연의 Apple Watch,HKQuantityTypeIdentifierHeartRate
Heart rate,2026-07-16 18:17:30+09:00,109.0,count/min,0,김아연의 Apple Watch,HKQuantityTypeIdentifierHeartRate
Heart rate,2026-07-16 18:17:34+09:00,110.0,count/min,0,김아연의 Apple Watch,HKQuantityTypeIdentifierHeartRate
Heart rate,2026-07-16 18:17:37+09:00,110.0,count/min,0,김아연의 Apple Watch,HKQuantityTypeIdentifierHeartRate
Heart rate,2026-07-16 18:17:41+09:00,110.0,count/min,0,김아연의 Apple Watch,HKQuantityTypeIdentifierHeartRate
Heart rate,2026-07-16 18:17:50+09:00,109.0,count/min,0,김아연의 Apple Watch,HKQuantityTypeIdentifierHeartRate
Heart rate,2026-07-16 18:17:54+09:00,110.0,count/min,0,김아연의 Apple Watch,HKQuantityTypeIdentifierHeartRate
Heart rate,2026-07-16 18:18:00+09:00,111.0,count/min,0,김아연의 Apple Watch,HKQuantityTypeIdentifierHeartRate
Heart rate,2026-07-16 18:18:05+09:00,111.0,count/min,0,김아연의 Apple Watch,HKQuantityTypeIdentifierHeartRate
Heart rate,2026-07-16 18:18:09+09:00,108.0,count/min,0,김아연의 Apple Watch,HKQuantityTypeIdentifierHeartRate
Heart rate,2026-07-16 18:18:14+09:00,104.0,count/min,0,김아연의 Apple Watch,HKQuantityTypeIdentifierHeartRate
Heart rate,2026-07-16 18:18:16+09:00,103.0,count/min,0,김아연의 Apple Watch,HKQuantityTypeIdentifierHeartRate
Heart rate,2026-07-16 18:18:21+09:00,106.0,count/min,0,김아연의 Apple Watch,HKQuantityTypeIdentifierHeartRate
Heart rate,2026-07-16 18:18:29+09:00,108.0,count/min,0,김아연의 Apple Watch,HKQuantityTypeIdentifierHeartRate
Heart rate,2026-07-16 18:18:31+09:00,108.0,count/min,0,김아연의 Apple Watch,HKQuantityTypeIdentifierHeartRate
Heart rate,2026-07-16 18:18:36+09:00,107.0,count/min,0,김아연의 Apple Watch,HKQuantityTypeIdentifierHeartRate
Heart rate,2026-07-16 18:18:41+09:00,108.0,count/min,0,김아연의 Apple Watch,HKQuantityTypeIdentifierHeartRate
Heart rate,2026-07-16 18:18:55+09:00,104.0,count/min,0,김아연의 Apple Watch,HKQuantityTypeIdentifierHeartRate
Heart rate,2026-07-16 18:19:00+09:00,102.0,count/min,0,김아연의 Apple Watch,HKQuantityTypeIdentifierHeartRate
Heart rate,2026-07-16 18:19:05+09:00,103.0,count/min,0,김아연의 Apple Watch,HKQuantityTypeIdentifierHeartRate
Heart rate,2026-07-16 18:19:09+09:00,99.0,count/min,0,김아연의 Apple Watch,HKQuantityTypeIdentifierHeartRate
Heart rate,2026-07-16 18:19:12+09:00,98.0,count/min,0,김아연의 Apple Watch,HKQuantityTypeIdentifierHeartRate
Heart rate,2026-07-16 18:19:16+09:00,99.0,count/min,0,김아연의 Apple Watch,HKQuantityTypeIdentifierHeartRate
Heart rate,2026-07-16 18:19:25+09:00,105.0,count/min,0,김아연의 Apple Watch,HKQuantityTypeIdentifierHeartRate
Heart rate,2026-07-16 18:19:30+09:00,105.0,count/min,0,김아연의 Apple Watch,HKQuantityTypeIdentifierHeartRate
Heart rate,2026-07-16 18:19:35+09:00,103.0,count/min,0,김아연의 Apple Watch,HKQuantityTypeIdentifierHeartRate
Heart rate,2026-07-16 18:19:36+09:00,102.0,count/min,0,김아연의 Apple Watch,HKQuantityTypeIdentifierHeartRate
Heart rate,2026-07-16 18:19:41+09:00,105.0,count/min,0,김아연의 Apple Watch,HKQuantityTypeIdentifierHeartRate
Heart rate,2026-07-16 18:19:46+09:00,107.0,count/min,0,김아연의 Apple Watch,HKQuantityTypeIdentifierHeartRate
Heart rate,2026-07-16 18:19:51+09:00,107.0,count/min,0,김아연의 Apple Watch,HKQuantityTypeIdentifierHeartRate
Heart rate,2026-07-16 18:19:56+09:00,107.0,count/min,0,김아연의 Apple Watch,HKQuantityTypeIdentifierHeartRate
Heart rate,2026-07-16 18:20:05+09:00,99.0,count/min,0,김아연의 Apple Watch,HKQuantityTypeIdentifierHeartRate
Heart rate,2026-07-16 18:20:07+09:00,99.0,count/min,0,김아연의 Apple Watch,HKQuantityTypeIdentifierHeartRate
Heart rate,2026-07-16 18:20:15+09:00,106.0,count/min,0,김아연의 Apple Watch,HKQuantityTypeIdentifierHeartRate
Heart rate,2026-07-16 18:20:16+09:00,109.0,count/min,0,김아연의 Apple Watch,HKQuantityTypeIdentifierHeartRate
Heart rate,2026-07-16 18:20:25+09:00,104.0,count/min,0,김아연의 Apple Watch,HKQuantityTypeIdentifierHeartRate
Heart rate,2026-07-16 18:20:30+09:00,94.0,count/min,0,김아연의 Apple Watch,HKQuantityTypeIdentifierHeartRate
Heart rate,2026-07-16 18:20:33+09:00,93.0,count/min,0,김아연의 Apple Watch,HKQuantityTypeIdentifierHeartRate
Heart rate,2026-07-16 18:20:37+09:00,93.0,count/min,0,김아연의 Apple Watch,HKQuantityTypeIdentifierHeartRate
Heart rate,2026-07-16 18:20:42+09:00,97.0,count/min,0,김아연의 Apple Watch,HKQuantityTypeIdentifierHeartRate
Heart rate,2026-07-16 18:20:51+09:00,101.0,count/min,0,김아연의 Apple Watch,HKQuantityTypeIdentifierHeartRate
Heart rate,2026-07-16 18:23:08+09:00,114.0,count/min,2,김아연의 Apple Watch,HKQuantityTypeIdentifierHeartRate
Heart rate,2026-07-16 18:25:28+09:00,110.0,count/min,2,김아연의 Apple Watch,HKQuantityTypeIdentifierHeartRate
Heart rate,2026-07-16 18:27:46+09:00,95.7223,count/min,0,김아연의 Apple Watch,HKQuantityTypeIdentifierHeartRate
Heart rate,2026-07-16 18:28:50+09:00,94.0,count/min,1,김아연의 Apple Watch,HKQuantityTypeIdentifierHeartRate
Heart rate,2026-07-16 18:36:01+09:00,80.0,count/min,1,김아연의 Apple Watch,HKQuantityTypeIdentifierHeartRate
Heart rate,2026-07-16 18:37:46+09:00,127.0,count/min,0,김아연의 Apple Watch,HKQuantityTypeIdentifierHeartRate
Heart rate,2026-07-16 18:37:50+09:00,126.0,count/min,0,김아연의 Apple Watch,HKQuantityTypeIdentifierHeartRate
Heart rate,2026-07-16 18:37:56+09:00,129.0,count/min,0,김아연의 Apple Watch,HKQuantityTypeIdentifierHeartRate
Heart rate,2026-07-16 18:37:58+09:00,129.0,count/min,0,김아연의 Apple Watch,HKQuantityTypeIdentifierHeartRate
Heart rate,2026-07-16 18:38:03+09:00,127.0,count/min,0,김아연의 Apple Watch,HKQuantityTypeIdentifierHeartRate
Heart rate,2026-07-16 18:40:12+09:00,119.0,count/min,0,김아연의 Apple Watch,HKQuantityTypeIdentifierHeartRate
Heart rate,2026-07-16 18:40:17+09:00,115.0,count/min,0,김아연의 Apple Watch,HKQuantityTypeIdentifierHeartRate
Heart rate,2026-07-16 18:40:20+09:00,112.0,count/min,0,김아연의 Apple Watch,HKQuantityTypeIdentifierHeartRate
Heart rate,2026-07-16 18:40:27+09:00,108.0,count/min,0,김아연의 Apple Watch,HKQuantityTypeIdentifierHeartRate
Heart rate,2026-07-16 18:46:23+09:00,86.0,count/min,1,김아연의 Apple Watch,HKQuantityTypeIdentifierHeartRate
Heart rate,2026-07-16 18:47:40+09:00,86.0,count/min,1,김아연의 Apple Watch,HKQuantityTypeIdentifierHeartRate
Heart rate,2026-07-16 18:51:48+09:00,120.0,count/min,0,김아연의 Apple Watch,HKQuantityTypeIdentifierHeartRate
Heart rate,2026-07-16 18:51:53+09:00,120.0,count/min,0,김아연의 Apple Watch,HKQuantityTypeIdentifierHeartRate
Heart rate,2026-07-16 18:51:57+09:00,117.0,count/min,0,김아연의 Apple Watch,HKQuantityTypeIdentifierHeartRate
Heart rate,2026-07-16 18:52:00+09:00,116.0,count/min,0,김아연의 Apple Watch,HKQuantityTypeIdentifierHeartRate
Heart rate,2026-07-16 18:52:04+09:00,118.0,count/min,0,김아연의 Apple Watch,HKQuantityTypeIdentifierHeartRate
Heart rate,2026-07-16 18:52:09+09:00,122.0,count/min,0,김아연의 Apple Watch,HKQuantityTypeIdentifierHeartRate
Heart rate,2026-07-16 18:52:17+09:00,117.0,count/min,0,김아연의 Apple Watch,HKQuantityTypeIdentifierHeartRate
Heart rate,2026-07-16 18:54:05+09:00,117.0,count/min,0,김아연의 Apple Watch,HKQuantityTypeIdentifierHeartRate
Heart rate,2026-07-16 18:54:10+09:00,120.0,count/min,0,김아연의 Apple Watch,HKQuantityTypeIdentifierHeartRate
Heart rate,2026-07-16 18:54:12+09:00,120.0,count/min,0,김아연의 Apple Watch,HKQuantityTypeIdentifierHeartRate
Heart rate,2026-07-16 18:54:18+09:00,124.0,count/min,0,김아연의 Apple Watch,HKQuantityTypeIdentifierHeartRate
Heart rate,2026-07-16 18:54:21+09:00,126.0,count/min,0,김아연의 Apple Watch,HKQuantityTypeIdentifierHeartRate
Heart rate,2026-07-16 18:54:30+09:00,131.0,count/min,0,김아연의 Apple Watch,HKQuantityTypeIdentifierHeartRate
Heart rate,2026-07-16 18:58:33+09:00,97.0,count/min,1,김아연의 Apple Watch,HKQuantityTypeIdentifierHeartRate
Heart rate,2026-07-16 19:06:01+09:00,80.0,count/min,1,김아연의 Apple Watch,HKQuantityTypeIdentifierHeartRate
Heart rate,2026-07-16 19:08:04+09:00,82.0,count/min,0,김아연의 Apple Watch,HKQuantityTypeIdentifierHeartRate
Heart rate,2026-07-16 19:12:14+09:00,87.0,count/min,1,김아연의 Apple Watch,HKQuantityTypeIdentifierHeartRate
Heart rate,2026-07-16 19:17:53+09:00,87.0,count/min,0,김아연의 Apple Watch,HKQuantityTypeIdentifierHeartRate
Heart rate,2026-07-16 19:24:04+09:00,81.0,count/min,1,김아연의 Apple Watch,HKQuantityTypeIdentifierHeartRate
Heart rate,2026-07-16 19:29:31+09:00,86.0,count/min,1,김아연의 Apple Watch,HKQuantityTypeIdentifierHeartRate
Heart rate,2026-07-16 19:33:13+09:00,92.0,count/min,1,김아연의 Apple Watch,HKQuantityTypeIdentifierHeartRate
Heart rate,2026-07-16 19:41:45+09:00,88.0,count/min,1,김아연의 Apple Watch,HKQuantityTypeIdentifierHeartRate
Heart rate,2026-07-16 19:46:24+09:00,84.0,count/min,1,김아연의 Apple Watch,HKQuantityTypeIdentifierHeartRate
Heart rate,2026-07-16 19:50:21+09:00,87.0,count/min,1,김아연의 Apple Watch,HKQuantityTypeIdentifierHeartRate
Heart rate,2026-07-16 19:52:10+09:00,88.0,count/min,1,김아연의 Apple Watch,HKQuantityTypeIdentifierHeartRate
Heart rate,2026-07-16 19:57:48+09:00,85.0,count/min,1,김아연의 Apple Watch,HKQuantityTypeIdentifierHeartRate
Heart rate,2026-07-16 20:03:00+09:00,96.0,count/min,1,김아연의 Apple Watch,HKQuantityTypeIdentifierHeartRate
Heart rate,2026-07-16 20:11:42+09:00,85.0,count/min,1,김아연의 Apple Watch,HKQuantityTypeIdentifierHeartRate
Heart rate,2026-07-16 20:14:54+09:00,84.0,count/min,1,김아연의 Apple Watch,HKQuantityTypeIdentifierHeartRate
Heart rate,2026-07-16 20:21:45+09:00,87.0,count/min,1,김아연의 Apple Watch,HKQuantityTypeIdentifierHeartRate
Heart rate,2026-07-16 20:24:10+09:00,84.0,count/min,1,김아연의 Apple Watch,HKQuantityTypeIdentifierHeartRate
Heart rate,2026-07-16 20:29:22+09:00,86.0,count/min,1,김아연의 Apple Watch,HKQuantityTypeIdentifierHeartRate
Heart rate,2026-07-16 20:32:03+09:00,79.0,count/min,1,김아연의 Apple Watch,HKQuantityTypeIdentifierHeartRate
Heart rate,2026-07-16 20:36:55+09:00,79.0,count/min,1,김아연의 Apple Watch,HKQuantityTypeIdentifierHeartRate
Heart rate,2026-07-16 20:43:08+09:00,81.0,count/min,0,김아연의 Apple Watch,HKQuantityTypeIdentifierHeartRate
Heart rate,2026-07-16 20:50:29+09:00,108.0,count/min,0,김아연의 Apple Watch,HKQuantityTypeIdentifierHeartRate
Heart rate,2026-07-16 20:50:35+09:00,107.0,count/min,0,김아연의 Apple Watch,HKQuantityTypeIdentifierHeartRate
Heart rate,2026-07-16 20:50:37+09:00,106.0,count/min,0,김아연의 Apple Watch,HKQuantityTypeIdentifierHeartRate
Heart rate,2026-07-16 20:50:42+09:00,106.0,count/min,0,김아연의 Apple Watch,HKQuantityTypeIdentifierHeartRate
Heart rate,2026-07-16 20:50:49+09:00,103.0,count/min,0,김아연의 Apple Watch,HKQuantityTypeIdentifierHeartRate
Heart rate,2026-07-16 20:50:53+09:00,103.0,count/min,0,김아연의 Apple Watch,HKQuantityTypeIdentifierHeartRate
Heart rate,2026-07-16 20:50:56+09:00,103.0,count/min,0,김아연의 Apple Watch,HKQuantityTypeIdentifierHeartRate
Heart rate,2026-07-16 20:51:04+09:00,103.0,count/min,0,김아연의 Apple Watch,HKQuantityTypeIdentifierHeartRate
Heart rate,2026-07-16 20:51:06+09:00,102.0,count/min,0,김아연의 Apple Watch,HKQuantityTypeIdentifierHeartRate
Heart rate,2026-07-16 20:51:12+09:00,104.0,count/min,0,김아연의 Apple Watch,HKQuantityTypeIdentifierHeartRate
Heart rate,2026-07-16 20:51:16+09:00,105.0,count/min,0,김아연의 Apple Watch,HKQuantityTypeIdentifierHeartRate
Heart rate,2026-07-16 20:54:59+09:00,109.0,count/min,2,김아연의 Apple Watch,HKQuantityTypeIdentifierHeartRate
Heart rate,2026-07-16 20:57:25+09:00,105.0,count/min,0,김아연의 Apple Watch,HKQuantityTypeIdentifierHeartRate
Heart rate,2026-07-16 20:57:33+09:00,103.0,count/min,0,김아연의 Apple Watch,HKQuantityTypeIdentifierHeartRate
Heart rate,2026-07-16 20:57:38+09:00,101.0,count/min,0,김아연의 Apple Watch,HKQuantityTypeIdentifierHeartRate
Heart rate,2026-07-16 20:57:39+09:00,101.0,count/min,0,김아연의 Apple Watch,HKQuantityTypeIdentifierHeartRate
Heart rate,2026-07-16 20:57:46+09:00,103.0,count/min,0,김아연의 Apple Watch,HKQuantityTypeIdentifierHeartRate
Heart rate,2026-07-16 20:57:53+09:00,103.0,count/min,0,김아연의 Apple Watch,HKQuantityTypeIdentifierHeartRate
Heart rate,2026-07-16 20:57:58+09:00,100.0,count/min,0,김아연의 Apple Watch,HKQuantityTypeIdentifierHeartRate
Heart rate,2026-07-16 20:58:02+09:00,104.0,count/min,0,김아연의 Apple Watch,HKQuantityTypeIdentifierHeartRate
Heart rate,2026-07-16 20:58:04+09:00,106.0,count/min,0,김아연의 Apple Watch,HKQuantityTypeIdentifierHeartRate
Heart rate,2026-07-16 20:58:09+09:00,105.0,count/min,0,김아연의 Apple Watch,HKQuantityTypeIdentifierHeartRate
Heart rate,2026-07-16 20:58:18+09:00,109.0,count/min,0,김아연의 Apple Watch,HKQuantityTypeIdentifierHeartRate
Heart rate,2026-07-16 20:58:23+09:00,112.0,count/min,0,김아연의 Apple Watch,HKQuantityTypeIdentifierHeartRate
Heart rate,2026-07-16 20:58:28+09:00,108.0,count/min,0,김아연의 Apple Watch,HKQuantityTypeIdentifierHeartRate
Heart rate,2026-07-16 20:58:32+09:00,107.0,count/min,0,김아연의 Apple Watch,HKQuantityTypeIdentifierHeartRate
Heart rate,2026-07-16 20:58:37+09:00,103.0,count/min,0,김아연의 Apple Watch,HKQuantityTypeIdentifierHeartRate
Heart rate,2026-07-16 20:58:42+09:00,104.0,count/min,0,김아연의 Apple Watch,HKQuantityTypeIdentifierHeartRate
Heart rate,2026-07-16 20:58:44+09:00,104.0,count/min,0,김아연의 Apple Watch,HKQuantityTypeIdentifierHeartRate
Heart rate,2026-07-16 20:58:52+09:00,101.0,count/min,0,김아연의 Apple Watch,HKQuantityTypeIdentifierHeartRate
Heart rate,2026-07-16 20:58:54+09:00,102.0,count/min,0,김아연의 Apple Watch,HKQuantityTypeIdentifierHeartRate
Heart rate,2026-07-16 20:59:03+09:00,98.0,count/min,0,김아연의 Apple Watch,HKQuantityTypeIdentifierHeartRate
Heart rate,2026-07-16 20:59:08+09:00,100.0,count/min,0,김아연의 Apple Watch,HKQuantityTypeIdentifierHeartRate
Heart rate,2026-07-16 20:59:10+09:00,100.0,count/min,0,김아연의 Apple Watch,HKQuantityTypeIdentifierHeartRate
Heart rate,2026-07-16 20:59:17+09:00,97.0,count/min,0,김아연의 Apple Watch,HKQuantityTypeIdentifierHeartRate
Heart rate,2026-07-16 20:59:19+09:00,97.0,count/min,0,김아연의 Apple Watch,HKQuantityTypeIdentifierHeartRate
Heart rate,2026-07-16 20:59:25+09:00,100.0,count/min,0,김아연의 Apple Watch,HKQuantityTypeIdentifierHeartRate
Heart rate,2026-07-16 20:59:34+09:00,99.0,count/min,0,김아연의 Apple Watch,HKQuantityTypeIdentifierHeartRate
Heart rate,2026-07-16 20:59:39+09:00,96.0,count/min,0,김아연의 Apple Watch,HKQuantityTypeIdentifierHeartRate
Heart rate,2026-07-16 20:59:44+09:00,93.0,count/min,0,김아연의 Apple Watch,HKQuantityTypeIdentifierHeartRate
Heart rate,2026-07-16 20:59:49+09:00,94.0,count/min,0,김아연의 Apple Watch,HKQuantityTypeIdentifierHeartRate
Heart rate,2026-07-16 20:59:50+09:00,95.0,count/min,0,김아연의 Apple Watch,HKQuantityTypeIdentifierHeartRate
Heart rate,2026-07-16 20:59:56+09:00,96.0,count/min,0,김아연의 Apple Watch,HKQuantityTypeIdentifierHeartRate
Heart rate,2026-07-16 21:00:02+09:00,97.0,count/min,0,김아연의 Apple Watch,HKQuantityTypeIdentifierHeartRate
Heart rate,2026-07-16 21:00:05+09:00,95.0,count/min,0,김아연의 Apple Watch,HKQuantityTypeIdentifierHeartRate
Heart rate,2026-07-16 21:00:14+09:00,94.0,count/min,0,김아연의 Apple Watch,HKQuantityTypeIdentifierHeartRate
Heart rate,2026-07-16 21:00:18+09:00,95.0,count/min,0,김아연의 Apple Watch,HKQuantityTypeIdentifierHeartRate
Heart rate,2026-07-16 21:00:24+09:00,93.0,count/min,0,김아연의 Apple Watch,HKQuantityTypeIdentifierHeartRate
Heart rate,2026-07-16 21:00:29+09:00,92.0,count/min,0,김아연의 Apple Watch,HKQuantityTypeIdentifierHeartRate
Heart rate,2026-07-16 21:00:31+09:00,91.0,count/min,0,김아연의 Apple Watch,HKQuantityTypeIdentifierHeartRate
Heart rate,2026-07-16 21:00:38+09:00,93.0,count/min,0,김아연의 Apple Watch,HKQuantityTypeIdentifierHeartRate
Heart rate,2026-07-16 21:00:42+09:00,95.0,count/min,0,김아연의 Apple Watch,HKQuantityTypeIdentifierHeartRate
Heart rate,2026-07-16 21:00:48+09:00,92.0,count/min,0,김아연의 Apple Watch,HKQuantityTypeIdentifierHeartRate
Heart rate,2026-07-16 21:00:50+09:00,92.0,count/min,0,김아연의 Apple Watch,HKQuantityTypeIdentifierHeartRate
Heart rate,2026-07-16 21:00:55+09:00,94.0,count/min,0,김아연의 Apple Watch,HKQuantityTypeIdentifierHeartRate
Heart rate,2026-07-16 21:01:00+09:00,93.0,count/min,0,김아연의 Apple Watch,HKQuantityTypeIdentifierHeartRate
Heart rate,2026-07-16 21:01:05+09:00,96.0,count/min,0,김아연의 Apple Watch,HKQuantityTypeIdentifierHeartRate
Heart rate,2026-07-16 21:01:14+09:00,95.0,count/min,0,김아연의 Apple Watch,HKQuantityTypeIdentifierHeartRate
Heart rate,2026-07-16 21:01:19+09:00,97.0,count/min,0,김아연의 Apple Watch,HKQuantityTypeIdentifierHeartRate
Heart rate,2026-07-16 21:01:24+09:00,96.0,count/min,0,김아연의 Apple Watch,HKQuantityTypeIdentifierHeartRate
Heart rate,2026-07-16 21:01:25+09:00,95.0,count/min,0,김아연의 Apple Watch,HKQuantityTypeIdentifierHeartRate
Heart rate,2026-07-16 21:01:30+09:00,96.0,count/min,0,김아연의 Apple Watch,HKQuantityTypeIdentifierHeartRate
Heart rate,2026-07-16 21:01:35+09:00,95.0,count/min,0,김아연의 Apple Watch,HKQuantityTypeIdentifierHeartRate
Heart rate,2026-07-16 21:01:44+09:00,95.0,count/min,0,김아연의 Apple Watch,HKQuantityTypeIdentifierHeartRate
Heart rate,2026-07-16 21:01:49+09:00,94.0,count/min,0,김아연의 Apple Watch,HKQuantityTypeIdentifierHeartRate
Heart rate,2026-07-16 21:01:51+09:00,92.0,count/min,0,김아연의 Apple Watch,HKQuantityTypeIdentifierHeartRate
Heart rate,2026-07-16 21:01:55+09:00,94.0,count/min,0,김아연의 Apple Watch,HKQuantityTypeIdentifierHeartRate
Heart rate,2026-07-16 21:02:02+09:00,97.0,count/min,0,김아연의 Apple Watch,HKQuantityTypeIdentifierHeartRate
Heart rate,2026-07-16 21:02:06+09:00,97.0,count/min,0,김아연의 Apple Watch,HKQuantityTypeIdentifierHeartRate
Heart rate,2026-07-16 21:02:12+09:00,96.0,count/min,0,김아연의 Apple Watch,HKQuantityTypeIdentifierHeartRate
Heart rate,2026-07-16 21:02:15+09:00,96.0,count/min,0,김아연의 Apple Watch,HKQuantityTypeIdentifierHeartRate
Heart rate,2026-07-16 21:02:24+09:00,99.0,count/min,0,김아연의 Apple Watch,HKQuantityTypeIdentifierHeartRate
Heart rate,2026-07-16 21:02:25+09:00,100.0,count/min,0,김아연의 Apple Watch,HKQuantityTypeIdentifierHeartRate
Heart rate,2026-07-16 21:06:34+09:00,85.0,count/min,1,김아연의 Apple Watch,HKQuantityTypeIdentifierHeartRate
Heart rate,2026-07-16 21:09:51+09:00,80.0,count/min,1,김아연의 Apple Watch,HKQuantityTypeIdentifierHeartRate
Heart rate,2026-07-16 21:14:04+09:00,79.0,count/min,1,김아연의 Apple Watch,HKQuantityTypeIdentifierHeartRate
Heart rate,2026-07-16 21:17:12+09:00,80.0,count/min,1,김아연의 Apple Watch,HKQuantityTypeIdentifierHeartRate
Heart rate,2026-07-16 21:22:42+09:00,81.0,count/min,1,김아연의 Apple Watch,HKQuantityTypeIdentifierHeartRate
Heart rate,2026-07-16 21:29:06+09:00,81.0,count/min,0,김아연의 Apple Watch,HKQuantityTypeIdentifierHeartRate
Heart rate,2026-07-16 21:35:01+09:00,76.0,count/min,1,김아연의 Apple Watch,HKQuantityTypeIdentifierHeartRate
Heart rate,2026-07-16 21:37:09+09:00,76.0,count/min,1,김아연의 Apple Watch,HKQuantityTypeIdentifierHeartRate
Heart rate,2026-07-16 21:43:28+09:00,78.0,count/min,0,김아연의 Apple Watch,HKQuantityTypeIdentifierHeartRate
Heart rate,2026-07-16 21:46:16+09:00,87.0,count/min,0,김아연의 Apple Watch,HKQuantityTypeIdentifierHeartRate
Heart rate,2026-07-16 21:46:21+09:00,85.0,count/min,0,김아연의 Apple Watch,HKQuantityTypeIdentifierHeartRate
Heart rate,2026-07-16 21:46:26+09:00,81.0,count/min,0,김아연의 Apple Watch,HKQuantityTypeIdentifierHeartRate
Heart rate,2026-07-16 21:46:31+09:00,79.0,count/min,0,김아연의 Apple Watch,HKQuantityTypeIdentifierHeartRate
Heart rate,2026-07-16 21:46:34+09:00,79.0,count/min,0,김아연의 Apple Watch,HKQuantityTypeIdentifierHeartRate
Heart rate,2026-07-16 21:46:40+09:00,80.0,count/min,0,김아연의 Apple Watch,HKQuantityTypeIdentifierHeartRate
Heart rate,2026-07-16 21:46:42+09:00,80.0,count/min,0,김아연의 Apple Watch,HKQuantityTypeIdentifierHeartRate
Heart rate,2026-07-16 21:51:33+09:00,87.0,count/min,0,김아연의 Apple Watch,HKQuantityTypeIdentifierHeartRate
Heart rate,2026-07-16 21:53:56+09:00,88.0,count/min,0,김아연의 Apple Watch,HKQuantityTypeIdentifierHeartRate
Heart rate,2026-07-16 21:54:01+09:00,84.0,count/min,0,김아연의 Apple Watch,HKQuantityTypeIdentifierHeartRate
Heart rate,2026-07-16 21:54:03+09:00,84.0,count/min,0,김아연의 Apple Watch,HKQuantityTypeIdentifierHeartRate
Heart rate,2026-07-16 21:54:11+09:00,85.0,count/min,0,김아연의 Apple Watch,HKQuantityTypeIdentifierHeartRate
Heart rate,2026-07-16 21:54:13+09:00,83.0,count/min,0,김아연의 Apple Watch,HKQuantityTypeIdentifierHeartRate
Heart rate,2026-07-16 21:54:20+09:00,82.0,count/min,0,김아연의 Apple Watch,HKQuantityTypeIdentifierHeartRate
Heart rate,2026-07-16 21:54:26+09:00,81.0,count/min,0,김아연의 Apple Watch,HKQuantityTypeIdentifierHeartRate
Heart rate,2026-07-16 21:54:29+09:00,82.0,count/min,0,김아연의 Apple Watch,HKQuantityTypeIdentifierHeartRate
Heart rate,2026-07-16 21:59:05+09:00,80.0,count/min,1,김아연의 Apple Watch,HKQuantityTypeIdentifierHeartRate
Heart rate,2026-07-16 22:13:42+09:00,101.0,count/min,0,김아연의 Apple Watch,HKQuantityTypeIdentifierHeartRate
Heart rate,2026-07-16 22:14:15+09:00,102.0,count/min,0,김아연의 Apple Watch,HKQuantityTypeIdentifierHeartRate
Heart rate,2026-07-16 22:14:18+09:00,103.0,count/min,0,김아연의 Apple Watch,HKQuantityTypeIdentifierHeartRate
Heart rate,2026-07-16 22:14:21+09:00,103.0,count/min,0,김아연의 Apple Watch,HKQuantityTypeIdentifierHeartRate
Heart rate,2026-07-16 22:14:30+09:00,102.0,count/min,0,김아연의 Apple Watch,HKQuantityTypeIdentifierHeartRate
Heart rate,2026-07-16 22:14:35+09:00,100.0,count/min,0,김아연의 Apple Watch,HKQuantityTypeIdentifierHeartRate
Heart rate,2026-07-16 22:14:40+09:00,102.0,count/min,0,김아연의 Apple Watch,HKQuantityTypeIdentifierHeartRate
Heart rate,2026-07-16 22:14:41+09:00,102.0,count/min,0,김아연의 Apple Watch,HKQuantityTypeIdentifierHeartRate
Heart rate,2026-07-16 22:14:46+09:00,100.0,count/min,0,김아연의 Apple Watch,HKQuantityTypeIdentifierHeartRate
Heart rate,2026-07-16 22:14:51+09:00,101.0,count/min,0,김아연의 Apple Watch,HKQuantityTypeIdentifierHeartRate
Heart rate,2026-07-16 22:15:00+09:00,101.0,count/min,0,김아연의 Apple Watch,HKQuantityTypeIdentifierHeartRate
Heart rate,2026-07-16 22:15:05+09:00,102.0,count/min,0,김아연의 Apple Watch,HKQuantityTypeIdentifierHeartRate
Heart rate,2026-07-16 22:15:07+09:00,102.0,count/min,0,김아연의 Apple Watch,HKQuantityTypeIdentifierHeartRate
Heart rate,2026-07-16 22:15:11+09:00,103.0,count/min,0,김아연의 Apple Watch,HKQuantityTypeIdentifierHeartRate
Heart rate,2026-07-16 22:15:16+09:00,103.0,count/min,0,김아연의 Apple Watch,HKQuantityTypeIdentifierHeartRate
Heart rate,2026-07-16 22:15:24+09:00,102.0,count/min,0,김아연의 Apple Watch,HKQuantityTypeIdentifierHeartRate
Heart rate,2026-07-16 22:15:27+09:00,102.0,count/min,0,김아연의 Apple Watch,HKQuantityTypeIdentifierHeartRate
Heart rate,2026-07-16 22:15:31+09:00,103.0,count/min,0,김아연의 Apple Watch,HKQuantityTypeIdentifierHeartRate
Heart rate,2026-07-16 22:15:38+09:00,102.0,count/min,0,김아연의 Apple Watch,HKQuantityTypeIdentifierHeartRate
Heart rate,2026-07-16 22:15:45+09:00,103.0,count/min,0,김아연의 Apple Watch,HKQuantityTypeIdentifierHeartRate
Heart rate,2026-07-16 22:15:50+09:00,104.0,count/min,0,김아연의 Apple Watch,HKQuantityTypeIdentifierHeartRate
Heart rate,2026-07-16 22:15:55+09:00,105.0,count/min,0,김아연의 Apple Watch,HKQuantityTypeIdentifierHeartRate
Heart rate,2026-07-16 22:15:56+09:00,105.0,count/min,0,김아연의 Apple Watch,HKQuantityTypeIdentifierHeartRate
Heart rate,2026-07-16 22:16:04+09:00,105.0,count/min,0,김아연의 Apple Watch,HKQuantityTypeIdentifierHeartRate
Heart rate,2026-07-16 22:16:06+09:00,105.0,count/min,0,김아연의 Apple Watch,HKQuantityTypeIdentifierHeartRate
Heart rate,2026-07-16 22:16:11+09:00,105.0,count/min,0,김아연의 Apple Watch,HKQuantityTypeIdentifierHeartRate
Heart rate,2026-07-16 22:16:20+09:00,106.0,count/min,0,김아연의 Apple Watch,HKQuantityTypeIdentifierHeartRate
Heart rate,2026-07-16 22:16:23+09:00,106.0,count/min,0,김아연의 Apple Watch,HKQuantityTypeIdentifierHeartRate
Heart rate,2026-07-16 22:16:26+09:00,105.0,count/min,0,김아연의 Apple Watch,HKQuantityTypeIdentifierHeartRate
Heart rate,2026-07-16 22:16:34+09:00,100.0,count/min,0,김아연의 Apple Watch,HKQuantityTypeIdentifierHeartRate
Heart rate,2026-07-16 22:16:37+09:00,101.0,count/min,0,김아연의 Apple Watch,HKQuantityTypeIdentifierHeartRate
Heart rate,2026-07-16 22:16:45+09:00,97.0,count/min,0,김아연의 Apple Watch,HKQuantityTypeIdentifierHeartRate
Heart rate,2026-07-16 22:16:47+09:00,97.0,count/min,0,김아연의 Apple Watch,HKQuantityTypeIdentifierHeartRate
Heart rate,2026-07-16 22:16:55+09:00,99.0,count/min,0,김아연의 Apple Watch,HKQuantityTypeIdentifierHeartRate
Heart rate,2026-07-16 22:17:00+09:00,95.0,count/min,0,김아연의 Apple Watch,HKQuantityTypeIdentifierHeartRate
Heart rate,2026-07-16 22:17:05+09:00,95.0,count/min,0,김아연의 Apple Watch,HKQuantityTypeIdentifierHeartRate
Heart rate,2026-07-16 22:17:08+09:00,97.0,count/min,0,김아연의 Apple Watch,HKQuantityTypeIdentifierHeartRate
Heart rate,2026-07-16 22:17:14+09:00,100.0,count/min,0,김아연의 Apple Watch,HKQuantityTypeIdentifierHeartRate
Heart rate,2026-07-16 22:17:20+09:00,99.0,count/min,0,김아연의 Apple Watch,HKQuantityTypeIdentifierHeartRate
Heart rate,2026-07-16 22:17:25+09:00,97.0,count/min,0,김아연의 Apple Watch,HKQuantityTypeIdentifierHeartRate
Heart rate,2026-07-16 22:17:27+09:00,95.0,count/min,0,김아연의 Apple Watch,HKQuantityTypeIdentifierHeartRate
Heart rate,2026-07-16 22:17:31+09:00,96.0,count/min,0,김아연의 Apple Watch,HKQuantityTypeIdentifierHeartRate
Heart rate,2026-07-16 22:17:40+09:00,99.0,count/min,0,김아연의 Apple Watch,HKQuantityTypeIdentifierHeartRate
Heart rate,2026-07-16 22:17:43+09:00,98.0,count/min,0,김아연의 Apple Watch,HKQuantityTypeIdentifierHeartRate
Heart rate,2026-07-16 22:17:46+09:00,98.0,count/min,0,김아연의 Apple Watch,HKQuantityTypeIdentifierHeartRate
Heart rate,2026-07-16 22:17:55+09:00,98.0,count/min,0,김아연의 Apple Watch,HKQuantityTypeIdentifierHeartRate
Heart rate,2026-07-16 22:17:57+09:00,97.0,count/min,0,김아연의 Apple Watch,HKQuantityTypeIdentifierHeartRate
Heart rate,2026-07-16 22:18:01+09:00,93.0,count/min,0,김아연의 Apple Watch,HKQuantityTypeIdentifierHeartRate
Heart rate,2026-07-16 22:18:09+09:00,87.0,count/min,0,김아연의 Apple Watch,HKQuantityTypeIdentifierHeartRate
Heart rate,2026-07-16 22:18:13+09:00,89.0,count/min,0,김아연의 Apple Watch,HKQuantityTypeIdentifierHeartRate
Heart rate,2026-07-16 22:18:16+09:00,88.0,count/min,0,김아연의 Apple Watch,HKQuantityTypeIdentifierHeartRate
Heart rate,2026-07-16 22:18:25+09:00,91.0,count/min,0,김아연의 Apple Watch,HKQuantityTypeIdentifierHeartRate
Heart rate,2026-07-16 22:18:29+09:00,89.0,count/min,0,김아연의 Apple Watch,HKQuantityTypeIdentifierHeartRate
Heart rate,2026-07-16 22:18:31+09:00,89.0,count/min,0,김아연의 Apple Watch,HKQuantityTypeIdentifierHeartRate
Heart rate,2026-07-16 22:18:40+09:00,90.0,count/min,0,김아연의 Apple Watch,HKQuantityTypeIdentifierHeartRate
Heart rate,2026-07-16 22:18:41+09:00,90.0,count/min,0,김아연의 Apple Watch,HKQuantityTypeIdentifierHeartRate
Heart rate,2026-07-16 22:18:48+09:00,91.0,count/min,0,김아연의 Apple Watch,HKQuantityTypeIdentifierHeartRate
Heart rate,2026-07-16 22:18:51+09:00,91.0,count/min,0,김아연의 Apple Watch,HKQuantityTypeIdentifierHeartRate
Heart rate,2026-07-16 22:18:58+09:00,93.0,count/min,0,김아연의 Apple Watch,HKQuantityTypeIdentifierHeartRate
Heart rate,2026-07-16 22:19:05+09:00,94.0,count/min,0,김아연의 Apple Watch,HKQuantityTypeIdentifierHeartRate
Heart rate,2026-07-16 22:19:09+09:00,93.0,count/min,0,김아연의 Apple Watch,HKQuantityTypeIdentifierHeartRate
Heart rate,2026-07-16 22:19:15+09:00,92.0,count/min,0,김아연의 Apple Watch,HKQuantityTypeIdentifierHeartRate
Heart rate,2026-07-16 22:19:16+09:00,92.0,count/min,0,김아연의 Apple Watch,HKQuantityTypeIdentifierHeartRate
Heart rate,2026-07-16 22:19:21+09:00,94.0,count/min,0,김아연의 Apple Watch,HKQuantityTypeIdentifierHeartRate
Heart rate,2026-07-16 22:19:30+09:00,95.0,count/min,0,김아연의 Apple Watch,HKQuantityTypeIdentifierHeartRate
Heart rate,2026-07-16 22:19:35+09:00,94.0,count/min,0,김아연의 Apple Watch,HKQuantityTypeIdentifierHeartRate
Heart rate,2026-07-16 22:19:36+09:00,93.0,count/min,0,김아연의 Apple Watch,HKQuantityTypeIdentifierHeartRate
Heart rate,2026-07-16 22:19:41+09:00,92.0,count/min,0,김아연의 Apple Watch,HKQuantityTypeIdentifierHeartRate
Heart rate,2026-07-16 22:19:46+09:00,94.0,count/min,0,김아연의 Apple Watch,HKQuantityTypeIdentifierHeartRate
Heart rate,2026-07-16 22:19:51+09:00,97.0,count/min,0,김아연의 Apple Watch,HKQuantityTypeIdentifierHeartRate
Heart rate,2026-07-16 22:19:56+09:00,99.0,count/min,0,김아연의 Apple Watch,HKQuantityTypeIdentifierHeartRate
Heart rate,2026-07-16 22:20:05+09:00,103.0,count/min,0,김아연의 Apple Watch,HKQuantityTypeIdentifierHeartRate
Heart rate,2026-07-16 22:20:10+09:00,101.0,count/min,0,김아연의 Apple Watch,HKQuantityTypeIdentifierHeartRate
Heart rate,2026-07-16 22:20:15+09:00,102.0,count/min,0,김아연의 Apple Watch,HKQuantityTypeIdentifierHeartRate
Heart rate,2026-07-16 22:20:20+09:00,96.0,count/min,0,김아연의 Apple Watch,HKQuantityTypeIdentifierHeartRate
Heart rate,2026-07-16 22:20:25+09:00,94.0,count/min,0,김아연의 Apple Watch,HKQuantityTypeIdentifierHeartRate
Heart rate,2026-07-16 22:20:29+09:00,92.0,count/min,0,김아연의 Apple Watch,HKQuantityTypeIdentifierHeartRate
Heart rate,2026-07-16 22:20:31+09:00,92.0,count/min,0,김아연의 Apple Watch,HKQuantityTypeIdentifierHeartRate
Heart rate,2026-07-16 22:20:39+09:00,92.0,count/min,0,김아연의 Apple Watch,HKQuantityTypeIdentifierHeartRate
Heart rate,2026-07-16 22:20:43+09:00,94.0,count/min,0,김아연의 Apple Watch,HKQuantityTypeIdentifierHeartRate
Heart rate,2026-07-16 22:20:46+09:00,94.0,count/min,0,김아연의 Apple Watch,HKQuantityTypeIdentifierHeartRate
Heart rate,2026-07-16 22:20:55+09:00,96.0,count/min,0,김아연의 Apple Watch,HKQuantityTypeIdentifierHeartRate
Heart rate,2026-07-16 22:21:00+09:00,96.0,count/min,0,김아연의 Apple Watch,HKQuantityTypeIdentifierHeartRate
Heart rate,2026-07-16 22:21:05+09:00,92.0,count/min,0,김아연의 Apple Watch,HKQuantityTypeIdentifierHeartRate
Heart rate,2026-07-16 22:21:06+09:00,92.0,count/min,0,김아연의 Apple Watch,HKQuantityTypeIdentifierHeartRate
Heart rate,2026-07-16 22:21:12+09:00,89.0,count/min,0,김아연의 Apple Watch,HKQuantityTypeIdentifierHeartRate
Heart rate,2026-07-16 22:21:16+09:00,86.0,count/min,0,김아연의 Apple Watch,HKQuantityTypeIdentifierHeartRate
Heart rate,2026-07-16 22:21:24+09:00,83.0,count/min,0,김아연의 Apple Watch,HKQuantityTypeIdentifierHeartRate
Heart rate,2026-07-16 22:21:28+09:00,82.0,count/min,0,김아연의 Apple Watch,HKQuantityTypeIdentifierHeartRate
Heart rate,2026-07-16 22:21:34+09:00,81.0,count/min,0,김아연의 Apple Watch,HKQuantityTypeIdentifierHeartRate
Heart rate,2026-07-16 22:21:38+09:00,81.0,count/min,0,김아연의 Apple Watch,HKQuantityTypeIdentifierHeartRate
Heart rate,2026-07-16 22:21:45+09:00,78.0,count/min,0,김아연의 Apple Watch,HKQuantityTypeIdentifierHeartRate
Heart rate,2026-07-16 22:21:49+09:00,77.0,count/min,0,김아연의 Apple Watch,HKQuantityTypeIdentifierHeartRate
Heart rate,2026-07-16 22:21:51+09:00,78.0,count/min,0,김아연의 Apple Watch,HKQuantityTypeIdentifierHeartRate
Heart rate,2026-07-16 22:21:57+09:00,79.0,count/min,0,김아연의 Apple Watch,HKQuantityTypeIdentifierHeartRate
Heart rate,2026-07-16 22:22:02+09:00,78.0,count/min,0,김아연의 Apple Watch,HKQuantityTypeIdentifierHeartRate
Heart rate,2026-07-16 22:22:10+09:00,79.0,count/min,0,김아연의 Apple Watch,HKQuantityTypeIdentifierHeartRate
Heart rate,2026-07-16 22:22:15+09:00,79.0,count/min,0,김아연의 Apple Watch,HKQuantityTypeIdentifierHeartRate
Heart rate,2026-07-16 22:22:17+09:00,79.0,count/min,0,김아연의 Apple Watch,HKQuantityTypeIdentifierHeartRate
Heart rate,2026-07-16 22:22:22+09:00,79.0,count/min,0,김아연의 Apple Watch,HKQuantityTypeIdentifierHeartRate
Heart rate,2026-07-16 22:22:26+09:00,80.0,count/min,0,김아연의 Apple Watch,HKQuantityTypeIdentifierHeartRate
Heart rate,2026-07-16 22:22:31+09:00,80.0,count/min,0,김아연의 Apple Watch,HKQuantityTypeIdentifierHeartRate
Heart rate,2026-07-16 22:22:40+09:00,80.0,count/min,0,김아연의 Apple Watch,HKQuantityTypeIdentifierHeartRate
Heart rate,2026-07-16 22:22:42+09:00,80.0,count/min,0,김아연의 Apple Watch,HKQuantityTypeIdentifierHeartRate
Heart rate,2026-07-16 22:22:46+09:00,80.0,count/min,0,김아연의 Apple Watch,HKQuantityTypeIdentifierHeartRate
Heart rate,2026-07-16 22:22:54+09:00,79.0,count/min,0,김아연의 Apple Watch,HKQuantityTypeIdentifierHeartRate
Heart rate,2026-07-16 22:22:58+09:00,80.0,count/min,0,김아연의 Apple Watch,HKQuantityTypeIdentifierHeartRate
Heart rate,2026-07-16 22:23:01+09:00,81.0,count/min,0,김아연의 Apple Watch,HKQuantityTypeIdentifierHeartRate
Heart rate,2026-07-16 22:23:10+09:00,85.0,count/min,0,김아연의 Apple Watch,HKQuantityTypeIdentifierHeartRate
Heart rate,2026-07-16 22:23:15+09:00,83.0,count/min,0,김아연의 Apple Watch,HKQuantityTypeIdentifierHeartRate
Heart rate,2026-07-16 22:23:16+09:00,83.0,count/min,0,김아연의 Apple Watch,HKQuantityTypeIdentifierHeartRate
Heart rate,2026-07-16 22:23:22+09:00,81.0,count/min,0,김아연의 Apple Watch,HKQuantityTypeIdentifierHeartRate
Heart rate,2026-07-16 22:23:30+09:00,79.0,count/min,0,김아연의 Apple Watch,HKQuantityTypeIdentifierHeartRate
Heart rate,2026-07-16 22:23:31+09:00,79.0,count/min,0,김아연의 Apple Watch,HKQuantityTypeIdentifierHeartRate
Heart rate,2026-07-16 22:23:37+09:00,79.0,count/min,0,김아연의 Apple Watch,HKQuantityTypeIdentifierHeartRate
Heart rate,2026-07-16 22:23:45+09:00,78.0,count/min,0,김아연의 Apple Watch,HKQuantityTypeIdentifierHeartRate
Heart rate,2026-07-16 22:23:49+09:00,77.0,count/min,0,김아연의 Apple Watch,HKQuantityTypeIdentifierHeartRate
Heart rate,2026-07-16 22:23:53+09:00,77.0,count/min,0,김아연의 Apple Watch,HKQuantityTypeIdentifierHeartRate
Heart rate,2026-07-16 22:23:59+09:00,79.0,count/min,0,김아연의 Apple Watch,HKQuantityTypeIdentifierHeartRate
Heart rate,2026-07-16 22:24:03+09:00,80.0,count/min,0,김아연의 Apple Watch,HKQuantityTypeIdentifierHeartRate
Heart rate,2026-07-16 22:24:06+09:00,79.0,count/min,0,김아연의 Apple Watch,HKQuantityTypeIdentifierHeartRate
Heart rate,2026-07-16 22:24:15+09:00,75.0,count/min,0,김아연의 Apple Watch,HKQuantityTypeIdentifierHeartRate
Heart rate,2026-07-16 22:24:16+09:00,75.0,count/min,0,김아연의 Apple Watch,HKQuantityTypeIdentifierHeartRate
Heart rate,2026-07-16 22:24:21+09:00,76.0,count/min,0,김아연의 Apple Watch,HKQuantityTypeIdentifierHeartRate
Heart rate,2026-07-16 22:24:30+09:00,79.0,count/min,0,김아연의 Apple Watch,HKQuantityTypeIdentifierHeartRate
Heart rate,2026-07-16 22:24:35+09:00,78.0,count/min,0,김아연의 Apple Watch,HKQuantityTypeIdentifierHeartRate
Heart rate,2026-07-16 22:24:39+09:00,78.0,count/min,0,김아연의 Apple Watch,HKQuantityTypeIdentifierHeartRate
Heart rate,2026-07-16 22:24:45+09:00,77.0,count/min,0,김아연의 Apple Watch,HKQuantityTypeIdentifierHeartRate
Heart rate,2026-07-16 22:24:47+09:00,77.0,count/min,0,김아연의 Apple Watch,HKQuantityTypeIdentifierHeartRate
Heart rate,2026-07-16 22:24:55+09:00,76.0,count/min,0,김아연의 Apple Watch,HKQuantityTypeIdentifierHeartRate
Heart rate,2026-07-16 22:24:56+09:00,76.0,count/min,0,김아연의 Apple Watch,HKQuantityTypeIdentifierHeartRate
Heart rate,2026-07-16 22:25:04+09:00,76.0,count/min,0,김아연의 Apple Watch,HKQuantityTypeIdentifierHeartRate
Heart rate,2026-07-16 22:25:09+09:00,76.0,count/min,0,김아연의 Apple Watch,HKQuantityTypeIdentifierHeartRate
Heart rate,2026-07-16 22:25:13+09:00,77.0,count/min,0,김아연의 Apple Watch,HKQuantityTypeIdentifierHeartRate
Heart rate,2026-07-16 22:25:17+09:00,77.0,count/min,0,김아연의 Apple Watch,HKQuantityTypeIdentifierHeartRate
Heart rate,2026-07-16 22:25:23+09:00,77.0,count/min,0,김아연의 Apple Watch,HKQuantityTypeIdentifierHeartRate
Heart rate,2026-07-16 22:25:30+09:00,76.0,count/min,0,김아연의 Apple Watch,HKQuantityTypeIdentifierHeartRate
Heart rate,2026-07-16 22:25:35+09:00,77.0,count/min,0,김아연의 Apple Watch,HKQuantityTypeIdentifierHeartRate
Heart rate,2026-07-16 22:25:39+09:00,77.0,count/min,0,김아연의 Apple Watch,HKQuantityTypeIdentifierHeartRate
Heart rate,2026-07-16 22:25:42+09:00,77.0,count/min,0,김아연의 Apple Watch,HKQuantityTypeIdentifierHeartRate
Heart rate,2026-07-16 22:25:47+09:00,77.0,count/min,0,김아연의 Apple Watch,HKQuantityTypeIdentifierHeartRate
Heart rate,2026-07-16 22:25:53+09:00,77.0,count/min,0,김아연의 Apple Watch,HKQuantityTypeIdentifierHeartRate
Heart rate,2026-07-16 22:25:57+09:00,76.0,count/min,0,김아연의 Apple Watch,HKQuantityTypeIdentifierHeartRate
Heart rate,2026-07-16 22:26:05+09:00,77.0,count/min,0,김아연의 Apple Watch,HKQuantityTypeIdentifierHeartRate
Heart rate,2026-07-16 22:26:08+09:00,77.0,count/min,0,김아연의 Apple Watch,HKQuantityTypeIdentifierHeartRate
Heart rate,2026-07-16 22:26:15+09:00,77.0,count/min,0,김아연의 Apple Watch,HKQuantityTypeIdentifierHeartRate
Heart rate,2026-07-16 22:26:17+09:00,77.0,count/min,0,김아연의 Apple Watch,HKQuantityTypeIdentifierHeartRate
Heart rate,2026-07-16 22:26:23+09:00,77.0,count/min,0,김아연의 Apple Watch,HKQuantityTypeIdentifierHeartRate
Heart rate,2026-07-16 22:26:30+09:00,79.0,count/min,0,김아연의 Apple Watch,HKQuantityTypeIdentifierHeartRate
Heart rate,2026-07-16 22:26:32+09:00,80.0,count/min,0,김아연의 Apple Watch,HKQuantityTypeIdentifierHeartRate
Heart rate,2026-07-16 22:26:36+09:00,80.0,count/min,0,김아연의 Apple Watch,HKQuantityTypeIdentifierHeartRate
Heart rate,2026-07-16 22:26:41+09:00,82.0,count/min,0,김아연의 Apple Watch,HKQuantityTypeIdentifierHeartRate
Heart rate,2026-07-16 22:26:47+09:00,86.0,count/min,0,김아연의 Apple Watch,HKQuantityTypeIdentifierHeartRate
Heart rate,2026-07-16 22:26:55+09:00,82.0,count/min,0,김아연의 Apple Watch,HKQuantityTypeIdentifierHeartRate
Heart rate,2026-07-16 22:26:58+09:00,81.0,count/min,0,김아연의 Apple Watch,HKQuantityTypeIdentifierHeartRate
Heart rate,2026-07-16 22:27:01+09:00,81.0,count/min,0,김아연의 Apple Watch,HKQuantityTypeIdentifierHeartRate
Heart rate,2026-07-16 22:27:06+09:00,83.0,count/min,0,김아연의 Apple Watch,HKQuantityTypeIdentifierHeartRate
Heart rate,2026-07-16 22:27:15+09:00,88.0,count/min,0,김아연의 Apple Watch,HKQuantityTypeIdentifierHeartRate
Heart rate,2026-07-16 22:30:28+09:00,88.0,count/min,1,김아연의 Apple Watch,HKQuantityTypeIdentifierHeartRate
Heart rate,2026-07-16 22:34:33+09:00,87.0,count/min,1,김아연의 Apple Watch,HKQuantityTypeIdentifierHeartRate
Heart rate,2026-07-16 22:34:52+09:00,77.3531,count/min,0,김아연의 Apple Watch,HKQuantityTypeIdentifierHeartRate
Heart rate,2026-07-17 12:29:59+09:00,80.0,count/min,1,김아연의 Apple Watch,HKQuantityTypeIdentifierHeartRate
Heart rate,2026-07-17 12:31:56+09:00,66.0,count/min,0,김아연의 Apple Watch,HKQuantityTypeIdentifierHeartRate
Heart rate,2026-07-17 12:41:31+09:00,81.0,count/min,0,김아연의 Apple Watch,HKQuantityTypeIdentifierHeartRate
Heart rate,2026-07-17 12:46:37+09:00,48.0,count/min,1,김아연의 Apple Watch,HKQuantityTypeIdentifierHeartRate
Heart rate,2026-07-17 12:47:47+09:00,62.0,count/min,1,김아연의 Apple Watch,HKQuantityTypeIdentifierHeartRate
Heart rate,2026-07-17 14:17:09+09:00,83.0,count/min,0,김아연의 Apple Watch,HKQuantityTypeIdentifierHeartRate
Heart rate,2026-07-17 15:16:13+09:00,65.0,count/min,0,김아연의 Apple Watch,HKQuantityTypeIdentifierHeartRate
Heart rate,2026-07-17 15:18:05+09:00,56.0,count/min,0,김아연의 Apple Watch,HKQuantityTypeIdentifierHeartRate
Heart rate,2026-07-17 15:22:47+09:00,90.0,count/min,0,김아연의 Apple Watch,HKQuantityTypeIdentifierHeartRate
Heart rate,2026-07-17 15:22:55+09:00,89.0,count/min,0,김아연의 Apple Watch,HKQuantityTypeIdentifierHeartRate
Heart rate,2026-07-17 15:23:24+09:00,91.0,count/min,0,김아연의 Apple Watch,HKQuantityTypeIdentifierHeartRate
Heart rate,2026-07-17 15:23:29+09:00,92.0,count/min,0,김아연의 Apple Watch,HKQuantityTypeIdentifierHeartRate
Heart rate,2026-07-17 15:23:32+09:00,92.0,count/min,0,김아연의 Apple Watch,HKQuantityTypeIdentifierHeartRate
Heart rate,2026-07-17 15:53:00+09:00,82.0,count/min,1,김아연의 Apple Watch,HKQuantityTypeIdentifierHeartRate
Heart rate,2026-07-17 15:54:28+09:00,75.0,count/min,1,김아연의 Apple Watch,HKQuantityTypeIdentifierHeartRate
Heart rate,2026-07-17 15:59:50+09:00,82.0,count/min,1,김아연의 Apple Watch,HKQuantityTypeIdentifierHeartRate
Heart rate,2026-07-17 16:23:58+09:00,82.0,count/min,1,김아연의 Apple Watch,HKQuantityTypeIdentifierHeartRate
Heart rate,2026-07-17 16:26:39+09:00,75.0,count/min,1,김아연의 Apple Watch,HKQuantityTypeIdentifierHeartRate
Heart rate,2026-07-17 16:33:41+09:00,79.0,count/min,1,김아연의 Apple Watch,HKQuantityTypeIdentifierHeartRate
Heart rate,2026-07-17 16:37:12+09:00,80.0,count/min,1,김아연의 Apple Watch,HKQuantityTypeIdentifierHeartRate
Heart rate,2026-07-17 16:39:13+09:00,80.0,count/min,1,김아연의 Apple Watch,HKQuantityTypeIdentifierHeartRate
Heart rate,2026-07-17 16:45:44+09:00,75.0,count/min,1,김아연의 Apple Watch,HKQuantityTypeIdentifierHeartRate
Heart rate,2026-07-17 16:49:27+09:00,79.0,count/min,1,김아연의 Apple Watch,HKQuantityTypeIdentifierHeartRate
Heart rate,2026-07-17 16:55:23+09:00,76.0,count/min,1,김아연의 Apple Watch,HKQuantityTypeIdentifierHeartRate
Heart rate,2026-07-17 17:01:59+09:00,75.0,count/min,1,김아연의 Apple Watch,HKQuantityTypeIdentifierHeartRate
Heart rate,2026-07-17 17:07:53+09:00,77.0,count/min,1,김아연의 Apple Watch,HKQuantityTypeIdentifierHeartRate
Heart rate,2026-07-17 17:12:26+09:00,75.0,count/min,1,김아연의 Apple Watch,HKQuantityTypeIdentifierHeartRate
Heart rate,2026-07-17 17:14:40+09:00,75.0,count/min,1,김아연의 Apple Watch,HKQuantityTypeIdentifierHeartRate
Heart rate,2026-07-17 17:19:39+09:00,72.0,count/min,1,김아연의 Apple Watch,HKQuantityTypeIdentifierHeartRate
Heart rate,2026-07-17 17:24:45+09:00,75.0,count/min,1,김아연의 Apple Watch,HKQuantityTypeIdentifierHeartRate
Heart rate,2026-07-17 17:32:59+09:00,72.0,count/min,1,김아연의 Apple Watch,HKQuantityTypeIdentifierHeartRate
Heart rate,2026-07-17 17:36:07+09:00,72.0,count/min,1,김아연의 Apple Watch,HKQuantityTypeIdentifierHeartRate
Heart rate,2026-07-17 17:39:26+09:00,73.0,count/min,1,김아연의 Apple Watch,HKQuantityTypeIdentifierHeartRate
Heart rate,2026-07-17 17:44:56+09:00,74.0,count/min,1,김아연의 Apple Watch,HKQuantityTypeIdentifierHeartRate
Heart rate,2026-07-17 17:50:04+09:00,78.0,count/min,1,김아연의 Apple Watch,HKQuantityTypeIdentifierHeartRate
Heart rate,2026-07-17 17:56:37+09:00,78.2039,count/min,0,김아연의 Apple Watch,HKQuantityTypeIdentifierHeartRate
Heart rate,2026-07-17 17:56:49+09:00,79.0,count/min,1,김아연의 Apple Watch,HKQuantityTypeIdentifierHeartRate
Heart rate,2026-07-17 17:59:57+09:00,79.0,count/min,1,김아연의 Apple Watch,HKQuantityTypeIdentifierHeartRate
Heart rate,2026-07-17 18:04:25+09:00,79.0,count/min,1,김아연의 Apple Watch,HKQuantityTypeIdentifierHeartRate
Heart rate,2026-07-17 18:10:40+09:00,75.0,count/min,1,김아연의 Apple Watch,HKQuantityTypeIdentifierHeartRate
Heart rate,2026-07-17 18:16:56+09:00,72.0,count/min,1,김아연의 Apple Watch,HKQuantityTypeIdentifierHeartRate
Heart rate,2026-07-17 18:21:04+09:00,73.0,count/min,1,김아연의 Apple Watch,HKQuantityTypeIdentifierHeartRate
Heart rate,2026-07-17 18:26:03+09:00,79.0,count/min,1,김아연의 Apple Watch,HKQuantityTypeIdentifierHeartRate
Heart rate,2026-07-17 18:32:27+09:00,73.0,count/min,1,김아연의 Apple Watch,HKQuantityTypeIdentifierHeartRate
Heart rate,2026-07-17 18:36:08+09:00,73.0,count/min,1,김아연의 Apple Watch,HKQuantityTypeIdentifierHeartRate
Heart rate,2026-07-17 18:40:38+09:00,71.0,count/min,1,김아연의 Apple Watch,HKQuantityTypeIdentifierHeartRate
Heart rate,2026-07-17 18:48:17+09:00,80.0,count/min,1,김아연의 Apple Watch,HKQuantityTypeIdentifierHeartRate
Heart rate,2026-07-17 18:53:38+09:00,72.0,count/min,1,김아연의 Apple Watch,HKQuantityTypeIdentifierHeartRate
Heart rate,2026-07-17 18:55:11+09:00,73.0,count/min,1,김아연의 Apple Watch,HKQuantityTypeIdentifierHeartRate
Heart rate,2026-07-17 19:00:35+09:00,82.0,count/min,1,김아연의 Apple Watch,HKQuantityTypeIdentifierHeartRate
Heart rate,2026-07-17 19:04:37+09:00,78.0,count/min,1,김아연의 Apple Watch,HKQuantityTypeIdentifierHeartRate
Heart rate,2026-07-17 19:09:25+09:00,76.0,count/min,0,김아연의 Apple Watch,HKQuantityTypeIdentifierHeartRate
Heart rate,2026-07-17 19:15:16+09:00,88.0,count/min,0,김아연의 Apple Watch,HKQuantityTypeIdentifierHeartRate
Heart rate,2026-07-17 19:23:51+09:00,71.0,count/min,0,김아연의 Apple Watch,HKQuantityTypeIdentifierHeartRate
Heart rate,2026-07-17 19:25:02+09:00,88.0,count/min,0,김아연의 Apple Watch,HKQuantityTypeIdentifierHeartRate
Heart rate,2026-07-17 19:34:01+09:00,78.0,count/min,1,김아연의 Apple Watch,HKQuantityTypeIdentifierHeartRate
Heart rate,2026-07-17 19:36:12+09:00,77.0,count/min,0,김아연의 Apple Watch,HKQuantityTypeIdentifierHeartRate
Heart rate,2026-07-17 19:39:29+09:00,74.0,count/min,1,김아연의 Apple Watch,HKQuantityTypeIdentifierHeartRate
Heart rate,2026-07-17 19:47:23+09:00,77.0,count/min,1,김아연의 Apple Watch,HKQuantityTypeIdentifierHeartRate
Heart rate,2026-07-17 19:54:00+09:00,107.0,count/min,0,김아연의 Apple Watch,HKQuantityTypeIdentifierHeartRate
Heart rate,2026-07-17 19:54:01+09:00,108.0,count/min,0,김아연의 Apple Watch,HKQuantityTypeIdentifierHeartRate
Heart rate,2026-07-17 19:57:54+09:00,105.0,count/min,0,김아연의 Apple Watch,HKQuantityTypeIdentifierHeartRate
Heart rate,2026-07-17 19:57:56+09:00,99.0,count/min,0,김아연의 Apple Watch,HKQuantityTypeIdentifierHeartRate
Heart rate,2026-07-17 19:58:03+09:00,101.0,count/min,0,김아연의 Apple Watch,HKQuantityTypeIdentifierHeartRate
Heart rate,2026-07-17 19:58:08+09:00,101.0,count/min,0,김아연의 Apple Watch,HKQuantityTypeIdentifierHeartRate
Heart rate,2026-07-17 19:58:10+09:00,101.0,count/min,0,김아연의 Apple Watch,HKQuantityTypeIdentifierHeartRate
Heart rate,2026-07-17 19:58:15+09:00,101.0,count/min,0,김아연의 Apple Watch,HKQuantityTypeIdentifierHeartRate
Heart rate,2026-07-17 19:58:20+09:00,102.0,count/min,0,김아연의 Apple Watch,HKQuantityTypeIdentifierHeartRate
Heart rate,2026-07-17 19:58:29+09:00,103.0,count/min,0,김아연의 Apple Watch,HKQuantityTypeIdentifierHeartRate
Heart rate,2026-07-17 19:58:34+09:00,102.0,count/min,0,김아연의 Apple Watch,HKQuantityTypeIdentifierHeartRate
Heart rate,2026-07-17 19:58:35+09:00,103.0,count/min,0,김아연의 Apple Watch,HKQuantityTypeIdentifierHeartRate
Heart rate,2026-07-17 19:58:44+09:00,103.0,count/min,0,김아연의 Apple Watch,HKQuantityTypeIdentifierHeartRate
Heart rate,2026-07-17 19:58:48+09:00,104.0,count/min,0,김아연의 Apple Watch,HKQuantityTypeIdentifierHeartRate
Heart rate,2026-07-17 19:58:50+09:00,104.0,count/min,0,김아연의 Apple Watch,HKQuantityTypeIdentifierHeartRate
Heart rate,2026-07-17 19:58:55+09:00,104.0,count/min,0,김아연의 Apple Watch,HKQuantityTypeIdentifierHeartRate
Heart rate,2026-07-17 19:59:02+09:00,103.0,count/min,0,김아연의 Apple Watch,HKQuantityTypeIdentifierHeartRate
Heart rate,2026-07-17 19:59:05+09:00,104.0,count/min,0,김아연의 Apple Watch,HKQuantityTypeIdentifierHeartRate
Heart rate,2026-07-17 19:59:14+09:00,102.0,count/min,0,김아연의 Apple Watch,HKQuantityTypeIdentifierHeartRate
Heart rate,2026-07-17 19:59:15+09:00,102.0,count/min,0,김아연의 Apple Watch,HKQuantityTypeIdentifierHeartRate
Heart rate,2026-07-17 19:59:24+09:00,101.0,count/min,0,김아연의 Apple Watch,HKQuantityTypeIdentifierHeartRate
Heart rate,2026-07-17 19:59:25+09:00,101.0,count/min,0,김아연의 Apple Watch,HKQuantityTypeIdentifierHeartRate
Heart rate,2026-07-17 19:59:30+09:00,101.0,count/min,0,김아연의 Apple Watch,HKQuantityTypeIdentifierHeartRate
Heart rate,2026-07-17 19:59:39+09:00,102.0,count/min,0,김아연의 Apple Watch,HKQuantityTypeIdentifierHeartRate
Heart rate,2026-07-17 19:59:44+09:00,103.0,count/min,0,김아연의 Apple Watch,HKQuantityTypeIdentifierHeartRate
Heart rate,2026-07-17 19:59:45+09:00,103.0,count/min,0,김아연의 Apple Watch,HKQuantityTypeIdentifierHeartRate
Heart rate,2026-07-17 19:59:52+09:00,102.0,count/min,0,김아연의 Apple Watch,HKQuantityTypeIdentifierHeartRate
Heart rate,2026-07-17 19:59:55+09:00,102.0,count/min,0,김아연의 Apple Watch,HKQuantityTypeIdentifierHeartRate
Heart rate,2026-07-17 20:00:01+09:00,103.0,count/min,0,김아연의 Apple Watch,HKQuantityTypeIdentifierHeartRate
Heart rate,2026-07-17 20:00:10+09:00,104.0,count/min,0,김아연의 Apple Watch,HKQuantityTypeIdentifierHeartRate
Heart rate,2026-07-17 20:00:13+09:00,105.0,count/min,0,김아연의 Apple Watch,HKQuantityTypeIdentifierHeartRate
Heart rate,2026-07-17 20:00:16+09:00,104.0,count/min,0,김아연의 Apple Watch,HKQuantityTypeIdentifierHeartRate
Heart rate,2026-07-17 20:00:25+09:00,105.0,count/min,0,김아연의 Apple Watch,HKQuantityTypeIdentifierHeartRate
Heart rate,2026-07-17 20:00:30+09:00,105.0,count/min,0,김아연의 Apple Watch,HKQuantityTypeIdentifierHeartRate
Heart rate,2026-07-17 20:00:33+09:00,105.0,count/min,0,김아연의 Apple Watch,HKQuantityTypeIdentifierHeartRate
Heart rate,2026-07-17 20:00:36+09:00,106.0,count/min,0,김아연의 Apple Watch,HKQuantityTypeIdentifierHeartRate
Heart rate,2026-07-17 20:00:43+09:00,106.0,count/min,0,김아연의 Apple Watch,HKQuantityTypeIdentifierHeartRate
Heart rate,2026-07-17 20:00:46+09:00,105.0,count/min,0,김아연의 Apple Watch,HKQuantityTypeIdentifierHeartRate
Heart rate,2026-07-17 20:00:51+09:00,105.0,count/min,0,김아연의 Apple Watch,HKQuantityTypeIdentifierHeartRate
Heart rate,2026-07-17 20:00:59+09:00,102.0,count/min,0,김아연의 Apple Watch,HKQuantityTypeIdentifierHeartRate
Heart rate,2026-07-17 20:01:03+09:00,102.0,count/min,0,김아연의 Apple Watch,HKQuantityTypeIdentifierHeartRate
Heart rate,2026-07-17 20:01:10+09:00,102.0,count/min,0,김아연의 Apple Watch,HKQuantityTypeIdentifierHeartRate
Heart rate,2026-07-17 20:01:14+09:00,101.0,count/min,0,김아연의 Apple Watch,HKQuantityTypeIdentifierHeartRate
Heart rate,2026-07-17 20:01:19+09:00,101.0,count/min,0,김아연의 Apple Watch,HKQuantityTypeIdentifierHeartRate
Heart rate,2026-07-17 20:01:21+09:00,103.0,count/min,0,김아연의 Apple Watch,HKQuantityTypeIdentifierHeartRate
Heart rate,2026-07-17 20:01:26+09:00,101.0,count/min,0,김아연의 Apple Watch,HKQuantityTypeIdentifierHeartRate
Heart rate,2026-07-17 20:01:31+09:00,100.0,count/min,0,김아연의 Apple Watch,HKQuantityTypeIdentifierHeartRate
Heart rate,2026-07-17 20:01:39+09:00,97.0,count/min,0,김아연의 Apple Watch,HKQuantityTypeIdentifierHeartRate
Heart rate,2026-07-17 20:01:45+09:00,92.0,count/min,0,김아연의 Apple Watch,HKQuantityTypeIdentifierHeartRate
Heart rate,2026-07-17 20:01:48+09:00,91.0,count/min,0,김아연의 Apple Watch,HKQuantityTypeIdentifierHeartRate
Heart rate,2026-07-17 20:01:51+09:00,92.0,count/min,0,김아연의 Apple Watch,HKQuantityTypeIdentifierHeartRate
Heart rate,2026-07-17 20:01:58+09:00,92.0,count/min,0,김아연의 Apple Watch,HKQuantityTypeIdentifierHeartRate
Heart rate,2026-07-17 20:02:01+09:00,93.0,count/min,0,김아연의 Apple Watch,HKQuantityTypeIdentifierHeartRate
Heart rate,2026-07-17 20:02:10+09:00,93.0,count/min,0,김아연의 Apple Watch,HKQuantityTypeIdentifierHeartRate
Heart rate,2026-07-17 20:02:11+09:00,93.0,count/min,0,김아연의 Apple Watch,HKQuantityTypeIdentifierHeartRate
Heart rate,2026-07-17 20:02:20+09:00,91.0,count/min,0,김아연의 Apple Watch,HKQuantityTypeIdentifierHeartRate
Heart rate,2026-07-17 20:02:25+09:00,94.0,count/min,0,김아연의 Apple Watch,HKQuantityTypeIdentifierHeartRate
Heart rate,2026-07-17 20:02:30+09:00,92.0,count/min,0,김아연의 Apple Watch,HKQuantityTypeIdentifierHeartRate
Heart rate,2026-07-17 20:02:31+09:00,92.0,count/min,0,김아연의 Apple Watch,HKQuantityTypeIdentifierHeartRate
Heart rate,2026-07-17 20:02:36+09:00,93.0,count/min,0,김아연의 Apple Watch,HKQuantityTypeIdentifierHeartRate
Heart rate,2026-07-17 20:02:41+09:00,94.0,count/min,0,김아연의 Apple Watch,HKQuantityTypeIdentifierHeartRate
Heart rate,2026-07-17 20:02:50+09:00,95.0,count/min,0,김아연의 Apple Watch,HKQuantityTypeIdentifierHeartRate
Heart rate,2026-07-17 20:02:51+09:00,95.0,count/min,0,김아연의 Apple Watch,HKQuantityTypeIdentifierHeartRate
Heart rate,2026-07-17 20:03:00+09:00,94.0,count/min,0,김아연의 Apple Watch,HKQuantityTypeIdentifierHeartRate
Heart rate,2026-07-17 20:03:01+09:00,94.0,count/min,0,김아연의 Apple Watch,HKQuantityTypeIdentifierHeartRate
Heart rate,2026-07-17 20:03:10+09:00,91.0,count/min,0,김아연의 Apple Watch,HKQuantityTypeIdentifierHeartRate
Heart rate,2026-07-17 20:03:14+09:00,92.0,count/min,0,김아연의 Apple Watch,HKQuantityTypeIdentifierHeartRate
Heart rate,2026-07-17 20:03:16+09:00,92.0,count/min,0,김아연의 Apple Watch,HKQuantityTypeIdentifierHeartRate
Heart rate,2026-07-17 20:03:25+09:00,89.0,count/min,0,김아연의 Apple Watch,HKQuantityTypeIdentifierHeartRate
Heart rate,2026-07-17 20:03:26+09:00,90.0,count/min,0,김아연의 Apple Watch,HKQuantityTypeIdentifierHeartRate
Heart rate,2026-07-17 20:03:35+09:00,90.0,count/min,0,김아연의 Apple Watch,HKQuantityTypeIdentifierHeartRate
Heart rate,2026-07-17 20:03:40+09:00,91.0,count/min,0,김아연의 Apple Watch,HKQuantityTypeIdentifierHeartRate
Heart rate,2026-07-17 20:03:42+09:00,90.0,count/min,0,김아연의 Apple Watch,HKQuantityTypeIdentifierHeartRate
Heart rate,2026-07-17 20:03:50+09:00,85.0,count/min,0,김아연의 Apple Watch,HKQuantityTypeIdentifierHeartRate
Heart rate,2026-07-17 20:03:53+09:00,87.0,count/min,0,김아연의 Apple Watch,HKQuantityTypeIdentifierHeartRate
Heart rate,2026-07-17 20:04:00+09:00,87.0,count/min,0,김아연의 Apple Watch,HKQuantityTypeIdentifierHeartRate
Heart rate,2026-07-17 20:04:04+09:00,87.0,count/min,0,김아연의 Apple Watch,HKQuantityTypeIdentifierHeartRate
Heart rate,2026-07-17 20:04:10+09:00,82.0,count/min,0,김아연의 Apple Watch,HKQuantityTypeIdentifierHeartRate
Heart rate,2026-07-17 20:04:11+09:00,83.0,count/min,0,김아연의 Apple Watch,HKQuantityTypeIdentifierHeartRate
Heart rate,2026-07-17 20:04:16+09:00,82.0,count/min,0,김아연의 Apple Watch,HKQuantityTypeIdentifierHeartRate
Heart rate,2026-07-17 20:04:21+09:00,83.0,count/min,0,김아연의 Apple Watch,HKQuantityTypeIdentifierHeartRate
Heart rate,2026-07-17 20:04:26+09:00,90.0,count/min,0,김아연의 Apple Watch,HKQuantityTypeIdentifierHeartRate
Heart rate,2026-07-17 20:04:32+09:00,90.0,count/min,0,김아연의 Apple Watch,HKQuantityTypeIdentifierHeartRate
Heart rate,2026-07-17 20:04:38+09:00,86.0,count/min,0,김아연의 Apple Watch,HKQuantityTypeIdentifierHeartRate
Heart rate,2026-07-17 20:04:42+09:00,85.0,count/min,0,김아연의 Apple Watch,HKQuantityTypeIdentifierHeartRate
Heart rate,2026-07-17 20:04:46+09:00,83.0,count/min,0,김아연의 Apple Watch,HKQuantityTypeIdentifierHeartRate
Heart rate,2026-07-17 20:28:04+09:00,68.0,count/min,1,김아연의 Apple Watch,HKQuantityTypeIdentifierHeartRate
Heart rate,2026-07-18 13:53:39+09:00,81.0,count/min,1,김아연의 Apple Watch,HKQuantityTypeIdentifierHeartRate
Heart rate,2026-07-18 13:58:12+09:00,69.0,count/min,1,김아연의 Apple Watch,HKQuantityTypeIdentifierHeartRate
Heart rate,2026-07-18 14:03:33+09:00,71.0,count/min,1,김아연의 Apple Watch,HKQuantityTypeIdentifierHeartRate
Heart rate,2026-07-18 14:09:09+09:00,75.0,count/min,1,김아연의 Apple Watch,HKQuantityTypeIdentifierHeartRate
Heart rate,2026-07-18 14:10:14+09:00,72.0,count/min,1,김아연의 Apple Watch,HKQuantityTypeIdentifierHeartRate
Heart rate,2026-07-18 14:16:14+09:00,72.0,count/min,1,김아연의 Apple Watch,HKQuantityTypeIdentifierHeartRate
Heart rate,2026-07-18 14:23:32+09:00,73.0,count/min,1,김아연의 Apple Watch,HKQuantityTypeIdentifierHeartRate
Heart rate,2026-07-18 14:23:45+09:00,79.5396,count/min,0,김아연의 Apple Watch,HKQuantityTypeIdentifierHeartRate
Heart rate,2026-07-18 14:28:16+09:00,73.0,count/min,1,김아연의 Apple Watch,HKQuantityTypeIdentifierHeartRate
Heart rate,2026-07-18 14:29:26+09:00,71.0,count/min,1,김아연의 Apple Watch,HKQuantityTypeIdentifierHeartRate
Heart rate,2026-07-18 14:34:39+09:00,73.0,count/min,1,김아연의 Apple Watch,HKQuantityTypeIdentifierHeartRate
Heart rate,2026-07-18 14:40:51+09:00,71.0,count/min,1,김아연의 Apple Watch,HKQuantityTypeIdentifierHeartRate
Heart rate,2026-07-18 14:46:20+09:00,69.0,count/min,1,김아연의 Apple Watch,HKQuantityTypeIdentifierHeartRate
Heart rate,2026-07-18 14:53:41+09:00,82.0,count/min,1,김아연의 Apple Watch,HKQuantityTypeIdentifierHeartRate
Heart rate,2026-07-18 14:58:13+09:00,72.0,count/min,1,김아연의 Apple Watch,HKQuantityTypeIdentifierHeartRate
Heart rate,2026-07-18 15:00:50+09:00,68.0,count/min,1,김아연의 Apple Watch,HKQuantityTypeIdentifierHeartRate
Heart rate,2026-07-18 15:04:43+09:00,72.0,count/min,1,김아연의 Apple Watch,HKQuantityTypeIdentifierHeartRate
Heart rate,2026-07-18 15:09:49+09:00,72.0,count/min,1,김아연의 Apple Watch,HKQuantityTypeIdentifierHeartRate
Heart rate,2026-07-18 15:16:56+09:00,72.0,count/min,1,김아연의 Apple Watch,HKQuantityTypeIdentifierHeartRate
Heart rate,2026-07-18 15:20:09+09:00,73.0,count/min,1,김아연의 Apple Watch,HKQuantityTypeIdentifierHeartRate
Heart rate,2026-07-18 15:26:35+09:00,71.0,count/min,1,김아연의 Apple Watch,HKQuantityTypeIdentifierHeartRate
Heart rate,2026-07-18 15:30:30+09:00,73.0,count/min,1,김아연의 Apple Watch,HKQuantityTypeIdentifierHeartRate
Heart rate,2026-07-20 08:14:13+09:00,102.0,count/min,0,김아연의 Apple Watch,HKQuantityTypeIdentifierHeartRate
Heart rate,2026-07-20 08:16:45+09:00,99.0,count/min,1,김아연의 Apple Watch,HKQuantityTypeIdentifierHeartRate
Heart rate,2026-07-20 08:18:22+09:00,129.0,count/min,0,김아연의 Apple Watch,HKQuantityTypeIdentifierHeartRate
Heart rate,2026-07-20 08:21:48+09:00,150.0,count/min,0,김아연의 Apple Watch,HKQuantityTypeIdentifierHeartRate
Heart rate,2026-07-20 08:21:53+09:00,151.0,count/min,0,김아연의 Apple Watch,HKQuantityTypeIdentifierHeartRate
Heart rate,2026-07-20 08:21:58+09:00,152.0,count/min,0,김아연의 Apple Watch,HKQuantityTypeIdentifierHeartRate
Heart rate,2026-07-20 08:22:02+09:00,153.0,count/min,0,김아연의 Apple Watch,HKQuantityTypeIdentifierHeartRate
Heart rate,2026-07-20 08:22:04+09:00,154.0,count/min,0,김아연의 Apple Watch,HKQuantityTypeIdentifierHeartRate
Heart rate,2026-07-20 08:22:13+09:00,151.0,count/min,0,김아연의 Apple Watch,HKQuantityTypeIdentifierHeartRate
Heart rate,2026-07-20 08:22:15+09:00,152.0,count/min,0,김아연의 Apple Watch,HKQuantityTypeIdentifierHeartRate
Heart rate,2026-07-20 08:22:23+09:00,153.0,count/min,0,김아연의 Apple Watch,HKQuantityTypeIdentifierHeartRate
Heart rate,2026-07-20 08:22:28+09:00,153.0,count/min,0,김아연의 Apple Watch,HKQuantityTypeIdentifierHeartRate
Heart rate,2026-07-20 08:22:29+09:00,154.0,count/min,0,김아연의 Apple Watch,HKQuantityTypeIdentifierHeartRate
Heart rate,2026-07-20 08:22:34+09:00,153.0,count/min,0,김아연의 Apple Watch,HKQuantityTypeIdentifierHeartRate
Heart rate,2026-07-20 08:22:42+09:00,151.0,count/min,0,김아연의 Apple Watch,HKQuantityTypeIdentifierHeartRate
Heart rate,2026-07-20 08:22:44+09:00,151.0,count/min,0,김아연의 Apple Watch,HKQuantityTypeIdentifierHeartRate
Heart rate,2026-07-20 08:22:49+09:00,148.0,count/min,0,김아연의 Apple Watch,HKQuantityTypeIdentifierHeartRate
Heart rate,2026-07-20 08:22:54+09:00,144.0,count/min,0,김아연의 Apple Watch,HKQuantityTypeIdentifierHeartRate
Heart rate,2026-07-20 08:22:59+09:00,142.0,count/min,0,김아연의 Apple Watch,HKQuantityTypeIdentifierHeartRate
Heart rate,2026-07-20 08:23:08+09:00,138.0,count/min,0,김아연의 Apple Watch,HKQuantityTypeIdentifierHeartRate
Heart rate,2026-07-20 08:23:11+09:00,139.0,count/min,0,김아연의 Apple Watch,HKQuantityTypeIdentifierHeartRate
Heart rate,2026-07-20 08:23:15+09:00,138.0,count/min,0,김아연의 Apple Watch,HKQuantityTypeIdentifierHeartRate
Heart rate,2026-07-20 08:23:20+09:00,137.0,count/min,0,김아연의 Apple Watch,HKQuantityTypeIdentifierHeartRate
Heart rate,2026-07-20 08:23:26+09:00,135.0,count/min,0,김아연의 Apple Watch,HKQuantityTypeIdentifierHeartRate
Heart rate,2026-07-20 08:24:03+09:00,125.0,count/min,0,김아연의 Apple Watch,HKQuantityTypeIdentifierHeartRate
Heart rate,2026-07-20 08:25:20+09:00,115.0,count/min,0,김아연의 Apple Watch,HKQuantityTypeIdentifierHeartRate
Heart rate,2026-07-20 08:25:25+09:00,115.0,count/min,0,김아연의 Apple Watch,HKQuantityTypeIdentifierHeartRate
Heart rate,2026-07-20 08:25:30+09:00,116.0,count/min,0,김아연의 Apple Watch,HKQuantityTypeIdentifierHeartRate
Heart rate,2026-07-20 08:25:34+09:00,115.0,count/min,0,김아연의 Apple Watch,HKQuantityTypeIdentifierHeartRate
Heart rate,2026-07-20 08:28:59+09:00,104.212,count/min,0,김아연의 Apple Watch,HKQuantityTypeIdentifierHeartRate
Heart rate,2026-07-20 08:28:59+09:00,103.0,count/min,1,김아연의 Apple Watch,HKQuantityTypeIdentifierHeartRate
Heart rate,2026-07-20 08:30:46+09:00,104.0,count/min,1,김아연의 Apple Watch,HKQuantityTypeIdentifierHeartRate
Heart rate,2026-07-20 08:35:00+09:00,137.0,count/min,0,김아연의 Apple Watch,HKQuantityTypeIdentifierHeartRate
Heart rate,2026-07-20 08:35:06+09:00,139.0,count/min,0,김아연의 Apple Watch,HKQuantityTypeIdentifierHeartRate
Heart rate,2026-07-20 08:35:11+09:00,146.0,count/min,0,김아연의 Apple Watch,HKQuantityTypeIdentifierHeartRate
Heart rate,2026-07-20 08:35:16+09:00,150.0,count/min,0,김아연의 Apple Watch,HKQuantityTypeIdentifierHeartRate
Heart rate,2026-07-20 08:35:17+09:00,151.0,count/min,0,김아연의 Apple Watch,HKQuantityTypeIdentifierHeartRate
Heart rate,2026-07-20 08:35:26+09:00,151.0,count/min,0,김아연의 Apple Watch,HKQuantityTypeIdentifierHeartRate
Heart rate,2026-07-20 08:35:28+09:00,150.0,count/min,0,김아연의 Apple Watch,HKQuantityTypeIdentifierHeartRate
Heart rate,2026-07-20 08:35:35+09:00,150.0,count/min,0,김아연의 Apple Watch,HKQuantityTypeIdentifierHeartRate
Heart rate,2026-07-20 08:35:37+09:00,149.0,count/min,0,김아연의 Apple Watch,HKQuantityTypeIdentifierHeartRate
Heart rate,2026-07-20 08:35:44+09:00,147.0,count/min,0,김아연의 Apple Watch,HKQuantityTypeIdentifierHeartRate
Heart rate,2026-07-20 08:35:47+09:00,145.0,count/min,0,김아연의 Apple Watch,HKQuantityTypeIdentifierHeartRate
Heart rate,2026-07-20 08:35:52+09:00,143.0,count/min,0,김아연의 Apple Watch,HKQuantityTypeIdentifierHeartRate
Heart rate,2026-07-20 08:36:00+09:00,143.0,count/min,0,김아연의 Apple Watch,HKQuantityTypeIdentifierHeartRate
Heart rate,2026-07-20 08:36:04+09:00,142.0,count/min,0,김아연의 Apple Watch,HKQuantityTypeIdentifierHeartRate
Heart rate,2026-07-20 08:36:11+09:00,141.0,count/min,0,김아연의 Apple Watch,HKQuantityTypeIdentifierHeartRate
Heart rate,2026-07-20 08:36:15+09:00,140.0,count/min,0,김아연의 Apple Watch,HKQuantityTypeIdentifierHeartRate
Heart rate,2026-07-20 08:38:16+09:00,123.0,count/min,1,김아연의 Apple Watch,HKQuantityTypeIdentifierHeartRate
Heart rate,2026-07-20 08:41:29+09:00,127.0,count/min,2,김아연의 Apple Watch,HKQuantityTypeIdentifierHeartRate
Heart rate,2026-07-20 08:43:06+09:00,139.0,count/min,0,김아연의 Apple Watch,HKQuantityTypeIdentifierHeartRate
Heart rate,2026-07-20 08:43:09+09:00,138.0,count/min,0,김아연의 Apple Watch,HKQuantityTypeIdentifierHeartRate
Heart rate,2026-07-20 08:43:12+09:00,138.0,count/min,0,김아연의 Apple Watch,HKQuantityTypeIdentifierHeartRate
Heart rate,2026-07-20 08:43:20+09:00,140.0,count/min,0,김아연의 Apple Watch,HKQuantityTypeIdentifierHeartRate
Heart rate,2026-07-20 08:43:22+09:00,140.0,count/min,0,김아연의 Apple Watch,HKQuantityTypeIdentifierHeartRate
Heart rate,2026-07-20 08:43:29+09:00,138.0,count/min,0,김아연의 Apple Watch,HKQuantityTypeIdentifierHeartRate
Heart rate,2026-07-20 08:43:34+09:00,137.0,count/min,0,김아연의 Apple Watch,HKQuantityTypeIdentifierHeartRate
Heart rate,2026-07-20 08:43:37+09:00,136.0,count/min,0,김아연의 Apple Watch,HKQuantityTypeIdentifierHeartRate
Heart rate,2026-07-20 08:43:43+09:00,135.0,count/min,0,김아연의 Apple Watch,HKQuantityTypeIdentifierHeartRate
Heart rate,2026-07-20 08:43:51+09:00,137.0,count/min,0,김아연의 Apple Watch,HKQuantityTypeIdentifierHeartRate
Heart rate,2026-07-20 08:43:56+09:00,139.0,count/min,0,김아연의 Apple Watch,HKQuantityTypeIdentifierHeartRate
Heart rate,2026-07-20 08:43:59+09:00,139.0,count/min,0,김아연의 Apple Watch,HKQuantityTypeIdentifierHeartRate
Heart rate,2026-07-20 08:44:03+09:00,137.0,count/min,0,김아연의 Apple Watch,HKQuantityTypeIdentifierHeartRate
Heart rate,2026-07-20 08:44:07+09:00,135.0,count/min,0,김아연의 Apple Watch,HKQuantityTypeIdentifierHeartRate
Heart rate,2026-07-20 08:44:12+09:00,137.0,count/min,0,김아연의 Apple Watch,HKQuantityTypeIdentifierHeartRate
Heart rate,2026-07-20 08:44:21+09:00,145.0,count/min,0,김아연의 Apple Watch,HKQuantityTypeIdentifierHeartRate
Heart rate,2026-07-20 11:43:16+09:00,96.0,count/min,2,김아연의 Apple Watch,HKQuantityTypeIdentifierHeartRate
Heart rate,2026-07-20 11:47:07+09:00,74.0,count/min,1,김아연의 Apple Watch,HKQuantityTypeIdentifierHeartRate
Heart rate,2026-07-20 11:51:23+09:00,83.0,count/min,1,김아연의 Apple Watch,HKQuantityTypeIdentifierHeartRate
Heart rate,2026-07-20 11:54:02+09:00,88.3036,count/min,0,김아연의 Apple Watch,HKQuantityTypeIdentifierHeartRate
Heart rate,2026-07-20 11:55:30+09:00,89.0,count/min,1,김아연의 Apple Watch,HKQuantityTypeIdentifierHeartRate
Heart rate,2026-07-20 12:02:27+09:00,95.0,count/min,1,김아연의 Apple Watch,HKQuantityTypeIdentifierHeartRate
Heart rate,2026-07-20 12:05:39+09:00,119.0,count/min,2,김아연의 Apple Watch,HKQuantityTypeIdentifierHeartRate
Heart rate,2026-07-20 12:08:14+09:00,108.0,count/min,2,김아연의 Apple Watch,HKQuantityTypeIdentifierHeartRate
Heart rate,2026-07-20 12:09:51+09:00,93.0,count/min,1,김아연의 Apple Watch,HKQuantityTypeIdentifierHeartRate
Heart rate,2026-07-20 12:12:40+09:00,113.0,count/min,2,김아연의 Apple Watch,HKQuantityTypeIdentifierHeartRate
Heart rate,2026-07-20 12:18:45+09:00,97.0,count/min,1,김아연의 Apple Watch,HKQuantityTypeIdentifierHeartRate
Heart rate,2026-07-20 12:23:47+09:00,120.0,count/min,0,김아연의 Apple Watch,HKQuantityTypeIdentifierHeartRate
Heart rate,2026-07-20 12:26:18+09:00,94.0,count/min,1,김아연의 Apple Watch,HKQuantityTypeIdentifierHeartRate
Heart rate,2026-07-20 12:34:23+09:00,93.0,count/min,1,김아연의 Apple Watch,HKQuantityTypeIdentifierHeartRate
Heart rate,2026-07-20 12:37:10+09:00,93.0,count/min,1,김아연의 Apple Watch,HKQuantityTypeIdentifierHeartRate
Heart rate,2026-07-20 12:40:06+09:00,90.0,count/min,1,김아연의 Apple Watch,HKQuantityTypeIdentifierHeartRate
Heart rate,2026-07-20 12:48:28+09:00,90.0,count/min,1,김아연의 Apple Watch,HKQuantityTypeIdentifierHeartRate
Heart rate,2026-07-20 12:52:17+09:00,84.0,count/min,1,김아연의 Apple Watch,HKQuantityTypeIdentifierHeartRate
Heart rate,2026-07-20 12:55:08+09:00,84.0,count/min,1,김아연의 Apple Watch,HKQuantityTypeIdentifierHeartRate
Heart rate,2026-07-20 13:02:27+09:00,84.0,count/min,1,김아연의 Apple Watch,HKQuantityTypeIdentifierHeartRate
Heart rate,2026-07-20 13:08:01+09:00,86.053,count/min,0,김아연의 Apple Watch,HKQuantityTypeIdentifierHeartRate
Heart rate,2026-07-20 13:08:51+09:00,84.0,count/min,1,김아연의 Apple Watch,HKQuantityTypeIdentifierHeartRate
Heart rate,2026-07-20 13:12:42+09:00,85.0,count/min,1,김아연의 Apple Watch,HKQuantityTypeIdentifierHeartRate
Heart rate,2026-07-20 13:17:43+09:00,85.0,count/min,1,김아연의 Apple Watch,HKQuantityTypeIdentifierHeartRate
Heart rate,2026-07-20 13:23:53+09:00,84.0,count/min,1,김아연의 Apple Watch,HKQuantityTypeIdentifierHeartRate
Heart rate,2026-07-20 13:25:07+09:00,86.0,count/min,1,김아연의 Apple Watch,HKQuantityTypeIdentifierHeartRate
Heart rate,2026-07-20 13:31:29+09:00,85.0,count/min,1,김아연의 Apple Watch,HKQuantityTypeIdentifierHeartRate
Heart rate,2026-07-20 13:35:45+09:00,79.0,count/min,1,김아연의 Apple Watch,HKQuantityTypeIdentifierHeartRate
Heart rate,2026-07-20 13:40:33+09:00,81.0,count/min,1,김아연의 Apple Watch,HKQuantityTypeIdentifierHeartRate
Heart rate,2026-07-20 13:47:27+09:00,80.0,count/min,1,김아연의 Apple Watch,HKQuantityTypeIdentifierHeartRate
Heart rate,2026-07-20 13:50:42+09:00,80.0,count/min,1,김아연의 Apple Watch,HKQuantityTypeIdentifierHeartRate
Heart rate,2026-07-20 13:57:29+09:00,84.0,count/min,1,김아연의 Apple Watch,HKQuantityTypeIdentifierHeartRate
Heart rate,2026-07-20 14:01:11+09:00,90.0,count/min,1,김아연의 Apple Watch,HKQuantityTypeIdentifierHeartRate
Heart rate,2026-07-20 14:09:00+09:00,84.0,count/min,1,김아연의 Apple Watch,HKQuantityTypeIdentifierHeartRate
Heart rate,2026-07-20 14:11:07+09:00,80.0,count/min,1,김아연의 Apple Watch,HKQuantityTypeIdentifierHeartRate
Heart rate,2026-07-20 14:16:15+09:00,88.0,count/min,1,김아연의 Apple Watch,HKQuantityTypeIdentifierHeartRate
Heart rate,2026-07-20 14:20:16+09:00,86.0,count/min,1,김아연의 Apple Watch,HKQuantityTypeIdentifierHeartRate
Heart rate,2026-07-20 14:28:57+09:00,81.0,count/min,1,김아연의 Apple Watch,HKQuantityTypeIdentifierHeartRate
Heart rate,2026-07-20 14:32:40+09:00,81.0,count/min,1,김아연의 Apple Watch,HKQuantityTypeIdentifierHeartRate
Heart rate,2026-07-20 14:35:30+09:00,83.0,count/min,1,김아연의 Apple Watch,HKQuantityTypeIdentifierHeartRate
Heart rate,2026-07-20 14:41:07+09:00,83.0,count/min,1,김아연의 Apple Watch,HKQuantityTypeIdentifierHeartRate
Heart rate,2026-07-20 14:46:47+09:00,84.0,count/min,1,김아연의 Apple Watch,HKQuantityTypeIdentifierHeartRate
Heart rate,2026-07-20 14:50:43+09:00,82.0,count/min,1,김아연의 Apple Watch,HKQuantityTypeIdentifierHeartRate
Heart rate,2026-07-20 14:57:01+09:00,82.0,count/min,1,김아연의 Apple Watch,HKQuantityTypeIdentifierHeartRate
Heart rate,2026-07-20 15:03:35+09:00,83.0,count/min,1,김아연의 Apple Watch,HKQuantityTypeIdentifierHeartRate
Heart rate,2026-07-20 15:06:02+09:00,86.0,count/min,1,김아연의 Apple Watch,HKQuantityTypeIdentifierHeartRate
Heart rate,2026-07-20 15:10:13+09:00,79.0,count/min,1,김아연의 Apple Watch,HKQuantityTypeIdentifierHeartRate
Heart rate,2026-07-20 15:17:36+09:00,86.0,count/min,1,김아연의 Apple Watch,HKQuantityTypeIdentifierHeartRate
Heart rate,2026-07-20 15:20:11+09:00,86.0,count/min,1,김아연의 Apple Watch,HKQuantityTypeIdentifierHeartRate
Heart rate,2026-07-20 15:25:51+09:00,85.0,count/min,1,김아연의 Apple Watch,HKQuantityTypeIdentifierHeartRate
Heart rate,2026-07-20 15:34:50+09:00,79.0,count/min,1,김아연의 Apple Watch,HKQuantityTypeIdentifierHeartRate
Heart rate,2026-07-20 15:35:58+09:00,80.0,count/min,1,김아연의 Apple Watch,HKQuantityTypeIdentifierHeartRate
Heart rate,2026-07-20 15:41:30+09:00,74.0,count/min,1,김아연의 Apple Watch,HKQuantityTypeIdentifierHeartRate
Heart rate,2026-07-20 15:47:38+09:00,79.0,count/min,1,김아연의 Apple Watch,HKQuantityTypeIdentifierHeartRate
Heart rate,2026-07-20 15:51:04+09:00,77.0,count/min,1,김아연의 Apple Watch,HKQuantityTypeIdentifierHeartRate
Heart rate,2026-07-20 15:56:09+09:00,79.0,count/min,1,김아연의 Apple Watch,HKQuantityTypeIdentifierHeartRate
Heart rate,2026-07-20 16:01:29+09:00,69.0,count/min,1,김아연의 Apple Watch,HKQuantityTypeIdentifierHeartRate
Heart rate,2026-07-20 16:09:36+09:00,78.0,count/min,1,김아연의 Apple Watch,HKQuantityTypeIdentifierHeartRate
Heart rate,2026-07-20 16:13:23+09:00,80.0,count/min,1,김아연의 Apple Watch,HKQuantityTypeIdentifierHeartRate
Heart rate,2026-07-20 16:17:56+09:00,79.0,count/min,1,김아연의 Apple Watch,HKQuantityTypeIdentifierHeartRate
Heart rate,2026-07-20 16:20:32+09:00,79.0,count/min,1,김아연의 Apple Watch,HKQuantityTypeIdentifierHeartRate
Heart rate,2026-07-20 16:26:07+09:00,80.0,count/min,1,김아연의 Apple Watch,HKQuantityTypeIdentifierHeartRate
Heart rate,2026-07-20 16:34:58+09:00,84.0,count/min,1,김아연의 Apple Watch,HKQuantityTypeIdentifierHeartRate
Heart rate,2026-07-20 16:37:42+09:00,88.0,count/min,1,김아연의 Apple Watch,HKQuantityTypeIdentifierHeartRate
Heart rate,2026-07-20 16:45:03+09:00,80.0,count/min,1,김아연의 Apple Watch,HKQuantityTypeIdentifierHeartRate
Heart rate,2026-07-20 16:47:18+09:00,83.0,count/min,1,김아연의 Apple Watch,HKQuantityTypeIdentifierHeartRate
Heart rate,2026-07-20 16:54:39+09:00,78.1843,count/min,0,김아연의 Apple Watch,HKQuantityTypeIdentifierHeartRate
Heart rate,2026-07-20 16:54:50+09:00,79.0,count/min,1,김아연의 Apple Watch,HKQuantityTypeIdentifierHeartRate
Heart rate,2026-07-20 16:58:52+09:00,73.0,count/min,1,김아연의 Apple Watch,HKQuantityTypeIdentifierHeartRate
Heart rate,2026-07-20 17:00:09+09:00,74.0,count/min,1,김아연의 Apple Watch,HKQuantityTypeIdentifierHeartRate
Heart rate,2026-07-20 17:06:14+09:00,75.0,count/min,1,김아연의 Apple Watch,HKQuantityTypeIdentifierHeartRate
Heart rate,2026-07-20 17:10:09+09:00,71.0,count/min,1,김아연의 Apple Watch,HKQuantityTypeIdentifierHeartRate
Heart rate,2026-07-20 17:15:47+09:00,75.0,count/min,1,김아연의 Apple Watch,HKQuantityTypeIdentifierHeartRate
Heart rate,2026-07-20 17:23:28+09:00,75.0,count/min,1,김아연의 Apple Watch,HKQuantityTypeIdentifierHeartRate
Heart rate,2026-07-20 17:27:01+09:00,73.0,count/min,1,김아연의 Apple Watch,HKQuantityTypeIdentifierHeartRate
Heart rate,2026-07-20 17:33:39+09:00,74.0,count/min,1,김아연의 Apple Watch,HKQuantityTypeIdentifierHeartRate
Heart rate,2026-07-20 17:39:37+09:00,75.0,count/min,1,김아연의 Apple Watch,HKQuantityTypeIdentifierHeartRate
Heart rate,2026-07-20 17:43:18+09:00,73.0,count/min,1,김아연의 Apple Watch,HKQuantityTypeIdentifierHeartRate
Heart rate,2026-07-20 17:48:32+09:00,75.0,count/min,1,김아연의 Apple Watch,HKQuantityTypeIdentifierHeartRate
Heart rate,2026-07-20 17:55:03+09:00,71.0,count/min,1,김아연의 Apple Watch,HKQuantityTypeIdentifierHeartRate
Heart rate,2026-07-20 17:58:23+09:00,72.0,count/min,1,김아연의 Apple Watch,HKQuantityTypeIdentifierHeartRate
Heart rate,2026-07-20 18:05:03+09:00,73.0,count/min,1,김아연의 Apple Watch,HKQuantityTypeIdentifierHeartRate
Heart rate,2026-07-20 18:10:34+09:00,91.0,count/min,0,김아연의 Apple Watch,HKQuantityTypeIdentifierHeartRate
Heart rate,2026-07-20 18:14:40+09:00,106.0,count/min,0,김아연의 Apple Watch,HKQuantityTypeIdentifierHeartRate
Heart rate,2026-07-20 18:14:43+09:00,109.0,count/min,0,김아연의 Apple Watch,HKQuantityTypeIdentifierHeartRate
Heart rate,2026-07-20 18:14:51+09:00,107.0,count/min,0,김아연의 Apple Watch,HKQuantityTypeIdentifierHeartRate
Heart rate,2026-07-20 18:15:22+09:00,100.0,count/min,0,김아연의 Apple Watch,HKQuantityTypeIdentifierHeartRate
Heart rate,2026-07-20 18:15:27+09:00,99.0,count/min,0,김아연의 Apple Watch,HKQuantityTypeIdentifierHeartRate
Heart rate,2026-07-20 18:15:29+09:00,99.0,count/min,0,김아연의 Apple Watch,HKQuantityTypeIdentifierHeartRate
Heart rate,2026-07-20 18:15:34+09:00,100.0,count/min,0,김아연의 Apple Watch,HKQuantityTypeIdentifierHeartRate
Heart rate,2026-07-20 18:15:38+09:00,100.0,count/min,0,김아연의 Apple Watch,HKQuantityTypeIdentifierHeartRate
Heart rate,2026-07-20 18:15:47+09:00,97.0,count/min,0,김아연의 Apple Watch,HKQuantityTypeIdentifierHeartRate
Heart rate,2026-07-20 18:15:50+09:00,95.0,count/min,0,김아연의 Apple Watch,HKQuantityTypeIdentifierHeartRate
Heart rate,2026-07-20 18:15:53+09:00,93.0,count/min,0,김아연의 Apple Watch,HKQuantityTypeIdentifierHeartRate
Heart rate,2026-07-20 18:15:58+09:00,94.0,count/min,0,김아연의 Apple Watch,HKQuantityTypeIdentifierHeartRate
Heart rate,2026-07-20 18:16:03+09:00,95.0,count/min,0,김아연의 Apple Watch,HKQuantityTypeIdentifierHeartRate
Heart rate,2026-07-20 18:16:12+09:00,95.0,count/min,0,김아연의 Apple Watch,HKQuantityTypeIdentifierHeartRate
Heart rate,2026-07-20 18:16:17+09:00,96.0,count/min,0,김아연의 Apple Watch,HKQuantityTypeIdentifierHeartRate
Heart rate,2026-07-20 18:16:19+09:00,97.0,count/min,0,김아연의 Apple Watch,HKQuantityTypeIdentifierHeartRate
Heart rate,2026-07-20 18:16:27+09:00,93.0,count/min,0,김아연의 Apple Watch,HKQuantityTypeIdentifierHeartRate
Heart rate,2026-07-20 18:16:29+09:00,94.0,count/min,0,김아연의 Apple Watch,HKQuantityTypeIdentifierHeartRate
Heart rate,2026-07-20 18:16:34+09:00,96.0,count/min,0,김아연의 Apple Watch,HKQuantityTypeIdentifierHeartRate
Heart rate,2026-07-20 18:16:38+09:00,97.0,count/min,0,김아연의 Apple Watch,HKQuantityTypeIdentifierHeartRate
Heart rate,2026-07-20 18:16:47+09:00,96.0,count/min,0,김아연의 Apple Watch,HKQuantityTypeIdentifierHeartRate
Heart rate,2026-07-20 18:16:50+09:00,95.0,count/min,0,김아연의 Apple Watch,HKQuantityTypeIdentifierHeartRate
Heart rate,2026-07-20 18:16:53+09:00,95.0,count/min,0,김아연의 Apple Watch,HKQuantityTypeIdentifierHeartRate
Heart rate,2026-07-20 18:16:58+09:00,96.0,count/min,0,김아연의 Apple Watch,HKQuantityTypeIdentifierHeartRate
Heart rate,2026-07-20 18:20:13+09:00,103.0,count/min,0,김아연의 Apple Watch,HKQuantityTypeIdentifierHeartRate
Heart rate,2026-07-20 18:20:17+09:00,102.0,count/min,0,김아연의 Apple Watch,HKQuantityTypeIdentifierHeartRate
Heart rate,2026-07-20 18:20:19+09:00,103.0,count/min,0,김아연의 Apple Watch,HKQuantityTypeIdentifierHeartRate
Heart rate,2026-07-20 18:20:24+09:00,106.0,count/min,0,김아연의 Apple Watch,HKQuantityTypeIdentifierHeartRate
Heart rate,2026-07-20 18:20:32+09:00,109.0,count/min,0,김아연의 Apple Watch,HKQuantityTypeIdentifierHeartRate
Heart rate,2026-07-20 18:20:34+09:00,110.0,count/min,0,김아연의 Apple Watch,HKQuantityTypeIdentifierHeartRate
Heart rate,2026-07-20 18:20:43+09:00,106.0,count/min,0,김아연의 Apple Watch,HKQuantityTypeIdentifierHeartRate
Heart rate,2026-07-20 18:20:48+09:00,105.0,count/min,0,김아연의 Apple Watch,HKQuantityTypeIdentifierHeartRate
Heart rate,2026-07-20 18:20:49+09:00,105.0,count/min,0,김아연의 Apple Watch,HKQuantityTypeIdentifierHeartRate
Heart rate,2026-07-20 18:20:56+09:00,100.0,count/min,0,김아연의 Apple Watch,HKQuantityTypeIdentifierHeartRate
Heart rate,2026-07-20 18:21:03+09:00,96.0,count/min,0,김아연의 Apple Watch,HKQuantityTypeIdentifierHeartRate
Heart rate,2026-07-20 18:21:07+09:00,96.0,count/min,0,김아연의 Apple Watch,HKQuantityTypeIdentifierHeartRate
Heart rate,2026-07-20 18:21:10+09:00,95.0,count/min,0,김아연의 Apple Watch,HKQuantityTypeIdentifierHeartRate
Heart rate,2026-07-20 18:21:18+09:00,97.0,count/min,0,김아연의 Apple Watch,HKQuantityTypeIdentifierHeartRate
Heart rate,2026-07-20 18:21:22+09:00,98.0,count/min,0,김아연의 Apple Watch,HKQuantityTypeIdentifierHeartRate
Heart rate,2026-07-20 18:21:27+09:00,98.0,count/min,0,김아연의 Apple Watch,HKQuantityTypeIdentifierHeartRate
Heart rate,2026-07-20 18:21:29+09:00,98.0,count/min,0,김아연의 Apple Watch,HKQuantityTypeIdentifierHeartRate
Heart rate,2026-07-20 18:21:34+09:00,99.0,count/min,0,김아연의 Apple Watch,HKQuantityTypeIdentifierHeartRate
Heart rate,2026-07-20 18:21:42+09:00,95.0,count/min,0,김아연의 Apple Watch,HKQuantityTypeIdentifierHeartRate
Heart rate,2026-07-20 18:21:45+09:00,96.0,count/min,0,김아연의 Apple Watch,HKQuantityTypeIdentifierHeartRate
Heart rate,2026-07-20 18:21:53+09:00,90.0,count/min,0,김아연의 Apple Watch,HKQuantityTypeIdentifierHeartRate
Heart rate,2026-07-20 18:21:56+09:00,91.0,count/min,0,김아연의 Apple Watch,HKQuantityTypeIdentifierHeartRate
Heart rate,2026-07-20 18:21:59+09:00,91.0,count/min,0,김아연의 Apple Watch,HKQuantityTypeIdentifierHeartRate
Heart rate,2026-07-20 18:22:05+09:00,89.0,count/min,0,김아연의 Apple Watch,HKQuantityTypeIdentifierHeartRate
Heart rate,2026-07-20 18:22:11+09:00,89.0,count/min,0,김아연의 Apple Watch,HKQuantityTypeIdentifierHeartRate
Heart rate,2026-07-20 18:22:14+09:00,89.0,count/min,0,김아연의 Apple Watch,HKQuantityTypeIdentifierHeartRate
Heart rate,2026-07-20 18:22:22+09:00,91.0,count/min,0,김아연의 Apple Watch,HKQuantityTypeIdentifierHeartRate
Heart rate,2026-07-20 18:22:28+09:00,90.0,count/min,0,김아연의 Apple Watch,HKQuantityTypeIdentifierHeartRate
Heart rate,2026-07-20 18:22:31+09:00,91.0,count/min,0,김아연의 Apple Watch,HKQuantityTypeIdentifierHeartRate
Heart rate,2026-07-20 18:22:37+09:00,93.0,count/min,0,김아연의 Apple Watch,HKQuantityTypeIdentifierHeartRate
Heart rate,2026-07-20 18:22:40+09:00,94.0,count/min,0,김아연의 Apple Watch,HKQuantityTypeIdentifierHeartRate
Heart rate,2026-07-20 18:22:48+09:00,90.0,count/min,0,김아연의 Apple Watch,HKQuantityTypeIdentifierHeartRate
Heart rate,2026-07-20 18:22:50+09:00,91.0,count/min,0,김아연의 Apple Watch,HKQuantityTypeIdentifierHeartRate
Heart rate,2026-07-20 18:22:58+09:00,92.0,count/min,0,김아연의 Apple Watch,HKQuantityTypeIdentifierHeartRate
Heart rate,2026-07-20 18:23:02+09:00,91.0,count/min,0,김아연의 Apple Watch,HKQuantityTypeIdentifierHeartRate
Heart rate,2026-07-20 18:23:04+09:00,91.0,count/min,0,김아연의 Apple Watch,HKQuantityTypeIdentifierHeartRate
Heart rate,2026-07-20 18:23:09+09:00,92.0,count/min,0,김아연의 Apple Watch,HKQuantityTypeIdentifierHeartRate
Heart rate,2026-07-20 18:23:18+09:00,95.0,count/min,0,김아연의 Apple Watch,HKQuantityTypeIdentifierHeartRate
Heart rate,2026-07-20 18:23:23+09:00,93.0,count/min,0,김아연의 Apple Watch,HKQuantityTypeIdentifierHeartRate
Heart rate,2026-07-20 18:23:27+09:00,94.0,count/min,0,김아연의 Apple Watch,HKQuantityTypeIdentifierHeartRate
Heart rate,2026-07-20 18:23:29+09:00,94.0,count/min,0,김아연의 Apple Watch,HKQuantityTypeIdentifierHeartRate
Heart rate,2026-07-20 18:23:38+09:00,93.0,count/min,0,김아연의 Apple Watch,HKQuantityTypeIdentifierHeartRate
Heart rate,2026-07-20 18:23:42+09:00,94.0,count/min,0,김아연의 Apple Watch,HKQuantityTypeIdentifierHeartRate
Heart rate,2026-07-20 18:23:44+09:00,94.0,count/min,0,김아연의 Apple Watch,HKQuantityTypeIdentifierHeartRate
Heart rate,2026-07-20 18:23:50+09:00,91.0,count/min,0,김아연의 Apple Watch,HKQuantityTypeIdentifierHeartRate
Heart rate,2026-07-20 18:23:57+09:00,92.0,count/min,0,김아연의 Apple Watch,HKQuantityTypeIdentifierHeartRate
Heart rate,2026-07-20 18:23:59+09:00,92.0,count/min,0,김아연의 Apple Watch,HKQuantityTypeIdentifierHeartRate
Heart rate,2026-07-20 18:24:36+09:00,89.0,count/min,1,김아연의 Apple Watch,HKQuantityTypeIdentifierHeartRate
Heart rate,2026-07-20 18:27:31+09:00,90.0,count/min,1,김아연의 Apple Watch,HKQuantityTypeIdentifierHeartRate
Heart rate,2026-07-20 18:30:45+09:00,91.0,count/min,1,김아연의 Apple Watch,HKQuantityTypeIdentifierHeartRate
Heart rate,2026-07-20 18:35:43+09:00,134.0,count/min,2,김아연의 Apple Watch,HKQuantityTypeIdentifierHeartRate
Heart rate,2026-07-20 18:37:25+09:00,107.0,count/min,0,김아연의 Apple Watch,HKQuantityTypeIdentifierHeartRate
Heart rate,2026-07-20 18:37:30+09:00,102.0,count/min,0,김아연의 Apple Watch,HKQuantityTypeIdentifierHeartRate
Heart rate,2026-07-20 18:37:35+09:00,103.0,count/min,0,김아연의 Apple Watch,HKQuantityTypeIdentifierHeartRate
Heart rate,2026-07-20 18:37:36+09:00,103.0,count/min,0,김아연의 Apple Watch,HKQuantityTypeIdentifierHeartRate
Heart rate,2026-07-20 18:37:44+09:00,104.0,count/min,0,김아연의 Apple Watch,HKQuantityTypeIdentifierHeartRate
Heart rate,2026-07-20 18:37:50+09:00,103.0,count/min,0,김아연의 Apple Watch,HKQuantityTypeIdentifierHeartRate
Heart rate,2026-07-20 18:37:55+09:00,103.0,count/min,0,김아연의 Apple Watch,HKQuantityTypeIdentifierHeartRate
Heart rate,2026-07-20 18:37:56+09:00,102.0,count/min,0,김아연의 Apple Watch,HKQuantityTypeIdentifierHeartRate
Heart rate,2026-07-20 18:38:01+09:00,101.0,count/min,0,김아연의 Apple Watch,HKQuantityTypeIdentifierHeartRate
Heart rate,2026-07-20 18:38:09+09:00,100.0,count/min,0,김아연의 Apple Watch,HKQuantityTypeIdentifierHeartRate
Heart rate,2026-07-20 18:38:11+09:00,99.0,count/min,0,김아연의 Apple Watch,HKQuantityTypeIdentifierHeartRate
Heart rate,2026-07-20 18:38:20+09:00,97.0,count/min,0,김아연의 Apple Watch,HKQuantityTypeIdentifierHeartRate
Heart rate,2026-07-20 18:38:25+09:00,97.0,count/min,0,김아연의 Apple Watch,HKQuantityTypeIdentifierHeartRate
Heart rate,2026-07-20 18:38:30+09:00,98.0,count/min,0,김아연의 Apple Watch,HKQuantityTypeIdentifierHeartRate
Heart rate,2026-07-20 18:38:34+09:00,98.0,count/min,0,김아연의 Apple Watch,HKQuantityTypeIdentifierHeartRate
Heart rate,2026-07-20 18:38:39+09:00,99.0,count/min,0,김아연의 Apple Watch,HKQuantityTypeIdentifierHeartRate
Heart rate,2026-07-20 18:38:42+09:00,99.0,count/min,0,김아연의 Apple Watch,HKQuantityTypeIdentifierHeartRate
Heart rate,2026-07-20 18:38:50+09:00,96.0,count/min,0,김아연의 Apple Watch,HKQuantityTypeIdentifierHeartRate
Heart rate,2026-07-20 18:41:11+09:00,105.0,count/min,2,김아연의 Apple Watch,HKQuantityTypeIdentifierHeartRate
Heart rate,2026-07-20 18:42:20+09:00,90.0,count/min,1,김아연의 Apple Watch,HKQuantityTypeIdentifierHeartRate
Heart rate,2026-07-20 18:48:39+09:00,85.0,count/min,1,김아연의 Apple Watch,HKQuantityTypeIdentifierHeartRate
Heart rate,2026-07-20 18:52:14+09:00,111.0,count/min,2,김아연의 Apple Watch,HKQuantityTypeIdentifierHeartRate
Heart rate,2026-07-20 18:53:14+09:00,78.0,count/min,0,김아연의 Apple Watch,HKQuantityTypeIdentifierHeartRate
Heart rate,2026-07-20 18:56:24+09:00,71.0,count/min,1,김아연의 Apple Watch,HKQuantityTypeIdentifierHeartRate
Heart rate,2026-07-20 19:00:24+09:00,71.0,count/min,1,김아연의 Apple Watch,HKQuantityTypeIdentifierHeartRate
Heart rate,2026-07-20 19:08:33+09:00,72.0,count/min,1,김아연의 Apple Watch,HKQuantityTypeIdentifierHeartRate
Heart rate,2026-07-20 19:11:34+09:00,73.0,count/min,1,김아연의 Apple Watch,HKQuantityTypeIdentifierHeartRate
Heart rate,2026-07-20 19:16:05+09:00,73.0,count/min,1,김아연의 Apple Watch,HKQuantityTypeIdentifierHeartRate
Heart rate,2026-07-20 19:23:00+09:00,72.0,count/min,1,김아연의 Apple Watch,HKQuantityTypeIdentifierHeartRate
Heart rate,2026-07-20 19:25:06+09:00,72.0,count/min,1,김아연의 Apple Watch,HKQuantityTypeIdentifierHeartRate
Heart rate,2026-07-20 19:33:11+09:00,72.0,count/min,1,김아연의 Apple Watch,HKQuantityTypeIdentifierHeartRate
Heart rate,2026-07-20 19:35:49+09:00,72.0,count/min,1,김아연의 Apple Watch,HKQuantityTypeIdentifierHeartRate
Heart rate,2026-07-20 19:42:37+09:00,92.0,count/min,1,김아연의 Apple Watch,HKQuantityTypeIdentifierHeartRate
Heart rate,2026-07-20 19:48:18+09:00,85.0,count/min,1,김아연의 Apple Watch,HKQuantityTypeIdentifierHeartRate
Heart rate,2026-07-20 19:58:58+09:00,85.0,count/min,1,김아연의 Apple Watch,HKQuantityTypeIdentifierHeartRate
Heart rate,2026-07-20 20:05:02+09:00,78.0,count/min,1,김아연의 Apple Watch,HKQuantityTypeIdentifierHeartRate
Heart rate,2026-07-20 20:06:11+09:00,77.0,count/min,1,김아연의 Apple Watch,HKQuantityTypeIdentifierHeartRate
Heart rate,2026-07-20 20:10:20+09:00,77.0,count/min,1,김아연의 Apple Watch,HKQuantityTypeIdentifierHeartRate
Heart rate,2026-07-20 20:16:02+09:00,80.0,count/min,1,김아연의 Apple Watch,HKQuantityTypeIdentifierHeartRate
Heart rate,2026-07-20 20:21:56+09:00,84.0,count/min,1,김아연의 Apple Watch,HKQuantityTypeIdentifierHeartRate
Heart rate,2026-07-20 20:26:27+09:00,81.0,count/min,1,김아연의 Apple Watch,HKQuantityTypeIdentifierHeartRate
Heart rate,2026-07-20 20:35:05+09:00,88.0,count/min,1,김아연의 Apple Watch,HKQuantityTypeIdentifierHeartRate
Heart rate,2026-07-20 20:39:40+09:00,84.0,count/min,1,김아연의 Apple Watch,HKQuantityTypeIdentifierHeartRate
Heart rate,2026-07-20 20:43:25+09:00,84.0,count/min,1,김아연의 Apple Watch,HKQuantityTypeIdentifierHeartRate
Heart rate,2026-07-20 20:45:35+09:00,84.0,count/min,1,김아연의 Apple Watch,HKQuantityTypeIdentifierHeartRate
Heart rate,2026-07-20 20:53:00+09:00,81.6521,count/min,0,김아연의 Apple Watch,HKQuantityTypeIdentifierHeartRate
Heart rate,2026-07-20 20:53:19+09:00,84.0,count/min,1,김아연의 Apple Watch,HKQuantityTypeIdentifierHeartRate
Heart rate,2026-07-20 20:58:33+09:00,80.0,count/min,1,김아연의 Apple Watch,HKQuantityTypeIdentifierHeartRate
Heart rate,2026-07-20 21:00:08+09:00,80.0,count/min,1,김아연의 Apple Watch,HKQuantityTypeIdentifierHeartRate
Heart rate,2026-07-20 21:06:41+09:00,85.0,count/min,1,김아연의 Apple Watch,HKQuantityTypeIdentifierHeartRate
Heart rate,2026-07-20 21:13:55+09:00,75.0,count/min,1,김아연의 Apple Watch,HKQuantityTypeIdentifierHeartRate
Heart rate,2026-07-20 21:20:03+09:00,79.0,count/min,1,김아연의 Apple Watch,HKQuantityTypeIdentifierHeartRate
Heart rate,2026-07-20 21:23:33+09:00,79.0,count/min,1,김아연의 Apple Watch,HKQuantityTypeIdentifierHeartRate
Heart rate,2026-07-20 21:25:32+09:00,81.0,count/min,0,김아연의 Apple Watch,HKQuantityTypeIdentifierHeartRate
Heart rate,2026-07-20 21:33:03+09:00,89.0,count/min,1,김아연의 Apple Watch,HKQuantityTypeIdentifierHeartRate
Heart rate,2026-07-20 21:37:49+09:00,80.0,count/min,1,김아연의 Apple Watch,HKQuantityTypeIdentifierHeartRate
Heart rate,2026-07-20 21:45:03+09:00,77.0,count/min,1,김아연의 Apple Watch,HKQuantityTypeIdentifierHeartRate
Heart rate,2026-07-20 21:47:40+09:00,77.0,count/min,1,김아연의 Apple Watch,HKQuantityTypeIdentifierHeartRate
Heart rate,2026-07-20 21:54:46+09:00,73.0,count/min,1,김아연의 Apple Watch,HKQuantityTypeIdentifierHeartRate
Heart rate,2026-07-20 21:56:05+09:00,75.0,count/min,1,김아연의 Apple Watch,HKQuantityTypeIdentifierHeartRate
Heart rate,2026-07-20 22:01:19+09:00,72.0,count/min,1,김아연의 Apple Watch,HKQuantityTypeIdentifierHeartRate
Heart rate,2026-07-20 22:08:36+09:00,72.0,count/min,1,김아연의 Apple Watch,HKQuantityTypeIdentifierHeartRate
Heart rate,2026-07-20 22:10:37+09:00,72.0,count/min,1,김아연의 Apple Watch,HKQuantityTypeIdentifierHeartRate
Heart rate,2026-07-21 08:48:35+09:00,103.0,count/min,1,김아연의 Apple Watch,HKQuantityTypeIdentifierHeartRate
Heart rate,2026-07-21 08:51:59+09:00,100.0,count/min,1,김아연의 Apple Watch,HKQuantityTypeIdentifierHeartRate
Heart rate,2026-07-21 08:52:20+09:00,101.043,count/min,0,김아연의 Apple Watch,HKQuantityTypeIdentifierHeartRate
Heart rate,2026-07-21 08:54:53+09:00,99.0,count/min,1,김아연의 Apple Watch,HKQuantityTypeIdentifierHeartRate
Heart rate,2026-07-21 09:00:47+09:00,98.0,count/min,1,김아연의 Apple Watch,HKQuantityTypeIdentifierHeartRate
Heart rate,2026-07-21 09:05:49+09:00,93.0,count/min,1,김아연의 Apple Watch,HKQuantityTypeIdentifierHeartRate
Heart rate,2026-07-21 09:10:08+09:00,92.0,count/min,1,김아연의 Apple Watch,HKQuantityTypeIdentifierHeartRate
Heart rate,2026-07-21 09:19:05+09:00,88.0,count/min,1,김아연의 Apple Watch,HKQuantityTypeIdentifierHeartRate
Heart rate,2026-07-21 09:23:39+09:00,89.0,count/min,1,김아연의 Apple Watch,HKQuantityTypeIdentifierHeartRate
Heart rate,2026-07-21 09:28:32+09:00,89.0,count/min,1,김아연의 Apple Watch,HKQuantityTypeIdentifierHeartRate
Heart rate,2026-07-21 09:31:40+09:00,84.0,count/min,1,김아연의 Apple Watch,HKQuantityTypeIdentifierHeartRate
Heart rate,2026-07-21 09:37:40+09:00,85.0,count/min,1,김아연의 Apple Watch,HKQuantityTypeIdentifierHeartRate
Heart rate,2026-07-21 09:44:27+09:00,84.0,count/min,1,김아연의 Apple Watch,HKQuantityTypeIdentifierHeartRate
Heart rate,2026-07-21 09:47:07+09:00,80.0,count/min,1,김아연의 Apple Watch,HKQuantityTypeIdentifierHeartRate
Heart rate,2026-07-21 09:51:19+09:00,96.0,count/min,2,김아연의 Apple Watch,HKQuantityTypeIdentifierHeartRate
Heart rate,2026-07-21 09:53:26+09:00,105.0,count/min,0,김아연의 Apple Watch,HKQuantityTypeIdentifierHeartRate
Heart rate,2026-07-21 09:53:31+09:00,106.0,count/min,0,김아연의 Apple Watch,HKQuantityTypeIdentifierHeartRate
Heart rate,2026-07-21 09:53:34+09:00,106.0,count/min,0,김아연의 Apple Watch,HKQuantityTypeIdentifierHeartRate
Heart rate,2026-07-21 09:53:40+09:00,105.0,count/min,0,김아연의 Apple Watch,HKQuantityTypeIdentifierHeartRate
Heart rate,2026-07-21 09:53:42+09:00,105.0,count/min,0,김아연의 Apple Watch,HKQuantityTypeIdentifierHeartRate
Heart rate,2026-07-21 09:53:51+09:00,100.0,count/min,0,김아연의 Apple Watch,HKQuantityTypeIdentifierHeartRate
Heart rate,2026-07-21 09:53:52+09:00,100.0,count/min,0,김아연의 Apple Watch,HKQuantityTypeIdentifierHeartRate
Heart rate,2026-07-21 09:55:52+09:00,89.0,count/min,1,김아연의 Apple Watch,HKQuantityTypeIdentifierHeartRate
Heart rate,2026-07-21 09:58:17+09:00,118.0,count/min,2,김아연의 Apple Watch,HKQuantityTypeIdentifierHeartRate
Heart rate,2026-07-21 09:58:46+09:00,123.0,count/min,0,김아연의 Apple Watch,HKQuantityTypeIdentifierHeartRate
Heart rate,2026-07-21 09:58:51+09:00,124.0,count/min,0,김아연의 Apple Watch,HKQuantityTypeIdentifierHeartRate
Heart rate,2026-07-21 09:58:54+09:00,123.0,count/min,0,김아연의 Apple Watch,HKQuantityTypeIdentifierHeartRate
Heart rate,2026-07-21 09:58:59+09:00,121.0,count/min,0,김아연의 Apple Watch,HKQuantityTypeIdentifierHeartRate
Heart rate,2026-07-21 09:59:06+09:00,114.0,count/min,0,김아연의 Apple Watch,HKQuantityTypeIdentifierHeartRate
Heart rate,2026-07-21 09:59:10+09:00,113.0,count/min,0,김아연의 Apple Watch,HKQuantityTypeIdentifierHeartRate
Heart rate,2026-07-21 09:59:12+09:00,114.0,count/min,0,김아연의 Apple Watch,HKQuantityTypeIdentifierHeartRate
Heart rate,2026-07-21 09:59:17+09:00,112.0,count/min,0,김아연의 Apple Watch,HKQuantityTypeIdentifierHeartRate
Heart rate,2026-07-21 09:59:26+09:00,105.0,count/min,0,김아연의 Apple Watch,HKQuantityTypeIdentifierHeartRate
Heart rate,2026-07-21 10:04:20+09:00,81.0,count/min,1,김아연의 Apple Watch,HKQuantityTypeIdentifierHeartRate
Heart rate,2026-07-21 10:06:28+09:00,84.0,count/min,1,김아연의 Apple Watch,HKQuantityTypeIdentifierHeartRate
Heart rate,2026-07-21 10:13:55+09:00,78.0,count/min,1,김아연의 Apple Watch,HKQuantityTypeIdentifierHeartRate
Heart rate,2026-07-21 10:17:01+09:00,79.0,count/min,1,김아연의 Apple Watch,HKQuantityTypeIdentifierHeartRate
Heart rate,2026-07-21 10:20:48+09:00,79.0,count/min,1,김아연의 Apple Watch,HKQuantityTypeIdentifierHeartRate
Heart rate,2026-07-21 10:25:08+09:00,80.0,count/min,1,김아연의 Apple Watch,HKQuantityTypeIdentifierHeartRate
Heart rate,2026-07-21 10:29:53+09:00,80.0,count/min,1,김아연의 Apple Watch,HKQuantityTypeIdentifierHeartRate
Heart rate,2026-07-21 10:35:15+09:00,78.0,count/min,1,김아연의 Apple Watch,HKQuantityTypeIdentifierHeartRate
Heart rate,2026-07-21 10:41:16+09:00,81.0,count/min,1,김아연의 Apple Watch,HKQuantityTypeIdentifierHeartRate
Heart rate,2026-07-21 10:48:27+09:00,73.0,count/min,1,김아연의 Apple Watch,HKQuantityTypeIdentifierHeartRate
Heart rate,2026-07-21 10:49:58+09:00,74.0,count/min,1,김아연의 Apple Watch,HKQuantityTypeIdentifierHeartRate
Heart rate,2026-07-21 10:54:38+09:00,74.0,count/min,0,김아연의 Apple Watch,HKQuantityTypeIdentifierHeartRate
Heart rate,2026-07-21 11:02:25+09:00,72.0,count/min,1,김아연의 Apple Watch,HKQuantityTypeIdentifierHeartRate
Heart rate,2026-07-21 11:05:41+09:00,71.0,count/min,1,김아연의 Apple Watch,HKQuantityTypeIdentifierHeartRate
Heart rate,2026-07-21 11:09:54+09:00,72.0,count/min,1,김아연의 Apple Watch,HKQuantityTypeIdentifierHeartRate
Heart rate,2026-07-21 11:15:54+09:00,98.0,count/min,2,김아연의 Apple Watch,HKQuantityTypeIdentifierHeartRate
Heart rate,2026-07-21 11:17:14+09:00,85.0,count/min,0,김아연의 Apple Watch,HKQuantityTypeIdentifierHeartRate
Heart rate,2026-07-21 11:23:19+09:00,71.0,count/min,1,김아연의 Apple Watch,HKQuantityTypeIdentifierHeartRate
Heart rate,2026-07-21 11:27:43+09:00,79.0,count/min,1,김아연의 Apple Watch,HKQuantityTypeIdentifierHeartRate
Heart rate,2026-07-21 11:31:31+09:00,84.0,count/min,1,김아연의 Apple Watch,HKQuantityTypeIdentifierHeartRate
Heart rate,2026-07-21 11:39:01+09:00,91.0,count/min,1,김아연의 Apple Watch,HKQuantityTypeIdentifierHeartRate
Heart rate,2026-07-21 11:41:39+09:00,92.0,count/min,1,김아연의 Apple Watch,HKQuantityTypeIdentifierHeartRate
Heart rate,2026-07-21 11:44:42+09:00,109.0,count/min,2,김아연의 Apple Watch,HKQuantityTypeIdentifierHeartRate
Heart rate,2026-07-21 11:47:03+09:00,100.0,count/min,2,김아연의 Apple Watch,HKQuantityTypeIdentifierHeartRate
Heart rate,2026-07-21 11:49:35+09:00,104.0,count/min,2,김아연의 Apple Watch,HKQuantityTypeIdentifierHeartRate
Heart rate,2026-07-21 11:51:50+09:00,103.0,count/min,2,김아연의 Apple Watch,HKQuantityTypeIdentifierHeartRate
Heart rate,2026-07-21 11:52:33+09:00,107.0,count/min,0,김아연의 Apple Watch,HKQuantityTypeIdentifierHeartRate
Heart rate,2026-07-21 11:52:38+09:00,110.0,count/min,0,김아연의 Apple Watch,HKQuantityTypeIdentifierHeartRate
Heart rate,2026-07-21 11:52:43+09:00,110.0,count/min,0,김아연의 Apple Watch,HKQuantityTypeIdentifierHeartRate
Heart rate,2026-07-21 11:52:44+09:00,111.0,count/min,0,김아연의 Apple Watch,HKQuantityTypeIdentifierHeartRate
Heart rate,2026-07-21 11:52:52+09:00,114.0,count/min,0,김아연의 Apple Watch,HKQuantityTypeIdentifierHeartRate
Heart rate,2026-07-21 11:52:56+09:00,114.0,count/min,0,김아연의 Apple Watch,HKQuantityTypeIdentifierHeartRate
Heart rate,2026-07-21 11:53:03+09:00,113.0,count/min,0,김아연의 Apple Watch,HKQuantityTypeIdentifierHeartRate
Heart rate,2026-07-21 11:53:04+09:00,112.0,count/min,0,김아연의 Apple Watch,HKQuantityTypeIdentifierHeartRate
Heart rate,2026-07-21 11:53:09+09:00,113.0,count/min,0,김아연의 Apple Watch,HKQuantityTypeIdentifierHeartRate
Heart rate,2026-07-21 11:53:18+09:00,116.0,count/min,0,김아연의 Apple Watch,HKQuantityTypeIdentifierHeartRate
Heart rate,2026-07-21 11:53:21+09:00,118.0,count/min,0,김아연의 Apple Watch,HKQuantityTypeIdentifierHeartRate
Heart rate,2026-07-21 11:53:28+09:00,115.0,count/min,0,김아연의 Apple Watch,HKQuantityTypeIdentifierHeartRate
Heart rate,2026-07-21 11:53:30+09:00,113.0,count/min,0,김아연의 Apple Watch,HKQuantityTypeIdentifierHeartRate
Heart rate,2026-07-21 11:53:36+09:00,112.0,count/min,0,김아연의 Apple Watch,HKQuantityTypeIdentifierHeartRate
Heart rate,2026-07-21 11:53:43+09:00,108.0,count/min,0,김아연의 Apple Watch,HKQuantityTypeIdentifierHeartRate
Heart rate,2026-07-21 11:53:47+09:00,108.0,count/min,0,김아연의 Apple Watch,HKQuantityTypeIdentifierHeartRate
Heart rate,2026-07-21 11:53:53+09:00,109.0,count/min,0,김아연의 Apple Watch,HKQuantityTypeIdentifierHeartRate
Heart rate,2026-07-21 11:53:57+09:00,109.0,count/min,0,김아연의 Apple Watch,HKQuantityTypeIdentifierHeartRate
Heart rate,2026-07-21 11:54:03+09:00,110.0,count/min,0,김아연의 Apple Watch,HKQuantityTypeIdentifierHeartRate
Heart rate,2026-07-21 11:54:08+09:00,113.0,count/min,0,김아연의 Apple Watch,HKQuantityTypeIdentifierHeartRate
Heart rate,2026-07-21 11:54:13+09:00,111.0,count/min,0,김아연의 Apple Watch,HKQuantityTypeIdentifierHeartRate
Heart rate,2026-07-21 11:54:17+09:00,111.0,count/min,0,김아연의 Apple Watch,HKQuantityTypeIdentifierHeartRate
Heart rate,2026-07-21 11:54:20+09:00,111.0,count/min,0,김아연의 Apple Watch,HKQuantityTypeIdentifierHeartRate
Heart rate,2026-07-21 11:54:26+09:00,113.0,count/min,0,김아연의 Apple Watch,HKQuantityTypeIdentifierHeartRate
Heart rate,2026-07-21 11:54:32+09:00,114.0,count/min,0,김아연의 Apple Watch,HKQuantityTypeIdentifierHeartRate
Heart rate,2026-07-21 11:54:36+09:00,113.0,count/min,0,김아연의 Apple Watch,HKQuantityTypeIdentifierHeartRate
Heart rate,2026-07-21 11:54:40+09:00,111.0,count/min,0,김아연의 Apple Watch,HKQuantityTypeIdentifierHeartRate
Heart rate,2026-07-21 11:54:45+09:00,109.0,count/min,0,김아연의 Apple Watch,HKQuantityTypeIdentifierHeartRate
Heart rate,2026-07-21 11:54:52+09:00,111.0,count/min,0,김아연의 Apple Watch,HKQuantityTypeIdentifierHeartRate
Heart rate,2026-07-21 11:54:56+09:00,112.0,count/min,0,김아연의 Apple Watch,HKQuantityTypeIdentifierHeartRate
Heart rate,2026-07-21 11:54:59+09:00,112.0,count/min,0,김아연의 Apple Watch,HKQuantityTypeIdentifierHeartRate
Heart rate,2026-07-21 11:55:08+09:00,115.0,count/min,0,김아연의 Apple Watch,HKQuantityTypeIdentifierHeartRate
Heart rate,2026-07-21 11:55:09+09:00,114.0,count/min,0,김아연의 Apple Watch,HKQuantityTypeIdentifierHeartRate
Heart rate,2026-07-21 11:55:15+09:00,113.0,count/min,0,김아연의 Apple Watch,HKQuantityTypeIdentifierHeartRate
Heart rate,2026-07-21 11:55:23+09:00,112.0,count/min,0,김아연의 Apple Watch,HKQuantityTypeIdentifierHeartRate
Heart rate,2026-07-21 11:55:29+09:00,112.0,count/min,0,김아연의 Apple Watch,HKQuantityTypeIdentifierHeartRate
Heart rate,2026-07-21 11:55:34+09:00,111.0,count/min,0,김아연의 Apple Watch,HKQuantityTypeIdentifierHeartRate
Heart rate,2026-07-21 11:55:39+09:00,109.0,count/min,0,김아연의 Apple Watch,HKQuantityTypeIdentifierHeartRate
Heart rate,2026-07-21 11:55:40+09:00,109.0,count/min,0,김아연의 Apple Watch,HKQuantityTypeIdentifierHeartRate
Heart rate,2026-07-21 11:55:45+09:00,110.0,count/min,0,김아연의 Apple Watch,HKQuantityTypeIdentifierHeartRate
Heart rate,2026-07-21 11:55:54+09:00,110.0,count/min,0,김아연의 Apple Watch,HKQuantityTypeIdentifierHeartRate
Heart rate,2026-07-21 11:55:57+09:00,110.0,count/min,0,김아연의 Apple Watch,HKQuantityTypeIdentifierHeartRate
Heart rate,2026-07-21 11:56:02+09:00,111.0,count/min,0,김아연의 Apple Watch,HKQuantityTypeIdentifierHeartRate
Heart rate,2026-07-21 11:56:09+09:00,110.0,count/min,0,김아연의 Apple Watch,HKQuantityTypeIdentifierHeartRate
Heart rate,2026-07-21 11:56:14+09:00,110.0,count/min,0,김아연의 Apple Watch,HKQuantityTypeIdentifierHeartRate
Heart rate,2026-07-21 11:56:16+09:00,110.0,count/min,0,김아연의 Apple Watch,HKQuantityTypeIdentifierHeartRate
Heart rate,2026-07-21 11:56:21+09:00,111.0,count/min,0,김아연의 Apple Watch,HKQuantityTypeIdentifierHeartRate
Heart rate,2026-07-21 11:56:29+09:00,111.0,count/min,0,김아연의 Apple Watch,HKQuantityTypeIdentifierHeartRate
Heart rate,2026-07-21 11:56:32+09:00,112.0,count/min,0,김아연의 Apple Watch,HKQuantityTypeIdentifierHeartRate
Heart rate,2026-07-21 11:56:39+09:00,111.0,count/min,0,김아연의 Apple Watch,HKQuantityTypeIdentifierHeartRate
Heart rate,2026-07-21 11:56:42+09:00,110.0,count/min,0,김아연의 Apple Watch,HKQuantityTypeIdentifierHeartRate
Heart rate,2026-07-21 11:56:49+09:00,110.0,count/min,0,김아연의 Apple Watch,HKQuantityTypeIdentifierHeartRate
Heart rate,2026-07-21 11:56:50+09:00,111.0,count/min,0,김아연의 Apple Watch,HKQuantityTypeIdentifierHeartRate
Heart rate,2026-07-21 11:56:59+09:00,113.0,count/min,0,김아연의 Apple Watch,HKQuantityTypeIdentifierHeartRate
Heart rate,2026-07-21 11:57:00+09:00,114.0,count/min,0,김아연의 Apple Watch,HKQuantityTypeIdentifierHeartRate
Heart rate,2026-07-21 11:57:05+09:00,116.0,count/min,0,김아연의 Apple Watch,HKQuantityTypeIdentifierHeartRate
Heart rate,2026-07-21 11:57:10+09:00,117.0,count/min,0,김아연의 Apple Watch,HKQuantityTypeIdentifierHeartRate
Heart rate,2026-07-21 11:57:18+09:00,119.0,count/min,0,김아연의 Apple Watch,HKQuantityTypeIdentifierHeartRate
Heart rate,2026-07-21 11:57:24+09:00,122.0,count/min,0,김아연의 Apple Watch,HKQuantityTypeIdentifierHeartRate
Heart rate,2026-07-21 11:57:25+09:00,123.0,count/min,0,김아연의 Apple Watch,HKQuantityTypeIdentifierHeartRate
Heart rate,2026-07-21 11:57:34+09:00,129.0,count/min,0,김아연의 Apple Watch,HKQuantityTypeIdentifierHeartRate
Heart rate,2026-07-21 11:57:37+09:00,128.0,count/min,0,김아연의 Apple Watch,HKQuantityTypeIdentifierHeartRate
Heart rate,2026-07-21 11:57:42+09:00,128.0,count/min,0,김아연의 Apple Watch,HKQuantityTypeIdentifierHeartRate
Heart rate,2026-07-21 11:57:49+09:00,129.0,count/min,0,김아연의 Apple Watch,HKQuantityTypeIdentifierHeartRate
Heart rate,2026-07-21 11:57:51+09:00,129.0,count/min,0,김아연의 Apple Watch,HKQuantityTypeIdentifierHeartRate
Heart rate,2026-07-21 11:57:58+09:00,129.0,count/min,0,김아연의 Apple Watch,HKQuantityTypeIdentifierHeartRate
Heart rate,2026-07-21 11:58:01+09:00,128.0,count/min,0,김아연의 Apple Watch,HKQuantityTypeIdentifierHeartRate
Heart rate,2026-07-21 11:58:09+09:00,127.0,count/min,0,김아연의 Apple Watch,HKQuantityTypeIdentifierHeartRate
Heart rate,2026-07-21 11:58:14+09:00,125.0,count/min,0,김아연의 Apple Watch,HKQuantityTypeIdentifierHeartRate
Heart rate,2026-07-21 11:58:15+09:00,125.0,count/min,0,김아연의 Apple Watch,HKQuantityTypeIdentifierHeartRate
Heart rate,2026-07-21 11:58:22+09:00,121.0,count/min,0,김아연의 Apple Watch,HKQuantityTypeIdentifierHeartRate
Heart rate,2026-07-21 11:58:28+09:00,117.0,count/min,0,김아연의 Apple Watch,HKQuantityTypeIdentifierHeartRate
Heart rate,2026-07-21 11:58:30+09:00,118.0,count/min,0,김아연의 Apple Watch,HKQuantityTypeIdentifierHeartRate
Heart rate,2026-07-21 11:58:37+09:00,115.0,count/min,0,김아연의 Apple Watch,HKQuantityTypeIdentifierHeartRate
Heart rate,2026-07-21 11:58:44+09:00,115.0,count/min,0,김아연의 Apple Watch,HKQuantityTypeIdentifierHeartRate
Heart rate,2026-07-21 11:58:45+09:00,115.0,count/min,0,김아연의 Apple Watch,HKQuantityTypeIdentifierHeartRate
Heart rate,2026-07-21 11:58:54+09:00,113.0,count/min,0,김아연의 Apple Watch,HKQuantityTypeIdentifierHeartRate
Heart rate,2026-07-21 11:58:59+09:00,110.0,count/min,0,김아연의 Apple Watch,HKQuantityTypeIdentifierHeartRate
Heart rate,2026-07-21 11:59:03+09:00,114.0,count/min,0,김아연의 Apple Watch,HKQuantityTypeIdentifierHeartRate
Heart rate,2026-07-21 11:59:07+09:00,112.0,count/min,0,김아연의 Apple Watch,HKQuantityTypeIdentifierHeartRate
Heart rate,2026-07-21 11:59:13+09:00,110.0,count/min,0,김아연의 Apple Watch,HKQuantityTypeIdentifierHeartRate
Heart rate,2026-07-21 11:59:19+09:00,110.0,count/min,0,김아연의 Apple Watch,HKQuantityTypeIdentifierHeartRate
Heart rate,2026-07-21 11:59:23+09:00,109.0,count/min,0,김아연의 Apple Watch,HKQuantityTypeIdentifierHeartRate
Heart rate,2026-07-21 11:59:27+09:00,109.0,count/min,0,김아연의 Apple Watch,HKQuantityTypeIdentifierHeartRate
Heart rate,2026-07-21 11:59:31+09:00,110.0,count/min,0,김아연의 Apple Watch,HKQuantityTypeIdentifierHeartRate
Heart rate,2026-07-21 11:59:37+09:00,109.0,count/min,0,김아연의 Apple Watch,HKQuantityTypeIdentifierHeartRate
Heart rate,2026-07-21 11:59:44+09:00,110.0,count/min,0,김아연의 Apple Watch,HKQuantityTypeIdentifierHeartRate
Heart rate,2026-07-21 11:59:49+09:00,111.0,count/min,0,김아연의 Apple Watch,HKQuantityTypeIdentifierHeartRate
Heart rate,2026-07-21 11:59:54+09:00,114.0,count/min,0,김아연의 Apple Watch,HKQuantityTypeIdentifierHeartRate
Heart rate,2026-07-21 11:59:58+09:00,115.0,count/min,0,김아연의 Apple Watch,HKQuantityTypeIdentifierHeartRate
Heart rate,2026-07-21 12:00:04+09:00,115.0,count/min,0,김아연의 Apple Watch,HKQuantityTypeIdentifierHeartRate
Heart rate,2026-07-21 12:00:05+09:00,114.0,count/min,0,김아연의 Apple Watch,HKQuantityTypeIdentifierHeartRate
Heart rate,2026-07-21 12:00:13+09:00,116.0,count/min,0,김아연의 Apple Watch,HKQuantityTypeIdentifierHeartRate
Heart rate,2026-07-21 12:00:16+09:00,114.0,count/min,0,김아연의 Apple Watch,HKQuantityTypeIdentifierHeartRate
Heart rate,2026-07-21 12:00:20+09:00,112.0,count/min,0,김아연의 Apple Watch,HKQuantityTypeIdentifierHeartRate
Heart rate,2026-07-21 12:00:25+09:00,114.0,count/min,0,김아연의 Apple Watch,HKQuantityTypeIdentifierHeartRate
Heart rate,2026-07-21 12:00:30+09:00,114.0,count/min,0,김아연의 Apple Watch,HKQuantityTypeIdentifierHeartRate
Heart rate,2026-07-21 12:00:38+09:00,107.0,count/min,0,김아연의 Apple Watch,HKQuantityTypeIdentifierHeartRate
Heart rate,2026-07-21 12:00:42+09:00,113.0,count/min,0,김아연의 Apple Watch,HKQuantityTypeIdentifierHeartRate
Heart rate,2026-07-21 12:00:49+09:00,115.0,count/min,0,김아연의 Apple Watch,HKQuantityTypeIdentifierHeartRate
Heart rate,2026-07-21 12:00:54+09:00,111.0,count/min,0,김아연의 Apple Watch,HKQuantityTypeIdentifierHeartRate
Heart rate,2026-07-21 12:00:57+09:00,111.0,count/min,0,김아연의 Apple Watch,HKQuantityTypeIdentifierHeartRate
Heart rate,2026-07-21 12:01:02+09:00,111.0,count/min,0,김아연의 Apple Watch,HKQuantityTypeIdentifierHeartRate
Heart rate,2026-07-21 12:01:09+09:00,105.0,count/min,0,김아연의 Apple Watch,HKQuantityTypeIdentifierHeartRate
Heart rate,2026-07-21 12:01:14+09:00,104.0,count/min,0,김아연의 Apple Watch,HKQuantityTypeIdentifierHeartRate
Heart rate,2026-07-21 12:01:15+09:00,104.0,count/min,0,김아연의 Apple Watch,HKQuantityTypeIdentifierHeartRate
Heart rate,2026-07-21 12:01:22+09:00,105.0,count/min,0,김아연의 Apple Watch,HKQuantityTypeIdentifierHeartRate
Heart rate,2026-07-21 12:01:27+09:00,106.0,count/min,0,김아연의 Apple Watch,HKQuantityTypeIdentifierHeartRate
Heart rate,2026-07-21 12:01:33+09:00,109.0,count/min,0,김아연의 Apple Watch,HKQuantityTypeIdentifierHeartRate
Heart rate,2026-07-21 12:01:36+09:00,109.0,count/min,0,김아연의 Apple Watch,HKQuantityTypeIdentifierHeartRate
Heart rate,2026-07-21 12:01:42+09:00,111.0,count/min,0,김아연의 Apple Watch,HKQuantityTypeIdentifierHeartRate
Heart rate,2026-07-21 12:01:49+09:00,112.0,count/min,0,김아연의 Apple Watch,HKQuantityTypeIdentifierHeartRate
Heart rate,2026-07-21 12:01:50+09:00,111.0,count/min,0,김아연의 Apple Watch,HKQuantityTypeIdentifierHeartRate
Heart rate,2026-07-21 12:01:55+09:00,112.0,count/min,0,김아연의 Apple Watch,HKQuantityTypeIdentifierHeartRate
Heart rate,2026-07-21 12:02:04+09:00,121.0,count/min,0,김아연의 Apple Watch,HKQuantityTypeIdentifierHeartRate
Heart rate,2026-07-21 12:02:08+09:00,120.0,count/min,0,김아연의 Apple Watch,HKQuantityTypeIdentifierHeartRate
Heart rate,2026-07-21 12:02:10+09:00,119.0,count/min,0,김아연의 Apple Watch,HKQuantityTypeIdentifierHeartRate
Heart rate,2026-07-21 12:02:15+09:00,119.0,count/min,0,김아연의 Apple Watch,HKQuantityTypeIdentifierHeartRate
Heart rate,2026-07-21 12:02:23+09:00,119.0,count/min,0,김아연의 Apple Watch,HKQuantityTypeIdentifierHeartRate
Heart rate,2026-07-21 12:02:28+09:00,119.0,count/min,0,김아연의 Apple Watch,HKQuantityTypeIdentifierHeartRate
Heart rate,2026-07-21 12:02:33+09:00,119.0,count/min,0,김아연의 Apple Watch,HKQuantityTypeIdentifierHeartRate
Heart rate,2026-07-21 12:02:35+09:00,118.0,count/min,0,김아연의 Apple Watch,HKQuantityTypeIdentifierHeartRate
Heart rate,2026-07-21 12:02:40+09:00,119.0,count/min,0,김아연의 Apple Watch,HKQuantityTypeIdentifierHeartRate
Heart rate,2026-07-21 12:02:47+09:00,114.0,count/min,0,김아연의 Apple Watch,HKQuantityTypeIdentifierHeartRate
Heart rate,2026-07-21 12:02:52+09:00,113.0,count/min,0,김아연의 Apple Watch,HKQuantityTypeIdentifierHeartRate
Heart rate,2026-07-21 12:02:59+09:00,112.0,count/min,0,김아연의 Apple Watch,HKQuantityTypeIdentifierHeartRate
Heart rate,2026-07-21 12:03:03+09:00,112.0,count/min,0,김아연의 Apple Watch,HKQuantityTypeIdentifierHeartRate
Heart rate,2026-07-21 12:03:07+09:00,113.0,count/min,0,김아연의 Apple Watch,HKQuantityTypeIdentifierHeartRate
Heart rate,2026-07-21 12:03:14+09:00,114.0,count/min,0,김아연의 Apple Watch,HKQuantityTypeIdentifierHeartRate
Heart rate,2026-07-21 12:03:19+09:00,113.0,count/min,0,김아연의 Apple Watch,HKQuantityTypeIdentifierHeartRate
Heart rate,2026-07-21 12:03:23+09:00,113.0,count/min,0,김아연의 Apple Watch,HKQuantityTypeIdentifierHeartRate
Heart rate,2026-07-21 12:03:28+09:00,112.0,count/min,0,김아연의 Apple Watch,HKQuantityTypeIdentifierHeartRate
Heart rate,2026-07-21 12:03:30+09:00,114.0,count/min,0,김아연의 Apple Watch,HKQuantityTypeIdentifierHeartRate
Heart rate,2026-07-21 12:03:39+09:00,110.0,count/min,0,김아연의 Apple Watch,HKQuantityTypeIdentifierHeartRate
Heart rate,2026-07-21 12:03:42+09:00,108.0,count/min,0,김아연의 Apple Watch,HKQuantityTypeIdentifierHeartRate
Heart rate,2026-07-21 12:03:49+09:00,110.0,count/min,0,김아연의 Apple Watch,HKQuantityTypeIdentifierHeartRate
Heart rate,2026-07-21 12:03:53+09:00,109.0,count/min,0,김아연의 Apple Watch,HKQuantityTypeIdentifierHeartRate
Heart rate,2026-07-21 12:03:56+09:00,110.0,count/min,0,김아연의 Apple Watch,HKQuantityTypeIdentifierHeartRate
Heart rate,2026-07-21 12:04:02+09:00,110.0,count/min,0,김아연의 Apple Watch,HKQuantityTypeIdentifierHeartRate
Heart rate,2026-07-21 12:04:09+09:00,113.0,count/min,0,김아연의 Apple Watch,HKQuantityTypeIdentifierHeartRate
Heart rate,2026-07-21 12:04:11+09:00,113.0,count/min,0,김아연의 Apple Watch,HKQuantityTypeIdentifierHeartRate
Heart rate,2026-07-21 12:04:15+09:00,111.0,count/min,0,김아연의 Apple Watch,HKQuantityTypeIdentifierHeartRate
Heart rate,2026-07-21 12:04:23+09:00,111.0,count/min,0,김아연의 Apple Watch,HKQuantityTypeIdentifierHeartRate
Heart rate,2026-07-21 12:04:25+09:00,110.0,count/min,0,김아연의 Apple Watch,HKQuantityTypeIdentifierHeartRate
Heart rate,2026-07-21 12:04:34+09:00,109.0,count/min,0,김아연의 Apple Watch,HKQuantityTypeIdentifierHeartRate
Heart rate,2026-07-21 12:04:38+09:00,109.0,count/min,0,김아연의 Apple Watch,HKQuantityTypeIdentifierHeartRate
Heart rate,2026-07-21 12:04:41+09:00,110.0,count/min,0,김아연의 Apple Watch,HKQuantityTypeIdentifierHeartRate
Heart rate,2026-07-21 12:04:49+09:00,112.0,count/min,0,김아연의 Apple Watch,HKQuantityTypeIdentifierHeartRate
Heart rate,2026-07-21 12:04:50+09:00,113.0,count/min,0,김아연의 Apple Watch,HKQuantityTypeIdentifierHeartRate
Heart rate,2026-07-21 12:04:56+09:00,112.0,count/min,0,김아연의 Apple Watch,HKQuantityTypeIdentifierHeartRate
Heart rate,2026-07-21 12:05:00+09:00,112.0,count/min,0,김아연의 Apple Watch,HKQuantityTypeIdentifierHeartRate
Heart rate,2026-07-21 12:05:07+09:00,112.0,count/min,0,김아연의 Apple Watch,HKQuantityTypeIdentifierHeartRate
Heart rate,2026-07-21 12:05:12+09:00,111.0,count/min,0,김아연의 Apple Watch,HKQuantityTypeIdentifierHeartRate
Heart rate,2026-07-21 12:05:19+09:00,113.0,count/min,0,김아연의 Apple Watch,HKQuantityTypeIdentifierHeartRate
Heart rate,2026-07-21 12:05:24+09:00,113.0,count/min,0,김아연의 Apple Watch,HKQuantityTypeIdentifierHeartRate
Heart rate,2026-07-21 12:05:26+09:00,113.0,count/min,0,김아연의 Apple Watch,HKQuantityTypeIdentifierHeartRate
Heart rate,2026-07-21 12:05:32+09:00,116.0,count/min,0,김아연의 Apple Watch,HKQuantityTypeIdentifierHeartRate
Heart rate,2026-07-21 12:05:38+09:00,116.0,count/min,0,김아연의 Apple Watch,HKQuantityTypeIdentifierHeartRate
Heart rate,2026-07-21 12:05:43+09:00,114.0,count/min,0,김아연의 Apple Watch,HKQuantityTypeIdentifierHeartRate
Heart rate,2026-07-21 12:05:47+09:00,113.0,count/min,0,김아연의 Apple Watch,HKQuantityTypeIdentifierHeartRate
Heart rate,2026-07-21 12:05:54+09:00,113.0,count/min,0,김아연의 Apple Watch,HKQuantityTypeIdentifierHeartRate
Heart rate,2026-07-21 12:05:55+09:00,113.0,count/min,0,김아연의 Apple Watch,HKQuantityTypeIdentifierHeartRate
Heart rate,2026-07-21 12:06:00+09:00,113.0,count/min,0,김아연의 Apple Watch,HKQuantityTypeIdentifierHeartRate
Heart rate,2026-07-21 12:06:07+09:00,112.0,count/min,0,김아연의 Apple Watch,HKQuantityTypeIdentifierHeartRate
Heart rate,2026-07-21 12:06:12+09:00,111.0,count/min,0,김아연의 Apple Watch,HKQuantityTypeIdentifierHeartRate
Heart rate,2026-07-21 12:06:18+09:00,114.0,count/min,0,김아연의 Apple Watch,HKQuantityTypeIdentifierHeartRate
Heart rate,2026-07-21 12:06:22+09:00,115.0,count/min,0,김아연의 Apple Watch,HKQuantityTypeIdentifierHeartRate
Heart rate,2026-07-21 12:06:27+09:00,116.0,count/min,0,김아연의 Apple Watch,HKQuantityTypeIdentifierHeartRate
Heart rate,2026-07-21 12:06:33+09:00,117.0,count/min,0,김아연의 Apple Watch,HKQuantityTypeIdentifierHeartRate
Heart rate,2026-07-21 12:06:35+09:00,117.0,count/min,0,김아연의 Apple Watch,HKQuantityTypeIdentifierHeartRate
Heart rate,2026-07-21 12:06:44+09:00,116.0,count/min,0,김아연의 Apple Watch,HKQuantityTypeIdentifierHeartRate
Heart rate,2026-07-21 12:06:49+09:00,115.0,count/min,0,김아연의 Apple Watch,HKQuantityTypeIdentifierHeartRate
Heart rate,2026-07-21 12:06:53+09:00,115.0,count/min,0,김아연의 Apple Watch,HKQuantityTypeIdentifierHeartRate
Heart rate,2026-07-21 12:06:58+09:00,115.0,count/min,0,김아연의 Apple Watch,HKQuantityTypeIdentifierHeartRate
Heart rate,2026-07-21 12:07:03+09:00,113.0,count/min,0,김아연의 Apple Watch,HKQuantityTypeIdentifierHeartRate
Heart rate,2026-07-21 12:07:06+09:00,113.0,count/min,0,김아연의 Apple Watch,HKQuantityTypeIdentifierHeartRate
Heart rate,2026-07-21 12:07:14+09:00,116.0,count/min,0,김아연의 Apple Watch,HKQuantityTypeIdentifierHeartRate
Heart rate,2026-07-21 12:07:16+09:00,115.0,count/min,0,김아연의 Apple Watch,HKQuantityTypeIdentifierHeartRate
Heart rate,2026-07-21 12:07:20+09:00,115.0,count/min,0,김아연의 Apple Watch,HKQuantityTypeIdentifierHeartRate
Heart rate,2026-07-21 12:07:29+09:00,107.0,count/min,0,김아연의 Apple Watch,HKQuantityTypeIdentifierHeartRate
Heart rate,2026-07-21 12:07:31+09:00,106.0,count/min,0,김아연의 Apple Watch,HKQuantityTypeIdentifierHeartRate
Heart rate,2026-07-21 12:07:37+09:00,105.0,count/min,0,김아연의 Apple Watch,HKQuantityTypeIdentifierHeartRate
Heart rate,2026-07-21 12:07:41+09:00,106.0,count/min,0,김아연의 Apple Watch,HKQuantityTypeIdentifierHeartRate
Heart rate,2026-07-21 12:07:49+09:00,107.0,count/min,0,김아연의 Apple Watch,HKQuantityTypeIdentifierHeartRate
Heart rate,2026-07-21 12:07:50+09:00,108.0,count/min,0,김아연의 Apple Watch,HKQuantityTypeIdentifierHeartRate
Heart rate,2026-07-21 12:07:56+09:00,109.0,count/min,0,김아연의 Apple Watch,HKQuantityTypeIdentifierHeartRate
Heart rate,2026-07-21 12:08:02+09:00,112.0,count/min,0,김아연의 Apple Watch,HKQuantityTypeIdentifierHeartRate
Heart rate,2026-07-21 12:08:08+09:00,115.0,count/min,0,김아연의 Apple Watch,HKQuantityTypeIdentifierHeartRate
Heart rate,2026-07-21 12:08:12+09:00,115.0,count/min,0,김아연의 Apple Watch,HKQuantityTypeIdentifierHeartRate
Heart rate,2026-07-21 12:08:15+09:00,117.0,count/min,0,김아연의 Apple Watch,HKQuantityTypeIdentifierHeartRate
Heart rate,2026-07-21 12:08:23+09:00,118.0,count/min,0,김아연의 Apple Watch,HKQuantityTypeIdentifierHeartRate
Heart rate,2026-07-21 12:08:29+09:00,114.0,count/min,0,김아연의 Apple Watch,HKQuantityTypeIdentifierHeartRate
Heart rate,2026-07-21 12:08:30+09:00,115.0,count/min,0,김아연의 Apple Watch,HKQuantityTypeIdentifierHeartRate
Heart rate,2026-07-21 12:08:36+09:00,114.0,count/min,0,김아연의 Apple Watch,HKQuantityTypeIdentifierHeartRate
Heart rate,2026-07-21 12:08:40+09:00,115.0,count/min,0,김아연의 Apple Watch,HKQuantityTypeIdentifierHeartRate
Heart rate,2026-07-21 12:08:47+09:00,114.0,count/min,0,김아연의 Apple Watch,HKQuantityTypeIdentifierHeartRate
Heart rate,2026-07-21 12:08:50+09:00,112.0,count/min,0,김아연의 Apple Watch,HKQuantityTypeIdentifierHeartRate
Heart rate,2026-07-21 12:08:59+09:00,111.0,count/min,0,김아연의 Apple Watch,HKQuantityTypeIdentifierHeartRate
Heart rate,2026-07-21 12:09:01+09:00,111.0,count/min,0,김아연의 Apple Watch,HKQuantityTypeIdentifierHeartRate
Heart rate,2026-07-21 12:09:09+09:00,110.0,count/min,0,김아연의 Apple Watch,HKQuantityTypeIdentifierHeartRate
Heart rate,2026-07-21 12:09:14+09:00,110.0,count/min,0,김아연의 Apple Watch,HKQuantityTypeIdentifierHeartRate
Heart rate,2026-07-21 12:09:15+09:00,111.0,count/min,0,김아연의 Apple Watch,HKQuantityTypeIdentifierHeartRate
Heart rate,2026-07-21 12:09:22+09:00,109.0,count/min,0,김아연의 Apple Watch,HKQuantityTypeIdentifierHeartRate
Heart rate,2026-07-21 12:09:27+09:00,106.0,count/min,0,김아연의 Apple Watch,HKQuantityTypeIdentifierHeartRate
Heart rate,2026-07-21 12:09:30+09:00,107.0,count/min,0,김아연의 Apple Watch,HKQuantityTypeIdentifierHeartRate
Heart rate,2026-07-21 12:09:39+09:00,105.0,count/min,0,김아연의 Apple Watch,HKQuantityTypeIdentifierHeartRate
Heart rate,2026-07-21 12:09:42+09:00,104.0,count/min,0,김아연의 Apple Watch,HKQuantityTypeIdentifierHeartRate
Heart rate,2026-07-21 12:09:48+09:00,106.0,count/min,0,김아연의 Apple Watch,HKQuantityTypeIdentifierHeartRate
Heart rate,2026-07-21 12:09:50+09:00,106.0,count/min,0,김아연의 Apple Watch,HKQuantityTypeIdentifierHeartRate
Heart rate,2026-07-21 12:09:59+09:00,106.0,count/min,0,김아연의 Apple Watch,HKQuantityTypeIdentifierHeartRate
Heart rate,2026-07-21 12:10:01+09:00,106.0,count/min,0,김아연의 Apple Watch,HKQuantityTypeIdentifierHeartRate
Heart rate,2026-07-21 12:10:09+09:00,105.0,count/min,0,김아연의 Apple Watch,HKQuantityTypeIdentifierHeartRate
Heart rate,2026-07-21 12:10:12+09:00,105.0,count/min,0,김아연의 Apple Watch,HKQuantityTypeIdentifierHeartRate
Heart rate,2026-07-21 12:10:18+09:00,106.0,count/min,0,김아연의 Apple Watch,HKQuantityTypeIdentifierHeartRate
Heart rate,2026-07-21 12:10:24+09:00,107.0,count/min,0,김아연의 Apple Watch,HKQuantityTypeIdentifierHeartRate
Heart rate,2026-07-21 12:10:25+09:00,108.0,count/min,0,김아연의 Apple Watch,HKQuantityTypeIdentifierHeartRate
Heart rate,2026-07-21 12:10:34+09:00,109.0,count/min,0,김아연의 Apple Watch,HKQuantityTypeIdentifierHeartRate
Heart rate,2026-07-21 12:10:35+09:00,110.0,count/min,0,김아연의 Apple Watch,HKQuantityTypeIdentifierHeartRate
Heart rate,2026-07-21 12:10:40+09:00,109.0,count/min,0,김아연의 Apple Watch,HKQuantityTypeIdentifierHeartRate
Heart rate,2026-07-21 12:10:48+09:00,106.0,count/min,0,김아연의 Apple Watch,HKQuantityTypeIdentifierHeartRate
Heart rate,2026-07-21 12:10:54+09:00,107.0,count/min,0,김아연의 Apple Watch,HKQuantityTypeIdentifierHeartRate
Heart rate,2026-07-21 12:10:55+09:00,107.0,count/min,0,김아연의 Apple Watch,HKQuantityTypeIdentifierHeartRate
Heart rate,2026-07-21 12:11:04+09:00,104.0,count/min,0,김아연의 Apple Watch,HKQuantityTypeIdentifierHeartRate
Heart rate,2026-07-21 12:11:06+09:00,104.0,count/min,0,김아연의 Apple Watch,HKQuantityTypeIdentifierHeartRate
Heart rate,2026-07-21 12:11:10+09:00,104.0,count/min,0,김아연의 Apple Watch,HKQuantityTypeIdentifierHeartRate
Heart rate,2026-07-21 12:11:15+09:00,103.0,count/min,0,김아연의 Apple Watch,HKQuantityTypeIdentifierHeartRate
Heart rate,2026-07-21 12:11:21+09:00,100.0,count/min,0,김아연의 Apple Watch,HKQuantityTypeIdentifierHeartRate
Heart rate,2026-07-21 12:11:25+09:00,101.0,count/min,0,김아연의 Apple Watch,HKQuantityTypeIdentifierHeartRate
Heart rate,2026-07-21 12:11:31+09:00,101.0,count/min,0,김아연의 Apple Watch,HKQuantityTypeIdentifierHeartRate
Heart rate,2026-07-21 12:11:39+09:00,101.0,count/min,0,김아연의 Apple Watch,HKQuantityTypeIdentifierHeartRate
Heart rate,2026-07-21 12:11:42+09:00,101.0,count/min,0,김아연의 Apple Watch,HKQuantityTypeIdentifierHeartRate
Heart rate,2026-07-21 12:11:47+09:00,102.0,count/min,0,김아연의 Apple Watch,HKQuantityTypeIdentifierHeartRate
Heart rate,2026-07-21 12:11:54+09:00,96.0,count/min,0,김아연의 Apple Watch,HKQuantityTypeIdentifierHeartRate
Heart rate,2026-07-21 12:11:56+09:00,96.0,count/min,0,김아연의 Apple Watch,HKQuantityTypeIdentifierHeartRate
Heart rate,2026-07-21 12:12:00+09:00,98.0,count/min,0,김아연의 Apple Watch,HKQuantityTypeIdentifierHeartRate
Heart rate,2026-07-21 12:12:05+09:00,98.0,count/min,0,김아연의 Apple Watch,HKQuantityTypeIdentifierHeartRate
Heart rate,2026-07-21 12:12:10+09:00,97.0,count/min,0,김아연의 Apple Watch,HKQuantityTypeIdentifierHeartRate
Heart rate,2026-07-21 12:12:17+09:00,97.0,count/min,0,김아연의 Apple Watch,HKQuantityTypeIdentifierHeartRate
Heart rate,2026-07-21 12:12:23+09:00,100.0,count/min,0,김아연의 Apple Watch,HKQuantityTypeIdentifierHeartRate
Heart rate,2026-07-21 12:12:27+09:00,100.0,count/min,0,김아연의 Apple Watch,HKQuantityTypeIdentifierHeartRate
Heart rate,2026-07-21 12:12:31+09:00,99.0,count/min,0,김아연의 Apple Watch,HKQuantityTypeIdentifierHeartRate
Heart rate,2026-07-21 12:12:39+09:00,100.0,count/min,0,김아연의 Apple Watch,HKQuantityTypeIdentifierHeartRate
Heart rate,2026-07-21 12:12:43+09:00,99.0,count/min,0,김아연의 Apple Watch,HKQuantityTypeIdentifierHeartRate
Heart rate,2026-07-21 12:12:48+09:00,99.0,count/min,0,김아연의 Apple Watch,HKQuantityTypeIdentifierHeartRate
Heart rate,2026-07-21 12:12:53+09:00,99.0,count/min,0,김아연의 Apple Watch,HKQuantityTypeIdentifierHeartRate
Heart rate,2026-07-21 12:12:56+09:00,99.0,count/min,0,김아연의 Apple Watch,HKQuantityTypeIdentifierHeartRate
Heart rate,2026-07-21 12:13:03+09:00,101.0,count/min,0,김아연의 Apple Watch,HKQuantityTypeIdentifierHeartRate
Heart rate,2026-07-21 12:13:06+09:00,100.0,count/min,0,김아연의 Apple Watch,HKQuantityTypeIdentifierHeartRate
Heart rate,2026-07-21 12:13:14+09:00,99.0,count/min,0,김아연의 Apple Watch,HKQuantityTypeIdentifierHeartRate
Heart rate,2026-07-21 12:13:17+09:00,100.0,count/min,0,김아연의 Apple Watch,HKQuantityTypeIdentifierHeartRate
Heart rate,2026-07-21 12:13:23+09:00,101.0,count/min,0,김아연의 Apple Watch,HKQuantityTypeIdentifierHeartRate
Heart rate,2026-07-21 12:13:25+09:00,101.0,count/min,0,김아연의 Apple Watch,HKQuantityTypeIdentifierHeartRate
Heart rate,2026-07-21 12:13:33+09:00,102.0,count/min,0,김아연의 Apple Watch,HKQuantityTypeIdentifierHeartRate
Heart rate,2026-07-21 12:13:35+09:00,102.0,count/min,0,김아연의 Apple Watch,HKQuantityTypeIdentifierHeartRate
Heart rate,2026-07-21 12:13:44+09:00,103.0,count/min,0,김아연의 Apple Watch,HKQuantityTypeIdentifierHeartRate
Heart rate,2026-07-21 12:13:46+09:00,104.0,count/min,0,김아연의 Apple Watch,HKQuantityTypeIdentifierHeartRate
Heart rate,2026-07-21 12:13:53+09:00,107.0,count/min,0,김아연의 Apple Watch,HKQuantityTypeIdentifierHeartRate
Heart rate,2026-07-21 12:13:55+09:00,108.0,count/min,0,김아연의 Apple Watch,HKQuantityTypeIdentifierHeartRate
Heart rate,2026-07-21 12:14:03+09:00,111.0,count/min,0,김아연의 Apple Watch,HKQuantityTypeIdentifierHeartRate
Heart rate,2026-07-21 12:14:08+09:00,109.0,count/min,0,김아연의 Apple Watch,HKQuantityTypeIdentifierHeartRate
Heart rate,2026-07-21 12:14:12+09:00,107.0,count/min,0,김아연의 Apple Watch,HKQuantityTypeIdentifierHeartRate
Heart rate,2026-07-21 12:14:16+09:00,109.0,count/min,0,김아연의 Apple Watch,HKQuantityTypeIdentifierHeartRate
Heart rate,2026-07-21 12:14:24+09:00,110.0,count/min,0,김아연의 Apple Watch,HKQuantityTypeIdentifierHeartRate
Heart rate,2026-07-21 12:14:28+09:00,110.0,count/min,0,김아연의 Apple Watch,HKQuantityTypeIdentifierHeartRate
Heart rate,2026-07-21 12:14:30+09:00,111.0,count/min,0,김아연의 Apple Watch,HKQuantityTypeIdentifierHeartRate
Heart rate,2026-07-21 12:14:36+09:00,113.0,count/min,0,김아연의 Apple Watch,HKQuantityTypeIdentifierHeartRate
Heart rate,2026-07-21 12:14:43+09:00,114.0,count/min,0,김아연의 Apple Watch,HKQuantityTypeIdentifierHeartRate
Heart rate,2026-07-21 12:14:45+09:00,114.0,count/min,0,김아연의 Apple Watch,HKQuantityTypeIdentifierHeartRate
Heart rate,2026-07-21 12:14:52+09:00,116.0,count/min,0,김아연의 Apple Watch,HKQuantityTypeIdentifierHeartRate
Heart rate,2026-07-21 12:14:59+09:00,114.0,count/min,0,김아연의 Apple Watch,HKQuantityTypeIdentifierHeartRate
Heart rate,2026-07-21 12:15:02+09:00,114.0,count/min,0,김아연의 Apple Watch,HKQuantityTypeIdentifierHeartRate
Heart rate,2026-07-21 12:15:07+09:00,116.0,count/min,0,김아연의 Apple Watch,HKQuantityTypeIdentifierHeartRate
Heart rate,2026-07-21 12:15:14+09:00,118.0,count/min,0,김아연의 Apple Watch,HKQuantityTypeIdentifierHeartRate
Heart rate,2026-07-21 12:15:17+09:00,117.0,count/min,0,김아연의 Apple Watch,HKQuantityTypeIdentifierHeartRate
Heart rate,2026-07-21 12:15:23+09:00,116.0,count/min,0,김아연의 Apple Watch,HKQuantityTypeIdentifierHeartRate
Heart rate,2026-07-21 12:15:27+09:00,116.0,count/min,0,김아연의 Apple Watch,HKQuantityTypeIdentifierHeartRate
Heart rate,2026-07-21 12:15:34+09:00,117.0,count/min,0,김아연의 Apple Watch,HKQuantityTypeIdentifierHeartRate
Heart rate,2026-07-21 12:15:36+09:00,117.0,count/min,0,김아연의 Apple Watch,HKQuantityTypeIdentifierHeartRate
Heart rate,2026-07-21 12:15:44+09:00,117.0,count/min,0,김아연의 Apple Watch,HKQuantityTypeIdentifierHeartRate
Heart rate,2026-07-21 12:15:48+09:00,119.0,count/min,0,김아연의 Apple Watch,HKQuantityTypeIdentifierHeartRate
Heart rate,2026-07-21 12:15:53+09:00,121.0,count/min,0,김아연의 Apple Watch,HKQuantityTypeIdentifierHeartRate
Heart rate,2026-07-21 12:15:55+09:00,121.0,count/min,0,김아연의 Apple Watch,HKQuantityTypeIdentifierHeartRate
Heart rate,2026-07-21 12:16:01+09:00,117.0,count/min,0,김아연의 Apple Watch,HKQuantityTypeIdentifierHeartRate
Heart rate,2026-07-21 12:16:07+09:00,118.0,count/min,0,김아연의 Apple Watch,HKQuantityTypeIdentifierHeartRate
Heart rate,2026-07-21 12:16:14+09:00,118.0,count/min,0,김아연의 Apple Watch,HKQuantityTypeIdentifierHeartRate
Heart rate,2026-07-21 12:16:17+09:00,117.0,count/min,0,김아연의 Apple Watch,HKQuantityTypeIdentifierHeartRate
Heart rate,2026-07-21 12:16:20+09:00,117.0,count/min,0,김아연의 Apple Watch,HKQuantityTypeIdentifierHeartRate
Heart rate,2026-07-21 12:16:29+09:00,118.0,count/min,0,김아연의 Apple Watch,HKQuantityTypeIdentifierHeartRate
Heart rate,2026-07-21 12:16:30+09:00,117.0,count/min,0,김아연의 Apple Watch,HKQuantityTypeIdentifierHeartRate
Heart rate,2026-07-21 12:16:39+09:00,120.0,count/min,0,김아연의 Apple Watch,HKQuantityTypeIdentifierHeartRate
Heart rate,2026-07-21 12:16:41+09:00,120.0,count/min,0,김아연의 Apple Watch,HKQuantityTypeIdentifierHeartRate
Heart rate,2026-07-21 12:16:47+09:00,119.0,count/min,0,김아연의 Apple Watch,HKQuantityTypeIdentifierHeartRate
Heart rate,2026-07-21 12:16:53+09:00,122.0,count/min,0,김아연의 Apple Watch,HKQuantityTypeIdentifierHeartRate
Heart rate,2026-07-21 12:16:55+09:00,122.0,count/min,0,김아연의 Apple Watch,HKQuantityTypeIdentifierHeartRate
Heart rate,2026-07-21 12:17:03+09:00,121.0,count/min,0,김아연의 Apple Watch,HKQuantityTypeIdentifierHeartRate
Heart rate,2026-07-21 12:17:05+09:00,121.0,count/min,0,김아연의 Apple Watch,HKQuantityTypeIdentifierHeartRate
Heart rate,2026-07-21 12:17:14+09:00,122.0,count/min,0,김아연의 Apple Watch,HKQuantityTypeIdentifierHeartRate
Heart rate,2026-07-21 12:17:16+09:00,121.0,count/min,0,김아연의 Apple Watch,HKQuantityTypeIdentifierHeartRate
Heart rate,2026-07-21 12:17:21+09:00,118.0,count/min,0,김아연의 Apple Watch,HKQuantityTypeIdentifierHeartRate
Heart rate,2026-07-21 12:17:29+09:00,121.0,count/min,0,김아연의 Apple Watch,HKQuantityTypeIdentifierHeartRate
Heart rate,2026-07-21 12:17:30+09:00,122.0,count/min,0,김아연의 Apple Watch,HKQuantityTypeIdentifierHeartRate
Heart rate,2026-07-21 12:17:37+09:00,130.0,count/min,0,김아연의 Apple Watch,HKQuantityTypeIdentifierHeartRate
Heart rate,2026-07-21 12:17:44+09:00,134.0,count/min,0,김아연의 Apple Watch,HKQuantityTypeIdentifierHeartRate
Heart rate,2026-07-21 12:17:46+09:00,136.0,count/min,0,김아연의 Apple Watch,HKQuantityTypeIdentifierHeartRate
Heart rate,2026-07-21 12:17:53+09:00,140.0,count/min,0,김아연의 Apple Watch,HKQuantityTypeIdentifierHeartRate
Heart rate,2026-07-21 12:17:59+09:00,140.0,count/min,0,김아연의 Apple Watch,HKQuantityTypeIdentifierHeartRate
Heart rate,2026-07-21 12:18:02+09:00,141.0,count/min,0,김아연의 Apple Watch,HKQuantityTypeIdentifierHeartRate
Heart rate,2026-07-21 12:18:08+09:00,142.0,count/min,0,김아연의 Apple Watch,HKQuantityTypeIdentifierHeartRate
Heart rate,2026-07-21 12:18:10+09:00,142.0,count/min,0,김아연의 Apple Watch,HKQuantityTypeIdentifierHeartRate
Heart rate,2026-07-21 12:18:15+09:00,141.0,count/min,0,김아연의 Apple Watch,HKQuantityTypeIdentifierHeartRate
Heart rate,2026-07-21 12:18:22+09:00,135.0,count/min,0,김아연의 Apple Watch,HKQuantityTypeIdentifierHeartRate
Heart rate,2026-07-21 12:18:26+09:00,135.0,count/min,0,김아연의 Apple Watch,HKQuantityTypeIdentifierHeartRate
Heart rate,2026-07-21 12:18:31+09:00,135.0,count/min,0,김아연의 Apple Watch,HKQuantityTypeIdentifierHeartRate
Heart rate,2026-07-21 12:18:37+09:00,135.0,count/min,0,김아연의 Apple Watch,HKQuantityTypeIdentifierHeartRate
Heart rate,2026-07-21 12:18:41+09:00,133.0,count/min,0,김아연의 Apple Watch,HKQuantityTypeIdentifierHeartRate
Heart rate,2026-07-21 12:18:45+09:00,134.0,count/min,0,김아연의 Apple Watch,HKQuantityTypeIdentifierHeartRate
Heart rate,2026-07-21 12:18:54+09:00,137.0,count/min,0,김아연의 Apple Watch,HKQuantityTypeIdentifierHeartRate
Heart rate,2026-07-21 12:18:55+09:00,137.0,count/min,0,김아연의 Apple Watch,HKQuantityTypeIdentifierHeartRate
Heart rate,2026-07-21 12:19:00+09:00,138.0,count/min,0,김아연의 Apple Watch,HKQuantityTypeIdentifierHeartRate
Heart rate,2026-07-21 12:19:09+09:00,141.0,count/min,0,김아연의 Apple Watch,HKQuantityTypeIdentifierHeartRate
Heart rate,2026-07-21 12:19:12+09:00,141.0,count/min,0,김아연의 Apple Watch,HKQuantityTypeIdentifierHeartRate
Heart rate,2026-07-21 12:19:17+09:00,136.0,count/min,0,김아연의 Apple Watch,HKQuantityTypeIdentifierHeartRate
Heart rate,2026-07-21 12:19:24+09:00,131.0,count/min,0,김아연의 Apple Watch,HKQuantityTypeIdentifierHeartRate
Heart rate,2026-07-21 12:19:25+09:00,131.0,count/min,0,김아연의 Apple Watch,HKQuantityTypeIdentifierHeartRate
Heart rate,2026-07-21 12:19:31+09:00,128.0,count/min,0,김아연의 Apple Watch,HKQuantityTypeIdentifierHeartRate
Heart rate,2026-07-21 12:19:35+09:00,126.0,count/min,0,김아연의 Apple Watch,HKQuantityTypeIdentifierHeartRate
Heart rate,2026-07-21 12:19:40+09:00,127.0,count/min,0,김아연의 Apple Watch,HKQuantityTypeIdentifierHeartRate
Heart rate,2026-07-21 12:19:49+09:00,119.0,count/min,0,김아연의 Apple Watch,HKQuantityTypeIdentifierHeartRate
Heart rate,2026-07-21 12:19:51+09:00,120.0,count/min,0,김아연의 Apple Watch,HKQuantityTypeIdentifierHeartRate
Heart rate,2026-07-21 12:19:58+09:00,114.0,count/min,0,김아연의 Apple Watch,HKQuantityTypeIdentifierHeartRate
Heart rate,2026-07-21 12:20:03+09:00,119.0,count/min,0,김아연의 Apple Watch,HKQuantityTypeIdentifierHeartRate
Heart rate,2026-07-21 12:20:09+09:00,113.0,count/min,0,김아연의 Apple Watch,HKQuantityTypeIdentifierHeartRate
Heart rate,2026-07-21 12:20:11+09:00,113.0,count/min,0,김아연의 Apple Watch,HKQuantityTypeIdentifierHeartRate
Heart rate,2026-07-21 12:20:15+09:00,114.0,count/min,0,김아연의 Apple Watch,HKQuantityTypeIdentifierHeartRate
Heart rate,2026-07-21 12:20:24+09:00,109.0,count/min,0,김아연의 Apple Watch,HKQuantityTypeIdentifierHeartRate
Heart rate,2026-07-21 12:20:25+09:00,109.0,count/min,0,김아연의 Apple Watch,HKQuantityTypeIdentifierHeartRate
Heart rate,2026-07-21 12:20:31+09:00,111.0,count/min,0,김아연의 Apple Watch,HKQuantityTypeIdentifierHeartRate
Heart rate,2026-07-21 12:20:35+09:00,109.0,count/min,0,김아연의 Apple Watch,HKQuantityTypeIdentifierHeartRate
Heart rate,2026-07-21 12:20:42+09:00,114.0,count/min,0,김아연의 Apple Watch,HKQuantityTypeIdentifierHeartRate
Heart rate,2026-07-21 12:20:45+09:00,114.0,count/min,0,김아연의 Apple Watch,HKQuantityTypeIdentifierHeartRate
Heart rate,2026-07-21 12:20:53+09:00,119.0,count/min,0,김아연의 Apple Watch,HKQuantityTypeIdentifierHeartRate
Heart rate,2026-07-21 12:20:59+09:00,111.0,count/min,0,김아연의 Apple Watch,HKQuantityTypeIdentifierHeartRate
Heart rate,2026-07-21 12:21:02+09:00,110.0,count/min,0,김아연의 Apple Watch,HKQuantityTypeIdentifierHeartRate
Heart rate,2026-07-21 12:21:09+09:00,115.0,count/min,0,김아연의 Apple Watch,HKQuantityTypeIdentifierHeartRate
Heart rate,2026-07-21 12:21:14+09:00,116.0,count/min,0,김아연의 Apple Watch,HKQuantityTypeIdentifierHeartRate
Heart rate,2026-07-21 12:21:15+09:00,116.0,count/min,0,김아연의 Apple Watch,HKQuantityTypeIdentifierHeartRate
Heart rate,2026-07-21 12:21:20+09:00,115.0,count/min,0,김아연의 Apple Watch,HKQuantityTypeIdentifierHeartRate
Heart rate,2026-07-21 12:21:25+09:00,116.0,count/min,0,김아연의 Apple Watch,HKQuantityTypeIdentifierHeartRate
Heart rate,2026-07-21 12:21:32+09:00,120.0,count/min,0,김아연의 Apple Watch,HKQuantityTypeIdentifierHeartRate
Heart rate,2026-07-21 12:21:35+09:00,120.0,count/min,0,김아연의 Apple Watch,HKQuantityTypeIdentifierHeartRate
Heart rate,2026-07-21 12:21:43+09:00,117.0,count/min,0,김아연의 Apple Watch,HKQuantityTypeIdentifierHeartRate
Heart rate,2026-07-21 12:21:49+09:00,113.0,count/min,0,김아연의 Apple Watch,HKQuantityTypeIdentifierHeartRate
Heart rate,2026-07-21 12:21:54+09:00,108.0,count/min,0,김아연의 Apple Watch,HKQuantityTypeIdentifierHeartRate
Heart rate,2026-07-21 12:21:58+09:00,108.0,count/min,0,김아연의 Apple Watch,HKQuantityTypeIdentifierHeartRate
Heart rate,2026-07-21 12:22:00+09:00,108.0,count/min,0,김아연의 Apple Watch,HKQuantityTypeIdentifierHeartRate
Heart rate,2026-07-21 12:22:05+09:00,104.0,count/min,0,김아연의 Apple Watch,HKQuantityTypeIdentifierHeartRate
Heart rate,2026-07-21 12:22:10+09:00,103.0,count/min,0,김아연의 Apple Watch,HKQuantityTypeIdentifierHeartRate
Heart rate,2026-07-21 12:22:15+09:00,108.0,count/min,0,김아연의 Apple Watch,HKQuantityTypeIdentifierHeartRate
Heart rate,2026-07-21 12:22:23+09:00,109.0,count/min,0,김아연의 Apple Watch,HKQuantityTypeIdentifierHeartRate
Heart rate,2026-07-21 12:22:29+09:00,105.0,count/min,0,김아연의 Apple Watch,HKQuantityTypeIdentifierHeartRate
Heart rate,2026-07-21 12:22:32+09:00,103.0,count/min,0,김아연의 Apple Watch,HKQuantityTypeIdentifierHeartRate
Heart rate,2026-07-21 12:22:35+09:00,103.0,count/min,0,김아연의 Apple Watch,HKQuantityTypeIdentifierHeartRate
Heart rate,2026-07-21 12:22:40+09:00,104.0,count/min,0,김아연의 Apple Watch,HKQuantityTypeIdentifierHeartRate
Heart rate,2026-07-21 12:22:45+09:00,102.0,count/min,0,김아연의 Apple Watch,HKQuantityTypeIdentifierHeartRate
Heart rate,2026-07-21 12:22:54+09:00,98.0,count/min,0,김아연의 Apple Watch,HKQuantityTypeIdentifierHeartRate
Heart rate,2026-07-21 12:22:58+09:00,98.0,count/min,0,김아연의 Apple Watch,HKQuantityTypeIdentifierHeartRate
Heart rate,2026-07-21 12:23:00+09:00,100.0,count/min,0,김아연의 Apple Watch,HKQuantityTypeIdentifierHeartRate
Heart rate,2026-07-21 12:23:05+09:00,103.0,count/min,0,김아연의 Apple Watch,HKQuantityTypeIdentifierHeartRate
Heart rate,2026-07-21 12:23:10+09:00,104.0,count/min,0,김아연의 Apple Watch,HKQuantityTypeIdentifierHeartRate
Heart rate,2026-07-21 12:23:15+09:00,107.0,count/min,0,김아연의 Apple Watch,HKQuantityTypeIdentifierHeartRate
Heart rate,2026-07-21 12:23:20+09:00,109.0,count/min,0,김아연의 Apple Watch,HKQuantityTypeIdentifierHeartRate
Heart rate,2026-07-21 12:23:29+09:00,109.0,count/min,0,김아연의 Apple Watch,HKQuantityTypeIdentifierHeartRate
Heart rate,2026-07-21 12:23:34+09:00,107.0,count/min,0,김아연의 Apple Watch,HKQuantityTypeIdentifierHeartRate
Heart rate,2026-07-21 12:23:39+09:00,96.0,count/min,0,김아연의 Apple Watch,HKQuantityTypeIdentifierHeartRate
Heart rate,2026-07-21 12:23:42+09:00,95.0,count/min,0,김아연의 Apple Watch,HKQuantityTypeIdentifierHeartRate
Heart rate,2026-07-21 12:23:47+09:00,96.0,count/min,0,김아연의 Apple Watch,HKQuantityTypeIdentifierHeartRate
Heart rate,2026-07-21 12:23:50+09:00,97.0,count/min,0,김아연의 Apple Watch,HKQuantityTypeIdentifierHeartRate
Heart rate,2026-07-21 12:23:59+09:00,99.0,count/min,0,김아연의 Apple Watch,HKQuantityTypeIdentifierHeartRate
Heart rate,2026-07-21 12:24:03+09:00,97.0,count/min,0,김아연의 Apple Watch,HKQuantityTypeIdentifierHeartRate
Heart rate,2026-07-21 12:24:05+09:00,96.0,count/min,0,김아연의 Apple Watch,HKQuantityTypeIdentifierHeartRate
Heart rate,2026-07-21 12:24:13+09:00,98.0,count/min,0,김아연의 Apple Watch,HKQuantityTypeIdentifierHeartRate
Heart rate,2026-07-21 12:24:15+09:00,97.0,count/min,0,김아연의 Apple Watch,HKQuantityTypeIdentifierHeartRate
Heart rate,2026-07-21 12:24:23+09:00,94.0,count/min,0,김아연의 Apple Watch,HKQuantityTypeIdentifierHeartRate
Heart rate,2026-07-21 12:24:26+09:00,95.0,count/min,0,김아연의 Apple Watch,HKQuantityTypeIdentifierHeartRate
Heart rate,2026-07-21 12:24:33+09:00,93.0,count/min,0,김아연의 Apple Watch,HKQuantityTypeIdentifierHeartRate
Heart rate,2026-07-21 12:24:38+09:00,93.0,count/min,0,김아연의 Apple Watch,HKQuantityTypeIdentifierHeartRate
Heart rate,2026-07-21 12:24:41+09:00,91.0,count/min,0,김아연의 Apple Watch,HKQuantityTypeIdentifierHeartRate
Heart rate,2026-07-21 12:24:49+09:00,96.0,count/min,0,김아연의 Apple Watch,HKQuantityTypeIdentifierHeartRate
Heart rate,2026-07-21 12:24:54+09:00,96.0,count/min,0,김아연의 Apple Watch,HKQuantityTypeIdentifierHeartRate
Heart rate,2026-07-21 12:24:57+09:00,95.0,count/min,0,김아연의 Apple Watch,HKQuantityTypeIdentifierHeartRate
Heart rate,2026-07-21 12:25:01+09:00,94.0,count/min,0,김아연의 Apple Watch,HKQuantityTypeIdentifierHeartRate
Heart rate,2026-07-21 12:25:09+09:00,98.0,count/min,0,김아연의 Apple Watch,HKQuantityTypeIdentifierHeartRate
Heart rate,2026-07-21 12:25:10+09:00,98.0,count/min,0,김아연의 Apple Watch,HKQuantityTypeIdentifierHeartRate
Heart rate,2026-07-21 12:25:15+09:00,96.0,count/min,0,김아연의 Apple Watch,HKQuantityTypeIdentifierHeartRate
Heart rate,2026-07-21 12:25:22+09:00,89.0,count/min,0,김아연의 Apple Watch,HKQuantityTypeIdentifierHeartRate
Heart rate,2026-07-21 12:25:28+09:00,93.0,count/min,0,김아연의 Apple Watch,HKQuantityTypeIdentifierHeartRate
Heart rate,2026-07-21 12:25:34+09:00,91.0,count/min,0,김아연의 Apple Watch,HKQuantityTypeIdentifierHeartRate
Heart rate,2026-07-21 12:25:37+09:00,90.0,count/min,0,김아연의 Apple Watch,HKQuantityTypeIdentifierHeartRate
Heart rate,2026-07-21 12:25:41+09:00,89.0,count/min,0,김아연의 Apple Watch,HKQuantityTypeIdentifierHeartRate
Heart rate,2026-07-21 12:25:48+09:00,92.0,count/min,0,김아연의 Apple Watch,HKQuantityTypeIdentifierHeartRate
Heart rate,2026-07-21 12:25:53+09:00,89.0,count/min,0,김아연의 Apple Watch,HKQuantityTypeIdentifierHeartRate
Heart rate,2026-07-21 12:25:55+09:00,89.0,count/min,0,김아연의 Apple Watch,HKQuantityTypeIdentifierHeartRate
Heart rate,2026-07-21 12:26:00+09:00,89.0,count/min,0,김아연의 Apple Watch,HKQuantityTypeIdentifierHeartRate
Heart rate,2026-07-21 12:26:05+09:00,88.0,count/min,0,김아연의 Apple Watch,HKQuantityTypeIdentifierHeartRate
Heart rate,2026-07-21 12:26:10+09:00,89.0,count/min,0,김아연의 Apple Watch,HKQuantityTypeIdentifierHeartRate
Heart rate,2026-07-21 12:26:16+09:00,91.0,count/min,0,김아연의 Apple Watch,HKQuantityTypeIdentifierHeartRate
Heart rate,2026-07-21 12:26:24+09:00,93.0,count/min,0,김아연의 Apple Watch,HKQuantityTypeIdentifierHeartRate
Heart rate,2026-07-21 12:26:25+09:00,93.0,count/min,0,김아연의 Apple Watch,HKQuantityTypeIdentifierHeartRate
Heart rate,2026-07-21 12:26:34+09:00,88.0,count/min,0,김아연의 Apple Watch,HKQuantityTypeIdentifierHeartRate
Heart rate,2026-07-21 12:26:38+09:00,88.0,count/min,0,김아연의 Apple Watch,HKQuantityTypeIdentifierHeartRate
Heart rate,2026-07-21 12:26:43+09:00,86.0,count/min,0,김아연의 Apple Watch,HKQuantityTypeIdentifierHeartRate
Heart rate,2026-07-21 12:26:46+09:00,87.0,count/min,0,김아연의 Apple Watch,HKQuantityTypeIdentifierHeartRate
Heart rate,2026-07-21 12:26:51+09:00,87.0,count/min,0,김아연의 Apple Watch,HKQuantityTypeIdentifierHeartRate
Heart rate,2026-07-21 12:26:58+09:00,92.0,count/min,0,김아연의 Apple Watch,HKQuantityTypeIdentifierHeartRate
Heart rate,2026-07-21 12:28:52+09:00,87.0,count/min,1,김아연의 Apple Watch,HKQuantityTypeIdentifierHeartRate
Heart rate,2026-07-21 12:31:08+09:00,89.0,count/min,1,김아연의 Apple Watch,HKQuantityTypeIdentifierHeartRate
Heart rate,2026-07-21 12:36:59+09:00,85.0,count/min,1,김아연의 Apple Watch,HKQuantityTypeIdentifierHeartRate
Heart rate,2026-07-21 12:40:03+09:00,85.0,count/min,1,김아연의 Apple Watch,HKQuantityTypeIdentifierHeartRate
Heart rate,2026-07-21 12:46:17+09:00,84.0,count/min,1,김아연의 Apple Watch,HKQuantityTypeIdentifierHeartRate
Heart rate,2026-07-21 12:52:49+09:00,99.0,count/min,1,김아연의 Apple Watch,HKQuantityTypeIdentifierHeartRate
Heart rate,2026-07-21 12:58:03+09:00,99.0,count/min,1,김아연의 Apple Watch,HKQuantityTypeIdentifierHeartRate
Heart rate,2026-07-21 13:01:07+09:00,90.0,count/min,1,김아연의 Apple Watch,HKQuantityTypeIdentifierHeartRate
Heart rate,2026-07-21 13:02:18+09:00,82.4597,count/min,0,김아연의 Apple Watch,HKQuantityTypeIdentifierHeartRate
Heart rate,2026-07-21 13:05:48+09:00,83.0,count/min,1,김아연의 Apple Watch,HKQuantityTypeIdentifierHeartRate
Heart rate,2026-07-21 13:14:34+09:00,83.0,count/min,1,김아연의 Apple Watch,HKQuantityTypeIdentifierHeartRate
Heart rate,2026-07-21 13:19:32+09:00,81.0,count/min,1,김아연의 Apple Watch,HKQuantityTypeIdentifierHeartRate
Heart rate,2026-07-21 13:24:01+09:00,77.0,count/min,1,김아연의 Apple Watch,HKQuantityTypeIdentifierHeartRate
Heart rate,2026-07-21 13:26:10+09:00,80.0,count/min,1,김아연의 Apple Watch,HKQuantityTypeIdentifierHeartRate
Heart rate,2026-07-21 13:30:02+09:00,80.0,count/min,1,김아연의 Apple Watch,HKQuantityTypeIdentifierHeartRate
Heart rate,2026-07-21 13:37:48+09:00,81.0,count/min,1,김아연의 Apple Watch,HKQuantityTypeIdentifierHeartRate
Heart rate,2026-07-21 13:44:26+09:00,49.0,count/min,1,김아연의 Apple Watch,HKQuantityTypeIdentifierHeartRate
Heart rate,2026-07-21 13:45:32+09:00,64.0,count/min,1,김아연의 Apple Watch,HKQuantityTypeIdentifierHeartRate
Heart rate,2026-07-21 13:52:03+09:00,79.0,count/min,1,김아연의 Apple Watch,HKQuantityTypeIdentifierHeartRate
Heart rate,2026-07-21 13:56:13+09:00,79.0,count/min,1,김아연의 Apple Watch,HKQuantityTypeIdentifierHeartRate
Heart rate,2026-07-21 14:00:35+09:00,74.0,count/min,1,김아연의 Apple Watch,HKQuantityTypeIdentifierHeartRate
Heart rate,2026-07-21 14:58:38+09:00,76.0,count/min,1,김아연의 Apple Watch,HKQuantityTypeIdentifierHeartRate
Heart rate,2026-07-21 15:03:48+09:00,72.0,count/min,1,김아연의 Apple Watch,HKQuantityTypeIdentifierHeartRate
Heart rate,2026-07-21 15:08:22+09:00,74.0,count/min,1,김아연의 Apple Watch,HKQuantityTypeIdentifierHeartRate
Heart rate,2026-07-21 15:12:18+09:00,73.0,count/min,1,김아연의 Apple Watch,HKQuantityTypeIdentifierHeartRate
Heart rate,2026-07-21 15:18:38+09:00,69.0,count/min,1,김아연의 Apple Watch,HKQuantityTypeIdentifierHeartRate
Heart rate,2026-07-21 15:24:19+09:00,75.0,count/min,1,김아연의 Apple Watch,HKQuantityTypeIdentifierHeartRate
Heart rate,2026-07-21 15:29:18+09:00,71.0,count/min,1,김아연의 Apple Watch,HKQuantityTypeIdentifierHeartRate
Heart rate,2026-07-21 15:30:21+09:00,72.0,count/min,1,김아연의 Apple Watch,HKQuantityTypeIdentifierHeartRate
Heart rate,2026-07-21 15:35:26+09:00,72.0,count/min,1,김아연의 Apple Watch,HKQuantityTypeIdentifierHeartRate
Heart rate,2026-07-21 15:40:03+09:00,73.0,count/min,1,김아연의 Apple Watch,HKQuantityTypeIdentifierHeartRate
Heart rate,2026-07-21 15:47:54+09:00,66.0,count/min,1,김아연의 Apple Watch,HKQuantityTypeIdentifierHeartRate
Heart rate,2026-07-21 15:53:16+09:00,73.0,count/min,1,김아연의 Apple Watch,HKQuantityTypeIdentifierHeartRate
Heart rate,2026-07-21 15:59:37+09:00,71.0,count/min,1,김아연의 Apple Watch,HKQuantityTypeIdentifierHeartRate
Heart rate,2026-07-21 16:00:57+09:00,72.0,count/min,1,김아연의 Apple Watch,HKQuantityTypeIdentifierHeartRate
Heart rate,2026-07-21 16:07:52+09:00,74.0,count/min,1,김아연의 Apple Watch,HKQuantityTypeIdentifierHeartRate
Heart rate,2026-07-21 16:10:03+09:00,72.0,count/min,1,김아연의 Apple Watch,HKQuantityTypeIdentifierHeartRate
Heart rate,2026-07-21 16:15:16+09:00,73.0,count/min,1,김아연의 Apple Watch,HKQuantityTypeIdentifierHeartRate
Heart rate,2026-07-21 16:21:32+09:00,75.0,count/min,1,김아연의 Apple Watch,HKQuantityTypeIdentifierHeartRate
Heart rate,2026-07-21 16:26:37+09:00,67.0,count/min,1,김아연의 Apple Watch,HKQuantityTypeIdentifierHeartRate
Heart rate,2026-07-21 16:34:26+09:00,72.0,count/min,1,김아연의 Apple Watch,HKQuantityTypeIdentifierHeartRate
Heart rate,2026-07-21 16:41:00+09:00,65.0,count/min,1,김아연의 Apple Watch,HKQuantityTypeIdentifierHeartRate
Heart rate,2026-07-21 16:44:55+09:00,73.0,count/min,1,김아연의 Apple Watch,HKQuantityTypeIdentifierHeartRate
Heart rate,2026-07-21 16:52:41+09:00,71.673,count/min,0,김아연의 Apple Watch,HKQuantityTypeIdentifierHeartRate
Heart rate,2026-07-21 16:52:44+09:00,72.0,count/min,1,김아연의 Apple Watch,HKQuantityTypeIdentifierHeartRate
Heart rate,2026-07-21 16:57:12+09:00,69.0,count/min,1,김아연의 Apple Watch,HKQuantityTypeIdentifierHeartRate
Heart rate,2026-07-21 17:02:33+09:00,66.0,count/min,1,김아연의 Apple Watch,HKQuantityTypeIdentifierHeartRate
Heart rate,2026-07-21 17:06:23+09:00,71.0,count/min,1,김아연의 Apple Watch,HKQuantityTypeIdentifierHeartRate
Heart rate,2026-07-21 17:10:51+09:00,71.0,count/min,1,김아연의 Apple Watch,HKQuantityTypeIdentifierHeartRate
Heart rate,2026-07-21 17:17:36+09:00,72.0,count/min,1,김아연의 Apple Watch,HKQuantityTypeIdentifierHeartRate
Heart rate,2026-07-21 17:23:58+09:00,75.0,count/min,1,김아연의 Apple Watch,HKQuantityTypeIdentifierHeartRate
Heart rate,2026-07-21 17:29:10+09:00,74.0,count/min,1,김아연의 Apple Watch,HKQuantityTypeIdentifierHeartRate
Heart rate,2026-07-21 17:34:29+09:00,74.0,count/min,1,김아연의 Apple Watch,HKQuantityTypeIdentifierHeartRate
Heart rate,2026-07-21 17:37:00+09:00,75.0,count/min,1,김아연의 Apple Watch,HKQuantityTypeIdentifierHeartRate
Heart rate,2026-07-21 17:43:01+09:00,74.0,count/min,1,김아연의 Apple Watch,HKQuantityTypeIdentifierHeartRate
Heart rate,2026-07-21 17:45:21+09:00,70.0,count/min,1,김아연의 Apple Watch,HKQuantityTypeIdentifierHeartRate
Heart rate,2026-07-21 17:49:51+09:00,73.0,count/min,1,김아연의 Apple Watch,HKQuantityTypeIdentifierHeartRate
Heart rate,2026-07-21 17:59:16+09:00,79.0,count/min,1,김아연의 Apple Watch,HKQuantityTypeIdentifierHeartRate
Heart rate,2026-07-21 18:01:15+09:00,72.0,count/min,1,김아연의 Apple Watch,HKQuantityTypeIdentifierHeartRate
Heart rate,2026-07-21 18:12:21+09:00,110.0,count/min,2,김아연의 Apple Watch,HKQuantityTypeIdentifierHeartRate
Heart rate,2026-07-21 18:16:39+09:00,120.0,count/min,0,김아연의 Apple Watch,HKQuantityTypeIdentifierHeartRate
Heart rate,2026-07-21 18:16:58+09:00,123.0,count/min,0,김아연의 Apple Watch,HKQuantityTypeIdentifierHeartRate
Heart rate,2026-07-21 18:16:59+09:00,123.0,count/min,0,김아연의 Apple Watch,HKQuantityTypeIdentifierHeartRate
Heart rate,2026-07-21 18:17:04+09:00,121.0,count/min,0,김아연의 Apple Watch,HKQuantityTypeIdentifierHeartRate
Heart rate,2026-07-21 18:17:09+09:00,119.0,count/min,0,김아연의 Apple Watch,HKQuantityTypeIdentifierHeartRate
Heart rate,2026-07-21 18:17:14+09:00,122.0,count/min,0,김아연의 Apple Watch,HKQuantityTypeIdentifierHeartRate
Heart rate,2026-07-21 18:17:23+09:00,121.0,count/min,0,김아연의 Apple Watch,HKQuantityTypeIdentifierHeartRate
Heart rate,2026-07-21 18:17:28+09:00,116.0,count/min,0,김아연의 Apple Watch,HKQuantityTypeIdentifierHeartRate
Heart rate,2026-07-21 18:17:29+09:00,115.0,count/min,0,김아연의 Apple Watch,HKQuantityTypeIdentifierHeartRate
Heart rate,2026-07-21 18:18:39+09:00,112.0,count/min,0,김아연의 Apple Watch,HKQuantityTypeIdentifierHeartRate
Heart rate,2026-07-21 18:18:44+09:00,114.0,count/min,0,김아연의 Apple Watch,HKQuantityTypeIdentifierHeartRate
Heart rate,2026-07-21 18:18:46+09:00,113.0,count/min,0,김아연의 Apple Watch,HKQuantityTypeIdentifierHeartRate
Heart rate,2026-07-21 18:18:53+09:00,107.0,count/min,0,김아연의 Apple Watch,HKQuantityTypeIdentifierHeartRate
Heart rate,2026-07-21 18:18:56+09:00,107.0,count/min,0,김아연의 Apple Watch,HKQuantityTypeIdentifierHeartRate
Heart rate,2026-07-21 18:19:01+09:00,106.0,count/min,0,김아연의 Apple Watch,HKQuantityTypeIdentifierHeartRate
Heart rate,2026-07-21 18:19:05+09:00,106.0,count/min,0,김아연의 Apple Watch,HKQuantityTypeIdentifierHeartRate
Heart rate,2026-07-21 18:20:27+09:00,103.0,count/min,1,김아연의 Apple Watch,HKQuantityTypeIdentifierHeartRate
Heart rate,2026-07-21 18:27:00+09:00,97.0,count/min,0,김아연의 Apple Watch,HKQuantityTypeIdentifierHeartRate
Heart rate,2026-07-21 18:28:00+09:00,107.0,count/min,2,김아연의 Apple Watch,HKQuantityTypeIdentifierHeartRate
Heart rate,2026-07-21 18:30:25+09:00,118.0,count/min,2,김아연의 Apple Watch,HKQuantityTypeIdentifierHeartRate
Heart rate,2026-07-21 18:32:45+09:00,116.0,count/min,2,김아연의 Apple Watch,HKQuantityTypeIdentifierHeartRate
Heart rate,2026-07-21 18:35:04+09:00,129.0,count/min,2,김아연의 Apple Watch,HKQuantityTypeIdentifierHeartRate
Heart rate,2026-07-21 18:35:31+09:00,117.0,count/min,0,김아연의 Apple Watch,HKQuantityTypeIdentifierHeartRate
Heart rate,2026-07-21 18:35:36+09:00,123.0,count/min,0,김아연의 Apple Watch,HKQuantityTypeIdentifierHeartRate
Heart rate,2026-07-21 18:35:37+09:00,124.0,count/min,0,김아연의 Apple Watch,HKQuantityTypeIdentifierHeartRate
Heart rate,2026-07-21 18:35:46+09:00,132.0,count/min,0,김아연의 Apple Watch,HKQuantityTypeIdentifierHeartRate
Heart rate,2026-07-21 18:35:51+09:00,134.0,count/min,0,김아연의 Apple Watch,HKQuantityTypeIdentifierHeartRate
Heart rate,2026-07-21 18:35:52+09:00,135.0,count/min,0,김아연의 Apple Watch,HKQuantityTypeIdentifierHeartRate
Heart rate,2026-07-21 18:35:59+09:00,132.0,count/min,0,김아연의 Apple Watch,HKQuantityTypeIdentifierHeartRate
Heart rate,2026-07-21 18:36:06+09:00,130.0,count/min,0,김아연의 Apple Watch,HKQuantityTypeIdentifierHeartRate
Heart rate,2026-07-21 18:36:11+09:00,131.0,count/min,0,김아연의 Apple Watch,HKQuantityTypeIdentifierHeartRate
Heart rate,2026-07-21 18:36:12+09:00,132.0,count/min,0,김아연의 Apple Watch,HKQuantityTypeIdentifierHeartRate
Heart rate,2026-07-21 18:36:19+09:00,134.0,count/min,0,김아연의 Apple Watch,HKQuantityTypeIdentifierHeartRate
Heart rate,2026-07-21 18:36:23+09:00,133.0,count/min,0,김아연의 Apple Watch,HKQuantityTypeIdentifierHeartRate
Heart rate,2026-07-21 18:36:27+09:00,132.0,count/min,0,김아연의 Apple Watch,HKQuantityTypeIdentifierHeartRate
Heart rate,2026-07-21 18:36:32+09:00,130.0,count/min,0,김아연의 Apple Watch,HKQuantityTypeIdentifierHeartRate
Heart rate,2026-07-21 18:36:39+09:00,123.0,count/min,0,김아연의 Apple Watch,HKQuantityTypeIdentifierHeartRate
Heart rate,2026-07-21 18:36:42+09:00,121.0,count/min,0,김아연의 Apple Watch,HKQuantityTypeIdentifierHeartRate
Heart rate,2026-07-21 18:36:47+09:00,120.0,count/min,0,김아연의 Apple Watch,HKQuantityTypeIdentifierHeartRate
Heart rate,2026-07-21 18:36:55+09:00,121.0,count/min,0,김아연의 Apple Watch,HKQuantityTypeIdentifierHeartRate
Heart rate,2026-07-21 18:36:57+09:00,121.0,count/min,0,김아연의 Apple Watch,HKQuantityTypeIdentifierHeartRate
Heart rate,2026-07-21 18:37:02+09:00,123.0,count/min,0,김아연의 Apple Watch,HKQuantityTypeIdentifierHeartRate
Heart rate,2026-07-21 18:37:11+09:00,127.0,count/min,0,김아연의 Apple Watch,HKQuantityTypeIdentifierHeartRate
Heart rate,2026-07-21 18:37:16+09:00,129.0,count/min,0,김아연의 Apple Watch,HKQuantityTypeIdentifierHeartRate
Heart rate,2026-07-21 18:37:21+09:00,133.0,count/min,0,김아연의 Apple Watch,HKQuantityTypeIdentifierHeartRate
Heart rate,2026-07-21 18:37:22+09:00,133.0,count/min,0,김아연의 Apple Watch,HKQuantityTypeIdentifierHeartRate
Heart rate,2026-07-21 18:37:31+09:00,138.0,count/min,0,김아연의 Apple Watch,HKQuantityTypeIdentifierHeartRate
Heart rate,2026-07-21 18:37:36+09:00,141.0,count/min,0,김아연의 Apple Watch,HKQuantityTypeIdentifierHeartRate
Heart rate,2026-07-21 18:37:40+09:00,139.0,count/min,0,김아연의 Apple Watch,HKQuantityTypeIdentifierHeartRate
Heart rate,2026-07-21 18:37:42+09:00,139.0,count/min,0,김아연의 Apple Watch,HKQuantityTypeIdentifierHeartRate
Heart rate,2026-07-21 18:37:51+09:00,136.0,count/min,0,김아연의 Apple Watch,HKQuantityTypeIdentifierHeartRate
Heart rate,2026-07-21 18:37:56+09:00,135.0,count/min,0,김아연의 Apple Watch,HKQuantityTypeIdentifierHeartRate
Heart rate,2026-07-21 18:37:57+09:00,134.0,count/min,0,김아연의 Apple Watch,HKQuantityTypeIdentifierHeartRate
Heart rate,2026-07-21 18:38:02+09:00,133.0,count/min,0,김아연의 Apple Watch,HKQuantityTypeIdentifierHeartRate
Heart rate,2026-07-21 18:38:10+09:00,134.0,count/min,0,김아연의 Apple Watch,HKQuantityTypeIdentifierHeartRate
Heart rate,2026-07-21 18:38:12+09:00,134.0,count/min,0,김아연의 Apple Watch,HKQuantityTypeIdentifierHeartRate
Heart rate,2026-07-21 18:38:21+09:00,137.0,count/min,0,김아연의 Apple Watch,HKQuantityTypeIdentifierHeartRate
Heart rate,2026-07-21 18:38:22+09:00,136.0,count/min,0,김아연의 Apple Watch,HKQuantityTypeIdentifierHeartRate
Heart rate,2026-07-21 18:38:28+09:00,137.0,count/min,0,김아연의 Apple Watch,HKQuantityTypeIdentifierHeartRate
Heart rate,2026-07-21 18:38:36+09:00,135.0,count/min,0,김아연의 Apple Watch,HKQuantityTypeIdentifierHeartRate
Heart rate,2026-07-21 18:38:41+09:00,135.0,count/min,0,김아연의 Apple Watch,HKQuantityTypeIdentifierHeartRate
Heart rate,2026-07-21 18:38:45+09:00,136.0,count/min,0,김아연의 Apple Watch,HKQuantityTypeIdentifierHeartRate
Heart rate,2026-07-21 18:38:51+09:00,138.0,count/min,0,김아연의 Apple Watch,HKQuantityTypeIdentifierHeartRate
Heart rate,2026-07-21 18:38:53+09:00,137.0,count/min,0,김아연의 Apple Watch,HKQuantityTypeIdentifierHeartRate
Heart rate,2026-07-21 18:39:01+09:00,138.0,count/min,0,김아연의 Apple Watch,HKQuantityTypeIdentifierHeartRate
Heart rate,2026-07-21 18:39:02+09:00,138.0,count/min,0,김아연의 Apple Watch,HKQuantityTypeIdentifierHeartRate
Heart rate,2026-07-21 18:39:08+09:00,136.0,count/min,0,김아연의 Apple Watch,HKQuantityTypeIdentifierHeartRate
Heart rate,2026-07-21 18:39:15+09:00,136.0,count/min,0,김아연의 Apple Watch,HKQuantityTypeIdentifierHeartRate
Heart rate,2026-07-21 18:39:21+09:00,137.0,count/min,0,김아연의 Apple Watch,HKQuantityTypeIdentifierHeartRate
Heart rate,2026-07-21 18:39:22+09:00,136.0,count/min,0,김아연의 Apple Watch,HKQuantityTypeIdentifierHeartRate
Heart rate,2026-07-21 18:39:27+09:00,135.0,count/min,0,김아연의 Apple Watch,HKQuantityTypeIdentifierHeartRate
Heart rate,2026-07-21 18:39:35+09:00,138.0,count/min,0,김아연의 Apple Watch,HKQuantityTypeIdentifierHeartRate
Heart rate,2026-07-21 18:39:40+09:00,137.0,count/min,0,김아연의 Apple Watch,HKQuantityTypeIdentifierHeartRate
Heart rate,2026-07-21 18:39:46+09:00,139.0,count/min,0,김아연의 Apple Watch,HKQuantityTypeIdentifierHeartRate
Heart rate,2026-07-21 18:39:51+09:00,140.0,count/min,0,김아연의 Apple Watch,HKQuantityTypeIdentifierHeartRate
Heart rate,2026-07-21 18:39:52+09:00,140.0,count/min,0,김아연의 Apple Watch,HKQuantityTypeIdentifierHeartRate
Heart rate,2026-07-21 18:40:00+09:00,142.0,count/min,0,김아연의 Apple Watch,HKQuantityTypeIdentifierHeartRate
Heart rate,2026-07-21 18:41:21+09:00,126.0,count/min,0,김아연의 Apple Watch,HKQuantityTypeIdentifierHeartRate
Heart rate,2026-07-21 18:41:41+09:00,124.0,count/min,0,김아연의 Apple Watch,HKQuantityTypeIdentifierHeartRate
Heart rate,2026-07-21 18:41:44+09:00,127.0,count/min,0,김아연의 Apple Watch,HKQuantityTypeIdentifierHeartRate
Heart rate,2026-07-21 18:41:48+09:00,124.0,count/min,0,김아연의 Apple Watch,HKQuantityTypeIdentifierHeartRate
Heart rate,2026-07-21 18:41:53+09:00,120.0,count/min,0,김아연의 Apple Watch,HKQuantityTypeIdentifierHeartRate
Heart rate,2026-07-21 18:42:00+09:00,121.0,count/min,0,김아연의 Apple Watch,HKQuantityTypeIdentifierHeartRate
Heart rate,2026-07-21 18:42:03+09:00,117.0,count/min,0,김아연의 Apple Watch,HKQuantityTypeIdentifierHeartRate
Heart rate,2026-07-21 18:42:12+09:00,126.0,count/min,0,김아연의 Apple Watch,HKQuantityTypeIdentifierHeartRate
Heart rate,2026-07-21 18:42:21+09:00,126.0,count/min,0,김아연의 Apple Watch,HKQuantityTypeIdentifierHeartRate
Heart rate,2026-07-21 18:42:23+09:00,126.0,count/min,0,김아연의 Apple Watch,HKQuantityTypeIdentifierHeartRate
Heart rate,2026-07-21 18:42:28+09:00,122.0,count/min,0,김아연의 Apple Watch,HKQuantityTypeIdentifierHeartRate
Heart rate,2026-07-21 18:42:33+09:00,120.0,count/min,0,김아연의 Apple Watch,HKQuantityTypeIdentifierHeartRate
Heart rate,2026-07-21 18:42:38+09:00,120.0,count/min,0,김아연의 Apple Watch,HKQuantityTypeIdentifierHeartRate
Heart rate,2026-07-21 18:42:44+09:00,118.0,count/min,0,김아연의 Apple Watch,HKQuantityTypeIdentifierHeartRate
Heart rate,2026-07-21 18:42:48+09:00,114.0,count/min,0,김아연의 Apple Watch,HKQuantityTypeIdentifierHeartRate
Heart rate,2026-07-21 18:42:57+09:00,120.0,count/min,0,김아연의 Apple Watch,HKQuantityTypeIdentifierHeartRate
Heart rate,2026-07-21 18:42:58+09:00,120.0,count/min,0,김아연의 Apple Watch,HKQuantityTypeIdentifierHeartRate
Heart rate,2026-07-21 18:43:06+09:00,119.0,count/min,0,김아연의 Apple Watch,HKQuantityTypeIdentifierHeartRate
Heart rate,2026-07-21 18:43:08+09:00,119.0,count/min,0,김아연의 Apple Watch,HKQuantityTypeIdentifierHeartRate
Heart rate,2026-07-21 18:43:13+09:00,116.0,count/min,0,김아연의 Apple Watch,HKQuantityTypeIdentifierHeartRate
Heart rate,2026-07-21 18:43:19+09:00,114.0,count/min,0,김아연의 Apple Watch,HKQuantityTypeIdentifierHeartRate
Heart rate,2026-07-21 18:43:23+09:00,114.0,count/min,0,김아연의 Apple Watch,HKQuantityTypeIdentifierHeartRate
Heart rate,2026-07-21 18:43:28+09:00,115.0,count/min,0,김아연의 Apple Watch,HKQuantityTypeIdentifierHeartRate
Heart rate,2026-07-21 18:43:35+09:00,114.0,count/min,0,김아연의 Apple Watch,HKQuantityTypeIdentifierHeartRate
Heart rate,2026-07-21 18:43:38+09:00,116.0,count/min,0,김아연의 Apple Watch,HKQuantityTypeIdentifierHeartRate
Heart rate,2026-07-21 18:43:47+09:00,110.0,count/min,0,김아연의 Apple Watch,HKQuantityTypeIdentifierHeartRate
Heart rate,2026-07-21 18:43:49+09:00,109.0,count/min,0,김아연의 Apple Watch,HKQuantityTypeIdentifierHeartRate
Heart rate,2026-07-21 18:43:57+09:00,111.0,count/min,0,김아연의 Apple Watch,HKQuantityTypeIdentifierHeartRate
Heart rate,2026-07-21 18:44:02+09:00,113.0,count/min,0,김아연의 Apple Watch,HKQuantityTypeIdentifierHeartRate
Heart rate,2026-07-21 18:44:03+09:00,114.0,count/min,0,김아연의 Apple Watch,HKQuantityTypeIdentifierHeartRate
Heart rate,2026-07-21 18:44:08+09:00,113.0,count/min,0,김아연의 Apple Watch,HKQuantityTypeIdentifierHeartRate
Heart rate,2026-07-21 18:44:17+09:00,115.0,count/min,0,김아연의 Apple Watch,HKQuantityTypeIdentifierHeartRate
Heart rate,2026-07-21 18:44:20+09:00,115.0,count/min,0,김아연의 Apple Watch,HKQuantityTypeIdentifierHeartRate
Heart rate,2026-07-21 18:44:26+09:00,121.0,count/min,0,김아연의 Apple Watch,HKQuantityTypeIdentifierHeartRate
Heart rate,2026-07-21 18:44:28+09:00,120.0,count/min,0,김아연의 Apple Watch,HKQuantityTypeIdentifierHeartRate
Heart rate,2026-07-21 18:44:38+09:00,121.0,count/min,0,김아연의 Apple Watch,HKQuantityTypeIdentifierHeartRate
Heart rate,2026-07-21 18:44:42+09:00,123.0,count/min,0,김아연의 Apple Watch,HKQuantityTypeIdentifierHeartRate
Heart rate,2026-07-21 18:44:44+09:00,123.0,count/min,0,김아연의 Apple Watch,HKQuantityTypeIdentifierHeartRate
Heart rate,2026-07-21 18:44:53+09:00,128.0,count/min,0,김아연의 Apple Watch,HKQuantityTypeIdentifierHeartRate
Heart rate,2026-07-21 18:44:57+09:00,126.0,count/min,0,김아연의 Apple Watch,HKQuantityTypeIdentifierHeartRate
Heart rate,2026-07-21 18:44:59+09:00,125.0,count/min,0,김아연의 Apple Watch,HKQuantityTypeIdentifierHeartRate
Heart rate,2026-07-21 18:45:04+09:00,122.0,count/min,0,김아연의 Apple Watch,HKQuantityTypeIdentifierHeartRate
Heart rate,2026-07-21 18:45:09+09:00,121.0,count/min,0,김아연의 Apple Watch,HKQuantityTypeIdentifierHeartRate
Heart rate,2026-07-21 18:45:14+09:00,122.0,count/min,0,김아연의 Apple Watch,HKQuantityTypeIdentifierHeartRate
Heart rate,2026-07-21 18:45:23+09:00,121.0,count/min,0,김아연의 Apple Watch,HKQuantityTypeIdentifierHeartRate
Heart rate,2026-07-21 18:45:28+09:00,124.0,count/min,0,김아연의 Apple Watch,HKQuantityTypeIdentifierHeartRate
Heart rate,2026-07-21 18:45:29+09:00,124.0,count/min,0,김아연의 Apple Watch,HKQuantityTypeIdentifierHeartRate
Heart rate,2026-07-21 18:45:38+09:00,120.0,count/min,0,김아연의 Apple Watch,HKQuantityTypeIdentifierHeartRate
Heart rate,2026-07-21 18:45:42+09:00,119.0,count/min,0,김아연의 Apple Watch,HKQuantityTypeIdentifierHeartRate
Heart rate,2026-07-21 18:45:47+09:00,117.0,count/min,0,김아연의 Apple Watch,HKQuantityTypeIdentifierHeartRate
Heart rate,2026-07-21 18:45:53+09:00,119.0,count/min,0,김아연의 Apple Watch,HKQuantityTypeIdentifierHeartRate
Heart rate,2026-07-21 18:45:54+09:00,118.0,count/min,0,김아연의 Apple Watch,HKQuantityTypeIdentifierHeartRate
Heart rate,2026-07-21 18:45:59+09:00,116.0,count/min,0,김아연의 Apple Watch,HKQuantityTypeIdentifierHeartRate
Heart rate,2026-07-21 18:46:08+09:00,118.0,count/min,0,김아연의 Apple Watch,HKQuantityTypeIdentifierHeartRate
Heart rate,2026-07-21 18:46:12+09:00,118.0,count/min,0,김아연의 Apple Watch,HKQuantityTypeIdentifierHeartRate
Heart rate,2026-07-21 18:46:18+09:00,121.0,count/min,0,김아연의 Apple Watch,HKQuantityTypeIdentifierHeartRate
Heart rate,2026-07-21 18:46:23+09:00,118.0,count/min,0,김아연의 Apple Watch,HKQuantityTypeIdentifierHeartRate
Heart rate,2026-07-21 18:46:24+09:00,118.0,count/min,0,김아연의 Apple Watch,HKQuantityTypeIdentifierHeartRate
Heart rate,2026-07-21 18:46:29+09:00,120.0,count/min,0,김아연의 Apple Watch,HKQuantityTypeIdentifierHeartRate
Heart rate,2026-07-21 18:46:34+09:00,120.0,count/min,0,김아연의 Apple Watch,HKQuantityTypeIdentifierHeartRate
Heart rate,2026-07-21 18:46:39+09:00,118.0,count/min,0,김아연의 Apple Watch,HKQuantityTypeIdentifierHeartRate
Heart rate,2026-07-21 18:46:48+09:00,117.0,count/min,0,김아연의 Apple Watch,HKQuantityTypeIdentifierHeartRate
Heart rate,2026-07-21 18:46:52+09:00,115.0,count/min,0,김아연의 Apple Watch,HKQuantityTypeIdentifierHeartRate
Heart rate,2026-07-21 18:46:54+09:00,114.0,count/min,0,김아연의 Apple Watch,HKQuantityTypeIdentifierHeartRate
Heart rate,2026-07-21 18:47:03+09:00,109.0,count/min,0,김아연의 Apple Watch,HKQuantityTypeIdentifierHeartRate
Heart rate,2026-07-21 18:47:05+09:00,110.0,count/min,0,김아연의 Apple Watch,HKQuantityTypeIdentifierHeartRate
Heart rate,2026-07-21 18:47:09+09:00,112.0,count/min,0,김아연의 Apple Watch,HKQuantityTypeIdentifierHeartRate
Heart rate,2026-07-21 18:47:18+09:00,115.0,count/min,0,김아연의 Apple Watch,HKQuantityTypeIdentifierHeartRate
Heart rate,2026-07-21 18:47:22+09:00,115.0,count/min,0,김아연의 Apple Watch,HKQuantityTypeIdentifierHeartRate
Heart rate,2026-07-21 18:47:28+09:00,116.0,count/min,0,김아연의 Apple Watch,HKQuantityTypeIdentifierHeartRate
Heart rate,2026-07-21 18:47:29+09:00,116.0,count/min,0,김아연의 Apple Watch,HKQuantityTypeIdentifierHeartRate
Heart rate,2026-07-21 18:47:34+09:00,118.0,count/min,0,김아연의 Apple Watch,HKQuantityTypeIdentifierHeartRate
Heart rate,2026-07-21 18:47:39+09:00,116.0,count/min,0,김아연의 Apple Watch,HKQuantityTypeIdentifierHeartRate
Heart rate,2026-07-21 18:52:20+09:00,121.0,count/min,2,김아연의 Apple Watch,HKQuantityTypeIdentifierHeartRate
Heart rate,2026-07-21 22:07:10+09:00,95.0,count/min,0,김아연의 Apple Watch,HKQuantityTypeIdentifierHeartRate
Heart rate,2026-07-21 22:12:13+09:00,110.0,count/min,0,김아연의 Apple Watch,HKQuantityTypeIdentifierHeartRate
Heart rate,2026-07-21 22:12:20+09:00,110.0,count/min,0,김아연의 Apple Watch,HKQuantityTypeIdentifierHeartRate
Heart rate,2026-07-21 22:12:25+09:00,108.0,count/min,0,김아연의 Apple Watch,HKQuantityTypeIdentifierHeartRate
Heart rate,2026-07-21 22:12:30+09:00,108.0,count/min,0,김아연의 Apple Watch,HKQuantityTypeIdentifierHeartRate
Heart rate,2026-07-21 22:12:32+09:00,107.0,count/min,0,김아연의 Apple Watch,HKQuantityTypeIdentifierHeartRate
Heart rate,2026-07-21 22:12:36+09:00,107.0,count/min,0,김아연의 Apple Watch,HKQuantityTypeIdentifierHeartRate
Heart rate,2026-07-21 22:12:41+09:00,108.0,count/min,0,김아연의 Apple Watch,HKQuantityTypeIdentifierHeartRate
Heart rate,2026-07-21 22:12:47+09:00,106.0,count/min,0,김아연의 Apple Watch,HKQuantityTypeIdentifierHeartRate
Heart rate,2026-07-21 22:12:52+09:00,107.0,count/min,0,김아연의 Apple Watch,HKQuantityTypeIdentifierHeartRate
Heart rate,2026-07-21 22:12:56+09:00,108.0,count/min,0,김아연의 Apple Watch,HKQuantityTypeIdentifierHeartRate
Heart rate,2026-07-21 22:13:02+09:00,107.0,count/min,0,김아연의 Apple Watch,HKQuantityTypeIdentifierHeartRate
Heart rate,2026-07-21 22:13:08+09:00,107.0,count/min,0,김아연의 Apple Watch,HKQuantityTypeIdentifierHeartRate
Heart rate,2026-07-21 22:13:14+09:00,106.0,count/min,0,김아연의 Apple Watch,HKQuantityTypeIdentifierHeartRate
Heart rate,2026-07-21 22:13:18+09:00,107.0,count/min,0,김아연의 Apple Watch,HKQuantityTypeIdentifierHeartRate
Heart rate,2026-07-21 22:13:24+09:00,107.0,count/min,0,김아연의 Apple Watch,HKQuantityTypeIdentifierHeartRate
Heart rate,2026-07-21 22:13:26+09:00,106.0,count/min,0,김아연의 Apple Watch,HKQuantityTypeIdentifierHeartRate
Heart rate,2026-07-21 22:13:35+09:00,106.0,count/min,0,김아연의 Apple Watch,HKQuantityTypeIdentifierHeartRate
Heart rate,2026-07-21 22:13:37+09:00,108.0,count/min,0,김아연의 Apple Watch,HKQuantityTypeIdentifierHeartRate
Heart rate,2026-07-21 22:13:45+09:00,109.0,count/min,0,김아연의 Apple Watch,HKQuantityTypeIdentifierHeartRate
Heart rate,2026-07-21 22:13:49+09:00,109.0,count/min,0,김아연의 Apple Watch,HKQuantityTypeIdentifierHeartRate
Heart rate,2026-07-21 22:13:54+09:00,108.0,count/min,0,김아연의 Apple Watch,HKQuantityTypeIdentifierHeartRate
Heart rate,2026-07-21 22:13:58+09:00,108.0,count/min,0,김아연의 Apple Watch,HKQuantityTypeIdentifierHeartRate
Heart rate,2026-07-21 22:14:05+09:00,110.0,count/min,0,김아연의 Apple Watch,HKQuantityTypeIdentifierHeartRate
Heart rate,2026-07-21 22:14:08+09:00,110.0,count/min,0,김아연의 Apple Watch,HKQuantityTypeIdentifierHeartRate
Heart rate,2026-07-21 22:14:11+09:00,112.0,count/min,0,김아연의 Apple Watch,HKQuantityTypeIdentifierHeartRate
Heart rate,2026-07-21 22:14:20+09:00,115.0,count/min,0,김아연의 Apple Watch,HKQuantityTypeIdentifierHeartRate
Heart rate,2026-07-21 22:14:22+09:00,114.0,count/min,0,김아연의 Apple Watch,HKQuantityTypeIdentifierHeartRate
Heart rate,2026-07-21 22:14:26+09:00,115.0,count/min,0,김아연의 Apple Watch,HKQuantityTypeIdentifierHeartRate
Heart rate,2026-07-21 22:14:34+09:00,116.0,count/min,0,김아연의 Apple Watch,HKQuantityTypeIdentifierHeartRate
Heart rate,2026-07-21 22:14:38+09:00,115.0,count/min,0,김아연의 Apple Watch,HKQuantityTypeIdentifierHeartRate
Heart rate,2026-07-21 22:14:41+09:00,114.0,count/min,0,김아연의 Apple Watch,HKQuantityTypeIdentifierHeartRate
Heart rate,2026-07-21 22:14:50+09:00,114.0,count/min,0,김아연의 Apple Watch,HKQuantityTypeIdentifierHeartRate
Heart rate,2026-07-21 22:14:52+09:00,115.0,count/min,0,김아연의 Apple Watch,HKQuantityTypeIdentifierHeartRate
Heart rate,2026-07-21 22:14:59+09:00,116.0,count/min,0,김아연의 Apple Watch,HKQuantityTypeIdentifierHeartRate
Heart rate,2026-07-21 22:15:05+09:00,117.0,count/min,0,김아연의 Apple Watch,HKQuantityTypeIdentifierHeartRate
Heart rate,2026-07-21 22:15:10+09:00,117.0,count/min,0,김아연의 Apple Watch,HKQuantityTypeIdentifierHeartRate
Heart rate,2026-07-21 22:15:11+09:00,118.0,count/min,0,김아연의 Apple Watch,HKQuantityTypeIdentifierHeartRate
Heart rate,2026-07-21 22:15:16+09:00,116.0,count/min,0,김아연의 Apple Watch,HKQuantityTypeIdentifierHeartRate
Heart rate,2026-07-21 22:15:24+09:00,126.0,count/min,0,김아연의 Apple Watch,HKQuantityTypeIdentifierHeartRate
Heart rate,2026-07-21 22:15:28+09:00,127.0,count/min,0,김아연의 Apple Watch,HKQuantityTypeIdentifierHeartRate
Heart rate,2026-07-21 22:15:31+09:00,127.0,count/min,0,김아연의 Apple Watch,HKQuantityTypeIdentifierHeartRate
Heart rate,2026-07-21 22:15:40+09:00,127.0,count/min,0,김아연의 Apple Watch,HKQuantityTypeIdentifierHeartRate
Heart rate,2026-07-21 22:15:42+09:00,126.0,count/min,0,김아연의 Apple Watch,HKQuantityTypeIdentifierHeartRate
Heart rate,2026-07-21 22:15:47+09:00,127.0,count/min,0,김아연의 Apple Watch,HKQuantityTypeIdentifierHeartRate
Heart rate,2026-07-21 22:15:51+09:00,128.0,count/min,0,김아연의 Apple Watch,HKQuantityTypeIdentifierHeartRate
Heart rate,2026-07-21 22:15:56+09:00,126.0,count/min,0,김아연의 Apple Watch,HKQuantityTypeIdentifierHeartRate
Heart rate,2026-07-21 22:16:04+09:00,120.0,count/min,0,김아연의 Apple Watch,HKQuantityTypeIdentifierHeartRate
Heart rate,2026-07-21 22:16:09+09:00,124.0,count/min,0,김아연의 Apple Watch,HKQuantityTypeIdentifierHeartRate
Heart rate,2026-07-21 22:16:14+09:00,129.0,count/min,0,김아연의 Apple Watch,HKQuantityTypeIdentifierHeartRate
Heart rate,2026-07-21 22:16:19+09:00,128.0,count/min,0,김아연의 Apple Watch,HKQuantityTypeIdentifierHeartRate
Heart rate,2026-07-21 22:16:23+09:00,130.0,count/min,0,김아연의 Apple Watch,HKQuantityTypeIdentifierHeartRate
Heart rate,2026-07-21 22:16:28+09:00,130.0,count/min,0,김아연의 Apple Watch,HKQuantityTypeIdentifierHeartRate
Heart rate,2026-07-21 22:16:32+09:00,130.0,count/min,0,김아연의 Apple Watch,HKQuantityTypeIdentifierHeartRate
Heart rate,2026-07-21 22:16:40+09:00,127.0,count/min,0,김아연의 Apple Watch,HKQuantityTypeIdentifierHeartRate
Heart rate,2026-07-21 22:16:44+09:00,125.0,count/min,0,김아연의 Apple Watch,HKQuantityTypeIdentifierHeartRate
Heart rate,2026-07-21 22:16:48+09:00,123.0,count/min,0,김아연의 Apple Watch,HKQuantityTypeIdentifierHeartRate
Heart rate,2026-07-21 22:16:55+09:00,121.0,count/min,0,김아연의 Apple Watch,HKQuantityTypeIdentifierHeartRate
Heart rate,2026-07-21 22:16:58+09:00,121.0,count/min,0,김아연의 Apple Watch,HKQuantityTypeIdentifierHeartRate
Heart rate,2026-07-21 22:17:04+09:00,117.0,count/min,0,김아연의 Apple Watch,HKQuantityTypeIdentifierHeartRate
Heart rate,2026-07-21 22:17:07+09:00,112.0,count/min,0,김아연의 Apple Watch,HKQuantityTypeIdentifierHeartRate
Heart rate,2026-07-21 22:17:14+09:00,114.0,count/min,0,김아연의 Apple Watch,HKQuantityTypeIdentifierHeartRate
Heart rate,2026-07-21 22:17:16+09:00,115.0,count/min,0,김아연의 Apple Watch,HKQuantityTypeIdentifierHeartRate
Heart rate,2026-07-21 22:17:24+09:00,127.0,count/min,0,김아연의 Apple Watch,HKQuantityTypeIdentifierHeartRate
Heart rate,2026-07-21 22:17:30+09:00,127.0,count/min,0,김아연의 Apple Watch,HKQuantityTypeIdentifierHeartRate
Heart rate,2026-07-21 22:17:31+09:00,127.0,count/min,0,김아연의 Apple Watch,HKQuantityTypeIdentifierHeartRate
Heart rate,2026-07-21 22:17:36+09:00,125.0,count/min,0,김아연의 Apple Watch,HKQuantityTypeIdentifierHeartRate
Heart rate,2026-07-21 22:17:43+09:00,124.0,count/min,0,김아연의 Apple Watch,HKQuantityTypeIdentifierHeartRate
Heart rate,2026-07-21 22:17:47+09:00,121.0,count/min,0,김아연의 Apple Watch,HKQuantityTypeIdentifierHeartRate
Heart rate,2026-07-21 22:17:54+09:00,118.0,count/min,0,김아연의 Apple Watch,HKQuantityTypeIdentifierHeartRate
Heart rate,2026-07-21 22:18:00+09:00,114.0,count/min,0,김아연의 Apple Watch,HKQuantityTypeIdentifierHeartRate
Heart rate,2026-07-21 22:18:03+09:00,115.0,count/min,0,김아연의 Apple Watch,HKQuantityTypeIdentifierHeartRate
Heart rate,2026-07-21 22:18:10+09:00,118.0,count/min,0,김아연의 Apple Watch,HKQuantityTypeIdentifierHeartRate
Heart rate,2026-07-21 22:18:14+09:00,124.0,count/min,0,김아연의 Apple Watch,HKQuantityTypeIdentifierHeartRate
Heart rate,2026-07-21 22:18:20+09:00,129.0,count/min,0,김아연의 Apple Watch,HKQuantityTypeIdentifierHeartRate
Heart rate,2026-07-21 22:18:24+09:00,130.0,count/min,0,김아연의 Apple Watch,HKQuantityTypeIdentifierHeartRate
Heart rate,2026-07-21 22:18:30+09:00,122.0,count/min,0,김아연의 Apple Watch,HKQuantityTypeIdentifierHeartRate
Heart rate,2026-07-21 22:18:34+09:00,118.0,count/min,0,김아연의 Apple Watch,HKQuantityTypeIdentifierHeartRate
Heart rate,2026-07-21 22:18:39+09:00,115.0,count/min,0,김아연의 Apple Watch,HKQuantityTypeIdentifierHeartRate
Heart rate,2026-07-21 22:18:45+09:00,111.0,count/min,0,김아연의 Apple Watch,HKQuantityTypeIdentifierHeartRate
Heart rate,2026-07-21 22:18:48+09:00,109.0,count/min,0,김아연의 Apple Watch,HKQuantityTypeIdentifierHeartRate
Heart rate,2026-07-21 22:18:55+09:00,106.0,count/min,0,김아연의 Apple Watch,HKQuantityTypeIdentifierHeartRate
Heart rate,2026-07-21 22:19:00+09:00,110.0,count/min,0,김아연의 Apple Watch,HKQuantityTypeIdentifierHeartRate
Heart rate,2026-07-21 22:19:05+09:00,109.0,count/min,0,김아연의 Apple Watch,HKQuantityTypeIdentifierHeartRate
Heart rate,2026-07-21 22:19:06+09:00,109.0,count/min,0,김아연의 Apple Watch,HKQuantityTypeIdentifierHeartRate
Heart rate,2026-07-21 22:19:11+09:00,108.0,count/min,0,김아연의 Apple Watch,HKQuantityTypeIdentifierHeartRate
Heart rate,2026-07-21 22:19:20+09:00,99.0,count/min,0,김아연의 Apple Watch,HKQuantityTypeIdentifierHeartRate
Heart rate,2026-07-21 22:19:22+09:00,97.0,count/min,0,김아연의 Apple Watch,HKQuantityTypeIdentifierHeartRate
Heart rate,2026-07-21 22:19:26+09:00,99.0,count/min,0,김아연의 Apple Watch,HKQuantityTypeIdentifierHeartRate
Heart rate,2026-07-21 22:19:38+09:00,104.0,count/min,0,김아연의 Apple Watch,HKQuantityTypeIdentifierHeartRate
Heart rate,2026-07-21 22:19:41+09:00,105.0,count/min,0,김아연의 Apple Watch,HKQuantityTypeIdentifierHeartRate
Heart rate,2026-07-21 22:19:47+09:00,110.0,count/min,0,김아연의 Apple Watch,HKQuantityTypeIdentifierHeartRate
Heart rate,2026-07-21 22:19:51+09:00,112.0,count/min,0,김아연의 Apple Watch,HKQuantityTypeIdentifierHeartRate
Heart rate,2026-07-21 22:19:56+09:00,116.0,count/min,0,김아연의 Apple Watch,HKQuantityTypeIdentifierHeartRate
Heart rate,2026-07-21 22:20:02+09:00,121.0,count/min,0,김아연의 Apple Watch,HKQuantityTypeIdentifierHeartRate
Heart rate,2026-07-21 22:20:10+09:00,121.0,count/min,0,김아연의 Apple Watch,HKQuantityTypeIdentifierHeartRate
Heart rate,2026-07-21 22:20:15+09:00,121.0,count/min,0,김아연의 Apple Watch,HKQuantityTypeIdentifierHeartRate
Heart rate,2026-07-21 22:20:16+09:00,122.0,count/min,0,김아연의 Apple Watch,HKQuantityTypeIdentifierHeartRate
Heart rate,2026-07-21 22:20:25+09:00,114.0,count/min,0,김아연의 Apple Watch,HKQuantityTypeIdentifierHeartRate
Heart rate,2026-07-21 22:20:27+09:00,114.0,count/min,0,김아연의 Apple Watch,HKQuantityTypeIdentifierHeartRate
Heart rate,2026-07-21 22:20:31+09:00,113.0,count/min,0,김아연의 Apple Watch,HKQuantityTypeIdentifierHeartRate
Heart rate,2026-07-21 22:20:40+09:00,113.0,count/min,0,김아연의 Apple Watch,HKQuantityTypeIdentifierHeartRate
Heart rate,2026-07-21 22:20:41+09:00,113.0,count/min,0,김아연의 Apple Watch,HKQuantityTypeIdentifierHeartRate
Heart rate,2026-07-21 22:20:50+09:00,115.0,count/min,0,김아연의 Apple Watch,HKQuantityTypeIdentifierHeartRate
Heart rate,2026-07-21 22:20:55+09:00,117.0,count/min,0,김아연의 Apple Watch,HKQuantityTypeIdentifierHeartRate
Heart rate,2026-07-21 22:20:59+09:00,116.0,count/min,0,김아연의 Apple Watch,HKQuantityTypeIdentifierHeartRate
Heart rate,2026-07-21 22:21:01+09:00,116.0,count/min,0,김아연의 Apple Watch,HKQuantityTypeIdentifierHeartRate
Heart rate,2026-07-21 22:21:06+09:00,113.0,count/min,0,김아연의 Apple Watch,HKQuantityTypeIdentifierHeartRate
Heart rate,2026-07-21 22:21:15+09:00,113.0,count/min,0,김아연의 Apple Watch,HKQuantityTypeIdentifierHeartRate
Heart rate,2026-07-21 22:21:17+09:00,114.0,count/min,0,김아연의 Apple Watch,HKQuantityTypeIdentifierHeartRate
Heart rate,2026-07-21 22:21:21+09:00,113.0,count/min,0,김아연의 Apple Watch,HKQuantityTypeIdentifierHeartRate
Heart rate,2026-07-21 22:21:30+09:00,108.0,count/min,0,김아연의 Apple Watch,HKQuantityTypeIdentifierHeartRate
Heart rate,2026-07-21 22:21:35+09:00,111.0,count/min,0,김아연의 Apple Watch,HKQuantityTypeIdentifierHeartRate
Heart rate,2026-07-21 22:21:40+09:00,116.0,count/min,0,김아연의 Apple Watch,HKQuantityTypeIdentifierHeartRate
Heart rate,2026-07-21 22:21:45+09:00,124.0,count/min,0,김아연의 Apple Watch,HKQuantityTypeIdentifierHeartRate
Heart rate,2026-07-21 22:21:46+09:00,124.0,count/min,0,김아연의 Apple Watch,HKQuantityTypeIdentifierHeartRate
Heart rate,2026-07-21 22:21:51+09:00,122.0,count/min,0,김아연의 Apple Watch,HKQuantityTypeIdentifierHeartRate
Heart rate,2026-07-21 22:22:00+09:00,124.0,count/min,0,김아연의 Apple Watch,HKQuantityTypeIdentifierHeartRate
Heart rate,2026-07-21 22:22:04+09:00,123.0,count/min,0,김아연의 Apple Watch,HKQuantityTypeIdentifierHeartRate
Heart rate,2026-07-21 22:22:06+09:00,123.0,count/min,0,김아연의 Apple Watch,HKQuantityTypeIdentifierHeartRate
Heart rate,2026-07-21 22:22:11+09:00,125.0,count/min,0,김아연의 Apple Watch,HKQuantityTypeIdentifierHeartRate
Heart rate,2026-07-21 22:22:20+09:00,129.0,count/min,0,김아연의 Apple Watch,HKQuantityTypeIdentifierHeartRate
Heart rate,2026-07-21 22:22:25+09:00,130.0,count/min,0,김아연의 Apple Watch,HKQuantityTypeIdentifierHeartRate
Heart rate,2026-07-21 22:22:28+09:00,131.0,count/min,0,김아연의 Apple Watch,HKQuantityTypeIdentifierHeartRate
Heart rate,2026-07-21 22:22:34+09:00,133.0,count/min,0,김아연의 Apple Watch,HKQuantityTypeIdentifierHeartRate
Heart rate,2026-07-21 22:22:39+09:00,133.0,count/min,0,김아연의 Apple Watch,HKQuantityTypeIdentifierHeartRate
Heart rate,2026-07-21 22:22:42+09:00,131.0,count/min,0,김아연의 Apple Watch,HKQuantityTypeIdentifierHeartRate
Heart rate,2026-07-21 22:22:47+09:00,129.0,count/min,0,김아연의 Apple Watch,HKQuantityTypeIdentifierHeartRate
Heart rate,2026-07-21 22:22:51+09:00,126.0,count/min,0,김아연의 Apple Watch,HKQuantityTypeIdentifierHeartRate
Heart rate,2026-07-21 22:22:59+09:00,124.0,count/min,0,김아연의 Apple Watch,HKQuantityTypeIdentifierHeartRate
Heart rate,2026-07-21 22:23:05+09:00,125.0,count/min,0,김아연의 Apple Watch,HKQuantityTypeIdentifierHeartRate
Heart rate,2026-07-21 22:23:10+09:00,125.0,count/min,0,김아연의 Apple Watch,HKQuantityTypeIdentifierHeartRate
Heart rate,2026-07-21 22:23:11+09:00,125.0,count/min,0,김아연의 Apple Watch,HKQuantityTypeIdentifierHeartRate
Heart rate,2026-07-21 22:23:18+09:00,122.0,count/min,0,김아연의 Apple Watch,HKQuantityTypeIdentifierHeartRate
Heart rate,2026-07-21 22:23:25+09:00,122.0,count/min,0,김아연의 Apple Watch,HKQuantityTypeIdentifierHeartRate
Heart rate,2026-07-21 22:23:26+09:00,123.0,count/min,0,김아연의 Apple Watch,HKQuantityTypeIdentifierHeartRate
Heart rate,2026-07-21 22:23:32+09:00,122.0,count/min,0,김아연의 Apple Watch,HKQuantityTypeIdentifierHeartRate
Heart rate,2026-07-21 22:23:40+09:00,124.0,count/min,0,김아연의 Apple Watch,HKQuantityTypeIdentifierHeartRate
Heart rate,2026-07-21 22:23:44+09:00,123.0,count/min,0,김아연의 Apple Watch,HKQuantityTypeIdentifierHeartRate
Heart rate,2026-07-21 22:23:50+09:00,124.0,count/min,0,김아연의 Apple Watch,HKQuantityTypeIdentifierHeartRate
Heart rate,2026-07-21 22:23:54+09:00,126.0,count/min,0,김아연의 Apple Watch,HKQuantityTypeIdentifierHeartRate
Heart rate,2026-07-21 22:23:56+09:00,126.0,count/min,0,김아연의 Apple Watch,HKQuantityTypeIdentifierHeartRate
Heart rate,2026-07-21 22:24:05+09:00,125.0,count/min,0,김아연의 Apple Watch,HKQuantityTypeIdentifierHeartRate
Heart rate,2026-07-21 22:24:07+09:00,125.0,count/min,0,김아연의 Apple Watch,HKQuantityTypeIdentifierHeartRate
Heart rate,2026-07-21 22:24:15+09:00,125.0,count/min,0,김아연의 Apple Watch,HKQuantityTypeIdentifierHeartRate
Heart rate,2026-07-21 22:24:17+09:00,126.0,count/min,0,김아연의 Apple Watch,HKQuantityTypeIdentifierHeartRate
Heart rate,2026-07-21 22:24:24+09:00,127.0,count/min,0,김아연의 Apple Watch,HKQuantityTypeIdentifierHeartRate
Heart rate,2026-07-21 22:24:30+09:00,126.0,count/min,0,김아연의 Apple Watch,HKQuantityTypeIdentifierHeartRate
Heart rate,2026-07-21 22:24:32+09:00,126.0,count/min,0,김아연의 Apple Watch,HKQuantityTypeIdentifierHeartRate
Heart rate,2026-07-21 22:24:38+09:00,127.0,count/min,0,김아연의 Apple Watch,HKQuantityTypeIdentifierHeartRate
Heart rate,2026-07-21 22:24:42+09:00,126.0,count/min,0,김아연의 Apple Watch,HKQuantityTypeIdentifierHeartRate
Heart rate,2026-07-21 22:24:48+09:00,125.0,count/min,0,김아연의 Apple Watch,HKQuantityTypeIdentifierHeartRate
Heart rate,2026-07-21 22:24:52+09:00,122.0,count/min,0,김아연의 Apple Watch,HKQuantityTypeIdentifierHeartRate
Heart rate,2026-07-21 22:24:56+09:00,122.0,count/min,0,김아연의 Apple Watch,HKQuantityTypeIdentifierHeartRate
Heart rate,2026-07-21 22:25:04+09:00,119.0,count/min,0,김아연의 Apple Watch,HKQuantityTypeIdentifierHeartRate
Heart rate,2026-07-21 22:25:10+09:00,125.0,count/min,0,김아연의 Apple Watch,HKQuantityTypeIdentifierHeartRate
Heart rate,2026-07-21 22:25:12+09:00,126.0,count/min,0,김아연의 Apple Watch,HKQuantityTypeIdentifierHeartRate
Heart rate,2026-07-21 22:25:20+09:00,129.0,count/min,0,김아연의 Apple Watch,HKQuantityTypeIdentifierHeartRate
Heart rate,2026-07-21 22:25:22+09:00,129.0,count/min,0,김아연의 Apple Watch,HKQuantityTypeIdentifierHeartRate
Heart rate,2026-07-21 22:25:29+09:00,127.0,count/min,0,김아연의 Apple Watch,HKQuantityTypeIdentifierHeartRate
Heart rate,2026-07-21 22:25:35+09:00,124.0,count/min,0,김아연의 Apple Watch,HKQuantityTypeIdentifierHeartRate
Heart rate,2026-07-21 22:25:36+09:00,124.0,count/min,0,김아연의 Apple Watch,HKQuantityTypeIdentifierHeartRate
Heart rate,2026-07-21 22:25:41+09:00,124.0,count/min,0,김아연의 Apple Watch,HKQuantityTypeIdentifierHeartRate
Heart rate,2026-07-21 22:25:47+09:00,122.0,count/min,0,김아연의 Apple Watch,HKQuantityTypeIdentifierHeartRate
Heart rate,2026-07-21 22:25:51+09:00,123.0,count/min,0,김아연의 Apple Watch,HKQuantityTypeIdentifierHeartRate
Heart rate,2026-07-21 22:25:56+09:00,119.0,count/min,0,김아연의 Apple Watch,HKQuantityTypeIdentifierHeartRate
Heart rate,2026-07-21 22:26:04+09:00,114.0,count/min,0,김아연의 Apple Watch,HKQuantityTypeIdentifierHeartRate
Heart rate,2026-07-21 22:26:10+09:00,114.0,count/min,0,김아연의 Apple Watch,HKQuantityTypeIdentifierHeartRate
Heart rate,2026-07-21 22:26:11+09:00,114.0,count/min,0,김아연의 Apple Watch,HKQuantityTypeIdentifierHeartRate
Heart rate,2026-07-21 22:26:17+09:00,114.0,count/min,0,김아연의 Apple Watch,HKQuantityTypeIdentifierHeartRate
Heart rate,2026-07-21 22:26:21+09:00,114.0,count/min,0,김아연의 Apple Watch,HKQuantityTypeIdentifierHeartRate
Heart rate,2026-07-21 22:26:26+09:00,114.0,count/min,0,김아연의 Apple Watch,HKQuantityTypeIdentifierHeartRate
Heart rate,2026-07-21 22:26:35+09:00,103.0,count/min,0,김아연의 Apple Watch,HKQuantityTypeIdentifierHeartRate
Heart rate,2026-07-21 22:26:36+09:00,104.0,count/min,0,김아연의 Apple Watch,HKQuantityTypeIdentifierHeartRate
Heart rate,2026-07-21 22:26:41+09:00,108.0,count/min,0,김아연의 Apple Watch,HKQuantityTypeIdentifierHeartRate
Heart rate,2026-07-21 22:26:48+09:00,114.0,count/min,0,김아연의 Apple Watch,HKQuantityTypeIdentifierHeartRate
Heart rate,2026-07-21 22:26:55+09:00,116.0,count/min,0,김아연의 Apple Watch,HKQuantityTypeIdentifierHeartRate
Heart rate,2026-07-21 22:26:57+09:00,115.0,count/min,0,김아연의 Apple Watch,HKQuantityTypeIdentifierHeartRate
Heart rate,2026-07-21 22:27:03+09:00,118.0,count/min,0,김아연의 Apple Watch,HKQuantityTypeIdentifierHeartRate
Heart rate,2026-07-21 22:27:09+09:00,120.0,count/min,0,김아연의 Apple Watch,HKQuantityTypeIdentifierHeartRate
Heart rate,2026-07-21 22:27:15+09:00,123.0,count/min,0,김아연의 Apple Watch,HKQuantityTypeIdentifierHeartRate
Heart rate,2026-07-21 22:27:17+09:00,124.0,count/min,0,김아연의 Apple Watch,HKQuantityTypeIdentifierHeartRate
Heart rate,2026-07-21 22:27:22+09:00,127.0,count/min,0,김아연의 Apple Watch,HKQuantityTypeIdentifierHeartRate
Heart rate,2026-07-21 22:27:30+09:00,126.0,count/min,0,김아연의 Apple Watch,HKQuantityTypeIdentifierHeartRate
Heart rate,2026-07-21 22:27:33+09:00,124.0,count/min,0,김아연의 Apple Watch,HKQuantityTypeIdentifierHeartRate
Heart rate,2026-07-21 22:27:36+09:00,124.0,count/min,0,김아연의 Apple Watch,HKQuantityTypeIdentifierHeartRate
Heart rate,2026-07-21 22:27:45+09:00,123.0,count/min,0,김아연의 Apple Watch,HKQuantityTypeIdentifierHeartRate
Heart rate,2026-07-21 22:27:48+09:00,124.0,count/min,0,김아연의 Apple Watch,HKQuantityTypeIdentifierHeartRate
Heart rate,2026-07-21 22:27:55+09:00,122.0,count/min,0,김아연의 Apple Watch,HKQuantityTypeIdentifierHeartRate
Heart rate,2026-07-21 22:28:00+09:00,122.0,count/min,0,김아연의 Apple Watch,HKQuantityTypeIdentifierHeartRate
Heart rate,2026-07-21 22:28:05+09:00,123.0,count/min,0,김아연의 Apple Watch,HKQuantityTypeIdentifierHeartRate
Heart rate,2026-07-21 22:28:09+09:00,123.0,count/min,0,김아연의 Apple Watch,HKQuantityTypeIdentifierHeartRate
Heart rate,2026-07-21 22:28:15+09:00,124.0,count/min,0,김아연의 Apple Watch,HKQuantityTypeIdentifierHeartRate
Heart rate,2026-07-21 22:28:19+09:00,123.0,count/min,0,김아연의 Apple Watch,HKQuantityTypeIdentifierHeartRate
Heart rate,2026-07-21 22:28:21+09:00,122.0,count/min,0,김아연의 Apple Watch,HKQuantityTypeIdentifierHeartRate
Heart rate,2026-07-21 22:28:28+09:00,119.0,count/min,0,김아연의 Apple Watch,HKQuantityTypeIdentifierHeartRate
Heart rate,2026-07-21 22:28:32+09:00,119.0,count/min,0,김아연의 Apple Watch,HKQuantityTypeIdentifierHeartRate
Heart rate,2026-07-21 22:28:37+09:00,119.0,count/min,0,김아연의 Apple Watch,HKQuantityTypeIdentifierHeartRate
Heart rate,2026-07-21 22:28:41+09:00,118.0,count/min,0,김아연의 Apple Watch,HKQuantityTypeIdentifierHeartRate
Heart rate,2026-07-21 22:28:49+09:00,116.0,count/min,0,김아연의 Apple Watch,HKQuantityTypeIdentifierHeartRate
Heart rate,2026-07-21 22:28:54+09:00,113.0,count/min,0,김아연의 Apple Watch,HKQuantityTypeIdentifierHeartRate
Heart rate,2026-07-21 22:29:00+09:00,114.0,count/min,0,김아연의 Apple Watch,HKQuantityTypeIdentifierHeartRate
Heart rate,2026-07-21 22:29:02+09:00,114.0,count/min,0,김아연의 Apple Watch,HKQuantityTypeIdentifierHeartRate
Heart rate,2026-07-21 22:29:09+09:00,108.0,count/min,0,김아연의 Apple Watch,HKQuantityTypeIdentifierHeartRate
Heart rate,2026-07-21 22:29:11+09:00,110.0,count/min,0,김아연의 Apple Watch,HKQuantityTypeIdentifierHeartRate
Heart rate,2026-07-21 22:29:16+09:00,110.0,count/min,0,김아연의 Apple Watch,HKQuantityTypeIdentifierHeartRate
Heart rate,2026-07-21 22:29:22+09:00,111.0,count/min,0,김아연의 Apple Watch,HKQuantityTypeIdentifierHeartRate
Heart rate,2026-07-21 22:29:26+09:00,111.0,count/min,0,김아연의 Apple Watch,HKQuantityTypeIdentifierHeartRate
Heart rate,2026-07-21 22:29:31+09:00,111.0,count/min,0,김아연의 Apple Watch,HKQuantityTypeIdentifierHeartRate
Heart rate,2026-07-21 22:29:37+09:00,111.0,count/min,0,김아연의 Apple Watch,HKQuantityTypeIdentifierHeartRate
Heart rate,2026-07-21 22:29:45+09:00,108.0,count/min,0,김아연의 Apple Watch,HKQuantityTypeIdentifierHeartRate
Heart rate,2026-07-21 22:29:46+09:00,108.0,count/min,0,김아연의 Apple Watch,HKQuantityTypeIdentifierHeartRate
Heart rate,2026-07-21 22:29:53+09:00,108.0,count/min,0,김아연의 Apple Watch,HKQuantityTypeIdentifierHeartRate
Heart rate,2026-07-21 22:29:56+09:00,109.0,count/min,0,김아연의 Apple Watch,HKQuantityTypeIdentifierHeartRate
Heart rate,2026-07-21 22:30:03+09:00,109.0,count/min,0,김아연의 Apple Watch,HKQuantityTypeIdentifierHeartRate
Heart rate,2026-07-21 22:30:10+09:00,107.0,count/min,0,김아연의 Apple Watch,HKQuantityTypeIdentifierHeartRate
Heart rate,2026-07-21 22:30:11+09:00,107.0,count/min,0,김아연의 Apple Watch,HKQuantityTypeIdentifierHeartRate
Heart rate,2026-07-21 22:30:16+09:00,109.0,count/min,0,김아연의 Apple Watch,HKQuantityTypeIdentifierHeartRate
Heart rate,2026-07-21 22:30:25+09:00,105.0,count/min,0,김아연의 Apple Watch,HKQuantityTypeIdentifierHeartRate
Heart rate,2026-07-21 22:30:30+09:00,104.0,count/min,0,김아연의 Apple Watch,HKQuantityTypeIdentifierHeartRate
Heart rate,2026-07-21 22:30:35+09:00,103.0,count/min,0,김아연의 Apple Watch,HKQuantityTypeIdentifierHeartRate
Heart rate,2026-07-21 22:30:36+09:00,104.0,count/min,0,김아연의 Apple Watch,HKQuantityTypeIdentifierHeartRate
Heart rate,2026-07-21 22:30:45+09:00,104.0,count/min,0,김아연의 Apple Watch,HKQuantityTypeIdentifierHeartRate
Heart rate,2026-07-21 22:30:46+09:00,104.0,count/min,0,김아연의 Apple Watch,HKQuantityTypeIdentifierHeartRate
Heart rate,2026-07-21 22:30:52+09:00,105.0,count/min,0,김아연의 Apple Watch,HKQuantityTypeIdentifierHeartRate
Heart rate,2026-07-21 22:30:56+09:00,104.0,count/min,0,김아연의 Apple Watch,HKQuantityTypeIdentifierHeartRate
Heart rate,2026-07-21 22:31:04+09:00,105.0,count/min,0,김아연의 Apple Watch,HKQuantityTypeIdentifierHeartRate
Heart rate,2026-07-21 22:31:06+09:00,104.0,count/min,0,김아연의 Apple Watch,HKQuantityTypeIdentifierHeartRate
Heart rate,2026-07-21 22:31:11+09:00,104.0,count/min,0,김아연의 Apple Watch,HKQuantityTypeIdentifierHeartRate
Heart rate,2026-07-21 22:31:18+09:00,104.0,count/min,0,김아연의 Apple Watch,HKQuantityTypeIdentifierHeartRate
Heart rate,2026-07-21 22:31:25+09:00,106.0,count/min,0,김아연의 Apple Watch,HKQuantityTypeIdentifierHeartRate
Heart rate,2026-07-21 22:31:28+09:00,107.0,count/min,0,김아연의 Apple Watch,HKQuantityTypeIdentifierHeartRate
Heart rate,2026-07-21 22:31:31+09:00,108.0,count/min,0,김아연의 Apple Watch,HKQuantityTypeIdentifierHeartRate
Heart rate,2026-07-21 22:31:36+09:00,109.0,count/min,0,김아연의 Apple Watch,HKQuantityTypeIdentifierHeartRate
Heart rate,2026-07-21 22:31:45+09:00,110.0,count/min,0,김아연의 Apple Watch,HKQuantityTypeIdentifierHeartRate
Heart rate,2026-07-21 22:31:50+09:00,111.0,count/min,0,김아연의 Apple Watch,HKQuantityTypeIdentifierHeartRate
Heart rate,2026-07-21 22:31:52+09:00,114.0,count/min,0,김아연의 Apple Watch,HKQuantityTypeIdentifierHeartRate
Heart rate,2026-07-21 22:32:00+09:00,121.0,count/min,0,김아연의 Apple Watch,HKQuantityTypeIdentifierHeartRate
Heart rate,2026-07-21 22:32:04+09:00,119.0,count/min,0,김아연의 Apple Watch,HKQuantityTypeIdentifierHeartRate
Heart rate,2026-07-21 22:32:09+09:00,117.0,count/min,0,김아연의 Apple Watch,HKQuantityTypeIdentifierHeartRate
Heart rate,2026-07-21 22:32:13+09:00,114.0,count/min,0,김아연의 Apple Watch,HKQuantityTypeIdentifierHeartRate
Heart rate,2026-07-21 22:32:18+09:00,110.0,count/min,0,김아연의 Apple Watch,HKQuantityTypeIdentifierHeartRate
Heart rate,2026-07-21 22:32:25+09:00,105.0,count/min,0,김아연의 Apple Watch,HKQuantityTypeIdentifierHeartRate
Heart rate,2026-07-21 22:32:26+09:00,106.0,count/min,0,김아연의 Apple Watch,HKQuantityTypeIdentifierHeartRate
Heart rate,2026-07-21 22:32:31+09:00,105.0,count/min,0,김아연의 Apple Watch,HKQuantityTypeIdentifierHeartRate
Heart rate,2026-07-21 22:32:36+09:00,103.0,count/min,0,김아연의 Apple Watch,HKQuantityTypeIdentifierHeartRate
Heart rate,2026-07-21 22:32:45+09:00,103.0,count/min,0,김아연의 Apple Watch,HKQuantityTypeIdentifierHeartRate
Heart rate,2026-07-21 22:32:50+09:00,104.0,count/min,0,김아연의 Apple Watch,HKQuantityTypeIdentifierHeartRate
Heart rate,2026-07-21 22:32:52+09:00,101.0,count/min,0,김아연의 Apple Watch,HKQuantityTypeIdentifierHeartRate
Heart rate,2026-07-21 22:33:00+09:00,101.0,count/min,0,김아연의 Apple Watch,HKQuantityTypeIdentifierHeartRate
Heart rate,2026-07-21 22:33:01+09:00,101.0,count/min,0,김아연의 Apple Watch,HKQuantityTypeIdentifierHeartRate
Heart rate,2026-07-21 22:33:10+09:00,103.0,count/min,0,김아연의 Apple Watch,HKQuantityTypeIdentifierHeartRate
Heart rate,2026-07-21 22:33:11+09:00,103.0,count/min,0,김아연의 Apple Watch,HKQuantityTypeIdentifierHeartRate
Heart rate,2026-07-21 22:33:20+09:00,103.0,count/min,0,김아연의 Apple Watch,HKQuantityTypeIdentifierHeartRate
Heart rate,2026-07-21 22:33:25+09:00,105.0,count/min,0,김아연의 Apple Watch,HKQuantityTypeIdentifierHeartRate
Heart rate,2026-07-21 22:33:30+09:00,106.0,count/min,0,김아연의 Apple Watch,HKQuantityTypeIdentifierHeartRate
Heart rate,2026-07-21 22:33:31+09:00,106.0,count/min,0,김아연의 Apple Watch,HKQuantityTypeIdentifierHeartRate
Heart rate,2026-07-21 22:33:36+09:00,105.0,count/min,0,김아연의 Apple Watch,HKQuantityTypeIdentifierHeartRate
Heart rate,2026-07-21 22:33:42+09:00,106.0,count/min,0,김아연의 Apple Watch,HKQuantityTypeIdentifierHeartRate
Heart rate,2026-07-21 22:33:46+09:00,106.0,count/min,0,김아연의 Apple Watch,HKQuantityTypeIdentifierHeartRate
Heart rate,2026-07-21 22:33:54+09:00,108.0,count/min,0,김아연의 Apple Watch,HKQuantityTypeIdentifierHeartRate
Heart rate,2026-07-21 22:33:57+09:00,107.0,count/min,0,김아연의 Apple Watch,HKQuantityTypeIdentifierHeartRate
Heart rate,2026-07-21 22:34:04+09:00,107.0,count/min,0,김아연의 Apple Watch,HKQuantityTypeIdentifierHeartRate
Heart rate,2026-07-21 22:34:06+09:00,108.0,count/min,0,김아연의 Apple Watch,HKQuantityTypeIdentifierHeartRate
Heart rate,2026-07-21 22:34:15+09:00,113.0,count/min,0,김아연의 Apple Watch,HKQuantityTypeIdentifierHeartRate
Heart rate,2026-07-21 22:34:16+09:00,114.0,count/min,0,김아연의 Apple Watch,HKQuantityTypeIdentifierHeartRate
Heart rate,2026-07-21 22:34:25+09:00,120.0,count/min,0,김아연의 Apple Watch,HKQuantityTypeIdentifierHeartRate
Heart rate,2026-07-21 22:34:30+09:00,115.0,count/min,0,김아연의 Apple Watch,HKQuantityTypeIdentifierHeartRate
Heart rate,2026-07-21 22:34:34+09:00,113.0,count/min,0,김아연의 Apple Watch,HKQuantityTypeIdentifierHeartRate
Heart rate,2026-07-21 22:34:40+09:00,115.0,count/min,0,김아연의 Apple Watch,HKQuantityTypeIdentifierHeartRate
Heart rate,2026-07-21 22:34:43+09:00,114.0,count/min,0,김아연의 Apple Watch,HKQuantityTypeIdentifierHeartRate
Heart rate,2026-07-21 22:34:46+09:00,116.0,count/min,0,김아연의 Apple Watch,HKQuantityTypeIdentifierHeartRate
Heart rate,2026-07-21 22:34:54+09:00,112.0,count/min,0,김아연의 Apple Watch,HKQuantityTypeIdentifierHeartRate
Heart rate,2026-07-21 22:34:56+09:00,111.0,count/min,0,김아연의 Apple Watch,HKQuantityTypeIdentifierHeartRate
Heart rate,2026-07-21 22:35:04+09:00,115.0,count/min,0,김아연의 Apple Watch,HKQuantityTypeIdentifierHeartRate
Heart rate,2026-07-21 22:35:09+09:00,113.0,count/min,0,김아연의 Apple Watch,HKQuantityTypeIdentifierHeartRate
Heart rate,2026-07-21 22:35:15+09:00,109.0,count/min,0,김아연의 Apple Watch,HKQuantityTypeIdentifierHeartRate
Heart rate,2026-07-21 22:35:17+09:00,109.0,count/min,0,김아연의 Apple Watch,HKQuantityTypeIdentifierHeartRate
Heart rate,2026-07-21 22:35:21+09:00,110.0,count/min,0,김아연의 Apple Watch,HKQuantityTypeIdentifierHeartRate
Heart rate,2026-07-21 22:35:30+09:00,100.0,count/min,0,김아연의 Apple Watch,HKQuantityTypeIdentifierHeartRate
Heart rate,2026-07-21 22:35:33+09:00,103.0,count/min,0,김아연의 Apple Watch,HKQuantityTypeIdentifierHeartRate
Heart rate,2026-07-21 22:35:36+09:00,104.0,count/min,0,김아연의 Apple Watch,HKQuantityTypeIdentifierHeartRate
Heart rate,2026-07-21 22:35:45+09:00,101.0,count/min,0,김아연의 Apple Watch,HKQuantityTypeIdentifierHeartRate
Heart rate,2026-07-21 22:35:47+09:00,99.0,count/min,0,김아연의 Apple Watch,HKQuantityTypeIdentifierHeartRate
Heart rate,2026-07-21 22:35:51+09:00,102.0,count/min,0,김아연의 Apple Watch,HKQuantityTypeIdentifierHeartRate
Heart rate,2026-07-21 22:35:56+09:00,107.0,count/min,0,김아연의 Apple Watch,HKQuantityTypeIdentifierHeartRate
Heart rate,2026-07-21 22:36:01+09:00,111.0,count/min,0,김아연의 Apple Watch,HKQuantityTypeIdentifierHeartRate
Heart rate,2026-07-21 22:36:09+09:00,107.0,count/min,0,김아연의 Apple Watch,HKQuantityTypeIdentifierHeartRate
Heart rate,2026-07-21 22:36:14+09:00,108.0,count/min,0,김아연의 Apple Watch,HKQuantityTypeIdentifierHeartRate
Heart rate,2026-07-21 22:36:19+09:00,105.0,count/min,0,김아연의 Apple Watch,HKQuantityTypeIdentifierHeartRate
Heart rate,2026-07-21 22:36:21+09:00,104.0,count/min,0,김아연의 Apple Watch,HKQuantityTypeIdentifierHeartRate
Heart rate,2026-07-21 22:36:26+09:00,106.0,count/min,0,김아연의 Apple Watch,HKQuantityTypeIdentifierHeartRate
Heart rate,2026-07-21 22:36:31+09:00,108.0,count/min,0,김아연의 Apple Watch,HKQuantityTypeIdentifierHeartRate
Heart rate,2026-07-21 22:36:36+09:00,107.0,count/min,0,김아연의 Apple Watch,HKQuantityTypeIdentifierHeartRate
Heart rate,2026-07-21 22:36:46+09:00,103.0,count/min,0,김아연의 Apple Watch,HKQuantityTypeIdentifierHeartRate
Heart rate,2026-07-21 22:36:51+09:00,102.0,count/min,0,김아연의 Apple Watch,HKQuantityTypeIdentifierHeartRate
Heart rate,2026-07-21 22:36:56+09:00,101.0,count/min,0,김아연의 Apple Watch,HKQuantityTypeIdentifierHeartRate
Heart rate,2026-07-21 22:36:57+09:00,101.0,count/min,0,김아연의 Apple Watch,HKQuantityTypeIdentifierHeartRate
Heart rate,2026-07-21 22:37:02+09:00,101.0,count/min,0,김아연의 Apple Watch,HKQuantityTypeIdentifierHeartRate
Heart rate,2026-07-21 22:37:11+09:00,103.0,count/min,0,김아연의 Apple Watch,HKQuantityTypeIdentifierHeartRate
Heart rate,2026-07-21 22:37:15+09:00,99.0,count/min,0,김아연의 Apple Watch,HKQuantityTypeIdentifierHeartRate
Heart rate,2026-07-21 22:37:17+09:00,91.0,count/min,0,김아연의 Apple Watch,HKQuantityTypeIdentifierHeartRate
Heart rate,2026-07-21 22:37:26+09:00,81.0,count/min,0,김아연의 Apple Watch,HKQuantityTypeIdentifierHeartRate
Heart rate,2026-07-21 22:37:31+09:00,79.0,count/min,0,김아연의 Apple Watch,HKQuantityTypeIdentifierHeartRate
Heart rate,2026-07-21 22:37:32+09:00,78.0,count/min,0,김아연의 Apple Watch,HKQuantityTypeIdentifierHeartRate
Heart rate,2026-07-21 22:37:41+09:00,79.0,count/min,0,김아연의 Apple Watch,HKQuantityTypeIdentifierHeartRate
Heart rate,2026-07-21 22:37:42+09:00,80.0,count/min,0,김아연의 Apple Watch,HKQuantityTypeIdentifierHeartRate
Heart rate,2026-07-21 22:37:48+09:00,85.0,count/min,0,김아연의 Apple Watch,HKQuantityTypeIdentifierHeartRate
Heart rate,2026-07-21 22:37:56+09:00,90.0,count/min,0,김아연의 Apple Watch,HKQuantityTypeIdentifierHeartRate
Heart rate,2026-07-21 22:38:01+09:00,83.0,count/min,0,김아연의 Apple Watch,HKQuantityTypeIdentifierHeartRate
Heart rate,2026-07-21 22:38:06+09:00,80.0,count/min,0,김아연의 Apple Watch,HKQuantityTypeIdentifierHeartRate
Heart rate,2026-07-21 22:38:07+09:00,80.0,count/min,0,김아연의 Apple Watch,HKQuantityTypeIdentifierHeartRate
Heart rate,2026-07-21 22:38:15+09:00,77.0,count/min,0,김아연의 Apple Watch,HKQuantityTypeIdentifierHeartRate
Heart rate,2026-07-21 22:38:21+09:00,76.0,count/min,0,김아연의 Apple Watch,HKQuantityTypeIdentifierHeartRate
Heart rate,2026-07-21 22:38:24+09:00,76.0,count/min,0,김아연의 Apple Watch,HKQuantityTypeIdentifierHeartRate
Heart rate,2026-07-21 22:38:29+09:00,77.0,count/min,0,김아연의 Apple Watch,HKQuantityTypeIdentifierHeartRate
Heart rate,2026-07-21 22:38:36+09:00,81.0,count/min,0,김아연의 Apple Watch,HKQuantityTypeIdentifierHeartRate
Heart rate,2026-07-21 22:38:41+09:00,79.0,count/min,0,김아연의 Apple Watch,HKQuantityTypeIdentifierHeartRate
Heart rate,2026-07-21 22:38:43+09:00,78.0,count/min,0,김아연의 Apple Watch,HKQuantityTypeIdentifierHeartRate
Heart rate,2026-07-21 22:38:51+09:00,77.0,count/min,0,김아연의 Apple Watch,HKQuantityTypeIdentifierHeartRate
Heart rate,2026-07-21 22:38:52+09:00,77.0,count/min,0,김아연의 Apple Watch,HKQuantityTypeIdentifierHeartRate
Heart rate,2026-07-21 22:39:00+09:00,76.0,count/min,0,김아연의 Apple Watch,HKQuantityTypeIdentifierHeartRate
Heart rate,2026-07-21 22:39:04+09:00,75.0,count/min,0,김아연의 Apple Watch,HKQuantityTypeIdentifierHeartRate
Heart rate,2026-07-21 22:39:08+09:00,75.0,count/min,0,김아연의 Apple Watch,HKQuantityTypeIdentifierHeartRate
Heart rate,2026-07-21 22:39:13+09:00,77.0,count/min,0,김아연의 Apple Watch,HKQuantityTypeIdentifierHeartRate
Heart rate,2026-07-21 22:39:19+09:00,76.0,count/min,0,김아연의 Apple Watch,HKQuantityTypeIdentifierHeartRate
Heart rate,2026-07-21 22:39:26+09:00,74.0,count/min,0,김아연의 Apple Watch,HKQuantityTypeIdentifierHeartRate
Heart rate,2026-07-21 22:39:28+09:00,74.0,count/min,0,김아연의 Apple Watch,HKQuantityTypeIdentifierHeartRate
Heart rate,2026-07-21 22:39:33+09:00,75.0,count/min,0,김아연의 Apple Watch,HKQuantityTypeIdentifierHeartRate
Heart rate,2026-07-21 22:39:41+09:00,74.0,count/min,0,김아연의 Apple Watch,HKQuantityTypeIdentifierHeartRate
Heart rate,2026-07-21 22:39:42+09:00,74.0,count/min,0,김아연의 Apple Watch,HKQuantityTypeIdentifierHeartRate
Heart rate,2026-07-21 22:39:49+09:00,73.0,count/min,0,김아연의 Apple Watch,HKQuantityTypeIdentifierHeartRate
Heart rate,2026-07-21 22:39:52+09:00,73.0,count/min,0,김아연의 Apple Watch,HKQuantityTypeIdentifierHeartRate
Heart rate,2026-07-21 22:39:57+09:00,73.0,count/min,0,김아연의 Apple Watch,HKQuantityTypeIdentifierHeartRate
Heart rate,2026-07-21 22:40:04+09:00,73.0,count/min,0,김아연의 Apple Watch,HKQuantityTypeIdentifierHeartRate
Heart rate,2026-07-21 22:40:09+09:00,74.0,count/min,0,김아연의 Apple Watch,HKQuantityTypeIdentifierHeartRate
Heart rate,2026-07-21 22:40:12+09:00,74.0,count/min,0,김아연의 Apple Watch,HKQuantityTypeIdentifierHeartRate
Heart rate,2026-07-21 22:40:21+09:00,73.0,count/min,0,김아연의 Apple Watch,HKQuantityTypeIdentifierHeartRate
Heart rate,2026-07-21 22:40:24+09:00,74.0,count/min,0,김아연의 Apple Watch,HKQuantityTypeIdentifierHeartRate
Heart rate,2026-07-21 22:40:27+09:00,73.0,count/min,0,김아연의 Apple Watch,HKQuantityTypeIdentifierHeartRate
Heart rate,2026-07-21 22:40:35+09:00,74.0,count/min,0,김아연의 Apple Watch,HKQuantityTypeIdentifierHeartRate
Heart rate,2026-07-21 22:40:38+09:00,74.0,count/min,0,김아연의 Apple Watch,HKQuantityTypeIdentifierHeartRate
Heart rate,2026-07-21 22:40:45+09:00,75.0,count/min,0,김아연의 Apple Watch,HKQuantityTypeIdentifierHeartRate
Heart rate,2026-07-21 22:40:47+09:00,75.0,count/min,0,김아연의 Apple Watch,HKQuantityTypeIdentifierHeartRate
Heart rate,2026-07-21 22:40:55+09:00,75.0,count/min,0,김아연의 Apple Watch,HKQuantityTypeIdentifierHeartRate
Heart rate,2026-07-21 22:41:01+09:00,76.0,count/min,0,김아연의 Apple Watch,HKQuantityTypeIdentifierHeartRate
Heart rate,2026-07-21 22:41:06+09:00,75.0,count/min,0,김아연의 Apple Watch,HKQuantityTypeIdentifierHeartRate
Heart rate,2026-07-21 22:41:07+09:00,75.0,count/min,0,김아연의 Apple Watch,HKQuantityTypeIdentifierHeartRate
Heart rate,2026-07-21 22:41:13+09:00,75.0,count/min,0,김아연의 Apple Watch,HKQuantityTypeIdentifierHeartRate
Heart rate,2026-07-21 22:41:17+09:00,75.0,count/min,0,김아연의 Apple Watch,HKQuantityTypeIdentifierHeartRate
Heart rate,2026-07-21 22:41:23+09:00,74.0,count/min,0,김아연의 Apple Watch,HKQuantityTypeIdentifierHeartRate
Heart rate,2026-07-21 22:41:29+09:00,74.0,count/min,0,김아연의 Apple Watch,HKQuantityTypeIdentifierHeartRate
Heart rate,2026-07-21 22:41:36+09:00,74.0,count/min,0,김아연의 Apple Watch,HKQuantityTypeIdentifierHeartRate
Heart rate,2026-07-21 22:41:38+09:00,74.0,count/min,0,김아연의 Apple Watch,HKQuantityTypeIdentifierHeartRate
Heart rate,2026-07-21 22:41:45+09:00,73.0,count/min,0,김아연의 Apple Watch,HKQuantityTypeIdentifierHeartRate
Heart rate,2026-07-21 22:41:49+09:00,73.0,count/min,0,김아연의 Apple Watch,HKQuantityTypeIdentifierHeartRate
Heart rate,2026-07-21 22:41:52+09:00,74.0,count/min,0,김아연의 Apple Watch,HKQuantityTypeIdentifierHeartRate
Heart rate,2026-07-21 22:41:59+09:00,73.0,count/min,0,김아연의 Apple Watch,HKQuantityTypeIdentifierHeartRate
Heart rate,2026-07-21 22:42:03+09:00,73.0,count/min,0,김아연의 Apple Watch,HKQuantityTypeIdentifierHeartRate
Heart rate,2026-07-21 22:42:11+09:00,72.0,count/min,0,김아연의 Apple Watch,HKQuantityTypeIdentifierHeartRate
Heart rate,2026-07-21 22:43:02+09:00,73.0,count/min,1,김아연의 Apple Watch,HKQuantityTypeIdentifierHeartRate
Heart rate,2026-07-21 22:43:38+09:00,70.2808,count/min,0,김아연의 Apple Watch,HKQuantityTypeIdentifierHeartRate
Heart rate,2026-07-21 22:48:53+09:00,75.0,count/min,1,김아연의 Apple Watch,HKQuantityTypeIdentifierHeartRate
Heart rate,2026-07-21 22:52:24+09:00,76.0,count/min,1,김아연의 Apple Watch,HKQuantityTypeIdentifierHeartRate
Heart rate,2026-07-21 22:55:14+09:00,74.0,count/min,1,김아연의 Apple Watch,HKQuantityTypeIdentifierHeartRate
Heart rate,2026-07-21 23:03:53+09:00,75.0,count/min,1,김아연의 Apple Watch,HKQuantityTypeIdentifierHeartRate
Heart rate,2026-07-23 08:22:50+09:00,146.0,count/min,0,김아연의 Apple Watch,HKQuantityTypeIdentifierHeartRate
Heart rate,2026-07-23 08:22:55+09:00,146.0,count/min,0,김아연의 Apple Watch,HKQuantityTypeIdentifierHeartRate
Heart rate,2026-07-23 08:23:00+09:00,149.0,count/min,0,김아연의 Apple Watch,HKQuantityTypeIdentifierHeartRate
Heart rate,2026-07-23 08:23:03+09:00,148.0,count/min,0,김아연의 Apple Watch,HKQuantityTypeIdentifierHeartRate
Heart rate,2026-07-23 08:23:08+09:00,147.0,count/min,0,김아연의 Apple Watch,HKQuantityTypeIdentifierHeartRate
Heart rate,2026-07-23 08:26:29+09:00,153.0,count/min,2,김아연의 Apple Watch,HKQuantityTypeIdentifierHeartRate
Heart rate,2026-07-23 08:28:05+09:00,135.0,count/min,0,김아연의 Apple Watch,HKQuantityTypeIdentifierHeartRate
Heart rate,2026-07-23 08:28:10+09:00,135.0,count/min,0,김아연의 Apple Watch,HKQuantityTypeIdentifierHeartRate
Heart rate,2026-07-23 08:28:14+09:00,132.0,count/min,0,김아연의 Apple Watch,HKQuantityTypeIdentifierHeartRate
Heart rate,2026-07-23 08:28:19+09:00,130.0,count/min,0,김아연의 Apple Watch,HKQuantityTypeIdentifierHeartRate
Heart rate,2026-07-23 08:28:24+09:00,126.0,count/min,0,김아연의 Apple Watch,HKQuantityTypeIdentifierHeartRate
Heart rate,2026-07-23 08:30:47+09:00,112.0,count/min,1,김아연의 Apple Watch,HKQuantityTypeIdentifierHeartRate
Heart rate,2026-07-23 08:34:20+09:00,109.0,count/min,1,김아연의 Apple Watch,HKQuantityTypeIdentifierHeartRate
Heart rate,2026-07-23 08:34:40+09:00,111.162,count/min,0,김아연의 Apple Watch,HKQuantityTypeIdentifierHeartRate
Heart rate,2026-07-23 08:42:47+09:00,128.0,count/min,1,김아연의 Apple Watch,HKQuantityTypeIdentifierHeartRate
Heart rate,2026-07-23 08:45:36+09:00,147.0,count/min,0,김아연의 Apple Watch,HKQuantityTypeIdentifierHeartRate
Heart rate,2026-07-23 08:45:41+09:00,152.0,count/min,0,김아연의 Apple Watch,HKQuantityTypeIdentifierHeartRate
Heart rate,2026-07-23 08:45:45+09:00,153.0,count/min,0,김아연의 Apple Watch,HKQuantityTypeIdentifierHeartRate
Heart rate,2026-07-23 08:45:47+09:00,152.0,count/min,0,김아연의 Apple Watch,HKQuantityTypeIdentifierHeartRate
Heart rate,2026-07-23 08:45:56+09:00,146.0,count/min,0,김아연의 Apple Watch,HKQuantityTypeIdentifierHeartRate
Heart rate,2026-07-23 08:46:01+09:00,147.0,count/min,0,김아연의 Apple Watch,HKQuantityTypeIdentifierHeartRate
Heart rate,2026-07-23 08:46:04+09:00,145.0,count/min,0,김아연의 Apple Watch,HKQuantityTypeIdentifierHeartRate
Heart rate,2026-07-23 08:46:09+09:00,142.0,count/min,0,김아연의 Apple Watch,HKQuantityTypeIdentifierHeartRate
Heart rate,2026-07-23 08:46:12+09:00,140.0,count/min,0,김아연의 Apple Watch,HKQuantityTypeIdentifierHeartRate
Heart rate,2026-07-23 08:46:17+09:00,139.0,count/min,0,김아연의 Apple Watch,HKQuantityTypeIdentifierHeartRate
Heart rate,2026-07-23 08:46:25+09:00,135.0,count/min,0,김아연의 Apple Watch,HKQuantityTypeIdentifierHeartRate
Heart rate,2026-07-23 08:46:27+09:00,135.0,count/min,0,김아연의 Apple Watch,HKQuantityTypeIdentifierHeartRate
Heart rate,2026-07-23 08:46:37+09:00,131.0,count/min,0,김아연의 Apple Watch,HKQuantityTypeIdentifierHeartRate
Heart rate,2026-07-23 08:46:42+09:00,129.0,count/min,0,김아연의 Apple Watch,HKQuantityTypeIdentifierHeartRate
Heart rate,2026-07-23 08:46:45+09:00,128.0,count/min,0,김아연의 Apple Watch,HKQuantityTypeIdentifierHeartRate
Heart rate,2026-07-23 08:46:48+09:00,128.0,count/min,0,김아연의 Apple Watch,HKQuantityTypeIdentifierHeartRate
Heart rate,2026-07-23 08:46:57+09:00,125.0,count/min,0,김아연의 Apple Watch,HKQuantityTypeIdentifierHeartRate
Heart rate,2026-07-23 08:47:02+09:00,122.0,count/min,0,김아연의 Apple Watch,HKQuantityTypeIdentifierHeartRate
Heart rate,2026-07-23 08:47:03+09:00,122.0,count/min,0,김아연의 Apple Watch,HKQuantityTypeIdentifierHeartRate
Heart rate,2026-07-23 08:47:08+09:00,122.0,count/min,0,김아연의 Apple Watch,HKQuantityTypeIdentifierHeartRate
Heart rate,2026-07-23 08:47:17+09:00,120.0,count/min,0,김아연의 Apple Watch,HKQuantityTypeIdentifierHeartRate
Heart rate,2026-07-23 08:47:21+09:00,122.0,count/min,0,김아연의 Apple Watch,HKQuantityTypeIdentifierHeartRate
Heart rate,2026-07-23 08:47:24+09:00,122.0,count/min,0,김아연의 Apple Watch,HKQuantityTypeIdentifierHeartRate
Heart rate,2026-07-23 08:47:31+09:00,117.0,count/min,0,김아연의 Apple Watch,HKQuantityTypeIdentifierHeartRate
Heart rate,2026-07-23 08:47:36+09:00,117.0,count/min,0,김아연의 Apple Watch,HKQuantityTypeIdentifierHeartRate
Heart rate,2026-07-23 08:47:43+09:00,116.0,count/min,0,김아연의 Apple Watch,HKQuantityTypeIdentifierHeartRate
Heart rate,2026-07-23 08:47:47+09:00,117.0,count/min,0,김아연의 Apple Watch,HKQuantityTypeIdentifierHeartRate
Heart rate,2026-07-23 08:47:53+09:00,117.0,count/min,0,김아연의 Apple Watch,HKQuantityTypeIdentifierHeartRate
Heart rate,2026-07-23 08:47:54+09:00,117.0,count/min,0,김아연의 Apple Watch,HKQuantityTypeIdentifierHeartRate
Heart rate,2026-07-23 08:47:59+09:00,120.0,count/min,0,김아연의 Apple Watch,HKQuantityTypeIdentifierHeartRate
Heart rate,2026-07-23 08:48:08+09:00,121.0,count/min,0,김아연의 Apple Watch,HKQuantityTypeIdentifierHeartRate
Heart rate,2026-07-23 08:48:13+09:00,120.0,count/min,0,김아연의 Apple Watch,HKQuantityTypeIdentifierHeartRate
Heart rate,2026-07-23 08:48:14+09:00,119.0,count/min,0,김아연의 Apple Watch,HKQuantityTypeIdentifierHeartRate
Heart rate,2026-07-23 08:48:19+09:00,119.0,count/min,0,김아연의 Apple Watch,HKQuantityTypeIdentifierHeartRate
Heart rate,2026-07-23 08:48:28+09:00,126.0,count/min,0,김아연의 Apple Watch,HKQuantityTypeIdentifierHeartRate
Heart rate,2026-07-23 08:48:32+09:00,123.0,count/min,0,김아연의 Apple Watch,HKQuantityTypeIdentifierHeartRate
Heart rate,2026-07-23 08:48:38+09:00,118.0,count/min,0,김아연의 Apple Watch,HKQuantityTypeIdentifierHeartRate
Heart rate,2026-07-23 08:48:40+09:00,119.0,count/min,0,김아연의 Apple Watch,HKQuantityTypeIdentifierHeartRate
Heart rate,2026-07-23 08:48:48+09:00,119.0,count/min,0,김아연의 Apple Watch,HKQuantityTypeIdentifierHeartRate
Heart rate,2026-07-23 08:48:53+09:00,122.0,count/min,0,김아연의 Apple Watch,HKQuantityTypeIdentifierHeartRate
Heart rate,2026-07-23 08:48:55+09:00,123.0,count/min,0,김아연의 Apple Watch,HKQuantityTypeIdentifierHeartRate
Heart rate,2026-07-23 08:49:00+09:00,125.0,count/min,0,김아연의 Apple Watch,HKQuantityTypeIdentifierHeartRate
Heart rate,2026-07-23 08:49:08+09:00,118.0,count/min,0,김아연의 Apple Watch,HKQuantityTypeIdentifierHeartRate
Heart rate,2026-07-23 08:49:09+09:00,119.0,count/min,0,김아연의 Apple Watch,HKQuantityTypeIdentifierHeartRate
Heart rate,2026-07-23 08:49:16+09:00,123.0,count/min,0,김아연의 Apple Watch,HKQuantityTypeIdentifierHeartRate
Heart rate,2026-07-23 08:49:21+09:00,117.0,count/min,0,김아연의 Apple Watch,HKQuantityTypeIdentifierHeartRate
Heart rate,2026-07-23 08:49:26+09:00,118.0,count/min,0,김아연의 Apple Watch,HKQuantityTypeIdentifierHeartRate
Heart rate,2026-07-23 08:49:35+09:00,117.0,count/min,0,김아연의 Apple Watch,HKQuantityTypeIdentifierHeartRate
Heart rate,2026-07-23 08:51:40+09:00,99.0,count/min,1,김아연의 Apple Watch,HKQuantityTypeIdentifierHeartRate
Heart rate,2026-07-23 08:55:07+09:00,93.0,count/min,1,김아연의 Apple Watch,HKQuantityTypeIdentifierHeartRate
Heart rate,2026-07-23 09:01:19+09:00,91.0,count/min,1,김아연의 Apple Watch,HKQuantityTypeIdentifierHeartRate
Heart rate,2026-07-23 09:02:40+09:00,93.0,count/min,1,김아연의 Apple Watch,HKQuantityTypeIdentifierHeartRate
Heart rate,2026-07-23 09:06:52+09:00,90.0,count/min,1,김아연의 Apple Watch,HKQuantityTypeIdentifierHeartRate
Heart rate,2026-07-23 09:14:30+09:00,89.0,count/min,1,김아연의 Apple Watch,HKQuantityTypeIdentifierHeartRate
Heart rate,2026-07-23 09:19:32+09:00,86.0,count/min,1,김아연의 Apple Watch,HKQuantityTypeIdentifierHeartRate
Heart rate,2026-07-23 09:23:57+09:00,85.0,count/min,1,김아연의 Apple Watch,HKQuantityTypeIdentifierHeartRate
Heart rate,2026-07-23 09:27:41+09:00,84.0,count/min,1,김아연의 Apple Watch,HKQuantityTypeIdentifierHeartRate
Heart rate,2026-07-23 09:34:34+09:00,84.0,count/min,1,김아연의 Apple Watch,HKQuantityTypeIdentifierHeartRate
Heart rate,2026-07-23 09:39:26+09:00,84.0,count/min,1,김아연의 Apple Watch,HKQuantityTypeIdentifierHeartRate
Heart rate,2026-07-23 09:42:02+09:00,84.0,count/min,1,김아연의 Apple Watch,HKQuantityTypeIdentifierHeartRate
Heart rate,2026-07-23 09:49:12+09:00,79.0,count/min,1,김아연의 Apple Watch,HKQuantityTypeIdentifierHeartRate
Heart rate,2026-07-23 09:54:05+09:00,80.0,count/min,1,김아연의 Apple Watch,HKQuantityTypeIdentifierHeartRate
Heart rate,2026-07-23 09:58:25+09:00,78.0,count/min,1,김아연의 Apple Watch,HKQuantityTypeIdentifierHeartRate
Heart rate,2026-07-23 10:03:50+09:00,80.0,count/min,1,김아연의 Apple Watch,HKQuantityTypeIdentifierHeartRate
Heart rate,2026-07-23 10:08:34+09:00,75.0,count/min,1,김아연의 Apple Watch,HKQuantityTypeIdentifierHeartRate
Heart rate,2026-07-23 10:13:36+09:00,79.0,count/min,1,김아연의 Apple Watch,HKQuantityTypeIdentifierHeartRate
Heart rate,2026-07-23 10:18:09+09:00,75.0,count/min,1,김아연의 Apple Watch,HKQuantityTypeIdentifierHeartRate
Heart rate,2026-07-23 10:25:33+09:00,77.0,count/min,1,김아연의 Apple Watch,HKQuantityTypeIdentifierHeartRate
Heart rate,2026-07-23 10:28:02+09:00,80.0,count/min,1,김아연의 Apple Watch,HKQuantityTypeIdentifierHeartRate
Heart rate,2026-07-23 10:33:05+09:00,80.0,count/min,1,김아연의 Apple Watch,HKQuantityTypeIdentifierHeartRate
Heart rate,2026-07-23 10:36:59+09:00,74.0,count/min,1,김아연의 Apple Watch,HKQuantityTypeIdentifierHeartRate
Heart rate,2026-07-23 10:43:46+09:00,73.0,count/min,1,김아연의 Apple Watch,HKQuantityTypeIdentifierHeartRate
Heart rate,2026-07-23 10:50:51+09:00,79.0,count/min,1,김아연의 Apple Watch,HKQuantityTypeIdentifierHeartRate
Heart rate,2026-07-23 10:53:50+09:00,84.0,count/min,1,김아연의 Apple Watch,HKQuantityTypeIdentifierHeartRate
Heart rate,2026-07-23 10:56:53+09:00,77.0,count/min,1,김아연의 Apple Watch,HKQuantityTypeIdentifierHeartRate
Heart rate,2026-07-23 11:04:30+09:00,72.0,count/min,1,김아연의 Apple Watch,HKQuantityTypeIdentifierHeartRate
Heart rate,2026-07-23 11:09:59+09:00,74.0,count/min,1,김아연의 Apple Watch,HKQuantityTypeIdentifierHeartRate
Heart rate,2026-07-23 11:15:46+09:00,73.0,count/min,1,김아연의 Apple Watch,HKQuantityTypeIdentifierHeartRate
Heart rate,2026-07-23 11:17:07+09:00,70.0,count/min,1,김아연의 Apple Watch,HKQuantityTypeIdentifierHeartRate
Heart rate,2026-07-23 11:22:50+09:00,73.0,count/min,1,김아연의 Apple Watch,HKQuantityTypeIdentifierHeartRate
Heart rate,2026-07-23 11:28:52+09:00,108.0,count/min,2,김아연의 Apple Watch,HKQuantityTypeIdentifierHeartRate
Heart rate,2026-07-23 11:31:01+09:00,86.0,count/min,1,김아연의 Apple Watch,HKQuantityTypeIdentifierHeartRate
Heart rate,2026-07-23 11:33:05+09:00,92.0,count/min,1,김아연의 Apple Watch,HKQuantityTypeIdentifierHeartRate
Heart rate,2026-07-23 11:38:34+09:00,92.0,count/min,1,김아연의 Apple Watch,HKQuantityTypeIdentifierHeartRate
Heart rate,2026-07-23 11:43:52+09:00,88.0,count/min,0,김아연의 Apple Watch,HKQuantityTypeIdentifierHeartRate
Heart rate,2026-07-23 11:50:24+09:00,78.0,count/min,1,김아연의 Apple Watch,HKQuantityTypeIdentifierHeartRate
Heart rate,2026-07-23 11:51:57+09:00,76.0,count/min,1,김아연의 Apple Watch,HKQuantityTypeIdentifierHeartRate
Heart rate,2026-07-23 11:59:29+09:00,83.0,count/min,1,김아연의 Apple Watch,HKQuantityTypeIdentifierHeartRate
Heart rate,2026-07-23 12:05:37+09:00,94.0,count/min,1,김아연의 Apple Watch,HKQuantityTypeIdentifierHeartRate
Heart rate,2026-07-23 12:09:53+09:00,90.0,count/min,1,김아연의 Apple Watch,HKQuantityTypeIdentifierHeartRate
Heart rate,2026-07-23 12:11:52+09:00,90.0,count/min,1,김아연의 Apple Watch,HKQuantityTypeIdentifierHeartRate
Heart rate,2026-07-23 12:15:03+09:00,104.0,count/min,2,김아연의 Apple Watch,HKQuantityTypeIdentifierHeartRate
Heart rate,2026-07-23 12:15:38+09:00,106.0,count/min,0,김아연의 Apple Watch,HKQuantityTypeIdentifierHeartRate
Heart rate,2026-07-23 12:15:39+09:00,105.0,count/min,0,김아연의 Apple Watch,HKQuantityTypeIdentifierHeartRate
Heart rate,2026-07-23 12:15:44+09:00,104.0,count/min,0,김아연의 Apple Watch,HKQuantityTypeIdentifierHeartRate
Heart rate,2026-07-23 12:15:53+09:00,103.0,count/min,0,김아연의 Apple Watch,HKQuantityTypeIdentifierHeartRate
Heart rate,2026-07-23 12:15:55+09:00,103.0,count/min,0,김아연의 Apple Watch,HKQuantityTypeIdentifierHeartRate
Heart rate,2026-07-23 12:15:59+09:00,103.0,count/min,0,김아연의 Apple Watch,HKQuantityTypeIdentifierHeartRate
Heart rate,2026-07-23 12:16:08+09:00,103.0,count/min,0,김아연의 Apple Watch,HKQuantityTypeIdentifierHeartRate
Heart rate,2026-07-23 12:16:10+09:00,104.0,count/min,0,김아연의 Apple Watch,HKQuantityTypeIdentifierHeartRate
Heart rate,2026-07-23 12:16:14+09:00,102.0,count/min,0,김아연의 Apple Watch,HKQuantityTypeIdentifierHeartRate
Heart rate,2026-07-23 12:16:20+09:00,102.0,count/min,0,김아연의 Apple Watch,HKQuantityTypeIdentifierHeartRate
Heart rate,2026-07-23 12:16:27+09:00,104.0,count/min,0,김아연의 Apple Watch,HKQuantityTypeIdentifierHeartRate
Heart rate,2026-07-23 12:16:33+09:00,104.0,count/min,0,김아연의 Apple Watch,HKQuantityTypeIdentifierHeartRate
Heart rate,2026-07-23 12:16:38+09:00,104.0,count/min,0,김아연의 Apple Watch,HKQuantityTypeIdentifierHeartRate
Heart rate,2026-07-23 12:16:40+09:00,104.0,count/min,0,김아연의 Apple Watch,HKQuantityTypeIdentifierHeartRate
Heart rate,2026-07-23 12:16:48+09:00,106.0,count/min,0,김아연의 Apple Watch,HKQuantityTypeIdentifierHeartRate
Heart rate,2026-07-23 12:16:53+09:00,109.0,count/min,0,김아연의 Apple Watch,HKQuantityTypeIdentifierHeartRate
Heart rate,2026-07-23 12:16:54+09:00,109.0,count/min,0,김아연의 Apple Watch,HKQuantityTypeIdentifierHeartRate
Heart rate,2026-07-23 12:17:02+09:00,112.0,count/min,0,김아연의 Apple Watch,HKQuantityTypeIdentifierHeartRate
Heart rate,2026-07-23 12:17:07+09:00,111.0,count/min,0,김아연의 Apple Watch,HKQuantityTypeIdentifierHeartRate
Heart rate,2026-07-23 12:17:09+09:00,111.0,count/min,0,김아연의 Apple Watch,HKQuantityTypeIdentifierHeartRate
Heart rate,2026-07-23 12:17:18+09:00,114.0,count/min,0,김아연의 Apple Watch,HKQuantityTypeIdentifierHeartRate
Heart rate,2026-07-23 12:17:20+09:00,113.0,count/min,0,김아연의 Apple Watch,HKQuantityTypeIdentifierHeartRate
Heart rate,2026-07-23 12:17:28+09:00,113.0,count/min,0,김아연의 Apple Watch,HKQuantityTypeIdentifierHeartRate
Heart rate,2026-07-23 12:17:29+09:00,114.0,count/min,0,김아연의 Apple Watch,HKQuantityTypeIdentifierHeartRate
Heart rate,2026-07-23 12:17:37+09:00,115.0,count/min,0,김아연의 Apple Watch,HKQuantityTypeIdentifierHeartRate
Heart rate,2026-07-23 12:17:39+09:00,115.0,count/min,0,김아연의 Apple Watch,HKQuantityTypeIdentifierHeartRate
Heart rate,2026-07-23 12:17:45+09:00,116.0,count/min,0,김아연의 Apple Watch,HKQuantityTypeIdentifierHeartRate
Heart rate,2026-07-23 12:17:53+09:00,118.0,count/min,0,김아연의 Apple Watch,HKQuantityTypeIdentifierHeartRate
Heart rate,2026-07-23 12:17:58+09:00,121.0,count/min,0,김아연의 Apple Watch,HKQuantityTypeIdentifierHeartRate
Heart rate,2026-07-23 12:17:59+09:00,122.0,count/min,0,김아연의 Apple Watch,HKQuantityTypeIdentifierHeartRate
Heart rate,2026-07-23 12:18:07+09:00,124.0,count/min,0,김아연의 Apple Watch,HKQuantityTypeIdentifierHeartRate
Heart rate,2026-07-23 12:19:24+09:00,98.0,count/min,1,김아연의 Apple Watch,HKQuantityTypeIdentifierHeartRate
Heart rate,2026-07-23 12:22:18+09:00,111.0,count/min,2,김아연의 Apple Watch,HKQuantityTypeIdentifierHeartRate
Heart rate,2026-07-23 12:25:15+09:00,104.0,count/min,1,김아연의 Apple Watch,HKQuantityTypeIdentifierHeartRate
Heart rate,2026-07-23 12:30:39+09:00,93.0,count/min,1,김아연의 Apple Watch,HKQuantityTypeIdentifierHeartRate
Heart rate,2026-07-23 12:31:08+09:00,90.4293,count/min,0,김아연의 Apple Watch,HKQuantityTypeIdentifierHeartRate
Heart rate,2026-07-23 12:34:34+09:00,90.0,count/min,1,김아연의 Apple Watch,HKQuantityTypeIdentifierHeartRate
Heart rate,2026-07-23 12:38:41+09:00,90.0,count/min,1,김아연의 Apple Watch,HKQuantityTypeIdentifierHeartRate
Heart rate,2026-07-23 12:44:07+09:00,88.0,count/min,1,김아연의 Apple Watch,HKQuantityTypeIdentifierHeartRate
Heart rate,2026-07-23 12:51:28+09:00,89.0,count/min,1,김아연의 Apple Watch,HKQuantityTypeIdentifierHeartRate
Heart rate,2026-07-23 12:54:11+09:00,84.0,count/min,1,김아연의 Apple Watch,HKQuantityTypeIdentifierHeartRate
Heart rate,2026-07-23 12:56:43+09:00,87.0,count/min,1,김아연의 Apple Watch,HKQuantityTypeIdentifierHeartRate
Heart rate,2026-07-23 13:02:30+09:00,85.0,count/min,1,김아연의 Apple Watch,HKQuantityTypeIdentifierHeartRate
Heart rate,2026-07-23 13:07:01+09:00,90.0,count/min,1,김아연의 Apple Watch,HKQuantityTypeIdentifierHeartRate
Heart rate,2026-07-23 13:11:50+09:00,87.0,count/min,1,김아연의 Apple Watch,HKQuantityTypeIdentifierHeartRate
Heart rate,2026-07-23 13:20:51+09:00,84.0,count/min,1,김아연의 Apple Watch,HKQuantityTypeIdentifierHeartRate
Heart rate,2026-07-23 13:22:33+09:00,84.0,count/min,1,김아연의 Apple Watch,HKQuantityTypeIdentifierHeartRate
Heart rate,2026-07-23 13:30:56+09:00,84.0,count/min,1,김아연의 Apple Watch,HKQuantityTypeIdentifierHeartRate
Heart rate,2026-07-23 13:33:36+09:00,84.0,count/min,1,김아연의 Apple Watch,HKQuantityTypeIdentifierHeartRate
Heart rate,2026-07-23 13:37:34+09:00,85.0,count/min,1,김아연의 Apple Watch,HKQuantityTypeIdentifierHeartRate
Heart rate,2026-07-23 13:41:53+09:00,81.0,count/min,1,김아연의 Apple Watch,HKQuantityTypeIdentifierHeartRate
Heart rate,2026-07-23 13:48:23+09:00,84.0,count/min,1,김아연의 Apple Watch,HKQuantityTypeIdentifierHeartRate
Heart rate,2026-07-23 13:51:21+09:00,79.0,count/min,1,김아연의 Apple Watch,HKQuantityTypeIdentifierHeartRate
Heart rate,2026-07-23 18:09:57+09:00,104.0,count/min,2,김아연의 Apple Watch,HKQuantityTypeIdentifierHeartRate
Heart rate,2026-07-23 18:11:41+09:00,115.0,count/min,0,김아연의 Apple Watch,HKQuantityTypeIdentifierHeartRate
Heart rate,2026-07-23 18:14:21+09:00,104.0,count/min,2,김아연의 Apple Watch,HKQuantityTypeIdentifierHeartRate
Heart rate,2026-07-23 18:15:00+09:00,103.0,count/min,0,김아연의 Apple Watch,HKQuantityTypeIdentifierHeartRate
Heart rate,2026-07-23 18:15:07+09:00,104.0,count/min,0,김아연의 Apple Watch,HKQuantityTypeIdentifierHeartRate
Heart rate,2026-07-23 18:15:12+09:00,104.0,count/min,0,김아연의 Apple Watch,HKQuantityTypeIdentifierHeartRate
Heart rate,2026-07-23 18:15:14+09:00,103.0,count/min,0,김아연의 Apple Watch,HKQuantityTypeIdentifierHeartRate
Heart rate,2026-07-23 18:15:22+09:00,104.0,count/min,0,김아연의 Apple Watch,HKQuantityTypeIdentifierHeartRate
Heart rate,2026-07-23 18:15:27+09:00,101.0,count/min,0,김아연의 Apple Watch,HKQuantityTypeIdentifierHeartRate
Heart rate,2026-07-23 18:15:29+09:00,101.0,count/min,0,김아연의 Apple Watch,HKQuantityTypeIdentifierHeartRate
Heart rate,2026-07-23 18:15:33+09:00,100.0,count/min,0,김아연의 Apple Watch,HKQuantityTypeIdentifierHeartRate
Heart rate,2026-07-23 18:15:42+09:00,98.0,count/min,0,김아연의 Apple Watch,HKQuantityTypeIdentifierHeartRate
Heart rate,2026-07-23 18:15:45+09:00,98.0,count/min,0,김아연의 Apple Watch,HKQuantityTypeIdentifierHeartRate
Heart rate,2026-07-23 18:15:48+09:00,99.0,count/min,0,김아연의 Apple Watch,HKQuantityTypeIdentifierHeartRate
Heart rate,2026-07-23 18:15:53+09:00,102.0,count/min,0,김아연의 Apple Watch,HKQuantityTypeIdentifierHeartRate
Heart rate,2026-07-23 18:16:01+09:00,104.0,count/min,0,김아연의 Apple Watch,HKQuantityTypeIdentifierHeartRate
Heart rate,2026-07-23 18:16:03+09:00,105.0,count/min,0,김아연의 Apple Watch,HKQuantityTypeIdentifierHeartRate
Heart rate,2026-07-23 18:16:08+09:00,104.0,count/min,0,김아연의 Apple Watch,HKQuantityTypeIdentifierHeartRate
Heart rate,2026-07-23 18:16:17+09:00,101.0,count/min,0,김아연의 Apple Watch,HKQuantityTypeIdentifierHeartRate
Heart rate,2026-07-23 18:16:22+09:00,99.0,count/min,0,김아연의 Apple Watch,HKQuantityTypeIdentifierHeartRate
Heart rate,2026-07-23 18:16:23+09:00,98.0,count/min,0,김아연의 Apple Watch,HKQuantityTypeIdentifierHeartRate
Heart rate,2026-07-23 18:16:32+09:00,99.0,count/min,0,김아연의 Apple Watch,HKQuantityTypeIdentifierHeartRate
Heart rate,2026-07-23 18:16:35+09:00,101.0,count/min,0,김아연의 Apple Watch,HKQuantityTypeIdentifierHeartRate
Heart rate,2026-07-23 18:16:41+09:00,105.0,count/min,0,김아연의 Apple Watch,HKQuantityTypeIdentifierHeartRate
Heart rate,2026-07-23 18:16:44+09:00,103.0,count/min,0,김아연의 Apple Watch,HKQuantityTypeIdentifierHeartRate
Heart rate,2026-07-23 18:16:50+09:00,97.0,count/min,0,김아연의 Apple Watch,HKQuantityTypeIdentifierHeartRate
Heart rate,2026-07-23 18:16:56+09:00,96.0,count/min,0,김아연의 Apple Watch,HKQuantityTypeIdentifierHeartRate
Heart rate,2026-07-23 18:17:01+09:00,94.0,count/min,0,김아연의 Apple Watch,HKQuantityTypeIdentifierHeartRate
Heart rate,2026-07-23 18:17:04+09:00,94.0,count/min,0,김아연의 Apple Watch,HKQuantityTypeIdentifierHeartRate
Heart rate,2026-07-23 18:17:08+09:00,93.0,count/min,0,김아연의 Apple Watch,HKQuantityTypeIdentifierHeartRate
Heart rate,2026-07-23 18:17:17+09:00,96.0,count/min,0,김아연의 Apple Watch,HKQuantityTypeIdentifierHeartRate
Heart rate,2026-07-23 18:17:22+09:00,96.0,count/min,0,김아연의 Apple Watch,HKQuantityTypeIdentifierHeartRate
Heart rate,2026-07-23 18:17:26+09:00,95.0,count/min,0,김아연의 Apple Watch,HKQuantityTypeIdentifierHeartRate
Heart rate,2026-07-23 18:17:30+09:00,95.0,count/min,0,김아연의 Apple Watch,HKQuantityTypeIdentifierHeartRate
Heart rate,2026-07-23 18:17:37+09:00,92.0,count/min,0,김아연의 Apple Watch,HKQuantityTypeIdentifierHeartRate
Heart rate,2026-07-23 18:17:41+09:00,93.0,count/min,0,김아연의 Apple Watch,HKQuantityTypeIdentifierHeartRate
Heart rate,2026-07-23 18:17:44+09:00,95.0,count/min,0,김아연의 Apple Watch,HKQuantityTypeIdentifierHeartRate
Heart rate,2026-07-23 18:17:52+09:00,98.0,count/min,0,김아연의 Apple Watch,HKQuantityTypeIdentifierHeartRate
Heart rate,2026-07-23 18:17:57+09:00,97.0,count/min,0,김아연의 Apple Watch,HKQuantityTypeIdentifierHeartRate
Heart rate,2026-07-23 18:18:00+09:00,98.0,count/min,0,김아연의 Apple Watch,HKQuantityTypeIdentifierHeartRate
Heart rate,2026-07-23 18:18:04+09:00,101.0,count/min,0,김아연의 Apple Watch,HKQuantityTypeIdentifierHeartRate
Heart rate,2026-07-23 18:18:12+09:00,101.0,count/min,0,김아연의 Apple Watch,HKQuantityTypeIdentifierHeartRate
Heart rate,2026-07-23 18:18:17+09:00,101.0,count/min,0,김아연의 Apple Watch,HKQuantityTypeIdentifierHeartRate
Heart rate,2026-07-23 18:18:20+09:00,102.0,count/min,0,김아연의 Apple Watch,HKQuantityTypeIdentifierHeartRate
Heart rate,2026-07-23 18:18:25+09:00,103.0,count/min,0,김아연의 Apple Watch,HKQuantityTypeIdentifierHeartRate
Heart rate,2026-07-23 18:18:29+09:00,105.0,count/min,0,김아연의 Apple Watch,HKQuantityTypeIdentifierHeartRate
Heart rate,2026-07-23 18:18:37+09:00,109.0,count/min,0,김아연의 Apple Watch,HKQuantityTypeIdentifierHeartRate
Heart rate,2026-07-23 18:18:41+09:00,110.0,count/min,0,김아연의 Apple Watch,HKQuantityTypeIdentifierHeartRate
Heart rate,2026-07-23 18:18:43+09:00,110.0,count/min,0,김아연의 Apple Watch,HKQuantityTypeIdentifierHeartRate
Heart rate,2026-07-23 18:18:50+09:00,103.0,count/min,0,김아연의 Apple Watch,HKQuantityTypeIdentifierHeartRate
Heart rate,2026-07-23 18:19:47+09:00,93.0,count/min,1,김아연의 Apple Watch,HKQuantityTypeIdentifierHeartRate
Heart rate,2026-07-23 18:20:10+09:00,93.6379,count/min,0,김아연의 Apple Watch,HKQuantityTypeIdentifierHeartRate
Heart rate,2026-07-23 18:20:59+09:00,93.0,count/min,1,김아연의 Apple Watch,HKQuantityTypeIdentifierHeartRate
Heart rate,2026-07-23 18:26:46+09:00,95.0,count/min,1,김아연의 Apple Watch,HKQuantityTypeIdentifierHeartRate
Heart rate,2026-07-23 18:33:30+09:00,93.0,count/min,1,김아연의 Apple Watch,HKQuantityTypeIdentifierHeartRate
Heart rate,2026-07-23 18:35:55+09:00,95.0,count/min,1,김아연의 Apple Watch,HKQuantityTypeIdentifierHeartRate
Heart rate,2026-07-23 18:44:14+09:00,120.0,count/min,0,김아연의 Apple Watch,HKQuantityTypeIdentifierHeartRate
Heart rate,2026-07-23 18:44:19+09:00,119.0,count/min,0,김아연의 Apple Watch,HKQuantityTypeIdentifierHeartRate
Heart rate,2026-07-23 18:44:23+09:00,119.0,count/min,0,김아연의 Apple Watch,HKQuantityTypeIdentifierHeartRate
Heart rate,2026-07-23 18:44:25+09:00,119.0,count/min,0,김아연의 Apple Watch,HKQuantityTypeIdentifierHeartRate
Heart rate,2026-07-23 18:44:30+09:00,119.0,count/min,0,김아연의 Apple Watch,HKQuantityTypeIdentifierHeartRate
Heart rate,2026-07-23 18:44:35+09:00,120.0,count/min,0,김아연의 Apple Watch,HKQuantityTypeIdentifierHeartRate
Heart rate,2026-07-23 18:44:44+09:00,120.0,count/min,0,김아연의 Apple Watch,HKQuantityTypeIdentifierHeartRate
Heart rate,2026-07-23 18:44:49+09:00,123.0,count/min,0,김아연의 Apple Watch,HKQuantityTypeIdentifierHeartRate
Heart rate,2026-07-23 18:44:51+09:00,122.0,count/min,0,김아연의 Apple Watch,HKQuantityTypeIdentifierHeartRate
Heart rate,2026-07-23 18:44:56+09:00,120.0,count/min,0,김아연의 Apple Watch,HKQuantityTypeIdentifierHeartRate
Heart rate,2026-07-23 18:45:00+09:00,120.0,count/min,0,김아연의 Apple Watch,HKQuantityTypeIdentifierHeartRate
Heart rate,2026-07-23 18:45:08+09:00,120.0,count/min,0,김아연의 Apple Watch,HKQuantityTypeIdentifierHeartRate
Heart rate,2026-07-23 18:45:13+09:00,121.0,count/min,0,김아연의 Apple Watch,HKQuantityTypeIdentifierHeartRate
Heart rate,2026-07-23 18:45:18+09:00,125.0,count/min,0,김아연의 Apple Watch,HKQuantityTypeIdentifierHeartRate
Heart rate,2026-07-23 18:45:20+09:00,125.0,count/min,0,김아연의 Apple Watch,HKQuantityTypeIdentifierHeartRate
Heart rate,2026-07-23 18:45:27+09:00,126.0,count/min,0,김아연의 Apple Watch,HKQuantityTypeIdentifierHeartRate
Heart rate,2026-07-23 18:45:34+09:00,121.0,count/min,0,김아연의 Apple Watch,HKQuantityTypeIdentifierHeartRate
Heart rate,2026-07-23 18:45:38+09:00,123.0,count/min,0,김아연의 Apple Watch,HKQuantityTypeIdentifierHeartRate
Heart rate,2026-07-23 18:48:24+09:00,97.0,count/min,1,김아연의 Apple Watch,HKQuantityTypeIdentifierHeartRate
Heart rate,2026-07-23 19:00:21+09:00,81.0,count/min,1,김아연의 Apple Watch,HKQuantityTypeIdentifierHeartRate
Heart rate,2026-07-23 19:01:43+09:00,79.0,count/min,1,김아연의 Apple Watch,HKQuantityTypeIdentifierHeartRate
Heart rate,2026-07-23 19:08:31+09:00,79.0,count/min,1,김아연의 Apple Watch,HKQuantityTypeIdentifierHeartRate
Heart rate,2026-07-23 19:14:48+09:00,79.0,count/min,1,김아연의 Apple Watch,HKQuantityTypeIdentifierHeartRate
Heart rate,2026-07-23 19:17:44+09:00,75.0,count/min,1,김아연의 Apple Watch,HKQuantityTypeIdentifierHeartRate
Heart rate,2026-07-23 19:22:12+09:00,71.0,count/min,1,김아연의 Apple Watch,HKQuantityTypeIdentifierHeartRate
Heart rate,2026-07-23 19:30:40+09:00,79.0,count/min,1,김아연의 Apple Watch,HKQuantityTypeIdentifierHeartRate
Heart rate,2026-07-23 19:31:52+09:00,81.0,count/min,1,김아연의 Apple Watch,HKQuantityTypeIdentifierHeartRate
Heart rate,2026-07-23 19:37:33+09:00,83.0,count/min,1,김아연의 Apple Watch,HKQuantityTypeIdentifierHeartRate
Heart rate,2026-07-23 19:43:42+09:00,84.0,count/min,1,김아연의 Apple Watch,HKQuantityTypeIdentifierHeartRate
Heart rate,2026-07-23 19:46:49+09:00,83.0,count/min,1,김아연의 Apple Watch,HKQuantityTypeIdentifierHeartRate
Heart rate,2026-07-23 19:51:15+09:00,84.0,count/min,1,김아연의 Apple Watch,HKQuantityTypeIdentifierHeartRate
Heart rate,2026-07-23 20:33:20+09:00,54.0,count/min,1,김아연의 Apple Watch,HKQuantityTypeIdentifierHeartRate
Heart rate,2026-07-24 08:24:01+09:00,144.0,count/min,2,김아연의 Apple Watch,HKQuantityTypeIdentifierHeartRate
Heart rate,2026-07-24 08:24:30+09:00,140.0,count/min,0,김아연의 Apple Watch,HKQuantityTypeIdentifierHeartRate
Heart rate,2026-07-24 08:24:35+09:00,152.0,count/min,0,김아연의 Apple Watch,HKQuantityTypeIdentifierHeartRate
Heart rate,2026-07-24 08:24:36+09:00,153.0,count/min,0,김아연의 Apple Watch,HKQuantityTypeIdentifierHeartRate
Heart rate,2026-07-24 08:24:41+09:00,154.0,count/min,0,김아연의 Apple Watch,HKQuantityTypeIdentifierHeartRate
Heart rate,2026-07-24 08:24:46+09:00,155.0,count/min,0,김아연의 Apple Watch,HKQuantityTypeIdentifierHeartRate
Heart rate,2026-07-24 08:24:53+09:00,157.0,count/min,0,김아연의 Apple Watch,HKQuantityTypeIdentifierHeartRate
Heart rate,2026-07-24 08:24:59+09:00,157.0,count/min,0,김아연의 Apple Watch,HKQuantityTypeIdentifierHeartRate
Heart rate,2026-07-24 08:25:05+09:00,156.0,count/min,0,김아연의 Apple Watch,HKQuantityTypeIdentifierHeartRate
Heart rate,2026-07-24 08:25:10+09:00,156.0,count/min,0,김아연의 Apple Watch,HKQuantityTypeIdentifierHeartRate
Heart rate,2026-07-24 08:25:12+09:00,156.0,count/min,0,김아연의 Apple Watch,HKQuantityTypeIdentifierHeartRate
Heart rate,2026-07-24 08:25:20+09:00,156.0,count/min,0,김아연의 Apple Watch,HKQuantityTypeIdentifierHeartRate
Heart rate,2026-07-24 08:25:21+09:00,156.0,count/min,0,김아연의 Apple Watch,HKQuantityTypeIdentifierHeartRate
Heart rate,2026-07-24 08:25:28+09:00,157.0,count/min,0,김아연의 Apple Watch,HKQuantityTypeIdentifierHeartRate
Heart rate,2026-07-24 08:25:31+09:00,157.0,count/min,0,김아연의 Apple Watch,HKQuantityTypeIdentifierHeartRate
Heart rate,2026-07-24 08:25:36+09:00,157.0,count/min,0,김아연의 Apple Watch,HKQuantityTypeIdentifierHeartRate
Heart rate,2026-07-24 08:25:41+09:00,157.0,count/min,0,김아연의 Apple Watch,HKQuantityTypeIdentifierHeartRate
Heart rate,2026-07-24 08:27:06+09:00,139.0,count/min,0,김아연의 Apple Watch,HKQuantityTypeIdentifierHeartRate
Heart rate,2026-07-24 08:27:11+09:00,140.0,count/min,0,김아연의 Apple Watch,HKQuantityTypeIdentifierHeartRate
Heart rate,2026-07-24 08:27:15+09:00,137.0,count/min,0,김아연의 Apple Watch,HKQuantityTypeIdentifierHeartRate
Heart rate,2026-07-24 08:27:21+09:00,130.0,count/min,0,김아연의 Apple Watch,HKQuantityTypeIdentifierHeartRate
Heart rate,2026-07-24 08:27:26+09:00,127.0,count/min,0,김아연의 Apple Watch,HKQuantityTypeIdentifierHeartRate
Heart rate,2026-07-24 08:27:31+09:00,124.0,count/min,0,김아연의 Apple Watch,HKQuantityTypeIdentifierHeartRate
Heart rate,2026-07-24 08:27:32+09:00,124.0,count/min,0,김아연의 Apple Watch,HKQuantityTypeIdentifierHeartRate
Heart rate,2026-07-24 08:29:00+09:00,113.0,count/min,1,김아연의 Apple Watch,HKQuantityTypeIdentifierHeartRate
Heart rate,2026-07-24 08:31:50+09:00,109.535,count/min,0,김아연의 Apple Watch,HKQuantityTypeIdentifierHeartRate
Heart rate,2026-07-24 08:32:32+09:00,108.0,count/min,1,김아연의 Apple Watch,HKQuantityTypeIdentifierHeartRate
Heart rate,2026-07-24 08:35:31+09:00,108.0,count/min,1,김아연의 Apple Watch,HKQuantityTypeIdentifierHeartRate
Heart rate,2026-07-24 08:42:23+09:00,115.0,count/min,0,김아연의 Apple Watch,HKQuantityTypeIdentifierHeartRate
Heart rate,2026-07-24 08:42:35+09:00,118.0,count/min,0,김아연의 Apple Watch,HKQuantityTypeIdentifierHeartRate
Heart rate,2026-07-24 08:43:10+09:00,151.0,count/min,0,김아연의 Apple Watch,HKQuantityTypeIdentifierHeartRate
Heart rate,2026-07-24 08:43:11+09:00,151.0,count/min,0,김아연의 Apple Watch,HKQuantityTypeIdentifierHeartRate
Heart rate,2026-07-24 08:43:20+09:00,152.0,count/min,0,김아연의 Apple Watch,HKQuantityTypeIdentifierHeartRate
Heart rate,2026-07-24 08:43:23+09:00,152.0,count/min,0,김아연의 Apple Watch,HKQuantityTypeIdentifierHeartRate
Heart rate,2026-07-24 08:43:29+09:00,153.0,count/min,0,김아연의 Apple Watch,HKQuantityTypeIdentifierHeartRate
Heart rate,2026-07-24 08:43:31+09:00,153.0,count/min,0,김아연의 Apple Watch,HKQuantityTypeIdentifierHeartRate
Heart rate,2026-07-24 08:43:40+09:00,153.0,count/min,0,김아연의 Apple Watch,HKQuantityTypeIdentifierHeartRate
Heart rate,2026-07-24 08:43:43+09:00,153.0,count/min,0,김아연의 Apple Watch,HKQuantityTypeIdentifierHeartRate
Heart rate,2026-07-24 08:45:03+09:00,127.0,count/min,0,김아연의 Apple Watch,HKQuantityTypeIdentifierHeartRate
Heart rate,2026-07-24 08:45:08+09:00,123.0,count/min,0,김아연의 Apple Watch,HKQuantityTypeIdentifierHeartRate
Heart rate,2026-07-24 08:45:09+09:00,122.0,count/min,0,김아연의 Apple Watch,HKQuantityTypeIdentifierHeartRate
Heart rate,2026-07-24 08:45:14+09:00,120.0,count/min,0,김아연의 Apple Watch,HKQuantityTypeIdentifierHeartRate
Heart rate,2026-07-24 08:45:19+09:00,121.0,count/min,0,김아연의 Apple Watch,HKQuantityTypeIdentifierHeartRate
Heart rate,2026-07-24 08:45:28+09:00,125.0,count/min,0,김아연의 Apple Watch,HKQuantityTypeIdentifierHeartRate
Heart rate,2026-07-24 08:45:31+09:00,128.0,count/min,0,김아연의 Apple Watch,HKQuantityTypeIdentifierHeartRate
Heart rate,2026-07-24 08:45:38+09:00,125.0,count/min,0,김아연의 Apple Watch,HKQuantityTypeIdentifierHeartRate
Heart rate,2026-07-24 08:45:43+09:00,124.0,count/min,0,김아연의 Apple Watch,HKQuantityTypeIdentifierHeartRate
Heart rate,2026-07-24 08:45:48+09:00,123.0,count/min,0,김아연의 Apple Watch,HKQuantityTypeIdentifierHeartRate
Heart rate,2026-07-24 08:45:50+09:00,123.0,count/min,0,김아연의 Apple Watch,HKQuantityTypeIdentifierHeartRate
Heart rate,2026-07-24 08:45:55+09:00,123.0,count/min,0,김아연의 Apple Watch,HKQuantityTypeIdentifierHeartRate
Heart rate,2026-07-24 08:46:03+09:00,117.0,count/min,0,김아연의 Apple Watch,HKQuantityTypeIdentifierHeartRate
Heart rate,2026-07-24 08:46:04+09:00,117.0,count/min,0,김아연의 Apple Watch,HKQuantityTypeIdentifierHeartRate
Heart rate,2026-07-24 08:46:09+09:00,116.0,count/min,0,김아연의 Apple Watch,HKQuantityTypeIdentifierHeartRate
Heart rate,2026-07-24 08:46:14+09:00,118.0,count/min,0,김아연의 Apple Watch,HKQuantityTypeIdentifierHeartRate
Heart rate,2026-07-24 08:46:19+09:00,122.0,count/min,0,김아연의 Apple Watch,HKQuantityTypeIdentifierHeartRate
Heart rate,2026-07-24 08:46:24+09:00,121.0,count/min,0,김아연의 Apple Watch,HKQuantityTypeIdentifierHeartRate
Heart rate,2026-07-24 08:46:31+09:00,117.0,count/min,0,김아연의 Apple Watch,HKQuantityTypeIdentifierHeartRate
Heart rate,2026-07-24 08:46:38+09:00,116.0,count/min,0,김아연의 Apple Watch,HKQuantityTypeIdentifierHeartRate
Heart rate,2026-07-24 08:46:43+09:00,120.0,count/min,0,김아연의 Apple Watch,HKQuantityTypeIdentifierHeartRate
Heart rate,2026-07-24 08:46:48+09:00,119.0,count/min,0,김아연의 Apple Watch,HKQuantityTypeIdentifierHeartRate
Heart rate,2026-07-24 08:46:49+09:00,119.0,count/min,0,김아연의 Apple Watch,HKQuantityTypeIdentifierHeartRate
Heart rate,2026-07-24 08:46:55+09:00,120.0,count/min,0,김아연의 Apple Watch,HKQuantityTypeIdentifierHeartRate
Heart rate,2026-07-24 08:46:59+09:00,117.0,count/min,0,김아연의 Apple Watch,HKQuantityTypeIdentifierHeartRate
Heart rate,2026-07-24 08:47:06+09:00,112.0,count/min,0,김아연의 Apple Watch,HKQuantityTypeIdentifierHeartRate
Heart rate,2026-07-24 08:47:09+09:00,111.0,count/min,0,김아연의 Apple Watch,HKQuantityTypeIdentifierHeartRate
Heart rate,2026-07-24 08:47:18+09:00,115.0,count/min,0,김아연의 Apple Watch,HKQuantityTypeIdentifierHeartRate
Heart rate,2026-07-24 08:47:20+09:00,115.0,count/min,0,김아연의 Apple Watch,HKQuantityTypeIdentifierHeartRate
Heart rate,2026-07-24 08:47:24+09:00,114.0,count/min,0,김아연의 Apple Watch,HKQuantityTypeIdentifierHeartRate
Heart rate,2026-07-24 08:47:33+09:00,114.0,count/min,0,김아연의 Apple Watch,HKQuantityTypeIdentifierHeartRate
Heart rate,2026-07-24 08:47:38+09:00,112.0,count/min,0,김아연의 Apple Watch,HKQuantityTypeIdentifierHeartRate
Heart rate,2026-07-24 08:47:42+09:00,111.0,count/min,0,김아연의 Apple Watch,HKQuantityTypeIdentifierHeartRate
Heart rate,2026-07-24 08:47:46+09:00,114.0,count/min,0,김아연의 Apple Watch,HKQuantityTypeIdentifierHeartRate
Heart rate,2026-07-24 08:47:53+09:00,109.0,count/min,0,김아연의 Apple Watch,HKQuantityTypeIdentifierHeartRate
Heart rate,2026-07-24 08:47:55+09:00,109.0,count/min,0,김아연의 Apple Watch,HKQuantityTypeIdentifierHeartRate
Heart rate,2026-07-24 08:48:01+09:00,112.0,count/min,0,김아연의 Apple Watch,HKQuantityTypeIdentifierHeartRate
Heart rate,2026-07-24 08:48:08+09:00,105.0,count/min,0,김아연의 Apple Watch,HKQuantityTypeIdentifierHeartRate
Heart rate,2026-07-24 08:48:11+09:00,104.0,count/min,0,김아연의 Apple Watch,HKQuantityTypeIdentifierHeartRate
Heart rate,2026-07-24 08:48:18+09:00,103.0,count/min,0,김아연의 Apple Watch,HKQuantityTypeIdentifierHeartRate
Heart rate,2026-07-24 08:48:22+09:00,104.0,count/min,0,김아연의 Apple Watch,HKQuantityTypeIdentifierHeartRate
Heart rate,2026-07-24 08:48:26+09:00,102.0,count/min,0,김아연의 Apple Watch,HKQuantityTypeIdentifierHeartRate
Heart rate,2026-07-24 08:48:29+09:00,102.0,count/min,0,김아연의 Apple Watch,HKQuantityTypeIdentifierHeartRate
Heart rate,2026-07-24 08:48:37+09:00,102.0,count/min,0,김아연의 Apple Watch,HKQuantityTypeIdentifierHeartRate
Heart rate,2026-07-24 08:48:39+09:00,103.0,count/min,0,김아연의 Apple Watch,HKQuantityTypeIdentifierHeartRate
Heart rate,2026-07-24 08:48:45+09:00,104.0,count/min,0,김아연의 Apple Watch,HKQuantityTypeIdentifierHeartRate
Heart rate,2026-07-24 08:48:53+09:00,105.0,count/min,0,김아연의 Apple Watch,HKQuantityTypeIdentifierHeartRate
Heart rate,2026-07-24 08:48:58+09:00,102.0,count/min,0,김아연의 Apple Watch,HKQuantityTypeIdentifierHeartRate
Heart rate,2026-07-24 08:49:02+09:00,103.0,count/min,0,김아연의 Apple Watch,HKQuantityTypeIdentifierHeartRate
Heart rate,2026-07-24 08:49:24+09:00,108.0,count/min,1,김아연의 Apple Watch,HKQuantityTypeIdentifierHeartRate
Heart rate,2026-07-24 08:51:45+09:00,99.0,count/min,1,김아연의 Apple Watch,HKQuantityTypeIdentifierHeartRate
Heart rate,2026-07-24 08:54:37+09:00,99.0,count/min,1,김아연의 Apple Watch,HKQuantityTypeIdentifierHeartRate
Heart rate,2026-07-24 09:03:51+09:00,96.0,count/min,1,김아연의 Apple Watch,HKQuantityTypeIdentifierHeartRate
Heart rate,2026-07-24 09:05:46+09:00,94.0,count/min,1,김아연의 Apple Watch,HKQuantityTypeIdentifierHeartRate
Heart rate,2026-07-24 09:09:26+09:00,91.0,count/min,1,김아연의 Apple Watch,HKQuantityTypeIdentifierHeartRate
Heart rate,2026-07-24 09:18:36+09:00,84.0,count/min,1,김아연의 Apple Watch,HKQuantityTypeIdentifierHeartRate
Heart rate,2026-07-24 09:20:03+09:00,85.0,count/min,1,김아연의 Apple Watch,HKQuantityTypeIdentifierHeartRate
Heart rate,2026-07-24 09:29:03+09:00,85.0,count/min,1,김아연의 Apple Watch,HKQuantityTypeIdentifierHeartRate
Heart rate,2026-07-24 09:32:23+09:00,84.0,count/min,1,김아연의 Apple Watch,HKQuantityTypeIdentifierHeartRate
Heart rate,2026-07-24 09:36:46+09:00,84.0,count/min,1,김아연의 Apple Watch,HKQuantityTypeIdentifierHeartRate
Heart rate,2026-07-24 09:40:20+09:00,84.4746,count/min,0,김아연의 Apple Watch,HKQuantityTypeIdentifierHeartRate
Heart rate,2026-07-24 09:42:12+09:00,84.0,count/min,1,김아연의 Apple Watch,HKQuantityTypeIdentifierHeartRate
Heart rate,2026-07-24 09:44:46+09:00,86.0,count/min,1,김아연의 Apple Watch,HKQuantityTypeIdentifierHeartRate
Heart rate,2026-07-24 09:50:56+09:00,80.0,count/min,1,김아연의 Apple Watch,HKQuantityTypeIdentifierHeartRate
Heart rate,2026-07-24 09:55:04+09:00,79.0,count/min,1,김아연의 Apple Watch,HKQuantityTypeIdentifierHeartRate
Heart rate,2026-07-24 09:59:49+09:00,78.0,count/min,1,김아연의 Apple Watch,HKQuantityTypeIdentifierHeartRate
Heart rate,2026-07-24 10:07:38+09:00,82.0,count/min,1,김아연의 Apple Watch,HKQuantityTypeIdentifierHeartRate
Heart rate,2026-07-24 10:09:27+09:00,80.0,count/min,1,김아연의 Apple Watch,HKQuantityTypeIdentifierHeartRate
Heart rate,2026-07-24 10:16:03+09:00,73.0,count/min,1,김아연의 Apple Watch,HKQuantityTypeIdentifierHeartRate
Heart rate,2026-07-24 10:19:40+09:00,73.0,count/min,1,김아연의 Apple Watch,HKQuantityTypeIdentifierHeartRate
Heart rate,2026-07-24 10:25:43+09:00,73.0,count/min,1,김아연의 Apple Watch,HKQuantityTypeIdentifierHeartRate
Heart rate,2026-07-24 10:33:53+09:00,73.0,count/min,1,김아연의 Apple Watch,HKQuantityTypeIdentifierHeartRate
Heart rate,2026-07-24 10:38:39+09:00,79.0,count/min,1,김아연의 Apple Watch,HKQuantityTypeIdentifierHeartRate
Heart rate,2026-07-24 10:40:54+09:00,73.0,count/min,1,김아연의 Apple Watch,HKQuantityTypeIdentifierHeartRate
Heart rate,2026-07-24 10:44:51+09:00,72.0,count/min,1,김아연의 Apple Watch,HKQuantityTypeIdentifierHeartRate
Heart rate,2026-07-24 10:51:07+09:00,72.0,count/min,1,김아연의 Apple Watch,HKQuantityTypeIdentifierHeartRate
Heart rate,2026-07-24 10:55:30+09:00,73.0,count/min,1,김아연의 Apple Watch,HKQuantityTypeIdentifierHeartRate
Heart rate,2026-07-24 11:01:49+09:00,73.0,count/min,1,김아연의 Apple Watch,HKQuantityTypeIdentifierHeartRate
Heart rate,2026-07-24 11:08:49+09:00,70.0,count/min,1,김아연의 Apple Watch,HKQuantityTypeIdentifierHeartRate
Heart rate,2026-07-24 11:12:01+09:00,71.0,count/min,1,김아연의 Apple Watch,HKQuantityTypeIdentifierHeartRate
Heart rate,2026-07-24 11:16:14+09:00,72.0,count/min,1,김아연의 Apple Watch,HKQuantityTypeIdentifierHeartRate
Heart rate,2026-07-24 11:20:45+09:00,72.0,count/min,1,김아연의 Apple Watch,HKQuantityTypeIdentifierHeartRate
Heart rate,2026-07-24 11:28:41+09:00,142.0,count/min,2,김아연의 Apple Watch,HKQuantityTypeIdentifierHeartRate
Heart rate,2026-07-24 11:31:06+09:00,113.0,count/min,2,김아연의 Apple Watch,HKQuantityTypeIdentifierHeartRate
Heart rate,2026-07-24 11:33:20+09:00,105.0,count/min,1,김아연의 Apple Watch,HKQuantityTypeIdentifierHeartRate
Heart rate,2026-07-24 11:35:36+09:00,133.0,count/min,2,김아연의 Apple Watch,HKQuantityTypeIdentifierHeartRate
Heart rate,2026-07-24 11:36:18+09:00,110.0,count/min,1,김아연의 Apple Watch,HKQuantityTypeIdentifierHeartRate
Heart rate,2026-07-24 11:38:37+09:00,121.0,count/min,2,김아연의 Apple Watch,HKQuantityTypeIdentifierHeartRate
Heart rate,2026-07-24 11:42:58+09:00,90.0,count/min,1,김아연의 Apple Watch,HKQuantityTypeIdentifierHeartRate
Heart rate,2026-07-24 11:47:29+09:00,97.0,count/min,1,김아연의 Apple Watch,HKQuantityTypeIdentifierHeartRate
Heart rate,2026-07-24 11:51:55+09:00,99.0,count/min,1,김아연의 Apple Watch,HKQuantityTypeIdentifierHeartRate
Heart rate,2026-07-24 11:58:07+09:00,99.0,count/min,1,김아연의 Apple Watch,HKQuantityTypeIdentifierHeartRate
Heart rate,2026-07-24 12:01:06+09:00,112.0,count/min,2,김아연의 Apple Watch,HKQuantityTypeIdentifierHeartRate
Heart rate,2026-07-24 12:03:27+09:00,114.0,count/min,2,김아연의 Apple Watch,HKQuantityTypeIdentifierHeartRate
Heart rate,2026-07-24 12:04:07+09:00,102.0,count/min,0,김아연의 Apple Watch,HKQuantityTypeIdentifierHeartRate
Heart rate,2026-07-24 12:06:03+09:00,99.0,count/min,1,김아연의 Apple Watch,HKQuantityTypeIdentifierHeartRate
Heart rate,2026-07-24 12:13:01+09:00,90.0,count/min,1,김아연의 Apple Watch,HKQuantityTypeIdentifierHeartRate
Heart rate,2026-07-24 12:18:20+09:00,90.0,count/min,1,김아연의 Apple Watch,HKQuantityTypeIdentifierHeartRate
Heart rate,2026-07-24 12:22:13+09:00,84.0,count/min,1,김아연의 Apple Watch,HKQuantityTypeIdentifierHeartRate
Heart rate,2026-07-24 12:27:03+09:00,85.0,count/min,1,김아연의 Apple Watch,HKQuantityTypeIdentifierHeartRate
Heart rate,2026-07-24 12:32:53+09:00,84.0,count/min,1,김아연의 Apple Watch,HKQuantityTypeIdentifierHeartRate
Heart rate,2026-07-24 12:34:45+09:00,84.0,count/min,1,김아연의 Apple Watch,HKQuantityTypeIdentifierHeartRate
Heart rate,2026-07-24 12:39:41+09:00,84.0,count/min,1,김아연의 Apple Watch,HKQuantityTypeIdentifierHeartRate
Heart rate,2026-07-24 12:44:44+09:00,102.0,count/min,2,김아연의 Apple Watch,HKQuantityTypeIdentifierHeartRate
Heart rate,2026-07-24 12:47:19+09:00,105.0,count/min,2,김아연의 Apple Watch,HKQuantityTypeIdentifierHeartRate
Heart rate,2026-07-24 12:48:35+09:00,101.0,count/min,0,김아연의 Apple Watch,HKQuantityTypeIdentifierHeartRate
Heart rate,2026-07-24 12:49:46+09:00,98.0,count/min,1,김아연의 Apple Watch,HKQuantityTypeIdentifierHeartRate
Heart rate,2026-07-24 12:52:06+09:00,97.0,count/min,2,김아연의 Apple Watch,HKQuantityTypeIdentifierHeartRate
Heart rate,2026-07-24 12:58:56+09:00,82.0,count/min,1,김아연의 Apple Watch,HKQuantityTypeIdentifierHeartRate
Heart rate,2026-07-24 13:01:48+09:00,84.0,count/min,1,김아연의 Apple Watch,HKQuantityTypeIdentifierHeartRate
Heart rate,2026-07-24 13:04:28+09:00,79.0,count/min,1,김아연의 Apple Watch,HKQuantityTypeIdentifierHeartRate
Heart rate,2026-07-24 13:10:51+09:00,81.0,count/min,1,김아연의 Apple Watch,HKQuantityTypeIdentifierHeartRate
Heart rate,2026-07-24 14:12:20+09:00,85.0,count/min,1,김아연의 Apple Watch,HKQuantityTypeIdentifierHeartRate
Heart rate,2026-07-24 14:17:00+09:00,84.0,count/min,1,김아연의 Apple Watch,HKQuantityTypeIdentifierHeartRate
Heart rate,2026-07-24 14:19:50+09:00,83.0,count/min,1,김아연의 Apple Watch,HKQuantityTypeIdentifierHeartRate
Heart rate,2026-07-24 14:24:53+09:00,93.0,count/min,1,김아연의 Apple Watch,HKQuantityTypeIdentifierHeartRate
Heart rate,2026-07-24 14:31:13+09:00,84.0,count/min,1,김아연의 Apple Watch,HKQuantityTypeIdentifierHeartRate
Heart rate,2026-07-24 14:35:35+09:00,80.0,count/min,1,김아연의 Apple Watch,HKQuantityTypeIdentifierHeartRate
Heart rate,2026-07-24 14:42:59+09:00,80.0,count/min,1,김아연의 Apple Watch,HKQuantityTypeIdentifierHeartRate
Heart rate,2026-07-24 14:48:46+09:00,82.0,count/min,1,김아연의 Apple Watch,HKQuantityTypeIdentifierHeartRate
Heart rate,2026-07-24 14:54:02+09:00,85.0,count/min,1,김아연의 Apple Watch,HKQuantityTypeIdentifierHeartRate
Heart rate,2026-07-24 14:56:30+09:00,84.0,count/min,1,김아연의 Apple Watch,HKQuantityTypeIdentifierHeartRate
Heart rate,2026-07-24 15:01:16+09:00,80.0,count/min,1,김아연의 Apple Watch,HKQuantityTypeIdentifierHeartRate
Heart rate,2026-07-24 15:07:57+09:00,80.0,count/min,1,김아연의 Apple Watch,HKQuantityTypeIdentifierHeartRate
Heart rate,2026-07-24 15:12:33+09:00,72.0,count/min,1,김아연의 Apple Watch,HKQuantityTypeIdentifierHeartRate
Heart rate,2026-07-24 15:18:37+09:00,84.0,count/min,1,김아연의 Apple Watch,HKQuantityTypeIdentifierHeartRate
Heart rate,2026-07-24 15:22:36+09:00,79.0,count/min,1,김아연의 Apple Watch,HKQuantityTypeIdentifierHeartRate
Heart rate,2026-07-24 15:26:15+09:00,78.0,count/min,1,김아연의 Apple Watch,HKQuantityTypeIdentifierHeartRate
Heart rate,2026-07-24 15:29:58+09:00,79.0,count/min,1,김아연의 Apple Watch,HKQuantityTypeIdentifierHeartRate
Heart rate,2026-07-24 18:11:27+09:00,85.0,count/min,1,김아연의 Apple Watch,HKQuantityTypeIdentifierHeartRate
Heart rate,2026-07-24 18:17:37+09:00,131.0,count/min,0,김아연의 Apple Watch,HKQuantityTypeIdentifierHeartRate
Heart rate,2026-07-24 18:17:40+09:00,130.0,count/min,0,김아연의 Apple Watch,HKQuantityTypeIdentifierHeartRate
Heart rate,2026-07-24 18:17:49+09:00,132.0,count/min,0,김아연의 Apple Watch,HKQuantityTypeIdentifierHeartRate
Heart rate,2026-07-24 18:17:50+09:00,131.0,count/min,0,김아연의 Apple Watch,HKQuantityTypeIdentifierHeartRate
Heart rate,2026-07-24 18:17:55+09:00,131.0,count/min,0,김아연의 Apple Watch,HKQuantityTypeIdentifierHeartRate
Heart rate,2026-07-24 18:18:04+09:00,125.0,count/min,0,김아연의 Apple Watch,HKQuantityTypeIdentifierHeartRate
Heart rate,2026-07-24 18:21:03+09:00,112.0,count/min,0,김아연의 Apple Watch,HKQuantityTypeIdentifierHeartRate
Heart rate,2026-07-24 18:22:13+09:00,120.0,count/min,0,김아연의 Apple Watch,HKQuantityTypeIdentifierHeartRate
Heart rate,2026-07-24 18:22:18+09:00,125.0,count/min,0,김아연의 Apple Watch,HKQuantityTypeIdentifierHeartRate
Heart rate,2026-07-24 18:22:19+09:00,125.0,count/min,0,김아연의 Apple Watch,HKQuantityTypeIdentifierHeartRate
Heart rate,2026-07-24 18:22:28+09:00,115.0,count/min,0,김아연의 Apple Watch,HKQuantityTypeIdentifierHeartRate
Heart rate,2026-07-24 18:22:32+09:00,114.0,count/min,0,김아연의 Apple Watch,HKQuantityTypeIdentifierHeartRate
Heart rate,2026-07-24 18:22:37+09:00,117.0,count/min,0,김아연의 Apple Watch,HKQuantityTypeIdentifierHeartRate
Heart rate,2026-07-24 18:22:43+09:00,116.0,count/min,0,김아연의 Apple Watch,HKQuantityTypeIdentifierHeartRate
Heart rate,2026-07-24 18:22:47+09:00,116.0,count/min,0,김아연의 Apple Watch,HKQuantityTypeIdentifierHeartRate
Heart rate,2026-07-24 18:22:52+09:00,110.0,count/min,0,김아연의 Apple Watch,HKQuantityTypeIdentifierHeartRate
Heart rate,2026-07-24 18:22:55+09:00,110.0,count/min,0,김아연의 Apple Watch,HKQuantityTypeIdentifierHeartRate
Heart rate,2026-07-24 18:23:01+09:00,105.0,count/min,0,김아연의 Apple Watch,HKQuantityTypeIdentifierHeartRate
Heart rate,2026-07-24 18:23:06+09:00,105.0,count/min,0,김아연의 Apple Watch,HKQuantityTypeIdentifierHeartRate
Heart rate,2026-07-24 18:23:13+09:00,104.0,count/min,0,김아연의 Apple Watch,HKQuantityTypeIdentifierHeartRate
Heart rate,2026-07-24 18:23:17+09:00,101.0,count/min,0,김아연의 Apple Watch,HKQuantityTypeIdentifierHeartRate
Heart rate,2026-07-24 18:23:23+09:00,104.0,count/min,0,김아연의 Apple Watch,HKQuantityTypeIdentifierHeartRate
Heart rate,2026-07-24 18:23:24+09:00,105.0,count/min,0,김아연의 Apple Watch,HKQuantityTypeIdentifierHeartRate
Heart rate,2026-07-24 18:23:29+09:00,102.0,count/min,0,김아연의 Apple Watch,HKQuantityTypeIdentifierHeartRate
Heart rate,2026-07-24 18:23:38+09:00,105.0,count/min,0,김아연의 Apple Watch,HKQuantityTypeIdentifierHeartRate
Heart rate,2026-07-24 18:23:43+09:00,104.0,count/min,0,김아연의 Apple Watch,HKQuantityTypeIdentifierHeartRate
Heart rate,2026-07-24 18:23:48+09:00,106.0,count/min,0,김아연의 Apple Watch,HKQuantityTypeIdentifierHeartRate
Heart rate,2026-07-24 18:23:53+09:00,108.0,count/min,0,김아연의 Apple Watch,HKQuantityTypeIdentifierHeartRate
Heart rate,2026-07-24 18:23:55+09:00,108.0,count/min,0,김아연의 Apple Watch,HKQuantityTypeIdentifierHeartRate
Heart rate,2026-07-24 18:24:00+09:00,109.0,count/min,0,김아연의 Apple Watch,HKQuantityTypeIdentifierHeartRate
Heart rate,2026-07-24 18:24:04+09:00,107.0,count/min,0,김아연의 Apple Watch,HKQuantityTypeIdentifierHeartRate
Heart rate,2026-07-24 18:24:11+09:00,107.0,count/min,0,김아연의 Apple Watch,HKQuantityTypeIdentifierHeartRate
Heart rate,2026-07-24 18:24:14+09:00,107.0,count/min,0,김아연의 Apple Watch,HKQuantityTypeIdentifierHeartRate
Heart rate,2026-07-24 18:24:19+09:00,110.0,count/min,0,김아연의 Apple Watch,HKQuantityTypeIdentifierHeartRate
Heart rate,2026-07-24 18:24:28+09:00,105.0,count/min,0,김아연의 Apple Watch,HKQuantityTypeIdentifierHeartRate
Heart rate,2026-07-24 18:24:31+09:00,104.0,count/min,0,김아연의 Apple Watch,HKQuantityTypeIdentifierHeartRate
Heart rate,2026-07-24 18:24:37+09:00,109.0,count/min,0,김아연의 Apple Watch,HKQuantityTypeIdentifierHeartRate
Heart rate,2026-07-24 18:24:41+09:00,106.0,count/min,0,김아연의 Apple Watch,HKQuantityTypeIdentifierHeartRate
Heart rate,2026-07-24 18:24:48+09:00,99.0,count/min,0,김아연의 Apple Watch,HKQuantityTypeIdentifierHeartRate
Heart rate,2026-07-24 18:24:49+09:00,100.0,count/min,0,김아연의 Apple Watch,HKQuantityTypeIdentifierHeartRate
Heart rate,2026-07-24 18:24:58+09:00,104.0,count/min,0,김아연의 Apple Watch,HKQuantityTypeIdentifierHeartRate
Heart rate,2026-07-24 18:25:00+09:00,104.0,count/min,0,김아연의 Apple Watch,HKQuantityTypeIdentifierHeartRate
Heart rate,2026-07-24 18:25:07+09:00,102.0,count/min,0,김아연의 Apple Watch,HKQuantityTypeIdentifierHeartRate
Heart rate,2026-07-24 18:25:11+09:00,101.0,count/min,0,김아연의 Apple Watch,HKQuantityTypeIdentifierHeartRate
Heart rate,2026-07-24 18:25:14+09:00,102.0,count/min,0,김아연의 Apple Watch,HKQuantityTypeIdentifierHeartRate
Heart rate,2026-07-24 18:25:22+09:00,95.0,count/min,0,김아연의 Apple Watch,HKQuantityTypeIdentifierHeartRate
Heart rate,2026-07-24 18:25:27+09:00,93.0,count/min,0,김아연의 Apple Watch,HKQuantityTypeIdentifierHeartRate
Heart rate,2026-07-24 18:25:33+09:00,99.0,count/min,0,김아연의 Apple Watch,HKQuantityTypeIdentifierHeartRate
Heart rate,2026-07-24 18:25:37+09:00,102.0,count/min,0,김아연의 Apple Watch,HKQuantityTypeIdentifierHeartRate
Heart rate,2026-07-24 18:25:39+09:00,101.0,count/min,0,김아연의 Apple Watch,HKQuantityTypeIdentifierHeartRate
Heart rate,2026-07-24 18:25:46+09:00,104.0,count/min,0,김아연의 Apple Watch,HKQuantityTypeIdentifierHeartRate
Heart rate,2026-07-24 18:25:53+09:00,101.0,count/min,0,김아연의 Apple Watch,HKQuantityTypeIdentifierHeartRate
Heart rate,2026-07-24 18:25:54+09:00,101.0,count/min,0,김아연의 Apple Watch,HKQuantityTypeIdentifierHeartRate
Heart rate,2026-07-24 18:26:03+09:00,100.0,count/min,0,김아연의 Apple Watch,HKQuantityTypeIdentifierHeartRate
Heart rate,2026-07-24 18:26:08+09:00,100.0,count/min,0,김아연의 Apple Watch,HKQuantityTypeIdentifierHeartRate
Heart rate,2026-07-24 18:26:09+09:00,99.0,count/min,0,김아연의 Apple Watch,HKQuantityTypeIdentifierHeartRate
Heart rate,2026-07-24 18:27:11+09:00,108.0,count/min,1,김아연의 Apple Watch,HKQuantityTypeIdentifierHeartRate
Heart rate,2026-07-24 18:30:08+09:00,104.0,count/min,1,김아연의 Apple Watch,HKQuantityTypeIdentifierHeartRate
Heart rate,2026-07-24 18:33:33+09:00,126.0,count/min,0,김아연의 Apple Watch,HKQuantityTypeIdentifierHeartRate
Heart rate,2026-07-24 18:33:37+09:00,127.0,count/min,0,김아연의 Apple Watch,HKQuantityTypeIdentifierHeartRate
Heart rate,2026-07-24 18:33:42+09:00,127.0,count/min,0,김아연의 Apple Watch,HKQuantityTypeIdentifierHeartRate
Heart rate,2026-07-24 18:37:14+09:00,127.0,count/min,0,김아연의 Apple Watch,HKQuantityTypeIdentifierHeartRate
Heart rate,2026-07-24 18:37:19+09:00,129.0,count/min,0,김아연의 Apple Watch,HKQuantityTypeIdentifierHeartRate
Heart rate,2026-07-24 18:37:22+09:00,130.0,count/min,0,김아연의 Apple Watch,HKQuantityTypeIdentifierHeartRate
Heart rate,2026-07-24 18:37:25+09:00,127.0,count/min,0,김아연의 Apple Watch,HKQuantityTypeIdentifierHeartRate
Heart rate,2026-07-24 18:37:30+09:00,126.0,count/min,0,김아연의 Apple Watch,HKQuantityTypeIdentifierHeartRate
Heart rate,2026-07-24 18:37:39+09:00,116.0,count/min,0,김아연의 Apple Watch,HKQuantityTypeIdentifierHeartRate
Heart rate,2026-07-24 18:37:41+09:00,115.0,count/min,0,김아연의 Apple Watch,HKQuantityTypeIdentifierHeartRate
Heart rate,2026-07-24 18:38:57+09:00,115.0,count/min,0,김아연의 Apple Watch,HKQuantityTypeIdentifierHeartRate
Heart rate,2026-07-24 18:39:00+09:00,123.0,count/min,0,김아연의 Apple Watch,HKQuantityTypeIdentifierHeartRate
Heart rate,2026-07-24 18:39:03+09:00,124.0,count/min,0,김아연의 Apple Watch,HKQuantityTypeIdentifierHeartRate
Heart rate,2026-07-24 18:39:11+09:00,123.0,count/min,0,김아연의 Apple Watch,HKQuantityTypeIdentifierHeartRate
Heart rate,2026-07-24 18:39:13+09:00,122.0,count/min,0,김아연의 Apple Watch,HKQuantityTypeIdentifierHeartRate
Heart rate,2026-07-24 18:39:22+09:00,125.0,count/min,0,김아연의 Apple Watch,HKQuantityTypeIdentifierHeartRate
Heart rate,2026-07-24 18:39:27+09:00,127.0,count/min,0,김아연의 Apple Watch,HKQuantityTypeIdentifierHeartRate
Heart rate,2026-07-24 18:39:30+09:00,127.0,count/min,0,김아연의 Apple Watch,HKQuantityTypeIdentifierHeartRate
Heart rate,2026-07-24 18:39:35+09:00,127.0,count/min,0,김아연의 Apple Watch,HKQuantityTypeIdentifierHeartRate
Heart rate,2026-07-24 18:39:38+09:00,126.0,count/min,0,김아연의 Apple Watch,HKQuantityTypeIdentifierHeartRate
Heart rate,2026-07-24 18:39:47+09:00,126.0,count/min,0,김아연의 Apple Watch,HKQuantityTypeIdentifierHeartRate
Heart rate,2026-07-24 18:39:48+09:00,126.0,count/min,0,김아연의 Apple Watch,HKQuantityTypeIdentifierHeartRate
Heart rate,2026-07-24 18:39:55+09:00,127.0,count/min,0,김아연의 Apple Watch,HKQuantityTypeIdentifierHeartRate
Heart rate,2026-07-24 18:39:58+09:00,126.0,count/min,0,김아연의 Apple Watch,HKQuantityTypeIdentifierHeartRate
Heart rate,2026-07-24 18:40:05+09:00,126.0,count/min,0,김아연의 Apple Watch,HKQuantityTypeIdentifierHeartRate
Heart rate,2026-07-24 18:40:09+09:00,126.0,count/min,0,김아연의 Apple Watch,HKQuantityTypeIdentifierHeartRate
Heart rate,2026-07-24 18:40:16+09:00,125.0,count/min,0,김아연의 Apple Watch,HKQuantityTypeIdentifierHeartRate
Heart rate,2026-07-24 18:40:18+09:00,125.0,count/min,0,김아연의 Apple Watch,HKQuantityTypeIdentifierHeartRate
Heart rate,2026-07-24 18:40:24+09:00,125.0,count/min,0,김아연의 Apple Watch,HKQuantityTypeIdentifierHeartRate
Heart rate,2026-07-24 18:40:28+09:00,125.0,count/min,0,김아연의 Apple Watch,HKQuantityTypeIdentifierHeartRate
Heart rate,2026-07-24 18:40:33+09:00,125.0,count/min,0,김아연의 Apple Watch,HKQuantityTypeIdentifierHeartRate
Heart rate,2026-07-24 18:40:41+09:00,128.0,count/min,0,김아연의 Apple Watch,HKQuantityTypeIdentifierHeartRate
Heart rate,2026-07-24 18:40:47+09:00,128.0,count/min,0,김아연의 Apple Watch,HKQuantityTypeIdentifierHeartRate
Heart rate,2026-07-24 18:40:51+09:00,129.0,count/min,0,김아연의 Apple Watch,HKQuantityTypeIdentifierHeartRate
Heart rate,2026-07-24 18:40:57+09:00,125.0,count/min,0,김아연의 Apple Watch,HKQuantityTypeIdentifierHeartRate
Heart rate,2026-07-24 18:41:00+09:00,126.0,count/min,0,김아연의 Apple Watch,HKQuantityTypeIdentifierHeartRate
Heart rate,2026-07-24 18:41:03+09:00,125.0,count/min,0,김아연의 Apple Watch,HKQuantityTypeIdentifierHeartRate
Heart rate,2026-07-24 18:41:10+09:00,123.0,count/min,0,김아연의 Apple Watch,HKQuantityTypeIdentifierHeartRate
Heart rate,2026-07-24 18:41:13+09:00,123.0,count/min,0,김아연의 Apple Watch,HKQuantityTypeIdentifierHeartRate
Heart rate,2026-07-24 18:41:19+09:00,124.0,count/min,0,김아연의 Apple Watch,HKQuantityTypeIdentifierHeartRate
Heart rate,2026-07-24 18:41:23+09:00,125.0,count/min,0,김아연의 Apple Watch,HKQuantityTypeIdentifierHeartRate
Heart rate,2026-07-24 18:41:29+09:00,127.0,count/min,0,김아연의 Apple Watch,HKQuantityTypeIdentifierHeartRate
Heart rate,2026-07-24 18:41:33+09:00,128.0,count/min,0,김아연의 Apple Watch,HKQuantityTypeIdentifierHeartRate
Heart rate,2026-07-24 18:41:42+09:00,133.0,count/min,0,김아연의 Apple Watch,HKQuantityTypeIdentifierHeartRate
Heart rate,2026-07-24 18:41:47+09:00,134.0,count/min,0,김아연의 Apple Watch,HKQuantityTypeIdentifierHeartRate
Heart rate,2026-07-24 18:41:52+09:00,134.0,count/min,0,김아연의 Apple Watch,HKQuantityTypeIdentifierHeartRate
Heart rate,2026-07-24 18:41:53+09:00,134.0,count/min,0,김아연의 Apple Watch,HKQuantityTypeIdentifierHeartRate
Heart rate,2026-07-24 18:41:58+09:00,131.0,count/min,0,김아연의 Apple Watch,HKQuantityTypeIdentifierHeartRate
Heart rate,2026-07-24 18:42:06+09:00,129.0,count/min,0,김아연의 Apple Watch,HKQuantityTypeIdentifierHeartRate
Heart rate,2026-07-24 18:42:09+09:00,128.0,count/min,0,김아연의 Apple Watch,HKQuantityTypeIdentifierHeartRate
Heart rate,2026-07-24 18:42:13+09:00,127.0,count/min,0,김아연의 Apple Watch,HKQuantityTypeIdentifierHeartRate
Heart rate,2026-07-24 18:42:21+09:00,128.0,count/min,0,김아연의 Apple Watch,HKQuantityTypeIdentifierHeartRate
Heart rate,2026-07-24 18:42:23+09:00,128.0,count/min,0,김아연의 Apple Watch,HKQuantityTypeIdentifierHeartRate
Heart rate,2026-07-24 18:42:32+09:00,125.0,count/min,0,김아연의 Apple Watch,HKQuantityTypeIdentifierHeartRate
Heart rate,2026-07-24 18:42:37+09:00,122.0,count/min,0,김아연의 Apple Watch,HKQuantityTypeIdentifierHeartRate
Heart rate,2026-07-24 18:42:42+09:00,121.0,count/min,0,김아연의 Apple Watch,HKQuantityTypeIdentifierHeartRate
Heart rate,2026-07-24 18:42:45+09:00,120.0,count/min,0,김아연의 Apple Watch,HKQuantityTypeIdentifierHeartRate
Heart rate,2026-07-24 18:42:50+09:00,117.0,count/min,0,김아연의 Apple Watch,HKQuantityTypeIdentifierHeartRate
Heart rate,2026-07-24 18:42:54+09:00,118.0,count/min,0,김아연의 Apple Watch,HKQuantityTypeIdentifierHeartRate
Heart rate,2026-07-24 18:43:01+09:00,118.0,count/min,0,김아연의 Apple Watch,HKQuantityTypeIdentifierHeartRate
Heart rate,2026-07-24 18:43:07+09:00,119.0,count/min,0,김아연의 Apple Watch,HKQuantityTypeIdentifierHeartRate
Heart rate,2026-07-24 18:43:08+09:00,118.0,count/min,0,김아연의 Apple Watch,HKQuantityTypeIdentifierHeartRate
Heart rate,2026-07-24 18:43:17+09:00,114.0,count/min,0,김아연의 Apple Watch,HKQuantityTypeIdentifierHeartRate
Heart rate,2026-07-24 18:43:20+09:00,112.0,count/min,0,김아연의 Apple Watch,HKQuantityTypeIdentifierHeartRate
Heart rate,2026-07-24 18:43:24+09:00,111.0,count/min,0,김아연의 Apple Watch,HKQuantityTypeIdentifierHeartRate
Heart rate,2026-07-24 18:43:31+09:00,115.0,count/min,0,김아연의 Apple Watch,HKQuantityTypeIdentifierHeartRate
Heart rate,2026-07-24 18:43:33+09:00,115.0,count/min,0,김아연의 Apple Watch,HKQuantityTypeIdentifierHeartRate
Heart rate,2026-07-24 18:43:38+09:00,113.0,count/min,0,김아연의 Apple Watch,HKQuantityTypeIdentifierHeartRate
Heart rate,2026-07-24 18:43:47+09:00,111.0,count/min,0,김아연의 Apple Watch,HKQuantityTypeIdentifierHeartRate
Heart rate,2026-07-24 18:43:51+09:00,111.0,count/min,0,김아연의 Apple Watch,HKQuantityTypeIdentifierHeartRate
Heart rate,2026-07-24 18:43:57+09:00,106.0,count/min,0,김아연의 Apple Watch,HKQuantityTypeIdentifierHeartRate
Heart rate,2026-07-24 18:44:02+09:00,107.0,count/min,0,김아연의 Apple Watch,HKQuantityTypeIdentifierHeartRate
Heart rate,2026-07-24 18:44:03+09:00,108.0,count/min,0,김아연의 Apple Watch,HKQuantityTypeIdentifierHeartRate
Heart rate,2026-07-24 18:44:08+09:00,110.0,count/min,0,김아연의 Apple Watch,HKQuantityTypeIdentifierHeartRate
Heart rate,2026-07-24 18:44:13+09:00,110.0,count/min,0,김아연의 Apple Watch,HKQuantityTypeIdentifierHeartRate
Heart rate,2026-07-24 18:44:21+09:00,112.0,count/min,0,김아연의 Apple Watch,HKQuantityTypeIdentifierHeartRate
Heart rate,2026-07-24 18:44:27+09:00,107.0,count/min,0,김아연의 Apple Watch,HKQuantityTypeIdentifierHeartRate
Heart rate,2026-07-24 18:44:28+09:00,106.0,count/min,0,김아연의 Apple Watch,HKQuantityTypeIdentifierHeartRate
Heart rate,2026-07-24 18:44:33+09:00,110.0,count/min,0,김아연의 Apple Watch,HKQuantityTypeIdentifierHeartRate
Heart rate,2026-07-24 18:44:38+09:00,114.0,count/min,0,김아연의 Apple Watch,HKQuantityTypeIdentifierHeartRate
Heart rate,2026-07-24 18:44:44+09:00,116.0,count/min,0,김아연의 Apple Watch,HKQuantityTypeIdentifierHeartRate
Heart rate,2026-07-24 18:44:51+09:00,119.0,count/min,0,김아연의 Apple Watch,HKQuantityTypeIdentifierHeartRate
Heart rate,2026-07-24 18:44:55+09:00,120.0,count/min,0,김아연의 Apple Watch,HKQuantityTypeIdentifierHeartRate
Heart rate,2026-07-24 18:44:58+09:00,121.0,count/min,0,김아연의 Apple Watch,HKQuantityTypeIdentifierHeartRate
Heart rate,2026-07-24 18:45:06+09:00,122.0,count/min,0,김아연의 Apple Watch,HKQuantityTypeIdentifierHeartRate
Heart rate,2026-07-24 18:45:10+09:00,123.0,count/min,0,김아연의 Apple Watch,HKQuantityTypeIdentifierHeartRate
Heart rate,2026-07-24 18:45:15+09:00,122.0,count/min,0,김아연의 Apple Watch,HKQuantityTypeIdentifierHeartRate
Heart rate,2026-07-24 18:45:18+09:00,122.0,count/min,0,김아연의 Apple Watch,HKQuantityTypeIdentifierHeartRate
Heart rate,2026-07-24 18:45:26+09:00,123.0,count/min,0,김아연의 Apple Watch,HKQuantityTypeIdentifierHeartRate
Heart rate,2026-07-24 18:45:32+09:00,123.0,count/min,0,김아연의 Apple Watch,HKQuantityTypeIdentifierHeartRate
Heart rate,2026-07-24 18:45:33+09:00,123.0,count/min,0,김아연의 Apple Watch,HKQuantityTypeIdentifierHeartRate
Heart rate,2026-07-24 18:45:42+09:00,123.0,count/min,0,김아연의 Apple Watch,HKQuantityTypeIdentifierHeartRate
Heart rate,2026-07-24 18:45:43+09:00,123.0,count/min,0,김아연의 Apple Watch,HKQuantityTypeIdentifierHeartRate
Heart rate,2026-07-24 18:45:48+09:00,125.0,count/min,0,김아연의 Apple Watch,HKQuantityTypeIdentifierHeartRate
Heart rate,2026-07-24 18:45:57+09:00,128.0,count/min,0,김아연의 Apple Watch,HKQuantityTypeIdentifierHeartRate
Heart rate,2026-07-24 18:45:58+09:00,129.0,count/min,0,김아연의 Apple Watch,HKQuantityTypeIdentifierHeartRate
Heart rate,2026-07-24 18:46:03+09:00,128.0,count/min,0,김아연의 Apple Watch,HKQuantityTypeIdentifierHeartRate
Heart rate,2026-07-24 18:46:12+09:00,131.0,count/min,0,김아연의 Apple Watch,HKQuantityTypeIdentifierHeartRate
Heart rate,2026-07-24 18:46:13+09:00,131.0,count/min,0,김아연의 Apple Watch,HKQuantityTypeIdentifierHeartRate
Heart rate,2026-07-24 18:46:22+09:00,134.0,count/min,0,김아연의 Apple Watch,HKQuantityTypeIdentifierHeartRate
Heart rate,2026-07-24 18:46:26+09:00,134.0,count/min,0,김아연의 Apple Watch,HKQuantityTypeIdentifierHeartRate
Heart rate,2026-07-24 18:46:28+09:00,135.0,count/min,0,김아연의 Apple Watch,HKQuantityTypeIdentifierHeartRate
Heart rate,2026-07-24 18:46:33+09:00,134.0,count/min,0,김아연의 Apple Watch,HKQuantityTypeIdentifierHeartRate
Heart rate,2026-07-24 18:46:42+09:00,132.0,count/min,0,김아연의 Apple Watch,HKQuantityTypeIdentifierHeartRate
Heart rate,2026-07-24 18:46:46+09:00,134.0,count/min,0,김아연의 Apple Watch,HKQuantityTypeIdentifierHeartRate
Heart rate,2026-07-24 18:46:51+09:00,133.0,count/min,0,김아연의 Apple Watch,HKQuantityTypeIdentifierHeartRate
Heart rate,2026-07-24 18:48:15+09:00,117.0,count/min,0,김아연의 Apple Watch,HKQuantityTypeIdentifierHeartRate
Heart rate,2026-07-24 18:48:20+09:00,119.0,count/min,0,김아연의 Apple Watch,HKQuantityTypeIdentifierHeartRate
Heart rate,2026-07-24 18:48:28+09:00,121.0,count/min,0,김아연의 Apple Watch,HKQuantityTypeIdentifierHeartRate
Heart rate,2026-07-24 18:48:32+09:00,120.0,count/min,0,김아연의 Apple Watch,HKQuantityTypeIdentifierHeartRate
Heart rate,2026-07-24 18:48:35+09:00,118.0,count/min,0,김아연의 Apple Watch,HKQuantityTypeIdentifierHeartRate
Heart rate,2026-07-24 18:48:41+09:00,111.0,count/min,0,김아연의 Apple Watch,HKQuantityTypeIdentifierHeartRate
Heart rate,2026-07-24 18:48:45+09:00,108.0,count/min,0,김아연의 Apple Watch,HKQuantityTypeIdentifierHeartRate
Heart rate,2026-07-24 18:48:54+09:00,113.0,count/min,0,김아연의 Apple Watch,HKQuantityTypeIdentifierHeartRate
Heart rate,2026-07-24 18:52:26+09:00,120.0,count/min,2,김아연의 Apple Watch,HKQuantityTypeIdentifierHeartRate
Heart rate,2026-07-24 18:57:52+09:00,115.0,count/min,2,김아연의 Apple Watch,HKQuantityTypeIdentifierHeartRate
Heart rate,2026-07-24 18:59:11+09:00,104.0,count/min,1,김아연의 Apple Watch,HKQuantityTypeIdentifierHeartRate
Heart rate,2026-07-24 19:04:06+09:00,95.0,count/min,1,김아연의 Apple Watch,HKQuantityTypeIdentifierHeartRate
Heart rate,2026-07-24 19:06:47+09:00,91.0,count/min,1,김아연의 Apple Watch,HKQuantityTypeIdentifierHeartRate
Heart rate,2026-07-24 19:11:04+09:00,97.2338,count/min,0,김아연의 Apple Watch,HKQuantityTypeIdentifierHeartRate
Heart rate,2026-07-24 19:14:18+09:00,92.0,count/min,1,김아연의 Apple Watch,HKQuantityTypeIdentifierHeartRate
Heart rate,2026-07-24 19:16:52+09:00,92.0,count/min,1,김아연의 Apple Watch,HKQuantityTypeIdentifierHeartRate
Heart rate,2026-07-24 19:20:02+09:00,92.0,count/min,1,김아연의 Apple Watch,HKQuantityTypeIdentifierHeartRate
Heart rate,2026-07-24 19:26:41+09:00,92.0,count/min,1,김아연의 Apple Watch,HKQuantityTypeIdentifierHeartRate
Heart rate,2026-07-24 19:32:59+09:00,99.0,count/min,1,김아연의 Apple Watch,HKQuantityTypeIdentifierHeartRate
Heart rate,2026-07-24 19:39:13+09:00,94.0,count/min,1,김아연의 Apple Watch,HKQuantityTypeIdentifierHeartRate
Heart rate,2026-07-24 19:40:18+09:00,92.0,count/min,1,김아연의 Apple Watch,HKQuantityTypeIdentifierHeartRate
Heart rate,2026-07-24 19:44:54+09:00,93.0,count/min,1,김아연의 Apple Watch,HKQuantityTypeIdentifierHeartRate
Heart rate,2026-07-24 19:51:48+09:00,95.0,count/min,1,김아연의 Apple Watch,HKQuantityTypeIdentifierHeartRate
Heart rate,2026-07-24 19:59:19+09:00,93.0,count/min,1,김아연의 Apple Watch,HKQuantityTypeIdentifierHeartRate
Heart rate,2026-07-24 20:03:26+09:00,90.0,count/min,1,김아연의 Apple Watch,HKQuantityTypeIdentifierHeartRate
Heart rate,2026-07-24 20:04:33+09:00,92.0,count/min,1,김아연의 Apple Watch,HKQuantityTypeIdentifierHeartRate
Heart rate,2026-07-24 20:14:19+09:00,108.0,count/min,1,김아연의 Apple Watch,HKQuantityTypeIdentifierHeartRate
Heart rate,2026-07-24 20:16:25+09:00,109.0,count/min,1,김아연의 Apple Watch,HKQuantityTypeIdentifierHeartRate
Heart rate,2026-07-24 20:21:35+09:00,109.0,count/min,1,김아연의 Apple Watch,HKQuantityTypeIdentifierHeartRate
Heart rate,2026-07-24 20:26:47+09:00,107.0,count/min,1,김아연의 Apple Watch,HKQuantityTypeIdentifierHeartRate
Heart rate,2026-07-24 20:33:38+09:00,107.0,count/min,1,김아연의 Apple Watch,HKQuantityTypeIdentifierHeartRate
Heart rate,2026-07-24 20:35:10+09:00,104.0,count/min,1,김아연의 Apple Watch,HKQuantityTypeIdentifierHeartRate
Heart rate,2026-07-24 20:42:40+09:00,107.0,count/min,1,김아연의 Apple Watch,HKQuantityTypeIdentifierHeartRate
Heart rate,2026-07-24 20:47:49+09:00,108.0,count/min,1,김아연의 Apple Watch,HKQuantityTypeIdentifierHeartRate
Heart rate,2026-07-24 20:50:02+09:00,113.0,count/min,1,김아연의 Apple Watch,HKQuantityTypeIdentifierHeartRate
Heart rate,2026-07-24 20:56:18+09:00,112.0,count/min,0,김아연의 Apple Watch,HKQuantityTypeIdentifierHeartRate
Heart rate,2026-07-24 21:01:16+09:00,108.0,count/min,1,김아연의 Apple Watch,HKQuantityTypeIdentifierHeartRate
Heart rate,2026-07-24 21:06:19+09:00,106.0,count/min,1,김아연의 Apple Watch,HKQuantityTypeIdentifierHeartRate
Heart rate,2026-07-24 21:09:33+09:00,111.0,count/min,2,김아연의 Apple Watch,HKQuantityTypeIdentifierHeartRate
Heart rate,2026-07-24 21:09:53+09:00,114.0,count/min,0,김아연의 Apple Watch,HKQuantityTypeIdentifierHeartRate
Heart rate,2026-07-24 21:09:56+09:00,114.0,count/min,0,김아연의 Apple Watch,HKQuantityTypeIdentifierHeartRate
Heart rate,2026-07-24 21:09:59+09:00,114.0,count/min,0,김아연의 Apple Watch,HKQuantityTypeIdentifierHeartRate
Heart rate,2026-07-24 21:10:05+09:00,114.0,count/min,0,김아연의 Apple Watch,HKQuantityTypeIdentifierHeartRate
Heart rate,2026-07-24 21:10:09+09:00,114.0,count/min,0,김아연의 Apple Watch,HKQuantityTypeIdentifierHeartRate
Heart rate,2026-07-24 21:10:18+09:00,117.0,count/min,0,김아연의 Apple Watch,HKQuantityTypeIdentifierHeartRate
Heart rate,2026-07-24 21:10:22+09:00,115.0,count/min,0,김아연의 Apple Watch,HKQuantityTypeIdentifierHeartRate
Heart rate,2026-07-24 21:10:28+09:00,124.0,count/min,0,김아연의 Apple Watch,HKQuantityTypeIdentifierHeartRate
Heart rate,2026-07-24 21:10:58+09:00,117.0,count/min,0,김아연의 Apple Watch,HKQuantityTypeIdentifierHeartRate
Heart rate,2026-07-24 21:13:20+09:00,113.0,count/min,2,김아연의 Apple Watch,HKQuantityTypeIdentifierHeartRate
Heart rate,2026-07-24 21:15:46+09:00,122.0,count/min,0,김아연의 Apple Watch,HKQuantityTypeIdentifierHeartRate
Heart rate,2026-07-24 21:15:50+09:00,122.0,count/min,0,김아연의 Apple Watch,HKQuantityTypeIdentifierHeartRate
Heart rate,2026-07-24 21:15:55+09:00,119.0,count/min,0,김아연의 Apple Watch,HKQuantityTypeIdentifierHeartRate
Heart rate,2026-07-24 21:16:00+09:00,120.0,count/min,0,김아연의 Apple Watch,HKQuantityTypeIdentifierHeartRate
Heart rate,2026-07-24 21:16:03+09:00,120.0,count/min,0,김아연의 Apple Watch,HKQuantityTypeIdentifierHeartRate
Heart rate,2026-07-24 21:16:08+09:00,120.0,count/min,0,김아연의 Apple Watch,HKQuantityTypeIdentifierHeartRate
Heart rate,2026-07-24 21:16:17+09:00,122.0,count/min,0,김아연의 Apple Watch,HKQuantityTypeIdentifierHeartRate
Heart rate,2026-07-24 21:16:20+09:00,122.0,count/min,0,김아연의 Apple Watch,HKQuantityTypeIdentifierHeartRate
Heart rate,2026-07-24 21:16:23+09:00,121.0,count/min,0,김아연의 Apple Watch,HKQuantityTypeIdentifierHeartRate
Heart rate,2026-07-24 21:16:28+09:00,122.0,count/min,0,김아연의 Apple Watch,HKQuantityTypeIdentifierHeartRate
Heart rate,2026-07-24 21:16:37+09:00,121.0,count/min,0,김아연의 Apple Watch,HKQuantityTypeIdentifierHeartRate
Heart rate,2026-07-24 21:16:42+09:00,117.0,count/min,0,김아연의 Apple Watch,HKQuantityTypeIdentifierHeartRate
Heart rate,2026-07-24 21:16:46+09:00,113.0,count/min,0,김아연의 Apple Watch,HKQuantityTypeIdentifierHeartRate
Heart rate,2026-07-24 21:16:48+09:00,112.0,count/min,0,김아연의 Apple Watch,HKQuantityTypeIdentifierHeartRate
Heart rate,2026-07-24 21:16:53+09:00,113.0,count/min,0,김아연의 Apple Watch,HKQuantityTypeIdentifierHeartRate
Heart rate,2026-07-24 21:16:58+09:00,115.0,count/min,0,김아연의 Apple Watch,HKQuantityTypeIdentifierHeartRate
Heart rate,2026-07-24 21:17:03+09:00,114.0,count/min,0,김아연의 Apple Watch,HKQuantityTypeIdentifierHeartRate
Heart rate,2026-07-24 21:17:10+09:00,115.0,count/min,0,김아연의 Apple Watch,HKQuantityTypeIdentifierHeartRate
Heart rate,2026-07-24 21:17:16+09:00,111.0,count/min,0,김아연의 Apple Watch,HKQuantityTypeIdentifierHeartRate
Heart rate,2026-07-24 21:17:18+09:00,110.0,count/min,0,김아연의 Apple Watch,HKQuantityTypeIdentifierHeartRate
Heart rate,2026-07-24 21:17:27+09:00,111.0,count/min,0,김아연의 Apple Watch,HKQuantityTypeIdentifierHeartRate
Heart rate,2026-07-24 21:17:32+09:00,111.0,count/min,0,김아연의 Apple Watch,HKQuantityTypeIdentifierHeartRate
Heart rate,2026-07-24 21:17:33+09:00,112.0,count/min,0,김아연의 Apple Watch,HKQuantityTypeIdentifierHeartRate
Heart rate,2026-07-24 21:17:38+09:00,111.0,count/min,0,김아연의 Apple Watch,HKQuantityTypeIdentifierHeartRate
Heart rate,2026-07-24 21:17:44+09:00,111.0,count/min,0,김아연의 Apple Watch,HKQuantityTypeIdentifierHeartRate
Heart rate,2026-07-24 21:17:48+09:00,109.0,count/min,0,김아연의 Apple Watch,HKQuantityTypeIdentifierHeartRate
Heart rate,2026-07-24 21:17:55+09:00,104.0,count/min,0,김아연의 Apple Watch,HKQuantityTypeIdentifierHeartRate
Heart rate,2026-07-24 21:18:02+09:00,102.0,count/min,0,김아연의 Apple Watch,HKQuantityTypeIdentifierHeartRate
Heart rate,2026-07-24 21:18:07+09:00,99.0,count/min,0,김아연의 Apple Watch,HKQuantityTypeIdentifierHeartRate
Heart rate,2026-07-24 21:18:09+09:00,96.0,count/min,0,김아연의 Apple Watch,HKQuantityTypeIdentifierHeartRate
Heart rate,2026-07-24 21:18:13+09:00,92.0,count/min,0,김아연의 Apple Watch,HKQuantityTypeIdentifierHeartRate
Heart rate,2026-07-24 21:18:21+09:00,88.0,count/min,0,김아연의 Apple Watch,HKQuantityTypeIdentifierHeartRate
Heart rate,2026-07-24 21:18:23+09:00,88.0,count/min,0,김아연의 Apple Watch,HKQuantityTypeIdentifierHeartRate
Heart rate,2026-07-24 21:18:28+09:00,89.0,count/min,0,김아연의 Apple Watch,HKQuantityTypeIdentifierHeartRate
Heart rate,2026-07-24 21:18:37+09:00,92.0,count/min,0,김아연의 Apple Watch,HKQuantityTypeIdentifierHeartRate
Heart rate,2026-07-24 21:18:41+09:00,91.0,count/min,0,김아연의 Apple Watch,HKQuantityTypeIdentifierHeartRate
Heart rate,2026-07-24 21:18:43+09:00,90.0,count/min,0,김아연의 Apple Watch,HKQuantityTypeIdentifierHeartRate
Heart rate,2026-07-24 21:18:51+09:00,95.0,count/min,0,김아연의 Apple Watch,HKQuantityTypeIdentifierHeartRate
Heart rate,2026-07-24 21:18:57+09:00,94.0,count/min,0,김아연의 Apple Watch,HKQuantityTypeIdentifierHeartRate
Heart rate,2026-07-24 21:19:02+09:00,91.0,count/min,0,김아연의 Apple Watch,HKQuantityTypeIdentifierHeartRate
Heart rate,2026-07-24 21:19:04+09:00,91.0,count/min,0,김아연의 Apple Watch,HKQuantityTypeIdentifierHeartRate
Heart rate,2026-07-24 21:19:08+09:00,92.0,count/min,0,김아연의 Apple Watch,HKQuantityTypeIdentifierHeartRate
Heart rate,2026-07-24 21:19:15+09:00,91.0,count/min,0,김아연의 Apple Watch,HKQuantityTypeIdentifierHeartRate
Heart rate,2026-07-24 21:24:14+09:00,85.0,count/min,1,김아연의 Apple Watch,HKQuantityTypeIdentifierHeartRate
Heart rate,2026-07-24 21:26:37+09:00,81.0,count/min,1,김아연의 Apple Watch,HKQuantityTypeIdentifierHeartRate
Heart rate,2026-07-24 21:30:12+09:00,84.0,count/min,1,김아연의 Apple Watch,HKQuantityTypeIdentifierHeartRate
Heart rate,2026-07-24 21:39:09+09:00,86.3782,count/min,0,김아연의 Apple Watch,HKQuantityTypeIdentifierHeartRate
Heart rate,2026-07-24 21:39:17+09:00,86.0,count/min,1,김아연의 Apple Watch,HKQuantityTypeIdentifierHeartRate
Heart rate,2026-07-24 21:41:43+09:00,84.0,count/min,1,김아연의 Apple Watch,HKQuantityTypeIdentifierHeartRate
Heart rate,2026-07-24 21:49:23+09:00,89.0,count/min,1,김아연의 Apple Watch,HKQuantityTypeIdentifierHeartRate
Heart rate,2026-07-24 21:53:02+09:00,86.0,count/min,1,김아연의 Apple Watch,HKQuantityTypeIdentifierHeartRate
Heart rate,2026-07-24 21:57:30+09:00,91.0,count/min,1,김아연의 Apple Watch,HKQuantityTypeIdentifierHeartRate
Heart rate,2026-07-24 22:03:32+09:00,91.0,count/min,1,김아연의 Apple Watch,HKQuantityTypeIdentifierHeartRate
Heart rate,2026-07-24 22:04:37+09:00,94.0,count/min,1,김아연의 Apple Watch,HKQuantityTypeIdentifierHeartRate
Heart rate,2026-07-24 22:10:08+09:00,93.0,count/min,1,김아연의 Apple Watch,HKQuantityTypeIdentifierHeartRate
Heart rate,2026-07-24 22:17:23+09:00,90.0,count/min,1,김아연의 Apple Watch,HKQuantityTypeIdentifierHeartRate
Heart rate,2026-07-24 22:21:23+09:00,92.0,count/min,1,김아연의 Apple Watch,HKQuantityTypeIdentifierHeartRate
Heart rate,2026-07-24 22:29:02+09:00,86.0,count/min,1,김아연의 Apple Watch,HKQuantityTypeIdentifierHeartRate
Heart rate,2026-07-24 22:30:26+09:00,84.0,count/min,1,김아연의 Apple Watch,HKQuantityTypeIdentifierHeartRate
Heart rate,2026-07-24 22:35:55+09:00,88.0,count/min,1,김아연의 Apple Watch,HKQuantityTypeIdentifierHeartRate
Heart rate,2026-07-24 22:43:20+09:00,81.0,count/min,1,김아연의 Apple Watch,HKQuantityTypeIdentifierHeartRate
Heart rate,2026-07-24 22:45:27+09:00,86.0,count/min,1,김아연의 Apple Watch,HKQuantityTypeIdentifierHeartRate
Heart rate,2026-07-24 22:53:34+09:00,91.0,count/min,1,김아연의 Apple Watch,HKQuantityTypeIdentifierHeartRate
Heart rate,2026-07-24 22:54:45+09:00,84.0,count/min,1,김아연의 Apple Watch,HKQuantityTypeIdentifierHeartRate
Heart rate,2026-07-24 22:59:55+09:00,90.0,count/min,1,김아연의 Apple Watch,HKQuantityTypeIdentifierHeartRate
Heart rate,2026-07-24 23:04:50+09:00,95.0,count/min,0,김아연의 Apple Watch,HKQuantityTypeIdentifierHeartRate
Heart rate,2026-07-24 23:12:10+09:00,88.0,count/min,0,김아연의 Apple Watch,HKQuantityTypeIdentifierHeartRate
Heart rate,2026-07-24 23:18:09+09:00,86.0,count/min,1,김아연의 Apple Watch,HKQuantityTypeIdentifierHeartRate
Heart rate,2026-07-24 23:21:20+09:00,84.0,count/min,1,김아연의 Apple Watch,HKQuantityTypeIdentifierHeartRate
Heart rate,2026-07-24 23:24:36+09:00,85.0,count/min,1,김아연의 Apple Watch,HKQuantityTypeIdentifierHeartRate
Heart rate,2026-07-24 23:29:26+09:00,84.0,count/min,1,김아연의 Apple Watch,HKQuantityTypeIdentifierHeartRate
Heart rate,2026-07-24 23:35:55+09:00,88.0,count/min,1,김아연의 Apple Watch,HKQuantityTypeIdentifierHeartRate
Heart rate,2026-07-24 23:44:19+09:00,83.0,count/min,1,김아연의 Apple Watch,HKQuantityTypeIdentifierHeartRate
Heart rate,2026-07-24 23:46:50+09:00,100.0,count/min,2,김아연의 Apple Watch,HKQuantityTypeIdentifierHeartRate
Heart rate,2026-07-24 23:49:17+09:00,106.0,count/min,2,김아연의 Apple Watch,HKQuantityTypeIdentifierHeartRate
Heart rate,2026-07-24 23:52:49+09:00,81.0,count/min,1,김아연의 Apple Watch,HKQuantityTypeIdentifierHeartRate
Heart rate,2026-07-24 23:59:19+09:00,80.0,count/min,1,김아연의 Apple Watch,HKQuantityTypeIdentifierHeartRate
Heart rate,2026-07-25 00:00:27+09:00,79.0,count/min,1,김아연의 Apple Watch,HKQuantityTypeIdentifierHeartRate
Heart rate,2026-07-25 00:05:29+09:00,111.0,count/min,2,김아연의 Apple Watch,HKQuantityTypeIdentifierHeartRate
Heart rate,2026-07-25 00:06:46+09:00,104.0,count/min,0,김아연의 Apple Watch,HKQuantityTypeIdentifierHeartRate
Heart rate,2026-07-25 00:06:51+09:00,106.0,count/min,0,김아연의 Apple Watch,HKQuantityTypeIdentifierHeartRate
Heart rate,2026-07-25 00:06:56+09:00,104.0,count/min,0,김아연의 Apple Watch,HKQuantityTypeIdentifierHeartRate
Heart rate,2026-07-25 00:06:57+09:00,105.0,count/min,0,김아연의 Apple Watch,HKQuantityTypeIdentifierHeartRate
Heart rate,2026-07-25 00:07:02+09:00,107.0,count/min,0,김아연의 Apple Watch,HKQuantityTypeIdentifierHeartRate
Heart rate,2026-07-25 00:07:11+09:00,107.0,count/min,0,김아연의 Apple Watch,HKQuantityTypeIdentifierHeartRate
Heart rate,2026-07-25 00:07:13+09:00,105.0,count/min,0,김아연의 Apple Watch,HKQuantityTypeIdentifierHeartRate
Heart rate,2026-07-25 00:07:20+09:00,106.0,count/min,0,김아연의 Apple Watch,HKQuantityTypeIdentifierHeartRate
Heart rate,2026-07-25 00:07:26+09:00,106.0,count/min,0,김아연의 Apple Watch,HKQuantityTypeIdentifierHeartRate
Heart rate,2026-07-25 00:07:30+09:00,105.0,count/min,0,김아연의 Apple Watch,HKQuantityTypeIdentifierHeartRate
Heart rate,2026-07-25 00:07:33+09:00,103.0,count/min,0,김아연의 Apple Watch,HKQuantityTypeIdentifierHeartRate
Heart rate,2026-07-25 00:07:37+09:00,103.0,count/min,0,김아연의 Apple Watch,HKQuantityTypeIdentifierHeartRate
Heart rate,2026-07-25 00:07:45+09:00,104.0,count/min,0,김아연의 Apple Watch,HKQuantityTypeIdentifierHeartRate
Heart rate,2026-07-25 00:07:49+09:00,105.0,count/min,0,김아연의 Apple Watch,HKQuantityTypeIdentifierHeartRate
Heart rate,2026-07-25 00:07:56+09:00,104.0,count/min,0,김아연의 Apple Watch,HKQuantityTypeIdentifierHeartRate
Heart rate,2026-07-25 00:07:57+09:00,104.0,count/min,0,김아연의 Apple Watch,HKQuantityTypeIdentifierHeartRate
Heart rate,2026-07-25 00:08:03+09:00,104.0,count/min,0,김아연의 Apple Watch,HKQuantityTypeIdentifierHeartRate
Heart rate,2026-07-25 00:08:07+09:00,103.0,count/min,0,김아연의 Apple Watch,HKQuantityTypeIdentifierHeartRate
Heart rate,2026-07-25 00:08:12+09:00,104.0,count/min,0,김아연의 Apple Watch,HKQuantityTypeIdentifierHeartRate
Heart rate,2026-07-25 00:08:17+09:00,104.0,count/min,0,김아연의 Apple Watch,HKQuantityTypeIdentifierHeartRate
Heart rate,2026-07-25 00:08:22+09:00,108.0,count/min,0,김아연의 Apple Watch,HKQuantityTypeIdentifierHeartRate
Heart rate,2026-07-25 00:08:31+09:00,108.0,count/min,0,김아연의 Apple Watch,HKQuantityTypeIdentifierHeartRate
Heart rate,2026-07-25 00:08:34+09:00,108.0,count/min,0,김아연의 Apple Watch,HKQuantityTypeIdentifierHeartRate
Heart rate,2026-07-25 00:08:39+09:00,109.0,count/min,0,김아연의 Apple Watch,HKQuantityTypeIdentifierHeartRate
Heart rate,2026-07-25 00:08:42+09:00,108.0,count/min,0,김아연의 Apple Watch,HKQuantityTypeIdentifierHeartRate
Heart rate,2026-07-25 00:08:51+09:00,106.0,count/min,0,김아연의 Apple Watch,HKQuantityTypeIdentifierHeartRate
Heart rate,2026-07-25 00:08:55+09:00,101.0,count/min,0,김아연의 Apple Watch,HKQuantityTypeIdentifierHeartRate
Heart rate,2026-07-25 00:09:01+09:00,98.0,count/min,0,김아연의 Apple Watch,HKQuantityTypeIdentifierHeartRate
Heart rate,2026-07-25 00:09:06+09:00,100.0,count/min,0,김아연의 Apple Watch,HKQuantityTypeIdentifierHeartRate
Heart rate,2026-07-25 00:11:14+09:00,101.0,count/min,0,김아연의 Apple Watch,HKQuantityTypeIdentifierHeartRate
Heart rate,2026-07-25 00:11:19+09:00,102.0,count/min,0,김아연의 Apple Watch,HKQuantityTypeIdentifierHeartRate
Heart rate,2026-07-25 00:11:20+09:00,101.0,count/min,0,김아연의 Apple Watch,HKQuantityTypeIdentifierHeartRate
Heart rate,2026-07-25 00:11:25+09:00,101.0,count/min,0,김아연의 Apple Watch,HKQuantityTypeIdentifierHeartRate
Heart rate,2026-07-25 00:11:34+09:00,102.0,count/min,0,김아연의 Apple Watch,HKQuantityTypeIdentifierHeartRate
Heart rate,2026-07-25 00:11:39+09:00,101.0,count/min,0,김아연의 Apple Watch,HKQuantityTypeIdentifierHeartRate
Heart rate,2026-07-25 00:11:41+09:00,100.0,count/min,0,김아연의 Apple Watch,HKQuantityTypeIdentifierHeartRate
Heart rate,2026-07-25 00:11:45+09:00,100.0,count/min,0,김아연의 Apple Watch,HKQuantityTypeIdentifierHeartRate
Heart rate,2026-07-25 00:11:54+09:00,98.0,count/min,0,김아연의 Apple Watch,HKQuantityTypeIdentifierHeartRate
Heart rate,2026-07-25 00:11:57+09:00,99.0,count/min,0,김아연의 Apple Watch,HKQuantityTypeIdentifierHeartRate
Heart rate,2026-07-25 00:12:01+09:00,101.0,count/min,0,김아연의 Apple Watch,HKQuantityTypeIdentifierHeartRate
Heart rate,2026-07-25 00:12:10+09:00,101.0,count/min,0,김아연의 Apple Watch,HKQuantityTypeIdentifierHeartRate
Heart rate,2026-07-25 00:12:13+09:00,102.0,count/min,0,김아연의 Apple Watch,HKQuantityTypeIdentifierHeartRate
Heart rate,2026-07-25 00:12:16+09:00,102.0,count/min,0,김아연의 Apple Watch,HKQuantityTypeIdentifierHeartRate
Heart rate,2026-07-25 00:12:21+09:00,106.0,count/min,0,김아연의 Apple Watch,HKQuantityTypeIdentifierHeartRate
Heart rate,2026-07-25 00:12:26+09:00,108.0,count/min,0,김아연의 Apple Watch,HKQuantityTypeIdentifierHeartRate
Heart rate,2026-07-25 00:12:31+09:00,107.0,count/min,0,김아연의 Apple Watch,HKQuantityTypeIdentifierHeartRate
Heart rate,2026-07-25 17:27:42+09:00,102.0,count/min,1,김아연의 Apple Watch,HKQuantityTypeIdentifierHeartRate
Heart rate,2026-07-25 17:30:03+09:00,138.0,count/min,2,김아연의 Apple Watch,HKQuantityTypeIdentifierHeartRate
Heart rate,2026-07-25 17:32:20+09:00,136.0,count/min,2,김아연의 Apple Watch,HKQuantityTypeIdentifierHeartRate
Heart rate,2026-07-25 17:34:22+09:00,138.0,count/min,0,김아연의 Apple Watch,HKQuantityTypeIdentifierHeartRate
Heart rate,2026-07-25 17:34:24+09:00,137.0,count/min,0,김아연의 Apple Watch,HKQuantityTypeIdentifierHeartRate
Heart rate,2026-07-25 17:34:31+09:00,140.0,count/min,0,김아연의 Apple Watch,HKQuantityTypeIdentifierHeartRate
Heart rate,2026-07-25 17:34:37+09:00,139.0,count/min,0,김아연의 Apple Watch,HKQuantityTypeIdentifierHeartRate
Heart rate,2026-07-25 17:34:38+09:00,139.0,count/min,0,김아연의 Apple Watch,HKQuantityTypeIdentifierHeartRate
Heart rate,2026-07-25 17:34:43+09:00,136.0,count/min,0,김아연의 Apple Watch,HKQuantityTypeIdentifierHeartRate
Heart rate,2026-07-25 17:34:49+09:00,132.0,count/min,0,김아연의 Apple Watch,HKQuantityTypeIdentifierHeartRate
Heart rate,2026-07-25 17:34:55+09:00,132.0,count/min,0,김아연의 Apple Watch,HKQuantityTypeIdentifierHeartRate
Heart rate,2026-07-25 17:34:58+09:00,130.0,count/min,0,김아연의 Apple Watch,HKQuantityTypeIdentifierHeartRate
Heart rate,2026-07-25 17:35:03+09:00,131.0,count/min,0,김아연의 Apple Watch,HKQuantityTypeIdentifierHeartRate
Heart rate,2026-07-25 17:35:08+09:00,131.0,count/min,0,김아연의 Apple Watch,HKQuantityTypeIdentifierHeartRate
Heart rate,2026-07-25 17:35:17+09:00,130.0,count/min,0,김아연의 Apple Watch,HKQuantityTypeIdentifierHeartRate
Heart rate,2026-07-25 17:35:18+09:00,130.0,count/min,0,김아연의 Apple Watch,HKQuantityTypeIdentifierHeartRate
Heart rate,2026-07-25 17:35:27+09:00,130.0,count/min,0,김아연의 Apple Watch,HKQuantityTypeIdentifierHeartRate
Heart rate,2026-07-25 17:35:32+09:00,129.0,count/min,0,김아연의 Apple Watch,HKQuantityTypeIdentifierHeartRate
Heart rate,2026-07-25 17:35:37+09:00,128.0,count/min,0,김아연의 Apple Watch,HKQuantityTypeIdentifierHeartRate
Heart rate,2026-07-25 17:35:41+09:00,126.0,count/min,0,김아연의 Apple Watch,HKQuantityTypeIdentifierHeartRate
Heart rate,2026-07-25 17:35:47+09:00,127.0,count/min,0,김아연의 Apple Watch,HKQuantityTypeIdentifierHeartRate
Heart rate,2026-07-25 17:35:48+09:00,127.0,count/min,0,김아연의 Apple Watch,HKQuantityTypeIdentifierHeartRate
Heart rate,2026-07-25 17:35:53+09:00,126.0,count/min,0,김아연의 Apple Watch,HKQuantityTypeIdentifierHeartRate
Heart rate,2026-07-25 17:36:02+09:00,125.0,count/min,0,김아연의 Apple Watch,HKQuantityTypeIdentifierHeartRate
Heart rate,2026-07-25 17:36:07+09:00,122.0,count/min,0,김아연의 Apple Watch,HKQuantityTypeIdentifierHeartRate
Heart rate,2026-07-25 17:37:20+09:00,116.0,count/min,0,김아연의 Apple Watch,HKQuantityTypeIdentifierHeartRate
Heart rate,2026-07-25 17:42:03+09:00,95.0,count/min,1,김아연의 Apple Watch,HKQuantityTypeIdentifierHeartRate
Heart rate,2026-07-25 17:44:42+09:00,119.0,count/min,2,김아연의 Apple Watch,HKQuantityTypeIdentifierHeartRate
Heart rate,2026-07-25 17:46:55+09:00,130.0,count/min,0,김아연의 Apple Watch,HKQuantityTypeIdentifierHeartRate
Heart rate,2026-07-25 17:47:00+09:00,130.0,count/min,0,김아연의 Apple Watch,HKQuantityTypeIdentifierHeartRate
Heart rate,2026-07-25 17:47:03+09:00,131.0,count/min,0,김아연의 Apple Watch,HKQuantityTypeIdentifierHeartRate
Heart rate,2026-07-25 17:47:06+09:00,132.0,count/min,0,김아연의 Apple Watch,HKQuantityTypeIdentifierHeartRate
Heart rate,2026-07-25 17:47:12+09:00,136.0,count/min,0,김아연의 Apple Watch,HKQuantityTypeIdentifierHeartRate
Heart rate,2026-07-25 17:47:19+09:00,136.0,count/min,0,김아연의 Apple Watch,HKQuantityTypeIdentifierHeartRate
Heart rate,2026-07-25 17:47:23+09:00,136.0,count/min,0,김아연의 Apple Watch,HKQuantityTypeIdentifierHeartRate
Heart rate,2026-07-25 17:47:29+09:00,136.0,count/min,0,김아연의 Apple Watch,HKQuantityTypeIdentifierHeartRate
Heart rate,2026-07-25 17:47:32+09:00,135.0,count/min,0,김아연의 Apple Watch,HKQuantityTypeIdentifierHeartRate
Heart rate,2026-07-25 17:47:36+09:00,134.0,count/min,0,김아연의 Apple Watch,HKQuantityTypeIdentifierHeartRate
Heart rate,2026-07-25 17:47:45+09:00,131.0,count/min,0,김아연의 Apple Watch,HKQuantityTypeIdentifierHeartRate
Heart rate,2026-07-25 17:47:46+09:00,131.0,count/min,0,김아연의 Apple Watch,HKQuantityTypeIdentifierHeartRate
Heart rate,2026-07-25 17:47:54+09:00,129.0,count/min,0,김아연의 Apple Watch,HKQuantityTypeIdentifierHeartRate
Heart rate,2026-07-25 17:47:56+09:00,129.0,count/min,0,김아연의 Apple Watch,HKQuantityTypeIdentifierHeartRate
Heart rate,2026-07-25 17:48:05+09:00,129.0,count/min,0,김아연의 Apple Watch,HKQuantityTypeIdentifierHeartRate
Heart rate,2026-07-25 17:48:07+09:00,130.0,count/min,0,김아연의 Apple Watch,HKQuantityTypeIdentifierHeartRate
Heart rate,2026-07-25 17:48:13+09:00,132.0,count/min,0,김아연의 Apple Watch,HKQuantityTypeIdentifierHeartRate
Heart rate,2026-07-25 17:48:17+09:00,133.0,count/min,0,김아연의 Apple Watch,HKQuantityTypeIdentifierHeartRate
Heart rate,2026-07-25 17:48:21+09:00,134.0,count/min,0,김아연의 Apple Watch,HKQuantityTypeIdentifierHeartRate
Heart rate,2026-07-25 17:48:28+09:00,140.0,count/min,0,김아연의 Apple Watch,HKQuantityTypeIdentifierHeartRate
Heart rate,2026-07-25 17:48:31+09:00,139.0,count/min,0,김아연의 Apple Watch,HKQuantityTypeIdentifierHeartRate
Heart rate,2026-07-25 17:48:39+09:00,145.0,count/min,0,김아연의 Apple Watch,HKQuantityTypeIdentifierHeartRate
Heart rate,2026-07-25 17:48:44+09:00,145.0,count/min,0,김아연의 Apple Watch,HKQuantityTypeIdentifierHeartRate
Heart rate,2026-07-25 17:48:46+09:00,145.0,count/min,0,김아연의 Apple Watch,HKQuantityTypeIdentifierHeartRate
Heart rate,2026-07-25 17:48:54+09:00,146.0,count/min,0,김아연의 Apple Watch,HKQuantityTypeIdentifierHeartRate
Heart rate,2026-07-25 17:49:54+09:00,138.0,count/min,0,김아연의 Apple Watch,HKQuantityTypeIdentifierHeartRate
Heart rate,2026-07-25 17:49:59+09:00,137.0,count/min,0,김아연의 Apple Watch,HKQuantityTypeIdentifierHeartRate
Heart rate,2026-07-25 17:50:02+09:00,135.0,count/min,0,김아연의 Apple Watch,HKQuantityTypeIdentifierHeartRate
Heart rate,2026-07-25 17:50:05+09:00,132.0,count/min,0,김아연의 Apple Watch,HKQuantityTypeIdentifierHeartRate
Heart rate,2026-07-25 17:50:10+09:00,132.0,count/min,0,김아연의 Apple Watch,HKQuantityTypeIdentifierHeartRate
Heart rate,2026-07-25 17:50:15+09:00,133.0,count/min,0,김아연의 Apple Watch,HKQuantityTypeIdentifierHeartRate
Heart rate,2026-07-25 17:50:20+09:00,130.0,count/min,0,김아연의 Apple Watch,HKQuantityTypeIdentifierHeartRate
Heart rate,2026-07-25 17:50:28+09:00,128.0,count/min,0,김아연의 Apple Watch,HKQuantityTypeIdentifierHeartRate
Heart rate,2026-07-25 17:51:23+09:00,116.0,count/min,0,김아연의 Apple Watch,HKQuantityTypeIdentifierHeartRate
Heart rate,2026-07-25 17:51:27+09:00,123.0,count/min,0,김아연의 Apple Watch,HKQuantityTypeIdentifierHeartRate
Heart rate,2026-07-25 17:51:33+09:00,129.0,count/min,0,김아연의 Apple Watch,HKQuantityTypeIdentifierHeartRate
Heart rate,2026-07-25 17:51:38+09:00,134.0,count/min,0,김아연의 Apple Watch,HKQuantityTypeIdentifierHeartRate
Heart rate,2026-07-25 17:51:39+09:00,134.0,count/min,0,김아연의 Apple Watch,HKQuantityTypeIdentifierHeartRate
Heart rate,2026-07-25 17:51:45+09:00,137.0,count/min,0,김아연의 Apple Watch,HKQuantityTypeIdentifierHeartRate
Heart rate,2026-07-25 17:51:50+09:00,136.0,count/min,0,김아연의 Apple Watch,HKQuantityTypeIdentifierHeartRate
Heart rate,2026-07-25 17:51:58+09:00,136.0,count/min,0,김아연의 Apple Watch,HKQuantityTypeIdentifierHeartRate
Heart rate,2026-07-25 17:51:59+09:00,136.0,count/min,0,김아연의 Apple Watch,HKQuantityTypeIdentifierHeartRate
Heart rate,2026-07-25 17:52:08+09:00,133.0,count/min,0,김아연의 Apple Watch,HKQuantityTypeIdentifierHeartRate
Heart rate,2026-07-25 17:52:13+09:00,133.0,count/min,0,김아연의 Apple Watch,HKQuantityTypeIdentifierHeartRate
Heart rate,2026-07-25 17:52:14+09:00,133.0,count/min,0,김아연의 Apple Watch,HKQuantityTypeIdentifierHeartRate
Heart rate,2026-07-25 17:52:23+09:00,127.0,count/min,0,김아연의 Apple Watch,HKQuantityTypeIdentifierHeartRate
Heart rate,2026-07-25 17:52:25+09:00,125.0,count/min,0,김아연의 Apple Watch,HKQuantityTypeIdentifierHeartRate
Heart rate,2026-07-25 17:52:33+09:00,119.0,count/min,0,김아연의 Apple Watch,HKQuantityTypeIdentifierHeartRate
Heart rate,2026-07-25 17:52:34+09:00,119.0,count/min,0,김아연의 Apple Watch,HKQuantityTypeIdentifierHeartRate
Heart rate,2026-07-25 17:52:39+09:00,117.0,count/min,0,김아연의 Apple Watch,HKQuantityTypeIdentifierHeartRate
Heart rate,2026-07-25 17:52:49+09:00,119.0,count/min,0,김아연의 Apple Watch,HKQuantityTypeIdentifierHeartRate
Heart rate,2026-07-25 17:52:54+09:00,121.0,count/min,0,김아연의 Apple Watch,HKQuantityTypeIdentifierHeartRate
Heart rate,2026-07-25 17:52:59+09:00,125.0,count/min,0,김아연의 Apple Watch,HKQuantityTypeIdentifierHeartRate
Heart rate,2026-07-25 17:53:01+09:00,126.0,count/min,0,김아연의 Apple Watch,HKQuantityTypeIdentifierHeartRate
Heart rate,2026-07-25 17:53:09+09:00,130.0,count/min,0,김아연의 Apple Watch,HKQuantityTypeIdentifierHeartRate
Heart rate,2026-07-25 17:53:12+09:00,131.0,count/min,0,김아연의 Apple Watch,HKQuantityTypeIdentifierHeartRate
Heart rate,2026-07-25 17:53:18+09:00,130.0,count/min,0,김아연의 Apple Watch,HKQuantityTypeIdentifierHeartRate
Heart rate,2026-07-25 17:53:23+09:00,129.0,count/min,0,김아연의 Apple Watch,HKQuantityTypeIdentifierHeartRate
Heart rate,2026-07-25 17:53:27+09:00,127.0,count/min,0,김아연의 Apple Watch,HKQuantityTypeIdentifierHeartRate
Heart rate,2026-07-25 17:53:33+09:00,127.0,count/min,0,김아연의 Apple Watch,HKQuantityTypeIdentifierHeartRate
Heart rate,2026-07-25 17:53:39+09:00,129.0,count/min,0,김아연의 Apple Watch,HKQuantityTypeIdentifierHeartRate
Heart rate,2026-07-25 17:53:44+09:00,127.0,count/min,0,김아연의 Apple Watch,HKQuantityTypeIdentifierHeartRate
Heart rate,2026-07-25 17:53:48+09:00,125.0,count/min,0,김아연의 Apple Watch,HKQuantityTypeIdentifierHeartRate
Heart rate,2026-07-25 17:53:53+09:00,125.0,count/min,0,김아연의 Apple Watch,HKQuantityTypeIdentifierHeartRate
Heart rate,2026-07-25 17:53:55+09:00,125.0,count/min,0,김아연의 Apple Watch,HKQuantityTypeIdentifierHeartRate
Heart rate,2026-07-25 17:54:04+09:00,114.0,count/min,0,김아연의 Apple Watch,HKQuantityTypeIdentifierHeartRate
Heart rate,2026-07-25 17:54:09+09:00,116.0,count/min,0,김아연의 Apple Watch,HKQuantityTypeIdentifierHeartRate
Heart rate,2026-07-25 17:54:11+09:00,116.0,count/min,0,김아연의 Apple Watch,HKQuantityTypeIdentifierHeartRate
Heart rate,2026-07-25 17:54:18+09:00,114.0,count/min,0,김아연의 Apple Watch,HKQuantityTypeIdentifierHeartRate
Heart rate,2026-07-25 17:54:20+09:00,114.0,count/min,0,김아연의 Apple Watch,HKQuantityTypeIdentifierHeartRate
Heart rate,2026-07-25 17:54:27+09:00,115.0,count/min,0,김아연의 Apple Watch,HKQuantityTypeIdentifierHeartRate
Heart rate,2026-07-25 17:54:30+09:00,116.0,count/min,0,김아연의 Apple Watch,HKQuantityTypeIdentifierHeartRate
Heart rate,2026-07-25 17:54:35+09:00,118.0,count/min,0,김아연의 Apple Watch,HKQuantityTypeIdentifierHeartRate
Heart rate,2026-07-25 17:54:44+09:00,119.0,count/min,0,김아연의 Apple Watch,HKQuantityTypeIdentifierHeartRate
Heart rate,2026-07-25 17:54:49+09:00,121.0,count/min,0,김아연의 Apple Watch,HKQuantityTypeIdentifierHeartRate
Heart rate,2026-07-25 17:54:50+09:00,121.0,count/min,0,김아연의 Apple Watch,HKQuantityTypeIdentifierHeartRate
Heart rate,2026-07-25 17:54:56+09:00,115.0,count/min,0,김아연의 Apple Watch,HKQuantityTypeIdentifierHeartRate
Heart rate,2026-07-25 17:55:01+09:00,120.0,count/min,0,김아연의 Apple Watch,HKQuantityTypeIdentifierHeartRate
Heart rate,2026-07-25 17:55:07+09:00,123.0,count/min,0,김아연의 Apple Watch,HKQuantityTypeIdentifierHeartRate
Heart rate,2026-07-25 17:55:10+09:00,122.0,count/min,0,김아연의 Apple Watch,HKQuantityTypeIdentifierHeartRate
Heart rate,2026-07-25 17:55:19+09:00,118.0,count/min,0,김아연의 Apple Watch,HKQuantityTypeIdentifierHeartRate
Heart rate,2026-07-25 17:55:22+09:00,119.0,count/min,0,김아연의 Apple Watch,HKQuantityTypeIdentifierHeartRate
Heart rate,2026-07-25 17:55:29+09:00,116.0,count/min,0,김아연의 Apple Watch,HKQuantityTypeIdentifierHeartRate
Heart rate,2026-07-25 17:55:33+09:00,116.0,count/min,0,김아연의 Apple Watch,HKQuantityTypeIdentifierHeartRate
Heart rate,2026-07-25 17:55:35+09:00,117.0,count/min,0,김아연의 Apple Watch,HKQuantityTypeIdentifierHeartRate
Heart rate,2026-07-25 17:55:43+09:00,122.0,count/min,0,김아연의 Apple Watch,HKQuantityTypeIdentifierHeartRate
Heart rate,2026-07-25 17:55:47+09:00,121.0,count/min,0,김아연의 Apple Watch,HKQuantityTypeIdentifierHeartRate
Heart rate,2026-07-25 17:55:54+09:00,124.0,count/min,0,김아연의 Apple Watch,HKQuantityTypeIdentifierHeartRate
Heart rate,2026-07-25 17:55:55+09:00,124.0,count/min,0,김아연의 Apple Watch,HKQuantityTypeIdentifierHeartRate
Heart rate,2026-07-25 17:56:00+09:00,121.0,count/min,0,김아연의 Apple Watch,HKQuantityTypeIdentifierHeartRate
Heart rate,2026-07-25 17:56:09+09:00,114.0,count/min,0,김아연의 Apple Watch,HKQuantityTypeIdentifierHeartRate
Heart rate,2026-07-25 17:56:13+09:00,112.0,count/min,0,김아연의 Apple Watch,HKQuantityTypeIdentifierHeartRate
Heart rate,2026-07-25 17:56:18+09:00,113.0,count/min,0,김아연의 Apple Watch,HKQuantityTypeIdentifierHeartRate
Heart rate,2026-07-25 17:56:22+09:00,113.0,count/min,0,김아연의 Apple Watch,HKQuantityTypeIdentifierHeartRate
Heart rate,2026-07-25 17:56:25+09:00,115.0,count/min,0,김아연의 Apple Watch,HKQuantityTypeIdentifierHeartRate
Heart rate,2026-07-25 17:56:30+09:00,117.0,count/min,0,김아연의 Apple Watch,HKQuantityTypeIdentifierHeartRate
Heart rate,2026-07-25 17:56:39+09:00,121.0,count/min,0,김아연의 Apple Watch,HKQuantityTypeIdentifierHeartRate
Heart rate,2026-07-25 17:56:43+09:00,121.0,count/min,0,김아연의 Apple Watch,HKQuantityTypeIdentifierHeartRate
Heart rate,2026-07-25 17:56:49+09:00,124.0,count/min,0,김아연의 Apple Watch,HKQuantityTypeIdentifierHeartRate
Heart rate,2026-07-25 17:56:50+09:00,124.0,count/min,0,김아연의 Apple Watch,HKQuantityTypeIdentifierHeartRate
Heart rate,2026-07-25 17:56:59+09:00,124.0,count/min,0,김아연의 Apple Watch,HKQuantityTypeIdentifierHeartRate
Heart rate,2026-07-25 17:57:01+09:00,124.0,count/min,0,김아연의 Apple Watch,HKQuantityTypeIdentifierHeartRate
Heart rate,2026-07-25 17:57:08+09:00,124.0,count/min,0,김아연의 Apple Watch,HKQuantityTypeIdentifierHeartRate
Heart rate,2026-07-25 17:57:10+09:00,124.0,count/min,0,김아연의 Apple Watch,HKQuantityTypeIdentifierHeartRate
Heart rate,2026-07-25 17:57:16+09:00,125.0,count/min,0,김아연의 Apple Watch,HKQuantityTypeIdentifierHeartRate
Heart rate,2026-07-25 17:57:20+09:00,125.0,count/min,0,김아연의 Apple Watch,HKQuantityTypeIdentifierHeartRate
Heart rate,2026-07-25 17:57:29+09:00,127.0,count/min,0,김아연의 Apple Watch,HKQuantityTypeIdentifierHeartRate
Heart rate,2026-07-25 17:57:34+09:00,127.0,count/min,0,김아연의 Apple Watch,HKQuantityTypeIdentifierHeartRate
Heart rate,2026-07-25 17:57:38+09:00,126.0,count/min,0,김아연의 Apple Watch,HKQuantityTypeIdentifierHeartRate
Heart rate,2026-07-25 17:57:40+09:00,127.0,count/min,0,김아연의 Apple Watch,HKQuantityTypeIdentifierHeartRate
Heart rate,2026-07-25 17:57:47+09:00,125.0,count/min,0,김아연의 Apple Watch,HKQuantityTypeIdentifierHeartRate
Heart rate,2026-07-25 17:57:51+09:00,124.0,count/min,0,김아연의 Apple Watch,HKQuantityTypeIdentifierHeartRate
Heart rate,2026-07-25 17:57:56+09:00,124.0,count/min,0,김아연의 Apple Watch,HKQuantityTypeIdentifierHeartRate
Heart rate,2026-07-25 17:58:01+09:00,123.0,count/min,0,김아연의 Apple Watch,HKQuantityTypeIdentifierHeartRate
Heart rate,2026-07-25 17:58:05+09:00,123.0,count/min,0,김아연의 Apple Watch,HKQuantityTypeIdentifierHeartRate
Heart rate,2026-07-25 17:58:12+09:00,126.0,count/min,0,김아연의 Apple Watch,HKQuantityTypeIdentifierHeartRate
Heart rate,2026-07-25 17:58:15+09:00,127.0,count/min,0,김아연의 Apple Watch,HKQuantityTypeIdentifierHeartRate
Heart rate,2026-07-25 17:58:23+09:00,125.0,count/min,0,김아연의 Apple Watch,HKQuantityTypeIdentifierHeartRate
Heart rate,2026-07-25 17:58:25+09:00,125.0,count/min,0,김아연의 Apple Watch,HKQuantityTypeIdentifierHeartRate
Heart rate,2026-07-25 17:58:32+09:00,125.0,count/min,0,김아연의 Apple Watch,HKQuantityTypeIdentifierHeartRate
Heart rate,2026-07-25 17:58:36+09:00,124.0,count/min,0,김아연의 Apple Watch,HKQuantityTypeIdentifierHeartRate
Heart rate,2026-07-25 17:58:43+09:00,121.0,count/min,0,김아연의 Apple Watch,HKQuantityTypeIdentifierHeartRate
Heart rate,2026-07-25 17:58:46+09:00,120.0,count/min,0,김아연의 Apple Watch,HKQuantityTypeIdentifierHeartRate
Heart rate,2026-07-25 17:58:52+09:00,119.0,count/min,0,김아연의 Apple Watch,HKQuantityTypeIdentifierHeartRate
Heart rate,2026-07-25 17:58:59+09:00,122.0,count/min,0,김아연의 Apple Watch,HKQuantityTypeIdentifierHeartRate
Heart rate,2026-07-25 17:59:00+09:00,122.0,count/min,0,김아연의 Apple Watch,HKQuantityTypeIdentifierHeartRate
Heart rate,2026-07-25 17:59:08+09:00,122.0,count/min,0,김아연의 Apple Watch,HKQuantityTypeIdentifierHeartRate
Heart rate,2026-07-25 17:59:11+09:00,122.0,count/min,0,김아연의 Apple Watch,HKQuantityTypeIdentifierHeartRate
Heart rate,2026-07-25 17:59:26+09:00,118.0,count/min,0,김아연의 Apple Watch,HKQuantityTypeIdentifierHeartRate
Heart rate,2026-07-25 17:59:31+09:00,119.0,count/min,0,김아연의 Apple Watch,HKQuantityTypeIdentifierHeartRate
Heart rate,2026-07-25 17:59:36+09:00,115.0,count/min,0,김아연의 Apple Watch,HKQuantityTypeIdentifierHeartRate
Heart rate,2026-07-25 17:59:40+09:00,116.0,count/min,0,김아연의 Apple Watch,HKQuantityTypeIdentifierHeartRate
Heart rate,2026-07-25 17:59:42+09:00,116.0,count/min,0,김아연의 Apple Watch,HKQuantityTypeIdentifierHeartRate
Heart rate,2026-07-25 17:59:48+09:00,115.0,count/min,0,김아연의 Apple Watch,HKQuantityTypeIdentifierHeartRate
Heart rate,2026-07-25 18:03:21+09:00,116.0,count/min,0,김아연의 Apple Watch,HKQuantityTypeIdentifierHeartRate
Heart rate,2026-07-25 18:03:23+09:00,116.0,count/min,0,김아연의 Apple Watch,HKQuantityTypeIdentifierHeartRate
Heart rate,2026-07-25 18:03:27+09:00,117.0,count/min,0,김아연의 Apple Watch,HKQuantityTypeIdentifierHeartRate
Heart rate,2026-07-25 18:03:32+09:00,118.0,count/min,0,김아연의 Apple Watch,HKQuantityTypeIdentifierHeartRate
Heart rate,2026-07-25 18:03:38+09:00,118.0,count/min,0,김아연의 Apple Watch,HKQuantityTypeIdentifierHeartRate
Heart rate,2026-07-25 18:03:42+09:00,118.0,count/min,0,김아연의 Apple Watch,HKQuantityTypeIdentifierHeartRate
Heart rate,2026-07-25 18:03:47+09:00,115.0,count/min,0,김아연의 Apple Watch,HKQuantityTypeIdentifierHeartRate
Heart rate,2026-07-25 18:03:56+09:00,113.0,count/min,0,김아연의 Apple Watch,HKQuantityTypeIdentifierHeartRate
Heart rate,2026-07-25 18:04:00+09:00,112.0,count/min,0,김아연의 Apple Watch,HKQuantityTypeIdentifierHeartRate
Heart rate,2026-07-25 18:04:06+09:00,112.0,count/min,0,김아연의 Apple Watch,HKQuantityTypeIdentifierHeartRate
Heart rate,2026-07-25 18:04:07+09:00,111.0,count/min,0,김아연의 Apple Watch,HKQuantityTypeIdentifierHeartRate
Heart rate,2026-07-25 18:04:12+09:00,113.0,count/min,0,김아연의 Apple Watch,HKQuantityTypeIdentifierHeartRate
Heart rate,2026-07-25 18:04:21+09:00,117.0,count/min,0,김아연의 Apple Watch,HKQuantityTypeIdentifierHeartRate
Heart rate,2026-07-25 18:04:26+09:00,117.0,count/min,0,김아연의 Apple Watch,HKQuantityTypeIdentifierHeartRate
Heart rate,2026-07-25 18:04:27+09:00,117.0,count/min,0,김아연의 Apple Watch,HKQuantityTypeIdentifierHeartRate
Heart rate,2026-07-25 18:04:35+09:00,114.0,count/min,0,김아연의 Apple Watch,HKQuantityTypeIdentifierHeartRate
Heart rate,2026-07-25 18:04:40+09:00,113.0,count/min,0,김아연의 Apple Watch,HKQuantityTypeIdentifierHeartRate
Heart rate,2026-07-25 18:04:44+09:00,113.0,count/min,0,김아연의 Apple Watch,HKQuantityTypeIdentifierHeartRate
Heart rate,2026-07-25 18:04:50+09:00,115.0,count/min,0,김아연의 Apple Watch,HKQuantityTypeIdentifierHeartRate
Heart rate,2026-07-25 18:04:53+09:00,115.0,count/min,0,김아연의 Apple Watch,HKQuantityTypeIdentifierHeartRate
Heart rate,2026-07-25 18:04:57+09:00,117.0,count/min,0,김아연의 Apple Watch,HKQuantityTypeIdentifierHeartRate
Heart rate,2026-07-25 18:05:06+09:00,117.0,count/min,0,김아연의 Apple Watch,HKQuantityTypeIdentifierHeartRate
Heart rate,2026-07-25 18:05:10+09:00,116.0,count/min,0,김아연의 Apple Watch,HKQuantityTypeIdentifierHeartRate
Heart rate,2026-07-25 18:05:12+09:00,116.0,count/min,0,김아연의 Apple Watch,HKQuantityTypeIdentifierHeartRate
Heart rate,2026-07-25 18:05:21+09:00,115.0,count/min,0,김아연의 Apple Watch,HKQuantityTypeIdentifierHeartRate
Heart rate,2026-07-25 18:05:26+09:00,115.0,count/min,0,김아연의 Apple Watch,HKQuantityTypeIdentifierHeartRate
Heart rate,2026-07-25 18:05:28+09:00,114.0,count/min,0,김아연의 Apple Watch,HKQuantityTypeIdentifierHeartRate
Heart rate,2026-07-25 18:05:32+09:00,112.0,count/min,0,김아연의 Apple Watch,HKQuantityTypeIdentifierHeartRate
Heart rate,2026-07-25 18:05:41+09:00,113.0,count/min,0,김아연의 Apple Watch,HKQuantityTypeIdentifierHeartRate
Heart rate,2026-07-25 18:05:43+09:00,113.0,count/min,0,김아연의 Apple Watch,HKQuantityTypeIdentifierHeartRate
Heart rate,2026-07-25 18:05:50+09:00,114.0,count/min,0,김아연의 Apple Watch,HKQuantityTypeIdentifierHeartRate
Heart rate,2026-07-25 18:05:52+09:00,114.0,count/min,0,김아연의 Apple Watch,HKQuantityTypeIdentifierHeartRate
Heart rate,2026-07-25 18:06:01+09:00,112.0,count/min,0,김아연의 Apple Watch,HKQuantityTypeIdentifierHeartRate
Heart rate,2026-07-25 18:06:05+09:00,116.0,count/min,0,김아연의 Apple Watch,HKQuantityTypeIdentifierHeartRate
Heart rate,2026-07-25 18:06:07+09:00,117.0,count/min,0,김아연의 Apple Watch,HKQuantityTypeIdentifierHeartRate
Heart rate,2026-07-25 18:06:13+09:00,117.0,count/min,0,김아연의 Apple Watch,HKQuantityTypeIdentifierHeartRate
Heart rate,2026-07-25 18:06:21+09:00,115.0,count/min,0,김아연의 Apple Watch,HKQuantityTypeIdentifierHeartRate
Heart rate,2026-07-25 18:06:22+09:00,114.0,count/min,0,김아연의 Apple Watch,HKQuantityTypeIdentifierHeartRate
Heart rate,2026-07-25 18:06:27+09:00,113.0,count/min,0,김아연의 Apple Watch,HKQuantityTypeIdentifierHeartRate
Heart rate,2026-07-25 18:06:32+09:00,113.0,count/min,0,김아연의 Apple Watch,HKQuantityTypeIdentifierHeartRate
Heart rate,2026-07-25 18:06:37+09:00,112.0,count/min,0,김아연의 Apple Watch,HKQuantityTypeIdentifierHeartRate
Heart rate,2026-07-25 18:06:46+09:00,114.0,count/min,0,김아연의 Apple Watch,HKQuantityTypeIdentifierHeartRate
Heart rate,2026-07-25 18:06:51+09:00,117.0,count/min,0,김아연의 Apple Watch,HKQuantityTypeIdentifierHeartRate
Heart rate,2026-07-25 18:06:52+09:00,117.0,count/min,0,김아연의 Apple Watch,HKQuantityTypeIdentifierHeartRate
Heart rate,2026-07-25 18:07:01+09:00,116.0,count/min,0,김아연의 Apple Watch,HKQuantityTypeIdentifierHeartRate
Heart rate,2026-07-25 18:07:03+09:00,117.0,count/min,0,김아연의 Apple Watch,HKQuantityTypeIdentifierHeartRate
Heart rate,2026-07-25 18:07:07+09:00,117.0,count/min,0,김아연의 Apple Watch,HKQuantityTypeIdentifierHeartRate
Heart rate,2026-07-25 18:07:14+09:00,119.0,count/min,0,김아연의 Apple Watch,HKQuantityTypeIdentifierHeartRate
Heart rate,2026-07-25 18:07:19+09:00,119.0,count/min,0,김아연의 Apple Watch,HKQuantityTypeIdentifierHeartRate
Heart rate,2026-07-25 18:07:22+09:00,121.0,count/min,0,김아연의 Apple Watch,HKQuantityTypeIdentifierHeartRate
Heart rate,2026-07-25 18:07:31+09:00,127.0,count/min,0,김아연의 Apple Watch,HKQuantityTypeIdentifierHeartRate
Heart rate,2026-07-25 18:07:36+09:00,128.0,count/min,0,김아연의 Apple Watch,HKQuantityTypeIdentifierHeartRate
Heart rate,2026-07-25 18:07:37+09:00,128.0,count/min,0,김아연의 Apple Watch,HKQuantityTypeIdentifierHeartRate
Heart rate,2026-07-25 18:07:44+09:00,130.0,count/min,0,김아연의 Apple Watch,HKQuantityTypeIdentifierHeartRate
Heart rate,2026-07-25 18:07:51+09:00,131.0,count/min,0,김아연의 Apple Watch,HKQuantityTypeIdentifierHeartRate
Heart rate,2026-07-25 18:07:56+09:00,131.0,count/min,0,김아연의 Apple Watch,HKQuantityTypeIdentifierHeartRate
Heart rate,2026-07-25 18:07:57+09:00,130.0,count/min,0,김아연의 Apple Watch,HKQuantityTypeIdentifierHeartRate
Heart rate,2026-07-25 18:08:04+09:00,130.0,count/min,0,김아연의 Apple Watch,HKQuantityTypeIdentifierHeartRate
Heart rate,2026-07-25 18:08:07+09:00,130.0,count/min,0,김아연의 Apple Watch,HKQuantityTypeIdentifierHeartRate
Heart rate,2026-07-25 18:08:12+09:00,128.0,count/min,0,김아연의 Apple Watch,HKQuantityTypeIdentifierHeartRate
Heart rate,2026-07-25 18:08:17+09:00,127.0,count/min,0,김아연의 Apple Watch,HKQuantityTypeIdentifierHeartRate
Heart rate,2026-07-25 18:08:26+09:00,130.0,count/min,0,김아연의 Apple Watch,HKQuantityTypeIdentifierHeartRate
Heart rate,2026-07-25 18:08:31+09:00,127.0,count/min,0,김아연의 Apple Watch,HKQuantityTypeIdentifierHeartRate
Heart rate,2026-07-25 18:08:35+09:00,126.0,count/min,0,김아연의 Apple Watch,HKQuantityTypeIdentifierHeartRate
Heart rate,2026-07-25 18:08:41+09:00,126.0,count/min,0,김아연의 Apple Watch,HKQuantityTypeIdentifierHeartRate
Heart rate,2026-07-25 18:08:44+09:00,126.0,count/min,0,김아연의 Apple Watch,HKQuantityTypeIdentifierHeartRate
Heart rate,2026-07-25 18:08:50+09:00,124.0,count/min,0,김아연의 Apple Watch,HKQuantityTypeIdentifierHeartRate
Heart rate,2026-07-25 18:08:54+09:00,121.0,count/min,0,김아연의 Apple Watch,HKQuantityTypeIdentifierHeartRate
Heart rate,2026-07-25 18:08:58+09:00,121.0,count/min,0,김아연의 Apple Watch,HKQuantityTypeIdentifierHeartRate
Heart rate,2026-07-25 18:09:06+09:00,124.0,count/min,0,김아연의 Apple Watch,HKQuantityTypeIdentifierHeartRate
Heart rate,2026-07-25 18:09:07+09:00,124.0,count/min,0,김아연의 Apple Watch,HKQuantityTypeIdentifierHeartRate
Heart rate,2026-07-25 18:09:13+09:00,125.0,count/min,0,김아연의 Apple Watch,HKQuantityTypeIdentifierHeartRate
Heart rate,2026-07-25 18:09:19+09:00,123.0,count/min,0,김아연의 Apple Watch,HKQuantityTypeIdentifierHeartRate
Heart rate,2026-07-25 18:09:25+09:00,123.0,count/min,0,김아연의 Apple Watch,HKQuantityTypeIdentifierHeartRate
Heart rate,2026-07-25 18:09:31+09:00,123.0,count/min,0,김아연의 Apple Watch,HKQuantityTypeIdentifierHeartRate
Heart rate,2026-07-25 18:09:35+09:00,124.0,count/min,0,김아연의 Apple Watch,HKQuantityTypeIdentifierHeartRate
Heart rate,2026-07-25 18:09:39+09:00,123.0,count/min,0,김아연의 Apple Watch,HKQuantityTypeIdentifierHeartRate
Heart rate,2026-07-25 18:09:44+09:00,122.0,count/min,0,김아연의 Apple Watch,HKQuantityTypeIdentifierHeartRate
Heart rate,2026-07-25 18:09:48+09:00,118.0,count/min,0,김아연의 Apple Watch,HKQuantityTypeIdentifierHeartRate
Heart rate,2026-07-25 18:09:52+09:00,118.0,count/min,0,김아연의 Apple Watch,HKQuantityTypeIdentifierHeartRate
Heart rate,2026-07-25 18:10:00+09:00,117.0,count/min,0,김아연의 Apple Watch,HKQuantityTypeIdentifierHeartRate
Heart rate,2026-07-25 18:10:07+09:00,121.0,count/min,0,김아연의 Apple Watch,HKQuantityTypeIdentifierHeartRate
Heart rate,2026-07-25 18:10:09+09:00,121.0,count/min,0,김아연의 Apple Watch,HKQuantityTypeIdentifierHeartRate
Heart rate,2026-07-25 18:10:13+09:00,119.0,count/min,0,김아연의 Apple Watch,HKQuantityTypeIdentifierHeartRate
Heart rate,2026-07-25 18:10:20+09:00,118.0,count/min,0,김아연의 Apple Watch,HKQuantityTypeIdentifierHeartRate
Heart rate,2026-07-25 18:10:27+09:00,117.0,count/min,0,김아연의 Apple Watch,HKQuantityTypeIdentifierHeartRate
Heart rate,2026-07-25 18:10:29+09:00,116.0,count/min,0,김아연의 Apple Watch,HKQuantityTypeIdentifierHeartRate
Heart rate,2026-07-25 18:10:37+09:00,117.0,count/min,0,김아연의 Apple Watch,HKQuantityTypeIdentifierHeartRate
Heart rate,2026-07-25 18:10:42+09:00,119.0,count/min,0,김아연의 Apple Watch,HKQuantityTypeIdentifierHeartRate
Heart rate,2026-07-25 18:10:43+09:00,119.0,count/min,0,김아연의 Apple Watch,HKQuantityTypeIdentifierHeartRate
Heart rate,2026-07-25 18:10:51+09:00,119.0,count/min,0,김아연의 Apple Watch,HKQuantityTypeIdentifierHeartRate
Heart rate,2026-07-25 18:10:53+09:00,119.0,count/min,0,김아연의 Apple Watch,HKQuantityTypeIdentifierHeartRate
Heart rate,2026-07-25 18:10:58+09:00,119.0,count/min,0,김아연의 Apple Watch,HKQuantityTypeIdentifierHeartRate
Heart rate,2026-07-25 18:11:07+09:00,114.0,count/min,0,김아연의 Apple Watch,HKQuantityTypeIdentifierHeartRate
Heart rate,2026-07-25 18:11:09+09:00,112.0,count/min,0,김아연의 Apple Watch,HKQuantityTypeIdentifierHeartRate
Heart rate,2026-07-25 18:11:13+09:00,110.0,count/min,0,김아연의 Apple Watch,HKQuantityTypeIdentifierHeartRate
Heart rate,2026-07-25 18:11:21+09:00,111.0,count/min,0,김아연의 Apple Watch,HKQuantityTypeIdentifierHeartRate
Heart rate,2026-07-25 18:11:27+09:00,110.0,count/min,0,김아연의 Apple Watch,HKQuantityTypeIdentifierHeartRate
Heart rate,2026-07-25 18:11:28+09:00,110.0,count/min,0,김아연의 Apple Watch,HKQuantityTypeIdentifierHeartRate
Heart rate,2026-07-25 18:11:33+09:00,111.0,count/min,0,김아연의 Apple Watch,HKQuantityTypeIdentifierHeartRate
Heart rate,2026-07-25 18:11:42+09:00,113.0,count/min,0,김아연의 Apple Watch,HKQuantityTypeIdentifierHeartRate
Heart rate,2026-07-25 18:11:47+09:00,115.0,count/min,0,김아연의 Apple Watch,HKQuantityTypeIdentifierHeartRate
Heart rate,2026-07-25 18:11:48+09:00,115.0,count/min,0,김아연의 Apple Watch,HKQuantityTypeIdentifierHeartRate
Heart rate,2026-07-25 18:11:53+09:00,117.0,count/min,0,김아연의 Apple Watch,HKQuantityTypeIdentifierHeartRate
Heart rate,2026-07-25 18:12:02+09:00,119.0,count/min,0,김아연의 Apple Watch,HKQuantityTypeIdentifierHeartRate
Heart rate,2026-07-25 18:12:07+09:00,118.0,count/min,0,김아연의 Apple Watch,HKQuantityTypeIdentifierHeartRate
Heart rate,2026-07-25 18:12:12+09:00,115.0,count/min,0,김아연의 Apple Watch,HKQuantityTypeIdentifierHeartRate
Heart rate,2026-07-25 18:12:13+09:00,115.0,count/min,0,김아연의 Apple Watch,HKQuantityTypeIdentifierHeartRate
Heart rate,2026-07-25 18:12:22+09:00,117.0,count/min,0,김아연의 Apple Watch,HKQuantityTypeIdentifierHeartRate
Heart rate,2026-07-25 18:12:25+09:00,117.0,count/min,0,김아연의 Apple Watch,HKQuantityTypeIdentifierHeartRate
Heart rate,2026-07-25 18:12:28+09:00,117.0,count/min,0,김아연의 Apple Watch,HKQuantityTypeIdentifierHeartRate
Heart rate,2026-07-25 18:12:35+09:00,118.0,count/min,0,김아연의 Apple Watch,HKQuantityTypeIdentifierHeartRate
Heart rate,2026-07-25 18:12:42+09:00,117.0,count/min,0,김아연의 Apple Watch,HKQuantityTypeIdentifierHeartRate
Heart rate,2026-07-25 18:12:47+09:00,119.0,count/min,0,김아연의 Apple Watch,HKQuantityTypeIdentifierHeartRate
Heart rate,2026-07-25 18:12:51+09:00,120.0,count/min,0,김아연의 Apple Watch,HKQuantityTypeIdentifierHeartRate
Heart rate,2026-07-25 18:12:53+09:00,119.0,count/min,0,김아연의 Apple Watch,HKQuantityTypeIdentifierHeartRate
Heart rate,2026-07-25 18:13:02+09:00,121.0,count/min,0,김아연의 Apple Watch,HKQuantityTypeIdentifierHeartRate
Heart rate,2026-07-25 18:13:06+09:00,120.0,count/min,0,김아연의 Apple Watch,HKQuantityTypeIdentifierHeartRate
Heart rate,2026-07-25 18:13:10+09:00,117.0,count/min,0,김아연의 Apple Watch,HKQuantityTypeIdentifierHeartRate
Heart rate,2026-07-25 18:13:13+09:00,117.0,count/min,0,김아연의 Apple Watch,HKQuantityTypeIdentifierHeartRate
Heart rate,2026-07-25 18:13:21+09:00,117.0,count/min,0,김아연의 Apple Watch,HKQuantityTypeIdentifierHeartRate
Heart rate,2026-07-25 18:13:23+09:00,117.0,count/min,0,김아연의 Apple Watch,HKQuantityTypeIdentifierHeartRate
Heart rate,2026-07-25 18:13:31+09:00,114.0,count/min,0,김아연의 Apple Watch,HKQuantityTypeIdentifierHeartRate
Heart rate,2026-07-25 18:13:37+09:00,113.0,count/min,0,김아연의 Apple Watch,HKQuantityTypeIdentifierHeartRate
Heart rate,2026-07-25 18:13:39+09:00,113.0,count/min,0,김아연의 Apple Watch,HKQuantityTypeIdentifierHeartRate
Heart rate,2026-07-25 18:13:47+09:00,108.0,count/min,0,김아연의 Apple Watch,HKQuantityTypeIdentifierHeartRate
Heart rate,2026-07-25 18:13:52+09:00,109.0,count/min,0,김아연의 Apple Watch,HKQuantityTypeIdentifierHeartRate
Heart rate,2026-07-25 18:13:54+09:00,107.0,count/min,0,김아연의 Apple Watch,HKQuantityTypeIdentifierHeartRate
Heart rate,2026-07-25 18:14:02+09:00,109.0,count/min,0,김아연의 Apple Watch,HKQuantityTypeIdentifierHeartRate
Heart rate,2026-07-25 18:14:07+09:00,108.0,count/min,0,김아연의 Apple Watch,HKQuantityTypeIdentifierHeartRate
Heart rate,2026-07-25 18:14:09+09:00,107.0,count/min,0,김아연의 Apple Watch,HKQuantityTypeIdentifierHeartRate
Heart rate,2026-07-25 18:14:13+09:00,110.0,count/min,0,김아연의 Apple Watch,HKQuantityTypeIdentifierHeartRate
Heart rate,2026-07-25 18:14:22+09:00,104.0,count/min,0,김아연의 Apple Watch,HKQuantityTypeIdentifierHeartRate
Heart rate,2026-07-25 18:14:25+09:00,104.0,count/min,0,김아연의 Apple Watch,HKQuantityTypeIdentifierHeartRate
Heart rate,2026-07-25 18:14:28+09:00,105.0,count/min,0,김아연의 Apple Watch,HKQuantityTypeIdentifierHeartRate
Heart rate,2026-07-25 18:15:08+09:00,108.0,count/min,0,김아연의 Apple Watch,HKQuantityTypeIdentifierHeartRate
Heart rate,2026-07-25 18:15:15+09:00,107.0,count/min,0,김아연의 Apple Watch,HKQuantityTypeIdentifierHeartRate
Heart rate,2026-07-25 18:15:20+09:00,104.0,count/min,0,김아연의 Apple Watch,HKQuantityTypeIdentifierHeartRate
Heart rate,2026-07-25 18:15:23+09:00,102.0,count/min,0,김아연의 Apple Watch,HKQuantityTypeIdentifierHeartRate
Heart rate,2026-07-25 18:15:32+09:00,96.0,count/min,0,김아연의 Apple Watch,HKQuantityTypeIdentifierHeartRate
Heart rate,2026-07-25 18:15:36+09:00,96.0,count/min,0,김아연의 Apple Watch,HKQuantityTypeIdentifierHeartRate
Heart rate,2026-07-25 18:15:38+09:00,94.0,count/min,0,김아연의 Apple Watch,HKQuantityTypeIdentifierHeartRate
Heart rate,2026-07-25 18:16:02+09:00,93.0,count/min,0,김아연의 Apple Watch,HKQuantityTypeIdentifierHeartRate
Heart rate,2026-07-25 18:16:04+09:00,93.0,count/min,0,김아연의 Apple Watch,HKQuantityTypeIdentifierHeartRate
Heart rate,2026-07-25 18:16:17+09:00,94.0,count/min,0,김아연의 Apple Watch,HKQuantityTypeIdentifierHeartRate
Heart rate,2026-07-25 18:16:22+09:00,92.0,count/min,0,김아연의 Apple Watch,HKQuantityTypeIdentifierHeartRate
Heart rate,2026-07-25 18:16:23+09:00,92.0,count/min,0,김아연의 Apple Watch,HKQuantityTypeIdentifierHeartRate
Heart rate,2026-07-25 18:16:29+09:00,93.0,count/min,0,김아연의 Apple Watch,HKQuantityTypeIdentifierHeartRate
Heart rate,2026-07-25 18:16:33+09:00,93.0,count/min,0,김아연의 Apple Watch,HKQuantityTypeIdentifierHeartRate
Heart rate,2026-07-26 12:17:21+09:00,71.0,count/min,1,김아연의 Apple Watch,HKQuantityTypeIdentifierHeartRate
Heart rate,2026-07-26 12:20:36+09:00,79.4897,count/min,0,김아연의 Apple Watch,HKQuantityTypeIdentifierHeartRate
Heart rate,2026-07-26 12:22:17+09:00,78.0,count/min,1,김아연의 Apple Watch,HKQuantityTypeIdentifierHeartRate
Heart rate,2026-07-26 12:28:59+09:00,74.0,count/min,1,김아연의 Apple Watch,HKQuantityTypeIdentifierHeartRate
Heart rate,2026-07-26 12:32:29+09:00,95.0,count/min,0,김아연의 Apple Watch,HKQuantityTypeIdentifierHeartRate
Heart rate,2026-07-26 12:40:22+09:00,116.0,count/min,0,김아연의 Apple Watch,HKQuantityTypeIdentifierHeartRate
Heart rate,2026-07-26 12:44:09+09:00,87.0,count/min,1,김아연의 Apple Watch,HKQuantityTypeIdentifierHeartRate
Heart rate,2026-07-26 12:47:45+09:00,92.0,count/min,0,김아연의 Apple Watch,HKQuantityTypeIdentifierHeartRate
Heart rate,2026-07-26 12:52:22+09:00,85.0,count/min,1,김아연의 Apple Watch,HKQuantityTypeIdentifierHeartRate
Heart rate,2026-07-26 12:55:52+09:00,79.0,count/min,1,김아연의 Apple Watch,HKQuantityTypeIdentifierHeartRate
Heart rate,2026-07-26 13:01:45+09:00,81.0,count/min,0,김아연의 Apple Watch,HKQuantityTypeIdentifierHeartRate
Heart rate,2026-07-26 13:07:24+09:00,86.0,count/min,1,김아연의 Apple Watch,HKQuantityTypeIdentifierHeartRate
Heart rate,2026-07-26 13:13:45+09:00,85.0,count/min,1,김아연의 Apple Watch,HKQuantityTypeIdentifierHeartRate
Heart rate,2026-07-26 13:19:18+09:00,85.0,count/min,1,김아연의 Apple Watch,HKQuantityTypeIdentifierHeartRate
Heart rate,2026-07-26 13:23:22+09:00,89.0,count/min,1,김아연의 Apple Watch,HKQuantityTypeIdentifierHeartRate
Heart rate,2026-07-26 13:25:08+09:00,91.0,count/min,1,김아연의 Apple Watch,HKQuantityTypeIdentifierHeartRate
Heart rate,2026-07-26 13:32:04+09:00,105.0,count/min,0,김아연의 Apple Watch,HKQuantityTypeIdentifierHeartRate
Heart rate,2026-07-26 13:34:30+09:00,105.0,count/min,0,김아연의 Apple Watch,HKQuantityTypeIdentifierHeartRate
Heart rate,2026-07-26 13:34:35+09:00,105.0,count/min,0,김아연의 Apple Watch,HKQuantityTypeIdentifierHeartRate
Heart rate,2026-07-26 13:34:38+09:00,104.0,count/min,0,김아연의 Apple Watch,HKQuantityTypeIdentifierHeartRate
Heart rate,2026-07-26 13:34:41+09:00,104.0,count/min,0,김아연의 Apple Watch,HKQuantityTypeIdentifierHeartRate
Heart rate,2026-07-26 13:34:49+09:00,105.0,count/min,0,김아연의 Apple Watch,HKQuantityTypeIdentifierHeartRate
Heart rate,2026-07-26 13:34:54+09:00,106.0,count/min,0,김아연의 Apple Watch,HKQuantityTypeIdentifierHeartRate
Heart rate,2026-07-26 13:34:59+09:00,107.0,count/min,0,김아연의 Apple Watch,HKQuantityTypeIdentifierHeartRate
Heart rate,2026-07-26 13:35:01+09:00,107.0,count/min,0,김아연의 Apple Watch,HKQuantityTypeIdentifierHeartRate
Heart rate,2026-07-26 13:35:09+09:00,109.0,count/min,0,김아연의 Apple Watch,HKQuantityTypeIdentifierHeartRate
Heart rate,2026-07-26 13:35:11+09:00,110.0,count/min,0,김아연의 Apple Watch,HKQuantityTypeIdentifierHeartRate
Heart rate,2026-07-26 13:37:53+09:00,111.0,count/min,0,김아연의 Apple Watch,HKQuantityTypeIdentifierHeartRate
Heart rate,2026-07-26 13:38:14+09:00,107.0,count/min,0,김아연의 Apple Watch,HKQuantityTypeIdentifierHeartRate
Heart rate,2026-07-26 13:38:41+09:00,109.0,count/min,0,김아연의 Apple Watch,HKQuantityTypeIdentifierHeartRate
Heart rate,2026-07-26 13:38:46+09:00,109.0,count/min,0,김아연의 Apple Watch,HKQuantityTypeIdentifierHeartRate
Heart rate,2026-07-26 13:38:50+09:00,108.0,count/min,0,김아연의 Apple Watch,HKQuantityTypeIdentifierHeartRate
Heart rate,2026-07-26 13:38:56+09:00,106.0,count/min,0,김아연의 Apple Watch,HKQuantityTypeIdentifierHeartRate
Heart rate,2026-07-26 13:38:57+09:00,106.0,count/min,0,김아연의 Apple Watch,HKQuantityTypeIdentifierHeartRate
Heart rate,2026-07-26 13:40:52+09:00,87.3694,count/min,0,김아연의 Apple Watch,HKQuantityTypeIdentifierHeartRate
Heart rate,2026-07-26 13:41:27+09:00,83.0,count/min,1,김아연의 Apple Watch,HKQuantityTypeIdentifierHeartRate
Heart rate,2026-07-26 13:47:51+09:00,92.0,count/min,1,김아연의 Apple Watch,HKQuantityTypeIdentifierHeartRate
Heart rate,2026-07-26 14:42:06+09:00,88.0,count/min,0,김아연의 Apple Watch,HKQuantityTypeIdentifierHeartRate
Heart rate,2026-07-26 16:49:25+09:00,81.0,count/min,1,김아연의 Apple Watch,HKQuantityTypeIdentifierHeartRate
Heart rate,2026-07-26 16:52:05+09:00,91.0,count/min,1,김아연의 Apple Watch,HKQuantityTypeIdentifierHeartRate
Heart rate,2026-07-26 16:54:26+09:00,144.0,count/min,2,김아연의 Apple Watch,HKQuantityTypeIdentifierHeartRate
Heart rate,2026-07-26 16:56:56+09:00,146.0,count/min,2,김아연의 Apple Watch,HKQuantityTypeIdentifierHeartRate
Heart rate,2026-07-26 17:00:00+09:00,106.0,count/min,0,김아연의 Apple Watch,HKQuantityTypeIdentifierHeartRate
Heart rate,2026-07-26 17:07:22+09:00,88.0,count/min,1,김아연의 Apple Watch,HKQuantityTypeIdentifierHeartRate
Heart rate,2026-07-26 17:11:48+09:00,70.0,count/min,1,김아연의 Apple Watch,HKQuantityTypeIdentifierHeartRate
Heart rate,2026-07-26 17:18:03+09:00,67.0,count/min,1,김아연의 Apple Watch,HKQuantityTypeIdentifierHeartRate
Heart rate,2026-07-26 17:24:16+09:00,88.0,count/min,1,김아연의 Apple Watch,HKQuantityTypeIdentifierHeartRate
Heart rate,2026-07-26 17:29:05+09:00,91.0,count/min,1,김아연의 Apple Watch,HKQuantityTypeIdentifierHeartRate
Heart rate,2026-07-26 17:32:46+09:00,87.0,count/min,1,김아연의 Apple Watch,HKQuantityTypeIdentifierHeartRate
Heart rate,2026-07-26 17:36:23+09:00,91.0,count/min,1,김아연의 Apple Watch,HKQuantityTypeIdentifierHeartRate
Heart rate,2026-07-26 17:42:22+09:00,110.0,count/min,0,김아연의 Apple Watch,HKQuantityTypeIdentifierHeartRate
Heart rate,2026-07-26 17:45:22+09:00,107.0,count/min,0,김아연의 Apple Watch,HKQuantityTypeIdentifierHeartRate
Heart rate,2026-07-26 17:45:26+09:00,105.0,count/min,0,김아연의 Apple Watch,HKQuantityTypeIdentifierHeartRate
Heart rate,2026-07-26 17:45:28+09:00,104.0,count/min,0,김아연의 Apple Watch,HKQuantityTypeIdentifierHeartRate
Heart rate,2026-07-26 17:45:35+09:00,105.0,count/min,0,김아연의 Apple Watch,HKQuantityTypeIdentifierHeartRate
Heart rate,2026-07-26 17:45:40+09:00,105.0,count/min,0,김아연의 Apple Watch,HKQuantityTypeIdentifierHeartRate
Heart rate,2026-07-26 17:45:48+09:00,106.0,count/min,0,김아연의 Apple Watch,HKQuantityTypeIdentifierHeartRate
Heart rate,2026-07-26 17:45:50+09:00,106.0,count/min,0,김아연의 Apple Watch,HKQuantityTypeIdentifierHeartRate
Heart rate,2026-07-26 17:45:58+09:00,106.0,count/min,0,김아연의 Apple Watch,HKQuantityTypeIdentifierHeartRate
Heart rate,2026-07-26 17:46:00+09:00,107.0,count/min,0,김아연의 Apple Watch,HKQuantityTypeIdentifierHeartRate
Heart rate,2026-07-26 17:46:08+09:00,109.0,count/min,0,김아연의 Apple Watch,HKQuantityTypeIdentifierHeartRate
Heart rate,2026-07-26 17:49:36+09:00,110.0,count/min,2,김아연의 Apple Watch,HKQuantityTypeIdentifierHeartRate
Heart rate,2026-07-26 17:52:33+09:00,94.0,count/min,0,김아연의 Apple Watch,HKQuantityTypeIdentifierHeartRate
Heart rate,2026-07-26 17:55:44+09:00,98.0,count/min,0,김아연의 Apple Watch,HKQuantityTypeIdentifierHeartRate
Heart rate,2026-07-26 17:55:48+09:00,98.0,count/min,0,김아연의 Apple Watch,HKQuantityTypeIdentifierHeartRate
Heart rate,2026-07-26 17:55:50+09:00,98.0,count/min,0,김아연의 Apple Watch,HKQuantityTypeIdentifierHeartRate
Heart rate,2026-07-26 17:55:55+09:00,100.0,count/min,0,김아연의 Apple Watch,HKQuantityTypeIdentifierHeartRate
Heart rate,2026-07-26 17:56:00+09:00,100.0,count/min,0,김아연의 Apple Watch,HKQuantityTypeIdentifierHeartRate
Heart rate,2026-07-26 17:56:05+09:00,101.0,count/min,0,김아연의 Apple Watch,HKQuantityTypeIdentifierHeartRate
Heart rate,2026-07-26 17:56:13+09:00,104.0,count/min,0,김아연의 Apple Watch,HKQuantityTypeIdentifierHeartRate
Heart rate,2026-07-26 17:56:17+09:00,106.0,count/min,0,김아연의 Apple Watch,HKQuantityTypeIdentifierHeartRate
Heart rate,2026-07-26 17:56:24+09:00,106.0,count/min,0,김아연의 Apple Watch,HKQuantityTypeIdentifierHeartRate
Heart rate,2026-07-26 18:03:15+09:00,91.0,count/min,1,김아연의 Apple Watch,HKQuantityTypeIdentifierHeartRate
Heart rate,2026-07-26 18:10:55+09:00,94.0,count/min,2,김아연의 Apple Watch,HKQuantityTypeIdentifierHeartRate
Heart rate,2026-07-26 18:16:32+09:00,86.0,count/min,1,김아연의 Apple Watch,HKQuantityTypeIdentifierHeartRate
Heart rate,2026-07-26 18:19:27+09:00,90.0,count/min,0,김아연의 Apple Watch,HKQuantityTypeIdentifierHeartRate
Heart rate,2026-07-26 18:26:48+09:00,88.0,count/min,2,김아연의 Apple Watch,HKQuantityTypeIdentifierHeartRate
Heart rate,2026-07-26 18:28:38+09:00,89.0,count/min,0,김아연의 Apple Watch,HKQuantityTypeIdentifierHeartRate
Heart rate,2026-07-26 18:32:06+09:00,91.0,count/min,1,김아연의 Apple Watch,HKQuantityTypeIdentifierHeartRate
Heart rate,2026-07-26 18:35:32+09:00,90.0,count/min,1,김아연의 Apple Watch,HKQuantityTypeIdentifierHeartRate
Heart rate,2026-07-26 18:38:34+09:00,96.0,count/min,2,김아연의 Apple Watch,HKQuantityTypeIdentifierHeartRate
Heart rate,2026-07-26 18:41:21+09:00,90.0,count/min,1,김아연의 Apple Watch,HKQuantityTypeIdentifierHeartRate
Heart rate,2026-07-26 18:44:22+09:00,123.0,count/min,0,김아연의 Apple Watch,HKQuantityTypeIdentifierHeartRate
Heart rate,2026-07-26 18:44:34+09:00,135.0,count/min,0,김아연의 Apple Watch,HKQuantityTypeIdentifierHeartRate
Heart rate,2026-07-26 18:44:35+09:00,135.0,count/min,0,김아연의 Apple Watch,HKQuantityTypeIdentifierHeartRate
Heart rate,2026-07-26 18:44:44+09:00,137.0,count/min,0,김아연의 Apple Watch,HKQuantityTypeIdentifierHeartRate
Heart rate,2026-07-26 18:44:48+09:00,138.0,count/min,0,김아연의 Apple Watch,HKQuantityTypeIdentifierHeartRate
Heart rate,2026-07-26 18:44:50+09:00,139.0,count/min,0,김아연의 Apple Watch,HKQuantityTypeIdentifierHeartRate
Heart rate,2026-07-26 18:44:55+09:00,139.0,count/min,0,김아연의 Apple Watch,HKQuantityTypeIdentifierHeartRate
Heart rate,2026-07-26 18:45:02+09:00,141.0,count/min,0,김아연의 Apple Watch,HKQuantityTypeIdentifierHeartRate
Heart rate,2026-07-26 18:45:07+09:00,140.0,count/min,0,김아연의 Apple Watch,HKQuantityTypeIdentifierHeartRate
Heart rate,2026-07-26 18:47:39+09:00,118.0,count/min,2,김아연의 Apple Watch,HKQuantityTypeIdentifierHeartRate
Heart rate,2026-07-26 18:50:41+09:00,116.0,count/min,2,김아연의 Apple Watch,HKQuantityTypeIdentifierHeartRate
Heart rate,2026-07-26 18:57:10+09:00,111.0,count/min,2,김아연의 Apple Watch,HKQuantityTypeIdentifierHeartRate
Heart rate,2026-07-26 18:59:09+09:00,105.0,count/min,1,김아연의 Apple Watch,HKQuantityTypeIdentifierHeartRate
Heart rate,2026-07-26 19:03:44+09:00,101.0,count/min,1,김아연의 Apple Watch,HKQuantityTypeIdentifierHeartRate
Heart rate,2026-07-26 19:05:22+09:00,99.0,count/min,1,김아연의 Apple Watch,HKQuantityTypeIdentifierHeartRate
Heart rate,2026-07-26 19:11:37+09:00,99.0,count/min,1,김아연의 Apple Watch,HKQuantityTypeIdentifierHeartRate
Heart rate,2026-07-26 19:15:11+09:00,101.482,count/min,0,김아연의 Apple Watch,HKQuantityTypeIdentifierHeartRate
Heart rate,2026-07-26 19:15:31+09:00,100.0,count/min,1,김아연의 Apple Watch,HKQuantityTypeIdentifierHeartRate
Heart rate,2026-07-26 19:21:47+09:00,100.0,count/min,1,김아연의 Apple Watch,HKQuantityTypeIdentifierHeartRate
Heart rate,2026-07-26 19:25:13+09:00,101.0,count/min,0,김아연의 Apple Watch,HKQuantityTypeIdentifierHeartRate
Heart rate,2026-07-26 19:32:08+09:00,101.0,count/min,1,김아연의 Apple Watch,HKQuantityTypeIdentifierHeartRate
Heart rate,2026-07-26 19:34:30+09:00,100.0,count/min,2,김아연의 Apple Watch,HKQuantityTypeIdentifierHeartRate
Heart rate,2026-07-26 19:38:37+09:00,96.0,count/min,1,김아연의 Apple Watch,HKQuantityTypeIdentifierHeartRate
Heart rate,2026-07-26 19:43:47+09:00,101.0,count/min,1,김아연의 Apple Watch,HKQuantityTypeIdentifierHeartRate
Heart rate,2026-07-26 19:47:38+09:00,96.0,count/min,0,김아연의 Apple Watch,HKQuantityTypeIdentifierHeartRate
Heart rate,2026-07-26 19:51:36+09:00,98.0,count/min,2,김아연의 Apple Watch,HKQuantityTypeIdentifierHeartRate
Heart rate,2026-07-26 19:59:39+09:00,105.0,count/min,1,김아연의 Apple Watch,HKQuantityTypeIdentifierHeartRate
Heart rate,2026-07-26 20:03:49+09:00,96.0,count/min,2,김아연의 Apple Watch,HKQuantityTypeIdentifierHeartRate
Heart rate,2026-07-26 20:08:53+09:00,99.0,count/min,2,김아연의 Apple Watch,HKQuantityTypeIdentifierHeartRate
Heart rate,2026-07-26 20:09:14+09:00,89.0,count/min,0,김아연의 Apple Watch,HKQuantityTypeIdentifierHeartRate
Heart rate,2026-07-26 20:10:19+09:00,91.0,count/min,1,김아연의 Apple Watch,HKQuantityTypeIdentifierHeartRate
Heart rate,2026-07-26 20:14:12+09:00,104.0,count/min,2,김아연의 Apple Watch,HKQuantityTypeIdentifierHeartRate
Heart rate,2026-07-26 20:16:35+09:00,105.0,count/min,2,김아연의 Apple Watch,HKQuantityTypeIdentifierHeartRate
Heart rate,2026-07-26 20:19:29+09:00,116.0,count/min,2,김아연의 Apple Watch,HKQuantityTypeIdentifierHeartRate
Heart rate,2026-07-26 20:21:12+09:00,105.0,count/min,0,김아연의 Apple Watch,HKQuantityTypeIdentifierHeartRate
Heart rate,2026-07-26 20:25:03+09:00,97.0,count/min,2,김아연의 Apple Watch,HKQuantityTypeIdentifierHeartRate
Heart rate,2026-07-26 20:27:45+09:00,99.0,count/min,1,김아연의 Apple Watch,HKQuantityTypeIdentifierHeartRate
Heart rate,2026-07-26 20:31:31+09:00,99.0,count/min,1,김아연의 Apple Watch,HKQuantityTypeIdentifierHeartRate
Heart rate,2026-07-26 20:36:11+09:00,99.0,count/min,1,김아연의 Apple Watch,HKQuantityTypeIdentifierHeartRate
Heart rate,2026-07-26 20:42:05+09:00,116.0,count/min,0,김아연의 Apple Watch,HKQuantityTypeIdentifierHeartRate
Heart rate,2026-07-26 20:42:07+09:00,115.0,count/min,0,김아연의 Apple Watch,HKQuantityTypeIdentifierHeartRate
Heart rate,2026-07-26 20:42:14+09:00,115.0,count/min,0,김아연의 Apple Watch,HKQuantityTypeIdentifierHeartRate
Heart rate,2026-07-26 20:42:19+09:00,115.0,count/min,0,김아연의 Apple Watch,HKQuantityTypeIdentifierHeartRate
Heart rate,2026-07-26 20:42:23+09:00,114.0,count/min,0,김아연의 Apple Watch,HKQuantityTypeIdentifierHeartRate
Heart rate,2026-07-26 20:52:05+09:00,104.0,count/min,0,김아연의 Apple Watch,HKQuantityTypeIdentifierHeartRate
Heart rate,2026-07-26 20:52:10+09:00,109.0,count/min,0,김아연의 Apple Watch,HKQuantityTypeIdentifierHeartRate
Heart rate,2026-07-26 20:52:11+09:00,107.0,count/min,0,김아연의 Apple Watch,HKQuantityTypeIdentifierHeartRate
Heart rate,2026-07-26 20:52:20+09:00,114.0,count/min,0,김아연의 Apple Watch,HKQuantityTypeIdentifierHeartRate
Heart rate,2026-07-26 20:52:25+09:00,115.0,count/min,0,김아연의 Apple Watch,HKQuantityTypeIdentifierHeartRate
Heart rate,2026-07-26 20:52:27+09:00,115.0,count/min,0,김아연의 Apple Watch,HKQuantityTypeIdentifierHeartRate
Heart rate,2026-07-26 20:52:31+09:00,112.0,count/min,0,김아연의 Apple Watch,HKQuantityTypeIdentifierHeartRate
Heart rate,2026-07-26 20:52:36+09:00,110.0,count/min,0,김아연의 Apple Watch,HKQuantityTypeIdentifierHeartRate
Heart rate,2026-07-26 20:52:45+09:00,105.0,count/min,0,김아연의 Apple Watch,HKQuantityTypeIdentifierHeartRate
Heart rate,2026-07-26 20:52:48+09:00,104.0,count/min,0,김아연의 Apple Watch,HKQuantityTypeIdentifierHeartRate
Heart rate,2026-07-26 20:52:55+09:00,102.0,count/min,0,김아연의 Apple Watch,HKQuantityTypeIdentifierHeartRate
Heart rate,2026-07-26 20:52:56+09:00,102.0,count/min,0,김아연의 Apple Watch,HKQuantityTypeIdentifierHeartRate
Heart rate,2026-07-26 20:53:01+09:00,102.0,count/min,0,김아연의 Apple Watch,HKQuantityTypeIdentifierHeartRate
Heart rate,2026-07-26 20:53:06+09:00,104.0,count/min,0,김아연의 Apple Watch,HKQuantityTypeIdentifierHeartRate
Heart rate,2026-07-26 20:53:15+09:00,105.0,count/min,0,김아연의 Apple Watch,HKQuantityTypeIdentifierHeartRate
Heart rate,2026-07-26 20:53:16+09:00,106.0,count/min,0,김아연의 Apple Watch,HKQuantityTypeIdentifierHeartRate
Heart rate,2026-07-26 20:53:21+09:00,107.0,count/min,0,김아연의 Apple Watch,HKQuantityTypeIdentifierHeartRate
Heart rate,2026-07-26 20:53:27+09:00,109.0,count/min,0,김아연의 Apple Watch,HKQuantityTypeIdentifierHeartRate
Heart rate,2026-07-26 20:53:31+09:00,110.0,count/min,0,김아연의 Apple Watch,HKQuantityTypeIdentifierHeartRate
Heart rate,2026-07-26 20:53:36+09:00,111.0,count/min,0,김아연의 Apple Watch,HKQuantityTypeIdentifierHeartRate
Heart rate,2026-07-26 20:53:42+09:00,111.0,count/min,0,김아연의 Apple Watch,HKQuantityTypeIdentifierHeartRate
Heart rate,2026-07-26 20:53:49+09:00,110.0,count/min,0,김아연의 Apple Watch,HKQuantityTypeIdentifierHeartRate
Heart rate,2026-07-26 20:53:55+09:00,108.0,count/min,0,김아연의 Apple Watch,HKQuantityTypeIdentifierHeartRate
Heart rate,2026-07-26 20:54:00+09:00,113.0,count/min,0,김아연의 Apple Watch,HKQuantityTypeIdentifierHeartRate
Heart rate,2026-07-26 20:54:05+09:00,111.0,count/min,0,김아연의 Apple Watch,HKQuantityTypeIdentifierHeartRate
Heart rate,2026-07-26 20:54:09+09:00,110.0,count/min,0,김아연의 Apple Watch,HKQuantityTypeIdentifierHeartRate
Heart rate,2026-07-26 20:54:15+09:00,113.0,count/min,0,김아연의 Apple Watch,HKQuantityTypeIdentifierHeartRate
Heart rate,2026-07-26 20:54:16+09:00,113.0,count/min,0,김아연의 Apple Watch,HKQuantityTypeIdentifierHeartRate
Heart rate,2026-07-26 20:54:21+09:00,112.0,count/min,0,김아연의 Apple Watch,HKQuantityTypeIdentifierHeartRate
Heart rate,2026-07-26 20:54:26+09:00,116.0,count/min,0,김아연의 Apple Watch,HKQuantityTypeIdentifierHeartRate
Heart rate,2026-07-26 20:54:31+09:00,115.0,count/min,0,김아연의 Apple Watch,HKQuantityTypeIdentifierHeartRate
Heart rate,2026-07-26 20:54:40+09:00,115.0,count/min,0,김아연의 Apple Watch,HKQuantityTypeIdentifierHeartRate
Heart rate,2026-07-26 20:54:42+09:00,114.0,count/min,0,김아연의 Apple Watch,HKQuantityTypeIdentifierHeartRate
Heart rate,2026-07-26 20:54:46+09:00,111.0,count/min,0,김아연의 Apple Watch,HKQuantityTypeIdentifierHeartRate
Heart rate,2026-07-26 20:54:51+09:00,111.0,count/min,0,김아연의 Apple Watch,HKQuantityTypeIdentifierHeartRate
Heart rate,2026-07-26 20:55:00+09:00,116.0,count/min,0,김아연의 Apple Watch,HKQuantityTypeIdentifierHeartRate
Heart rate,2026-07-26 20:55:05+09:00,112.0,count/min,0,김아연의 Apple Watch,HKQuantityTypeIdentifierHeartRate
Heart rate,2026-07-26 20:55:09+09:00,106.0,count/min,0,김아연의 Apple Watch,HKQuantityTypeIdentifierHeartRate
Heart rate,2026-07-26 20:55:12+09:00,107.0,count/min,0,김아연의 Apple Watch,HKQuantityTypeIdentifierHeartRate
Heart rate,2026-07-26 20:55:16+09:00,107.0,count/min,0,김아연의 Apple Watch,HKQuantityTypeIdentifierHeartRate
Heart rate,2026-07-26 20:55:21+09:00,109.0,count/min,0,김아연의 Apple Watch,HKQuantityTypeIdentifierHeartRate
Heart rate,2026-07-26 20:55:26+09:00,110.0,count/min,0,김아연의 Apple Watch,HKQuantityTypeIdentifierHeartRate
Heart rate,2026-07-26 20:55:32+09:00,110.0,count/min,0,김아연의 Apple Watch,HKQuantityTypeIdentifierHeartRate
Heart rate,2026-07-26 20:55:39+09:00,111.0,count/min,0,김아연의 Apple Watch,HKQuantityTypeIdentifierHeartRate
Heart rate,2026-07-26 20:55:44+09:00,110.0,count/min,0,김아연의 Apple Watch,HKQuantityTypeIdentifierHeartRate
Heart rate,2026-07-26 20:55:46+09:00,109.0,count/min,0,김아연의 Apple Watch,HKQuantityTypeIdentifierHeartRate
Heart rate,2026-07-26 20:55:52+09:00,112.0,count/min,0,김아연의 Apple Watch,HKQuantityTypeIdentifierHeartRate
Heart rate,2026-07-26 20:55:57+09:00,113.0,count/min,0,김아연의 Apple Watch,HKQuantityTypeIdentifierHeartRate
Heart rate,2026-07-26 20:56:01+09:00,116.0,count/min,0,김아연의 Apple Watch,HKQuantityTypeIdentifierHeartRate
Heart rate,2026-07-26 20:56:14+09:00,108.0,count/min,0,김아연의 Apple Watch,HKQuantityTypeIdentifierHeartRate
Heart rate,2026-07-26 20:56:16+09:00,108.0,count/min,0,김아연의 Apple Watch,HKQuantityTypeIdentifierHeartRate
Heart rate,2026-07-26 20:56:25+09:00,107.0,count/min,0,김아연의 Apple Watch,HKQuantityTypeIdentifierHeartRate
Heart rate,2026-07-26 20:56:28+09:00,107.0,count/min,0,김아연의 Apple Watch,HKQuantityTypeIdentifierHeartRate
Heart rate,2026-07-26 20:56:35+09:00,108.0,count/min,0,김아연의 Apple Watch,HKQuantityTypeIdentifierHeartRate
Heart rate,2026-07-26 20:56:40+09:00,108.0,count/min,0,김아연의 Apple Watch,HKQuantityTypeIdentifierHeartRate
Heart rate,2026-07-26 20:56:43+09:00,109.0,count/min,0,김아연의 Apple Watch,HKQuantityTypeIdentifierHeartRate
Heart rate,2026-07-26 20:56:50+09:00,109.0,count/min,0,김아연의 Apple Watch,HKQuantityTypeIdentifierHeartRate
Heart rate,2026-07-26 20:56:53+09:00,110.0,count/min,0,김아연의 Apple Watch,HKQuantityTypeIdentifierHeartRate
Heart rate,2026-07-26 20:56:58+09:00,109.0,count/min,0,김아연의 Apple Watch,HKQuantityTypeIdentifierHeartRate
Heart rate,2026-07-26 20:57:04+09:00,109.0,count/min,0,김아연의 Apple Watch,HKQuantityTypeIdentifierHeartRate
Heart rate,2026-07-26 20:57:06+09:00,109.0,count/min,0,김아연의 Apple Watch,HKQuantityTypeIdentifierHeartRate
Heart rate,2026-07-26 20:57:15+09:00,109.0,count/min,0,김아연의 Apple Watch,HKQuantityTypeIdentifierHeartRate
Heart rate,2026-07-26 20:57:18+09:00,110.0,count/min,0,김아연의 Apple Watch,HKQuantityTypeIdentifierHeartRate
Heart rate,2026-07-26 20:59:13+09:00,110.0,count/min,0,김아연의 Apple Watch,HKQuantityTypeIdentifierHeartRate
Heart rate,2026-07-26 20:59:18+09:00,109.0,count/min,0,김아연의 Apple Watch,HKQuantityTypeIdentifierHeartRate
Heart rate,2026-07-26 20:59:20+09:00,109.0,count/min,0,김아연의 Apple Watch,HKQuantityTypeIdentifierHeartRate
Heart rate,2026-07-26 20:59:25+09:00,107.0,count/min,0,김아연의 Apple Watch,HKQuantityTypeIdentifierHeartRate
Heart rate,2026-07-26 20:59:29+09:00,106.0,count/min,0,김아연의 Apple Watch,HKQuantityTypeIdentifierHeartRate
Heart rate,2026-07-26 20:59:38+09:00,105.0,count/min,0,김아연의 Apple Watch,HKQuantityTypeIdentifierHeartRate
Heart rate,2026-07-26 20:59:39+09:00,105.0,count/min,0,김아연의 Apple Watch,HKQuantityTypeIdentifierHeartRate
Heart rate,2026-07-26 20:59:48+09:00,106.0,count/min,0,김아연의 Apple Watch,HKQuantityTypeIdentifierHeartRate
Heart rate,2026-07-26 20:59:51+09:00,106.0,count/min,0,김아연의 Apple Watch,HKQuantityTypeIdentifierHeartRate
Heart rate,2026-07-26 20:59:54+09:00,105.0,count/min,0,김아연의 Apple Watch,HKQuantityTypeIdentifierHeartRate
Heart rate,2026-07-26 20:59:59+09:00,109.0,count/min,0,김아연의 Apple Watch,HKQuantityTypeIdentifierHeartRate
Heart rate,2026-07-26 21:00:04+09:00,109.0,count/min,0,김아연의 Apple Watch,HKQuantityTypeIdentifierHeartRate
Heart rate,2026-07-26 21:00:13+09:00,108.0,count/min,0,김아연의 Apple Watch,HKQuantityTypeIdentifierHeartRate
Heart rate,2026-07-26 21:00:18+09:00,104.0,count/min,0,김아연의 Apple Watch,HKQuantityTypeIdentifierHeartRate
Heart rate,2026-07-26 21:00:21+09:00,104.0,count/min,0,김아연의 Apple Watch,HKQuantityTypeIdentifierHeartRate
Heart rate,2026-07-26 21:00:28+09:00,104.0,count/min,0,김아연의 Apple Watch,HKQuantityTypeIdentifierHeartRate
Heart rate,2026-07-26 21:00:31+09:00,104.0,count/min,0,김아연의 Apple Watch,HKQuantityTypeIdentifierHeartRate
Heart rate,2026-07-26 21:00:34+09:00,105.0,count/min,0,김아연의 Apple Watch,HKQuantityTypeIdentifierHeartRate
Heart rate,2026-07-26 21:00:42+09:00,105.0,count/min,0,김아연의 Apple Watch,HKQuantityTypeIdentifierHeartRate
Heart rate,2026-07-26 21:00:48+09:00,110.0,count/min,0,김아연의 Apple Watch,HKQuantityTypeIdentifierHeartRate
Heart rate,2026-07-26 21:00:52+09:00,113.0,count/min,0,김아연의 Apple Watch,HKQuantityTypeIdentifierHeartRate
Heart rate,2026-07-26 21:00:54+09:00,113.0,count/min,0,김아연의 Apple Watch,HKQuantityTypeIdentifierHeartRate
Heart rate,2026-07-26 21:00:59+09:00,110.0,count/min,0,김아연의 Apple Watch,HKQuantityTypeIdentifierHeartRate
Heart rate,2026-07-26 21:01:08+09:00,108.0,count/min,0,김아연의 Apple Watch,HKQuantityTypeIdentifierHeartRate
Heart rate,2026-07-26 21:01:12+09:00,109.0,count/min,0,김아연의 Apple Watch,HKQuantityTypeIdentifierHeartRate
Heart rate,2026-07-26 21:01:17+09:00,106.0,count/min,0,김아연의 Apple Watch,HKQuantityTypeIdentifierHeartRate
Heart rate,2026-07-26 21:01:19+09:00,105.0,count/min,0,김아연의 Apple Watch,HKQuantityTypeIdentifierHeartRate
Heart rate,2026-07-26 21:01:24+09:00,106.0,count/min,0,김아연의 Apple Watch,HKQuantityTypeIdentifierHeartRate
Heart rate,2026-07-26 21:01:29+09:00,105.0,count/min,0,김아연의 Apple Watch,HKQuantityTypeIdentifierHeartRate
Heart rate,2026-07-26 21:01:38+09:00,108.0,count/min,0,김아연의 Apple Watch,HKQuantityTypeIdentifierHeartRate
Heart rate,2026-07-26 21:01:41+09:00,108.0,count/min,0,김아연의 Apple Watch,HKQuantityTypeIdentifierHeartRate
Heart rate,2026-07-26 21:01:47+09:00,110.0,count/min,0,김아연의 Apple Watch,HKQuantityTypeIdentifierHeartRate
Heart rate,2026-07-26 21:01:49+09:00,110.0,count/min,0,김아연의 Apple Watch,HKQuantityTypeIdentifierHeartRate
Heart rate,2026-07-26 21:01:57+09:00,110.0,count/min,0,김아연의 Apple Watch,HKQuantityTypeIdentifierHeartRate
Heart rate,2026-07-26 21:01:59+09:00,111.0,count/min,0,김아연의 Apple Watch,HKQuantityTypeIdentifierHeartRate
Heart rate,2026-07-26 21:03:43+09:00,95.0,count/min,1,김아연의 Apple Watch,HKQuantityTypeIdentifierHeartRate
Heart rate,2026-07-26 21:05:11+09:00,92.0,count/min,1,김아연의 Apple Watch,HKQuantityTypeIdentifierHeartRate
Heart rate,2026-07-26 21:07:56+09:00,103.0,count/min,0,김아연의 Apple Watch,HKQuantityTypeIdentifierHeartRate
Heart rate,2026-07-26 21:08:01+09:00,104.0,count/min,0,김아연의 Apple Watch,HKQuantityTypeIdentifierHeartRate
Heart rate,2026-07-26 21:08:06+09:00,103.0,count/min,0,김아연의 Apple Watch,HKQuantityTypeIdentifierHeartRate
Heart rate,2026-07-26 21:08:11+09:00,102.0,count/min,0,김아연의 Apple Watch,HKQuantityTypeIdentifierHeartRate
Heart rate,2026-07-26 21:08:13+09:00,104.0,count/min,0,김아연의 Apple Watch,HKQuantityTypeIdentifierHeartRate
Heart rate,2026-07-26 21:11:15+09:00,86.0,count/min,1,김아연의 Apple Watch,HKQuantityTypeIdentifierHeartRate
Heart rate,2026-07-26 21:18:45+09:00,85.0,count/min,1,김아연의 Apple Watch,HKQuantityTypeIdentifierHeartRate
Heart rate,2026-07-26 21:22:50+09:00,84.0,count/min,1,김아연의 Apple Watch,HKQuantityTypeIdentifierHeartRate
Heart rate,2026-07-26 21:24:49+09:00,84.0,count/min,1,김아연의 Apple Watch,HKQuantityTypeIdentifierHeartRate
Heart rate,2026-07-26 21:31:33+09:00,86.0,count/min,1,김아연의 Apple Watch,HKQuantityTypeIdentifierHeartRate
Heart rate,2026-07-26 21:37:43+09:00,90.0,count/min,1,김아연의 Apple Watch,HKQuantityTypeIdentifierHeartRate
Heart rate,2026-07-26 21:40:03+09:00,91.0,count/min,1,김아연의 Apple Watch,HKQuantityTypeIdentifierHeartRate
Heart rate,2026-07-26 21:49:06+09:00,94.0,count/min,1,김아연의 Apple Watch,HKQuantityTypeIdentifierHeartRate
Heart rate,2026-07-26 21:53:29+09:00,95.0,count/min,1,김아연의 Apple Watch,HKQuantityTypeIdentifierHeartRate
Heart rate,2026-07-26 21:55:58+09:00,96.0,count/min,1,김아연의 Apple Watch,HKQuantityTypeIdentifierHeartRate
Heart rate,2026-07-26 22:02:18+09:00,94.7628,count/min,0,김아연의 Apple Watch,HKQuantityTypeIdentifierHeartRate
Heart rate,2026-07-26 22:03:22+09:00,94.0,count/min,1,김아연의 Apple Watch,HKQuantityTypeIdentifierHeartRate
Heart rate,2026-07-26 22:06:23+09:00,96.0,count/min,1,김아연의 Apple Watch,HKQuantityTypeIdentifierHeartRate
Heart rate,2026-07-26 22:09:49+09:00,98.0,count/min,1,김아연의 Apple Watch,HKQuantityTypeIdentifierHeartRate
Heart rate,2026-07-26 22:14:36+09:00,95.0,count/min,1,김아연의 Apple Watch,HKQuantityTypeIdentifierHeartRate
Heart rate,2026-07-26 22:23:07+09:00,92.0,count/min,1,김아연의 Apple Watch,HKQuantityTypeIdentifierHeartRate
Heart rate,2026-07-26 22:26:54+09:00,93.0,count/min,1,김아연의 Apple Watch,HKQuantityTypeIdentifierHeartRate
Heart rate,2026-07-26 22:32:22+09:00,92.0,count/min,0,김아연의 Apple Watch,HKQuantityTypeIdentifierHeartRate
Heart rate,2026-07-26 22:38:10+09:00,93.0,count/min,1,김아연의 Apple Watch,HKQuantityTypeIdentifierHeartRate
Heart rate,2026-07-26 22:45:32+09:00,92.0,count/min,1,김아연의 Apple Watch,HKQuantityTypeIdentifierHeartRate
Heart rate,2026-07-26 22:55:28+09:00,99.0,count/min,1,김아연의 Apple Watch,HKQuantityTypeIdentifierHeartRate
Heart rate,2026-07-26 23:10:00+09:00,121.0,count/min,0,김아연의 Apple Watch,HKQuantityTypeIdentifierHeartRate
Heart rate,2026-07-26 23:10:05+09:00,115.0,count/min,0,김아연의 Apple Watch,HKQuantityTypeIdentifierHeartRate
Heart rate,2026-07-26 23:10:10+09:00,113.0,count/min,0,김아연의 Apple Watch,HKQuantityTypeIdentifierHeartRate
Heart rate,2026-07-26 23:10:13+09:00,112.0,count/min,0,김아연의 Apple Watch,HKQuantityTypeIdentifierHeartRate
Heart rate,2026-07-26 23:10:16+09:00,114.0,count/min,0,김아연의 Apple Watch,HKQuantityTypeIdentifierHeartRate
Heart rate,2026-07-26 23:10:21+09:00,117.0,count/min,0,김아연의 Apple Watch,HKQuantityTypeIdentifierHeartRate
Heart rate,2026-07-26 23:10:26+09:00,121.0,count/min,0,김아연의 Apple Watch,HKQuantityTypeIdentifierHeartRate
Heart rate,2026-07-26 23:10:35+09:00,121.0,count/min,0,김아연의 Apple Watch,HKQuantityTypeIdentifierHeartRate
Heart rate,2026-07-26 23:10:40+09:00,116.0,count/min,0,김아연의 Apple Watch,HKQuantityTypeIdentifierHeartRate
Heart rate,2026-07-26 23:10:45+09:00,114.0,count/min,0,김아연의 Apple Watch,HKQuantityTypeIdentifierHeartRate
Heart rate,2026-07-26 23:10:47+09:00,113.0,count/min,0,김아연의 Apple Watch,HKQuantityTypeIdentifierHeartRate
Heart rate,2026-07-26 23:10:51+09:00,111.0,count/min,0,김아연의 Apple Watch,HKQuantityTypeIdentifierHeartRate
Heart rate,2026-07-26 23:11:10+09:00,116.0,count/min,0,김아연의 Apple Watch,HKQuantityTypeIdentifierHeartRate
Heart rate,2026-07-26 23:11:15+09:00,117.0,count/min,0,김아연의 Apple Watch,HKQuantityTypeIdentifierHeartRate
Heart rate,2026-07-26 23:11:20+09:00,112.0,count/min,0,김아연의 Apple Watch,HKQuantityTypeIdentifierHeartRate
Heart rate,2026-07-26 23:11:25+09:00,110.0,count/min,0,김아연의 Apple Watch,HKQuantityTypeIdentifierHeartRate
Heart rate,2026-07-26 23:11:27+09:00,111.0,count/min,0,김아연의 Apple Watch,HKQuantityTypeIdentifierHeartRate
Heart rate,2026-07-26 23:11:34+09:00,110.0,count/min,0,김아연의 Apple Watch,HKQuantityTypeIdentifierHeartRate
Heart rate,2026-07-26 23:11:40+09:00,108.0,count/min,0,김아연의 Apple Watch,HKQuantityTypeIdentifierHeartRate
Heart rate,2026-07-26 23:11:43+09:00,107.0,count/min,0,김아연의 Apple Watch,HKQuantityTypeIdentifierHeartRate
Heart rate,2026-07-26 23:11:46+09:00,105.0,count/min,0,김아연의 Apple Watch,HKQuantityTypeIdentifierHeartRate
Heart rate,2026-07-26 23:11:53+09:00,106.0,count/min,0,김아연의 Apple Watch,HKQuantityTypeIdentifierHeartRate
Heart rate,2026-07-26 23:11:56+09:00,105.0,count/min,0,김아연의 Apple Watch,HKQuantityTypeIdentifierHeartRate
Heart rate,2026-07-26 23:12:01+09:00,104.0,count/min,0,김아연의 Apple Watch,HKQuantityTypeIdentifierHeartRate
Heart rate,2026-07-26 23:12:10+09:00,101.0,count/min,0,김아연의 Apple Watch,HKQuantityTypeIdentifierHeartRate
Heart rate,2026-07-26 23:12:15+09:00,96.0,count/min,0,김아연의 Apple Watch,HKQuantityTypeIdentifierHeartRate
Heart rate,2026-07-26 23:12:17+09:00,95.0,count/min,0,김아연의 Apple Watch,HKQuantityTypeIdentifierHeartRate
Heart rate,2026-07-26 23:12:24+09:00,96.0,count/min,0,김아연의 Apple Watch,HKQuantityTypeIdentifierHeartRate
Heart rate,2026-07-26 23:12:30+09:00,98.0,count/min,0,김아연의 Apple Watch,HKQuantityTypeIdentifierHeartRate
Heart rate,2026-07-26 23:12:35+09:00,97.0,count/min,0,김아연의 Apple Watch,HKQuantityTypeIdentifierHeartRate
Heart rate,2026-07-26 23:12:37+09:00,97.0,count/min,0,김아연의 Apple Watch,HKQuantityTypeIdentifierHeartRate
Heart rate,2026-07-26 23:12:44+09:00,95.0,count/min,0,김아연의 Apple Watch,HKQuantityTypeIdentifierHeartRate
Heart rate,2026-07-26 23:12:46+09:00,96.0,count/min,0,김아연의 Apple Watch,HKQuantityTypeIdentifierHeartRate
Heart rate,2026-07-26 23:13:00+09:00,98.0,count/min,0,김아연의 Apple Watch,HKQuantityTypeIdentifierHeartRate
Heart rate,2026-07-26 23:13:23+09:00,93.0,count/min,0,김아연의 Apple Watch,HKQuantityTypeIdentifierHeartRate
Heart rate,2026-07-26 23:13:28+09:00,94.0,count/min,0,김아연의 Apple Watch,HKQuantityTypeIdentifierHeartRate
Heart rate,2026-07-26 23:13:33+09:00,94.0,count/min,0,김아연의 Apple Watch,HKQuantityTypeIdentifierHeartRate
Heart rate,2026-07-26 23:13:39+09:00,97.0,count/min,0,김아연의 Apple Watch,HKQuantityTypeIdentifierHeartRate
Heart rate,2026-07-26 23:13:45+09:00,93.0,count/min,0,김아연의 Apple Watch,HKQuantityTypeIdentifierHeartRate
Heart rate,2026-07-26 23:13:50+09:00,90.0,count/min,0,김아연의 Apple Watch,HKQuantityTypeIdentifierHeartRate
Heart rate,2026-07-26 23:13:55+09:00,92.0,count/min,0,김아연의 Apple Watch,HKQuantityTypeIdentifierHeartRate
Heart rate,2026-07-26 23:13:57+09:00,93.0,count/min,0,김아연의 Apple Watch,HKQuantityTypeIdentifierHeartRate
Heart rate,2026-07-26 23:14:05+09:00,96.0,count/min,0,김아연의 Apple Watch,HKQuantityTypeIdentifierHeartRate
Heart rate,2026-07-26 23:14:07+09:00,96.0,count/min,0,김아연의 Apple Watch,HKQuantityTypeIdentifierHeartRate
Heart rate,2026-07-26 23:14:12+09:00,94.0,count/min,0,김아연의 Apple Watch,HKQuantityTypeIdentifierHeartRate
Heart rate,2026-07-26 23:14:21+09:00,90.0,count/min,0,김아연의 Apple Watch,HKQuantityTypeIdentifierHeartRate
Heart rate,2026-07-26 23:14:22+09:00,90.0,count/min,0,김아연의 Apple Watch,HKQuantityTypeIdentifierHeartRate
Heart rate,2026-07-26 23:14:28+09:00,91.0,count/min,0,김아연의 Apple Watch,HKQuantityTypeIdentifierHeartRate
Heart rate,2026-07-26 23:16:20+09:00,92.0,count/min,0,김아연의 Apple Watch,HKQuantityTypeIdentifierHeartRate
Heart rate,2026-07-26 23:20:23+09:00,89.0,count/min,1,김아연의 Apple Watch,HKQuantityTypeIdentifierHeartRate
Heart rate,2026-07-26 23:26:55+09:00,91.0,count/min,1,김아연의 Apple Watch,HKQuantityTypeIdentifierHeartRate
Heart rate,2026-07-26 23:30:43+09:00,91.0,count/min,1,김아연의 Apple Watch,HKQuantityTypeIdentifierHeartRate
Heart rate,2026-07-26 23:37:00+09:00,91.0,count/min,1,김아연의 Apple Watch,HKQuantityTypeIdentifierHeartRate
Heart rate,2026-07-26 23:44:22+09:00,86.0,count/min,1,김아연의 Apple Watch,HKQuantityTypeIdentifierHeartRate
Heart rate,2026-07-26 23:46:09+09:00,86.0,count/min,1,김아연의 Apple Watch,HKQuantityTypeIdentifierHeartRate
Heart rate,2026-07-26 23:54:48+09:00,102.0,count/min,0,김아연의 Apple Watch,HKQuantityTypeIdentifierHeartRate
Heart rate,2026-07-27 08:39:20+09:00,140.0,count/min,0,김아연의 Apple Watch,HKQuantityTypeIdentifierHeartRate
Heart rate,2026-07-27 08:39:25+09:00,141.0,count/min,0,김아연의 Apple Watch,HKQuantityTypeIdentifierHeartRate
Heart rate,2026-07-27 08:39:26+09:00,141.0,count/min,0,김아연의 Apple Watch,HKQuantityTypeIdentifierHeartRate
Heart rate,2026-07-27 08:43:54+09:00,120.0,count/min,0,김아연의 Apple Watch,HKQuantityTypeIdentifierHeartRate
Heart rate,2026-07-27 08:45:15+09:00,106.0,count/min,0,김아연의 Apple Watch,HKQuantityTypeIdentifierHeartRate
Heart rate,2026-07-27 08:45:20+09:00,107.0,count/min,0,김아연의 Apple Watch,HKQuantityTypeIdentifierHeartRate
Heart rate,2026-07-27 08:45:24+09:00,107.0,count/min,0,김아연의 Apple Watch,HKQuantityTypeIdentifierHeartRate
Heart rate,2026-07-27 08:45:26+09:00,105.0,count/min,0,김아연의 Apple Watch,HKQuantityTypeIdentifierHeartRate
Heart rate,2026-07-27 08:45:34+09:00,101.0,count/min,0,김아연의 Apple Watch,HKQuantityTypeIdentifierHeartRate
Heart rate,2026-07-27 08:45:37+09:00,102.0,count/min,0,김아연의 Apple Watch,HKQuantityTypeIdentifierHeartRate
Heart rate,2026-07-27 08:45:46+09:00,103.0,count/min,0,김아연의 Apple Watch,HKQuantityTypeIdentifierHeartRate
Heart rate,2026-07-27 08:45:51+09:00,100.0,count/min,0,김아연의 Apple Watch,HKQuantityTypeIdentifierHeartRate
Heart rate,2026-07-27 08:45:54+09:00,98.0,count/min,0,김아연의 Apple Watch,HKQuantityTypeIdentifierHeartRate
Heart rate,2026-07-27 08:45:59+09:00,98.0,count/min,0,김아연의 Apple Watch,HKQuantityTypeIdentifierHeartRate
Heart rate,2026-07-27 08:46:02+09:00,97.0,count/min,0,김아연의 Apple Watch,HKQuantityTypeIdentifierHeartRate
Heart rate,2026-07-27 08:46:09+09:00,97.0,count/min,0,김아연의 Apple Watch,HKQuantityTypeIdentifierHeartRate
Heart rate,2026-07-27 08:46:13+09:00,97.0,count/min,0,김아연의 Apple Watch,HKQuantityTypeIdentifierHeartRate
Heart rate,2026-07-27 08:46:18+09:00,95.0,count/min,0,김아연의 Apple Watch,HKQuantityTypeIdentifierHeartRate
Heart rate,2026-07-27 08:46:23+09:00,92.0,count/min,0,김아연의 Apple Watch,HKQuantityTypeIdentifierHeartRate
Heart rate,2026-07-27 08:46:27+09:00,95.0,count/min,0,김아연의 Apple Watch,HKQuantityTypeIdentifierHeartRate
Heart rate,2026-07-27 08:46:35+09:00,92.0,count/min,0,김아연의 Apple Watch,HKQuantityTypeIdentifierHeartRate
Heart rate,2026-07-27 08:46:41+09:00,93.0,count/min,0,김아연의 Apple Watch,HKQuantityTypeIdentifierHeartRate
Heart rate,2026-07-27 08:46:42+09:00,93.0,count/min,0,김아연의 Apple Watch,HKQuantityTypeIdentifierHeartRate
Heart rate,2026-07-27 08:46:51+09:00,94.0,count/min,0,김아연의 Apple Watch,HKQuantityTypeIdentifierHeartRate
Heart rate,2026-07-27 08:46:53+09:00,94.0,count/min,0,김아연의 Apple Watch,HKQuantityTypeIdentifierHeartRate
Heart rate,2026-07-27 08:46:57+09:00,92.0,count/min,0,김아연의 Apple Watch,HKQuantityTypeIdentifierHeartRate
Heart rate,2026-07-27 08:47:05+09:00,91.0,count/min,0,김아연의 Apple Watch,HKQuantityTypeIdentifierHeartRate
Heart rate,2026-07-27 08:47:09+09:00,92.0,count/min,0,김아연의 Apple Watch,HKQuantityTypeIdentifierHeartRate
Heart rate,2026-07-27 08:47:12+09:00,93.0,count/min,0,김아연의 Apple Watch,HKQuantityTypeIdentifierHeartRate
Heart rate,2026-07-27 08:47:20+09:00,92.0,count/min,0,김아연의 Apple Watch,HKQuantityTypeIdentifierHeartRate
Heart rate,2026-07-27 08:47:23+09:00,92.0,count/min,0,김아연의 Apple Watch,HKQuantityTypeIdentifierHeartRate
Heart rate,2026-07-27 08:47:30+09:00,93.0,count/min,0,김아연의 Apple Watch,HKQuantityTypeIdentifierHeartRate
Heart rate,2026-07-27 08:47:33+09:00,92.0,count/min,0,김아연의 Apple Watch,HKQuantityTypeIdentifierHeartRate
Heart rate,2026-07-27 08:47:37+09:00,91.0,count/min,0,김아연의 Apple Watch,HKQuantityTypeIdentifierHeartRate
Heart rate,2026-07-27 08:47:45+09:00,90.0,count/min,0,김아연의 Apple Watch,HKQuantityTypeIdentifierHeartRate
Heart rate,2026-07-27 08:47:51+09:00,93.0,count/min,0,김아연의 Apple Watch,HKQuantityTypeIdentifierHeartRate
Heart rate,2026-07-27 08:47:55+09:00,93.0,count/min,0,김아연의 Apple Watch,HKQuantityTypeIdentifierHeartRate
Heart rate,2026-07-27 08:47:58+09:00,92.0,count/min,0,김아연의 Apple Watch,HKQuantityTypeIdentifierHeartRate
Heart rate,2026-07-27 08:48:05+09:00,93.0,count/min,0,김아연의 Apple Watch,HKQuantityTypeIdentifierHeartRate
Heart rate,2026-07-27 08:48:11+09:00,92.0,count/min,0,김아연의 Apple Watch,HKQuantityTypeIdentifierHeartRate
Heart rate,2026-07-27 08:48:12+09:00,92.0,count/min,0,김아연의 Apple Watch,HKQuantityTypeIdentifierHeartRate
Heart rate,2026-07-27 08:48:19+09:00,90.0,count/min,0,김아연의 Apple Watch,HKQuantityTypeIdentifierHeartRate
Heart rate,2026-07-27 08:48:24+09:00,89.0,count/min,0,김아연의 Apple Watch,HKQuantityTypeIdentifierHeartRate
Heart rate,2026-07-27 08:48:31+09:00,89.0,count/min,0,김아연의 Apple Watch,HKQuantityTypeIdentifierHeartRate
Heart rate,2026-07-27 08:48:35+09:00,89.0,count/min,0,김아연의 Apple Watch,HKQuantityTypeIdentifierHeartRate
Heart rate,2026-07-27 08:48:37+09:00,89.0,count/min,0,김아연의 Apple Watch,HKQuantityTypeIdentifierHeartRate
Heart rate,2026-07-27 08:48:46+09:00,91.0,count/min,0,김아연의 Apple Watch,HKQuantityTypeIdentifierHeartRate
Heart rate,2026-07-27 08:48:51+09:00,90.0,count/min,0,김아연의 Apple Watch,HKQuantityTypeIdentifierHeartRate
Heart rate,2026-07-27 08:48:56+09:00,90.0,count/min,0,김아연의 Apple Watch,HKQuantityTypeIdentifierHeartRate
Heart rate,2026-07-27 08:49:01+09:00,90.0,count/min,0,김아연의 Apple Watch,HKQuantityTypeIdentifierHeartRate
Heart rate,2026-07-27 08:49:03+09:00,90.0,count/min,0,김아연의 Apple Watch,HKQuantityTypeIdentifierHeartRate
Heart rate,2026-07-27 08:49:51+09:00,88.0,count/min,1,김아연의 Apple Watch,HKQuantityTypeIdentifierHeartRate
Heart rate,2026-07-27 08:50:20+09:00,88.4952,count/min,0,김아연의 Apple Watch,HKQuantityTypeIdentifierHeartRate
Heart rate,2026-07-27 08:58:01+09:00,84.0,count/min,1,김아연의 Apple Watch,HKQuantityTypeIdentifierHeartRate
Heart rate,2026-07-27 09:03:36+09:00,80.0,count/min,1,김아연의 Apple Watch,HKQuantityTypeIdentifierHeartRate
Heart rate,2026-07-27 09:06:20+09:00,80.0,count/min,1,김아연의 Apple Watch,HKQuantityTypeIdentifierHeartRate
Heart rate,2026-07-27 09:13:35+09:00,77.0,count/min,1,김아연의 Apple Watch,HKQuantityTypeIdentifierHeartRate
Heart rate,2026-07-27 09:18:39+09:00,79.0,count/min,1,김아연의 Apple Watch,HKQuantityTypeIdentifierHeartRate
Heart rate,2026-07-27 09:21:35+09:00,78.0,count/min,1,김아연의 Apple Watch,HKQuantityTypeIdentifierHeartRate
Heart rate,2026-07-27 09:26:23+09:00,74.0,count/min,1,김아연의 Apple Watch,HKQuantityTypeIdentifierHeartRate
Heart rate,2026-07-27 09:33:07+09:00,72.0,count/min,1,김아연의 Apple Watch,HKQuantityTypeIdentifierHeartRate
Heart rate,2026-07-27 09:35:59+09:00,72.0,count/min,1,김아연의 Apple Watch,HKQuantityTypeIdentifierHeartRate
Heart rate,2026-07-27 09:41:09+09:00,71.0,count/min,1,김아연의 Apple Watch,HKQuantityTypeIdentifierHeartRate
Heart rate,2026-07-27 09:41:15+09:00,74.0023,count/min,0,김아연의 Apple Watch,HKQuantityTypeIdentifierHeartRate
Heart rate,2026-07-27 09:48:59+09:00,71.0,count/min,1,김아연의 Apple Watch,HKQuantityTypeIdentifierHeartRate
Heart rate,2026-07-27 09:51:19+09:00,69.0,count/min,1,김아연의 Apple Watch,HKQuantityTypeIdentifierHeartRate
Heart rate,2026-07-27 09:57:48+09:00,69.0,count/min,1,김아연의 Apple Watch,HKQuantityTypeIdentifierHeartRate
Heart rate,2026-07-27 14:21:47+09:00,79.0,count/min,1,김아연의 Apple Watch,HKQuantityTypeIdentifierHeartRate
Heart rate,2026-07-27 14:21:48+09:00,79.4982,count/min,0,김아연의 Apple Watch,HKQuantityTypeIdentifierHeartRate
Heart rate,2026-07-27 14:26:24+09:00,77.0,count/min,1,김아연의 Apple Watch,HKQuantityTypeIdentifierHeartRate
Heart rate,2026-07-27 14:33:27+09:00,77.0,count/min,1,김아연의 Apple Watch,HKQuantityTypeIdentifierHeartRate
Heart rate,2026-07-27 14:36:12+09:00,79.0,count/min,1,김아연의 Apple Watch,HKQuantityTypeIdentifierHeartRate
Heart rate,2026-07-27 14:40:42+09:00,78.0,count/min,1,김아연의 Apple Watch,HKQuantityTypeIdentifierHeartRate
Heart rate,2026-07-27 14:46:02+09:00,75.0,count/min,1,김아연의 Apple Watch,HKQuantityTypeIdentifierHeartRate
Heart rate,2026-07-27 14:52:00+09:00,84.0,count/min,1,김아연의 Apple Watch,HKQuantityTypeIdentifierHeartRate
Heart rate,2026-07-27 14:57:04+09:00,75.0,count/min,1,김아연의 Apple Watch,HKQuantityTypeIdentifierHeartRate
Heart rate,2026-07-27 15:01:01+09:00,76.0,count/min,1,김아연의 Apple Watch,HKQuantityTypeIdentifierHeartRate
Heart rate,2026-07-27 15:09:22+09:00,80.0,count/min,1,김아연의 Apple Watch,HKQuantityTypeIdentifierHeartRate
Heart rate,2026-07-27 15:10:38+09:00,83.0,count/min,1,김아연의 Apple Watch,HKQuantityTypeIdentifierHeartRate
Heart rate,2026-07-27 15:19:02+09:00,79.0,count/min,1,김아연의 Apple Watch,HKQuantityTypeIdentifierHeartRate
Heart rate,2026-07-27 15:21:11+09:00,80.0,count/min,1,김아연의 Apple Watch,HKQuantityTypeIdentifierHeartRate
Heart rate,2026-07-27 15:27:04+09:00,79.0,count/min,1,김아연의 Apple Watch,HKQuantityTypeIdentifierHeartRate
Heart rate,2026-07-27 15:33:47+09:00,79.0,count/min,1,김아연의 Apple Watch,HKQuantityTypeIdentifierHeartRate
Heart rate,2026-07-27 15:34:59+09:00,78.0,count/min,1,김아연의 Apple Watch,HKQuantityTypeIdentifierHeartRate
Heart rate,2026-07-27 15:40:39+09:00,79.0,count/min,1,김아연의 Apple Watch,HKQuantityTypeIdentifierHeartRate
Heart rate,2026-07-27 18:09:41+09:00,99.0,count/min,0,김아연의 Apple Watch,HKQuantityTypeIdentifierHeartRate
Heart rate,2026-07-27 18:09:46+09:00,98.0,count/min,0,김아연의 Apple Watch,HKQuantityTypeIdentifierHeartRate
Heart rate,2026-07-27 18:09:47+09:00,98.0,count/min,0,김아연의 Apple Watch,HKQuantityTypeIdentifierHeartRate
Heart rate,2026-07-27 18:09:56+09:00,98.0,count/min,0,김아연의 Apple Watch,HKQuantityTypeIdentifierHeartRate
Heart rate,2026-07-27 18:10:00+09:00,98.0,count/min,0,김아연의 Apple Watch,HKQuantityTypeIdentifierHeartRate
Heart rate,2026-07-27 18:10:02+09:00,98.0,count/min,0,김아연의 Apple Watch,HKQuantityTypeIdentifierHeartRate
Heart rate,2026-07-27 18:10:11+09:00,101.0,count/min,0,김아연의 Apple Watch,HKQuantityTypeIdentifierHeartRate
Heart rate,2026-07-27 18:18:13+09:00,86.0,count/min,1,김아연의 Apple Watch,HKQuantityTypeIdentifierHeartRate
Heart rate,2026-07-27 18:22:32+09:00,94.0,count/min,1,김아연의 Apple Watch,HKQuantityTypeIdentifierHeartRate
Heart rate,2026-07-27 18:24:30+09:00,95.0,count/min,0,김아연의 Apple Watch,HKQuantityTypeIdentifierHeartRate
Heart rate,2026-07-30 10:55:30+09:00,68.0,count/min,1,김아연의 Apple Watch,HKQuantityTypeIdentifierHeartRate
Heart rate,2026-07-30 10:57:13+09:00,72.0,count/min,1,김아연의 Apple Watch,HKQuantityTypeIdentifierHeartRate
Heart rate,2026-07-30 10:57:23+09:00,76.412,count/min,0,김아연의 Apple Watch,HKQuantityTypeIdentifierHeartRate
Heart rate,2026-07-30 11:04:19+09:00,84.0,count/min,1,김아연의 Apple Watch,HKQuantityTypeIdentifierHeartRate
Heart rate,2026-07-30 11:10:48+09:00,71.0,count/min,1,김아연의 Apple Watch,HKQuantityTypeIdentifierHeartRate
Heart rate,2026-07-30 11:13:52+09:00,74.0,count/min,1,김아연의 Apple Watch,HKQuantityTypeIdentifierHeartRate
Heart rate,2026-07-30 11:19:00+09:00,72.0,count/min,1,김아연의 Apple Watch,HKQuantityTypeIdentifierHeartRate
Heart rate,2026-07-30 11:22:32+09:00,104.0,count/min,2,김아연의 Apple Watch,HKQuantityTypeIdentifierHeartRate
Heart rate,2026-07-30 11:25:43+09:00,83.0,count/min,1,김아연의 Apple Watch,HKQuantityTypeIdentifierHeartRate
Heart rate,2026-07-30 11:30:24+09:00,89.0,count/min,1,김아연의 Apple Watch,HKQuantityTypeIdentifierHeartRate
Heart rate,2026-07-30 11:34:22+09:00,93.0,count/min,1,김아연의 Apple Watch,HKQuantityTypeIdentifierHeartRate
Heart rate,2026-07-30 11:36:48+09:00,91.0,count/min,1,김아연의 Apple Watch,HKQuantityTypeIdentifierHeartRate
Heart rate,2026-07-30 11:41:14+09:00,101.0,count/min,2,김아연의 Apple Watch,HKQuantityTypeIdentifierHeartRate
Heart rate,2026-07-30 11:43:35+09:00,98.0,count/min,2,김아연의 Apple Watch,HKQuantityTypeIdentifierHeartRate
Heart rate,2026-07-30 11:45:55+09:00,106.0,count/min,2,김아연의 Apple Watch,HKQuantityTypeIdentifierHeartRate
Heart rate,2026-07-30 11:48:30+09:00,109.0,count/min,2,김아연의 Apple Watch,HKQuantityTypeIdentifierHeartRate
Heart rate,2026-07-30 11:52:41+09:00,115.0,count/min,0,김아연의 Apple Watch,HKQuantityTypeIdentifierHeartRate
Heart rate,2026-07-30 11:52:46+09:00,122.0,count/min,0,김아연의 Apple Watch,HKQuantityTypeIdentifierHeartRate
Heart rate,2026-07-30 11:52:49+09:00,122.0,count/min,0,김아연의 Apple Watch,HKQuantityTypeIdentifierHeartRate
Heart rate,2026-07-30 11:52:53+09:00,122.0,count/min,0,김아연의 Apple Watch,HKQuantityTypeIdentifierHeartRate
Heart rate,2026-07-30 11:53:01+09:00,124.0,count/min,0,김아연의 Apple Watch,HKQuantityTypeIdentifierHeartRate
Heart rate,2026-07-30 11:53:03+09:00,124.0,count/min,0,김아연의 Apple Watch,HKQuantityTypeIdentifierHeartRate
Heart rate,2026-07-30 11:53:08+09:00,123.0,count/min,0,김아연의 Apple Watch,HKQuantityTypeIdentifierHeartRate
Heart rate,2026-07-30 11:53:16+09:00,126.0,count/min,0,김아연의 Apple Watch,HKQuantityTypeIdentifierHeartRate
Heart rate,2026-07-30 11:53:18+09:00,127.0,count/min,0,김아연의 Apple Watch,HKQuantityTypeIdentifierHeartRate
Heart rate,2026-07-30 11:53:23+09:00,128.0,count/min,0,김아연의 Apple Watch,HKQuantityTypeIdentifierHeartRate
Heart rate,2026-07-30 11:53:30+09:00,127.0,count/min,0,김아연의 Apple Watch,HKQuantityTypeIdentifierHeartRate
Heart rate,2026-07-30 11:53:32+09:00,127.0,count/min,0,김아연의 Apple Watch,HKQuantityTypeIdentifierHeartRate
Heart rate,2026-07-30 11:53:38+09:00,122.0,count/min,0,김아연의 Apple Watch,HKQuantityTypeIdentifierHeartRate
Heart rate,2026-07-30 11:53:45+09:00,121.0,count/min,0,김아연의 Apple Watch,HKQuantityTypeIdentifierHeartRate
Heart rate,2026-07-30 11:53:49+09:00,120.0,count/min,0,김아연의 Apple Watch,HKQuantityTypeIdentifierHeartRate
Heart rate,2026-07-30 11:53:56+09:00,121.0,count/min,0,김아연의 Apple Watch,HKQuantityTypeIdentifierHeartRate
Heart rate,2026-07-30 11:53:57+09:00,122.0,count/min,0,김아연의 Apple Watch,HKQuantityTypeIdentifierHeartRate
Heart rate,2026-07-30 11:54:03+09:00,121.0,count/min,0,김아연의 Apple Watch,HKQuantityTypeIdentifierHeartRate
Heart rate,2026-07-30 11:54:07+09:00,122.0,count/min,0,김아연의 Apple Watch,HKQuantityTypeIdentifierHeartRate
Heart rate,2026-07-30 11:54:16+09:00,119.0,count/min,0,김아연의 Apple Watch,HKQuantityTypeIdentifierHeartRate
Heart rate,2026-07-30 11:54:19+09:00,116.0,count/min,0,김아연의 Apple Watch,HKQuantityTypeIdentifierHeartRate
Heart rate,2026-07-30 11:54:22+09:00,113.0,count/min,0,김아연의 Apple Watch,HKQuantityTypeIdentifierHeartRate
Heart rate,2026-07-30 11:54:31+09:00,111.0,count/min,0,김아연의 Apple Watch,HKQuantityTypeIdentifierHeartRate
Heart rate,2026-07-30 11:54:32+09:00,112.0,count/min,0,김아연의 Apple Watch,HKQuantityTypeIdentifierHeartRate
Heart rate,2026-07-30 11:54:37+09:00,111.0,count/min,0,김아연의 Apple Watch,HKQuantityTypeIdentifierHeartRate
Heart rate,2026-07-30 11:54:43+09:00,109.0,count/min,0,김아연의 Apple Watch,HKQuantityTypeIdentifierHeartRate
Heart rate,2026-07-30 11:54:52+09:00,109.0,count/min,0,김아연의 Apple Watch,HKQuantityTypeIdentifierHeartRate
Heart rate,2026-07-30 11:54:57+09:00,109.0,count/min,0,김아연의 Apple Watch,HKQuantityTypeIdentifierHeartRate
Heart rate,2026-07-30 11:54:58+09:00,109.0,count/min,0,김아연의 Apple Watch,HKQuantityTypeIdentifierHeartRate
Heart rate,2026-07-30 11:55:03+09:00,109.0,count/min,0,김아연의 Apple Watch,HKQuantityTypeIdentifierHeartRate
Heart rate,2026-07-30 11:55:12+09:00,110.0,count/min,0,김아연의 Apple Watch,HKQuantityTypeIdentifierHeartRate
Heart rate,2026-07-30 11:55:17+09:00,111.0,count/min,0,김아연의 Apple Watch,HKQuantityTypeIdentifierHeartRate
Heart rate,2026-07-30 11:55:21+09:00,111.0,count/min,0,김아연의 Apple Watch,HKQuantityTypeIdentifierHeartRate
Heart rate,2026-07-30 11:55:24+09:00,111.0,count/min,0,김아연의 Apple Watch,HKQuantityTypeIdentifierHeartRate
Heart rate,2026-07-30 11:55:30+09:00,111.0,count/min,0,김아연의 Apple Watch,HKQuantityTypeIdentifierHeartRate
Heart rate,2026-07-30 11:55:35+09:00,112.0,count/min,0,김아연의 Apple Watch,HKQuantityTypeIdentifierHeartRate
Heart rate,2026-07-30 11:55:43+09:00,111.0,count/min,0,김아연의 Apple Watch,HKQuantityTypeIdentifierHeartRate
Heart rate,2026-07-30 11:55:48+09:00,112.0,count/min,0,김아연의 Apple Watch,HKQuantityTypeIdentifierHeartRate
Heart rate,2026-07-30 11:55:53+09:00,112.0,count/min,0,김아연의 Apple Watch,HKQuantityTypeIdentifierHeartRate
Heart rate,2026-07-30 11:55:56+09:00,111.0,count/min,0,김아연의 Apple Watch,HKQuantityTypeIdentifierHeartRate
Heart rate,2026-07-30 11:56:02+09:00,108.0,count/min,0,김아연의 Apple Watch,HKQuantityTypeIdentifierHeartRate
Heart rate,2026-07-30 11:56:06+09:00,104.0,count/min,0,김아연의 Apple Watch,HKQuantityTypeIdentifierHeartRate
Heart rate,2026-07-30 11:56:11+09:00,103.0,count/min,0,김아연의 Apple Watch,HKQuantityTypeIdentifierHeartRate
Heart rate,2026-07-30 11:56:15+09:00,106.0,count/min,0,김아연의 Apple Watch,HKQuantityTypeIdentifierHeartRate
Heart rate,2026-07-30 11:56:19+09:00,105.0,count/min,0,김아연의 Apple Watch,HKQuantityTypeIdentifierHeartRate
Heart rate,2026-07-30 11:56:24+09:00,105.0,count/min,0,김아연의 Apple Watch,HKQuantityTypeIdentifierHeartRate
Heart rate,2026-07-30 11:56:29+09:00,104.0,count/min,0,김아연의 Apple Watch,HKQuantityTypeIdentifierHeartRate
Heart rate,2026-07-30 11:56:38+09:00,101.0,count/min,0,김아연의 Apple Watch,HKQuantityTypeIdentifierHeartRate
Heart rate,2026-07-30 11:56:43+09:00,104.0,count/min,0,김아연의 Apple Watch,HKQuantityTypeIdentifierHeartRate
Heart rate,2026-07-30 11:56:49+09:00,99.0,count/min,0,김아연의 Apple Watch,HKQuantityTypeIdentifierHeartRate
Heart rate,2026-07-30 11:56:51+09:00,96.0,count/min,0,김아연의 Apple Watch,HKQuantityTypeIdentifierHeartRate
Heart rate,2026-07-30 11:56:58+09:00,94.0,count/min,0,김아연의 Apple Watch,HKQuantityTypeIdentifierHeartRate
Heart rate,2026-07-30 11:57:00+09:00,93.0,count/min,0,김아연의 Apple Watch,HKQuantityTypeIdentifierHeartRate
Heart rate,2026-07-30 11:57:08+09:00,95.0,count/min,0,김아연의 Apple Watch,HKQuantityTypeIdentifierHeartRate
Heart rate,2026-07-30 11:57:14+09:00,92.0,count/min,0,김아연의 Apple Watch,HKQuantityTypeIdentifierHeartRate
Heart rate,2026-07-30 11:57:17+09:00,93.0,count/min,0,김아연의 Apple Watch,HKQuantityTypeIdentifierHeartRate
Heart rate,2026-07-30 11:57:24+09:00,97.0,count/min,0,김아연의 Apple Watch,HKQuantityTypeIdentifierHeartRate
Heart rate,2026-07-30 11:57:25+09:00,97.0,count/min,0,김아연의 Apple Watch,HKQuantityTypeIdentifierHeartRate
Heart rate,2026-07-30 11:57:32+09:00,101.0,count/min,0,김아연의 Apple Watch,HKQuantityTypeIdentifierHeartRate
Heart rate,2026-07-30 11:57:35+09:00,103.0,count/min,0,김아연의 Apple Watch,HKQuantityTypeIdentifierHeartRate
Heart rate,2026-07-30 11:57:40+09:00,104.0,count/min,0,김아연의 Apple Watch,HKQuantityTypeIdentifierHeartRate
Heart rate,2026-07-30 11:57:45+09:00,104.0,count/min,0,김아연의 Apple Watch,HKQuantityTypeIdentifierHeartRate
Heart rate,2026-07-30 11:57:53+09:00,106.0,count/min,0,김아연의 Apple Watch,HKQuantityTypeIdentifierHeartRate
Heart rate,2026-07-30 11:57:55+09:00,105.0,count/min,0,김아연의 Apple Watch,HKQuantityTypeIdentifierHeartRate
Heart rate,2026-07-30 11:58:04+09:00,101.0,count/min,0,김아연의 Apple Watch,HKQuantityTypeIdentifierHeartRate
Heart rate,2026-07-30 11:58:09+09:00,103.0,count/min,0,김아연의 Apple Watch,HKQuantityTypeIdentifierHeartRate
Heart rate,2026-07-30 11:58:10+09:00,104.0,count/min,0,김아연의 Apple Watch,HKQuantityTypeIdentifierHeartRate
Heart rate,2026-07-30 11:58:15+09:00,104.0,count/min,0,김아연의 Apple Watch,HKQuantityTypeIdentifierHeartRate
Heart rate,2026-07-30 11:58:24+09:00,101.0,count/min,0,김아연의 Apple Watch,HKQuantityTypeIdentifierHeartRate
Heart rate,2026-07-30 11:58:28+09:00,101.0,count/min,0,김아연의 Apple Watch,HKQuantityTypeIdentifierHeartRate
Heart rate,2026-07-30 11:58:30+09:00,103.0,count/min,0,김아연의 Apple Watch,HKQuantityTypeIdentifierHeartRate
Heart rate,2026-07-30 11:58:39+09:00,101.0,count/min,0,김아연의 Apple Watch,HKQuantityTypeIdentifierHeartRate
Heart rate,2026-07-30 11:58:44+09:00,100.0,count/min,0,김아연의 Apple Watch,HKQuantityTypeIdentifierHeartRate
Heart rate,2026-07-30 11:58:45+09:00,101.0,count/min,0,김아연의 Apple Watch,HKQuantityTypeIdentifierHeartRate
Heart rate,2026-07-30 11:58:53+09:00,99.0,count/min,0,김아연의 Apple Watch,HKQuantityTypeIdentifierHeartRate
Heart rate,2026-07-30 11:58:59+09:00,102.0,count/min,0,김아연의 Apple Watch,HKQuantityTypeIdentifierHeartRate
Heart rate,2026-07-30 11:59:01+09:00,102.0,count/min,0,김아연의 Apple Watch,HKQuantityTypeIdentifierHeartRate
Heart rate,2026-07-30 11:59:05+09:00,103.0,count/min,0,김아연의 Apple Watch,HKQuantityTypeIdentifierHeartRate
Heart rate,2026-07-30 11:59:13+09:00,106.0,count/min,0,김아연의 Apple Watch,HKQuantityTypeIdentifierHeartRate
Heart rate,2026-07-30 11:59:15+09:00,104.0,count/min,0,김아연의 Apple Watch,HKQuantityTypeIdentifierHeartRate
Heart rate,2026-07-30 11:59:24+09:00,103.0,count/min,0,김아연의 Apple Watch,HKQuantityTypeIdentifierHeartRate
Heart rate,2026-07-30 11:59:27+09:00,102.0,count/min,0,김아연의 Apple Watch,HKQuantityTypeIdentifierHeartRate
Heart rate,2026-07-30 11:59:31+09:00,102.0,count/min,0,김아연의 Apple Watch,HKQuantityTypeIdentifierHeartRate
Heart rate,2026-07-30 11:59:38+09:00,97.0,count/min,0,김아연의 Apple Watch,HKQuantityTypeIdentifierHeartRate
Heart rate,2026-07-30 11:59:40+09:00,97.0,count/min,0,김아연의 Apple Watch,HKQuantityTypeIdentifierHeartRate
Heart rate,2026-07-30 11:59:45+09:00,99.0,count/min,0,김아연의 Apple Watch,HKQuantityTypeIdentifierHeartRate
Heart rate,2026-07-30 11:59:50+09:00,99.0,count/min,0,김아연의 Apple Watch,HKQuantityTypeIdentifierHeartRate
Heart rate,2026-07-30 11:59:55+09:00,101.0,count/min,0,김아연의 Apple Watch,HKQuantityTypeIdentifierHeartRate
Heart rate,2026-07-30 12:00:04+09:00,104.0,count/min,0,김아연의 Apple Watch,HKQuantityTypeIdentifierHeartRate
Heart rate,2026-07-30 12:00:09+09:00,103.0,count/min,0,김아연의 Apple Watch,HKQuantityTypeIdentifierHeartRate
Heart rate,2026-07-30 12:00:14+09:00,102.0,count/min,0,김아연의 Apple Watch,HKQuantityTypeIdentifierHeartRate
Heart rate,2026-07-30 12:00:19+09:00,102.0,count/min,0,김아연의 Apple Watch,HKQuantityTypeIdentifierHeartRate
Heart rate,2026-07-30 12:00:21+09:00,102.0,count/min,0,김아연의 Apple Watch,HKQuantityTypeIdentifierHeartRate
Heart rate,2026-07-30 12:00:29+09:00,100.0,count/min,0,김아연의 Apple Watch,HKQuantityTypeIdentifierHeartRate
Heart rate,2026-07-30 12:00:30+09:00,101.0,count/min,0,김아연의 Apple Watch,HKQuantityTypeIdentifierHeartRate
Heart rate,2026-07-30 12:00:38+09:00,102.0,count/min,0,김아연의 Apple Watch,HKQuantityTypeIdentifierHeartRate
Heart rate,2026-07-30 12:00:44+09:00,104.0,count/min,0,김아연의 Apple Watch,HKQuantityTypeIdentifierHeartRate
Heart rate,2026-07-30 12:00:45+09:00,104.0,count/min,0,김아연의 Apple Watch,HKQuantityTypeIdentifierHeartRate
Heart rate,2026-07-30 12:00:53+09:00,103.0,count/min,0,김아연의 Apple Watch,HKQuantityTypeIdentifierHeartRate
Heart rate,2026-07-30 12:00:59+09:00,102.0,count/min,0,김아연의 Apple Watch,HKQuantityTypeIdentifierHeartRate
Heart rate,2026-07-30 12:01:01+09:00,102.0,count/min,0,김아연의 Apple Watch,HKQuantityTypeIdentifierHeartRate
Heart rate,2026-07-30 12:01:08+09:00,102.0,count/min,0,김아연의 Apple Watch,HKQuantityTypeIdentifierHeartRate
Heart rate,2026-07-30 12:01:10+09:00,102.0,count/min,0,김아연의 Apple Watch,HKQuantityTypeIdentifierHeartRate
Heart rate,2026-07-30 12:01:17+09:00,101.0,count/min,0,김아연의 Apple Watch,HKQuantityTypeIdentifierHeartRate
Heart rate,2026-07-30 12:01:21+09:00,99.0,count/min,0,김아연의 Apple Watch,HKQuantityTypeIdentifierHeartRate
Heart rate,2026-07-30 12:01:26+09:00,99.0,count/min,0,김아연의 Apple Watch,HKQuantityTypeIdentifierHeartRate
Heart rate,2026-07-30 12:01:34+09:00,102.0,count/min,0,김아연의 Apple Watch,HKQuantityTypeIdentifierHeartRate
Heart rate,2026-07-30 12:01:38+09:00,104.0,count/min,0,김아연의 Apple Watch,HKQuantityTypeIdentifierHeartRate
Heart rate,2026-07-30 12:01:42+09:00,105.0,count/min,0,김아연의 Apple Watch,HKQuantityTypeIdentifierHeartRate
Heart rate,2026-07-30 12:01:49+09:00,103.0,count/min,0,김아연의 Apple Watch,HKQuantityTypeIdentifierHeartRate
Heart rate,2026-07-30 12:01:52+09:00,102.0,count/min,0,김아연의 Apple Watch,HKQuantityTypeIdentifierHeartRate
Heart rate,2026-07-30 12:01:59+09:00,101.0,count/min,0,김아연의 Apple Watch,HKQuantityTypeIdentifierHeartRate
Heart rate,2026-07-30 12:02:00+09:00,101.0,count/min,0,김아연의 Apple Watch,HKQuantityTypeIdentifierHeartRate
Heart rate,2026-07-30 12:02:07+09:00,101.0,count/min,0,김아연의 Apple Watch,HKQuantityTypeIdentifierHeartRate
Heart rate,2026-07-30 12:02:10+09:00,101.0,count/min,0,김아연의 Apple Watch,HKQuantityTypeIdentifierHeartRate
Heart rate,2026-07-30 12:02:19+09:00,103.0,count/min,0,김아연의 Apple Watch,HKQuantityTypeIdentifierHeartRate
Heart rate,2026-07-30 12:02:20+09:00,103.0,count/min,0,김아연의 Apple Watch,HKQuantityTypeIdentifierHeartRate
Heart rate,2026-07-30 12:02:27+09:00,104.0,count/min,0,김아연의 Apple Watch,HKQuantityTypeIdentifierHeartRate
Heart rate,2026-07-30 12:02:33+09:00,104.0,count/min,0,김아연의 Apple Watch,HKQuantityTypeIdentifierHeartRate
Heart rate,2026-07-30 12:02:37+09:00,105.0,count/min,0,김아연의 Apple Watch,HKQuantityTypeIdentifierHeartRate
Heart rate,2026-07-30 12:02:41+09:00,105.0,count/min,0,김아연의 Apple Watch,HKQuantityTypeIdentifierHeartRate
Heart rate,2026-07-30 12:02:46+09:00,105.0,count/min,0,김아연의 Apple Watch,HKQuantityTypeIdentifierHeartRate
Heart rate,2026-07-30 12:02:54+09:00,97.0,count/min,0,김아연의 Apple Watch,HKQuantityTypeIdentifierHeartRate
Heart rate,2026-07-30 12:02:57+09:00,95.0,count/min,0,김아연의 Apple Watch,HKQuantityTypeIdentifierHeartRate
Heart rate,2026-07-30 12:03:04+09:00,102.0,count/min,0,김아연의 Apple Watch,HKQuantityTypeIdentifierHeartRate
Heart rate,2026-07-30 12:03:07+09:00,101.0,count/min,0,김아연의 Apple Watch,HKQuantityTypeIdentifierHeartRate
Heart rate,2026-07-30 12:03:13+09:00,94.0,count/min,0,김아연의 Apple Watch,HKQuantityTypeIdentifierHeartRate
Heart rate,2026-07-30 12:03:17+09:00,95.0,count/min,0,김아연의 Apple Watch,HKQuantityTypeIdentifierHeartRate
Heart rate,2026-07-30 12:03:23+09:00,95.0,count/min,0,김아연의 Apple Watch,HKQuantityTypeIdentifierHeartRate
Heart rate,2026-07-30 12:03:26+09:00,95.0,count/min,0,김아연의 Apple Watch,HKQuantityTypeIdentifierHeartRate
Heart rate,2026-07-30 12:03:30+09:00,94.0,count/min,0,김아연의 Apple Watch,HKQuantityTypeIdentifierHeartRate
Heart rate,2026-07-30 12:03:36+09:00,95.0,count/min,0,김아연의 Apple Watch,HKQuantityTypeIdentifierHeartRate
Heart rate,2026-07-30 12:03:43+09:00,99.0,count/min,0,김아연의 Apple Watch,HKQuantityTypeIdentifierHeartRate
Heart rate,2026-07-30 12:03:48+09:00,99.0,count/min,0,김아연의 Apple Watch,HKQuantityTypeIdentifierHeartRate
Heart rate,2026-07-30 12:03:50+09:00,99.0,count/min,0,김아연의 Apple Watch,HKQuantityTypeIdentifierHeartRate
Heart rate,2026-07-30 12:03:56+09:00,98.0,count/min,0,김아연의 Apple Watch,HKQuantityTypeIdentifierHeartRate
Heart rate,2026-07-30 12:04:01+09:00,98.0,count/min,0,김아연의 Apple Watch,HKQuantityTypeIdentifierHeartRate
Heart rate,2026-07-30 12:04:05+09:00,98.0,count/min,0,김아연의 Apple Watch,HKQuantityTypeIdentifierHeartRate
Heart rate,2026-07-30 12:04:10+09:00,98.0,count/min,0,김아연의 Apple Watch,HKQuantityTypeIdentifierHeartRate
Heart rate,2026-07-30 12:04:19+09:00,106.0,count/min,0,김아연의 Apple Watch,HKQuantityTypeIdentifierHeartRate
Heart rate,2026-07-30 12:04:24+09:00,101.0,count/min,0,김아연의 Apple Watch,HKQuantityTypeIdentifierHeartRate
Heart rate,2026-07-30 12:04:28+09:00,100.0,count/min,0,김아연의 Apple Watch,HKQuantityTypeIdentifierHeartRate
Heart rate,2026-07-30 12:04:30+09:00,101.0,count/min,0,김아연의 Apple Watch,HKQuantityTypeIdentifierHeartRate
Heart rate,2026-07-30 12:08:36+09:00,84.0,count/min,1,김아연의 Apple Watch,HKQuantityTypeIdentifierHeartRate
Heart rate,2026-07-30 12:15:41+09:00,80.0,count/min,1,김아연의 Apple Watch,HKQuantityTypeIdentifierHeartRate
Heart rate,2026-07-30 12:16:47+09:00,80.0,count/min,1,김아연의 Apple Watch,HKQuantityTypeIdentifierHeartRate
Heart rate,2026-07-30 12:20:49+09:00,80.0,count/min,1,김아연의 Apple Watch,HKQuantityTypeIdentifierHeartRate
Heart rate,2026-07-30 12:25:50+09:00,79.0,count/min,1,김아연의 Apple Watch,HKQuantityTypeIdentifierHeartRate
Heart rate,2026-07-30 12:30:56+09:00,78.0,count/min,1,김아연의 Apple Watch,HKQuantityTypeIdentifierHeartRate
Heart rate,2026-07-30 12:38:30+09:00,95.0,count/min,2,김아연의 Apple Watch,HKQuantityTypeIdentifierHeartRate
Heart rate,2026-07-30 12:40:43+09:00,87.0,count/min,1,김아연의 Apple Watch,HKQuantityTypeIdentifierHeartRate
Heart rate,2026-07-30 12:45:07+09:00,80.0,count/min,1,김아연의 Apple Watch,HKQuantityTypeIdentifierHeartRate
Heart rate,2026-07-30 12:47:48+09:00,79.0,count/min,1,김아연의 Apple Watch,HKQuantityTypeIdentifierHeartRate
Heart rate,2026-07-30 12:53:39+09:00,81.0,count/min,1,김아연의 Apple Watch,HKQuantityTypeIdentifierHeartRate
Heart rate,2026-07-30 13:00:34+09:00,79.0,count/min,1,김아연의 Apple Watch,HKQuantityTypeIdentifierHeartRate
Heart rate,2026-07-30 13:02:52+09:00,79.0,count/min,1,김아연의 Apple Watch,HKQuantityTypeIdentifierHeartRate
Heart rate,2026-07-30 13:08:35+09:00,79.0,count/min,1,김아연의 Apple Watch,HKQuantityTypeIdentifierHeartRate
Heart rate,2026-07-30 13:10:36+09:00,83.8776,count/min,0,김아연의 Apple Watch,HKQuantityTypeIdentifierHeartRate
Heart rate,2026-07-30 13:13:55+09:00,83.0,count/min,1,김아연의 Apple Watch,HKQuantityTypeIdentifierHeartRate
Heart rate,2026-07-30 13:18:32+09:00,80.0,count/min,1,김아연의 Apple Watch,HKQuantityTypeIdentifierHeartRate
Heart rate,2026-07-30 13:20:51+09:00,84.0,count/min,1,김아연의 Apple Watch,HKQuantityTypeIdentifierHeartRate
Heart rate,2026-07-30 13:30:34+09:00,78.0,count/min,1,김아연의 Apple Watch,HKQuantityTypeIdentifierHeartRate
Heart rate,2026-07-30 13:31:49+09:00,80.0,count/min,1,김아연의 Apple Watch,HKQuantityTypeIdentifierHeartRate
Heart rate,2026-07-30 13:35:52+09:00,75.0,count/min,1,김아연의 Apple Watch,HKQuantityTypeIdentifierHeartRate
Heart rate,2026-07-30 13:41:49+09:00,76.0,count/min,1,김아연의 Apple Watch,HKQuantityTypeIdentifierHeartRate
Heart rate,2026-07-30 13:49:35+09:00,80.0,count/min,1,김아연의 Apple Watch,HKQuantityTypeIdentifierHeartRate
Heart rate,2026-07-30 13:52:12+09:00,80.0,count/min,1,김아연의 Apple Watch,HKQuantityTypeIdentifierHeartRate
Heart rate,2026-07-30 13:59:31+09:00,80.0,count/min,1,김아연의 Apple Watch,HKQuantityTypeIdentifierHeartRate
Heart rate,2026-07-30 14:02:11+09:00,76.0,count/min,1,김아연의 Apple Watch,HKQuantityTypeIdentifierHeartRate
Heart rate,2026-07-30 14:09:16+09:00,75.0,count/min,1,김아연의 Apple Watch,HKQuantityTypeIdentifierHeartRate
Heart rate,2026-07-30 14:13:19+09:00,74.0,count/min,1,김아연의 Apple Watch,HKQuantityTypeIdentifierHeartRate
Heart rate,2026-07-30 14:18:11+09:00,76.0,count/min,1,김아연의 Apple Watch,HKQuantityTypeIdentifierHeartRate
Heart rate,2026-07-30 14:58:24+09:00,75.0,count/min,1,김아연의 Apple Watch,HKQuantityTypeIdentifierHeartRate
Heart rate,2026-07-30 15:02:31+09:00,72.0,count/min,1,김아연의 Apple Watch,HKQuantityTypeIdentifierHeartRate
Heart rate,2026-07-30 15:05:57+09:00,74.0,count/min,1,김아연의 Apple Watch,HKQuantityTypeIdentifierHeartRate
Heart rate,2026-07-30 15:15:47+09:00,72.0,count/min,1,김아연의 Apple Watch,HKQuantityTypeIdentifierHeartRate
Heart rate,2026-07-30 15:20:38+09:00,73.0,count/min,1,김아연의 Apple Watch,HKQuantityTypeIdentifierHeartRate
Heart rate,2026-07-30 15:23:06+09:00,70.0,count/min,1,김아연의 Apple Watch,HKQuantityTypeIdentifierHeartRate
Heart rate,2026-07-30 15:26:04+09:00,71.0,count/min,1,김아연의 Apple Watch,HKQuantityTypeIdentifierHeartRate
Heart rate,2026-07-30 15:31:00+09:00,74.0,count/min,1,김아연의 Apple Watch,HKQuantityTypeIdentifierHeartRate
Heart rate,2026-07-30 15:36:38+09:00,86.0,count/min,0,김아연의 Apple Watch,HKQuantityTypeIdentifierHeartRate
Heart rate,2026-07-30 15:42:32+09:00,77.0,count/min,1,김아연의 Apple Watch,HKQuantityTypeIdentifierHeartRate
Heart rate,2026-07-30 15:48:58+09:00,70.0,count/min,1,김아연의 Apple Watch,HKQuantityTypeIdentifierHeartRate
Heart rate,2026-07-30 15:53:40+09:00,69.0,count/min,1,김아연의 Apple Watch,HKQuantityTypeIdentifierHeartRate
Heart rate,2026-07-30 15:56:34+09:00,71.0,count/min,1,김아연의 Apple Watch,HKQuantityTypeIdentifierHeartRate
Heart rate,2026-07-30 16:05:03+09:00,71.0,count/min,1,김아연의 Apple Watch,HKQuantityTypeIdentifierHeartRate
Heart rate,2026-07-30 16:07:00+09:00,70.0,count/min,1,김아연의 Apple Watch,HKQuantityTypeIdentifierHeartRate
Heart rate,2026-07-30 16:12:39+09:00,83.0,count/min,2,김아연의 Apple Watch,HKQuantityTypeIdentifierHeartRate
Heart rate,2026-07-30 16:13:28+09:00,72.0,count/min,1,김아연의 Apple Watch,HKQuantityTypeIdentifierHeartRate
Heart rate,2026-07-30 16:20:42+09:00,70.0,count/min,1,김아연의 Apple Watch,HKQuantityTypeIdentifierHeartRate
Heart rate,2026-07-30 16:25:48+09:00,76.0,count/min,1,김아연의 Apple Watch,HKQuantityTypeIdentifierHeartRate
Heart rate,2026-07-30 16:30:21+09:00,72.0,count/min,1,김아연의 Apple Watch,HKQuantityTypeIdentifierHeartRate
Heart rate,2026-07-30 16:32:46+09:00,72.0,count/min,1,김아연의 Apple Watch,HKQuantityTypeIdentifierHeartRate
Heart rate,2026-07-30 16:36:38+09:00,70.0,count/min,1,김아연의 Apple Watch,HKQuantityTypeIdentifierHeartRate
Heart rate,2026-07-30 16:45:12+09:00,69.0,count/min,1,김아연의 Apple Watch,HKQuantityTypeIdentifierHeartRate
Heart rate,2026-07-30 16:48:27+09:00,69.0,count/min,1,김아연의 Apple Watch,HKQuantityTypeIdentifierHeartRate
Heart rate,2026-07-30 16:55:39+09:00,71.0,count/min,1,김아연의 Apple Watch,HKQuantityTypeIdentifierHeartRate
Heart rate,2026-07-30 16:58:01+09:00,73.0,count/min,1,김아연의 Apple Watch,HKQuantityTypeIdentifierHeartRate
Heart rate,2026-07-30 17:04:01+09:00,71.0,count/min,1,김아연의 Apple Watch,HKQuantityTypeIdentifierHeartRate
Heart rate,2026-07-30 17:09:52+09:00,74.1679,count/min,0,김아연의 Apple Watch,HKQuantityTypeIdentifierHeartRate
Heart rate,2026-07-30 17:10:06+09:00,73.0,count/min,1,김아연의 Apple Watch,HKQuantityTypeIdentifierHeartRate
Heart rate,2026-07-30 17:15:36+09:00,72.0,count/min,1,김아연의 Apple Watch,HKQuantityTypeIdentifierHeartRate
Heart rate,2026-07-30 17:18:24+09:00,71.0,count/min,1,김아연의 Apple Watch,HKQuantityTypeIdentifierHeartRate
Heart rate,2026-07-30 17:21:46+09:00,74.0,count/min,1,김아연의 Apple Watch,HKQuantityTypeIdentifierHeartRate
Heart rate,2026-07-30 17:30:36+09:00,69.0,count/min,1,김아연의 Apple Watch,HKQuantityTypeIdentifierHeartRate
Heart rate,2026-07-30 17:31:56+09:00,70.0,count/min,1,김아연의 Apple Watch,HKQuantityTypeIdentifierHeartRate
Heart rate,2026-07-30 17:36:31+09:00,68.0,count/min,1,김아연의 Apple Watch,HKQuantityTypeIdentifierHeartRate
Heart rate,2026-07-30 17:42:46+09:00,71.0,count/min,1,김아연의 Apple Watch,HKQuantityTypeIdentifierHeartRate
Heart rate,2026-07-30 18:02:54+09:00,75.0,count/min,1,김아연의 Apple Watch,HKQuantityTypeIdentifierHeartRate
Heart rate,2026-07-30 18:05:50+09:00,95.0,count/min,2,김아연의 Apple Watch,HKQuantityTypeIdentifierHeartRate
Heart rate,2026-07-30 18:09:29+09:00,87.0,count/min,1,김아연의 Apple Watch,HKQuantityTypeIdentifierHeartRate
Heart rate,2026-07-30 18:11:44+09:00,118.0,count/min,0,김아연의 Apple Watch,HKQuantityTypeIdentifierHeartRate
Heart rate,2026-07-30 18:11:47+09:00,120.0,count/min,0,김아연의 Apple Watch,HKQuantityTypeIdentifierHeartRate
Heart rate,2026-07-30 18:11:51+09:00,121.0,count/min,0,김아연의 Apple Watch,HKQuantityTypeIdentifierHeartRate
Heart rate,2026-07-30 18:11:55+09:00,121.0,count/min,0,김아연의 Apple Watch,HKQuantityTypeIdentifierHeartRate
Heart rate,2026-07-30 18:12:04+09:00,119.0,count/min,0,김아연의 Apple Watch,HKQuantityTypeIdentifierHeartRate
Heart rate,2026-07-30 18:12:08+09:00,116.0,count/min,0,김아연의 Apple Watch,HKQuantityTypeIdentifierHeartRate
Heart rate,2026-07-30 18:12:14+09:00,114.0,count/min,0,김아연의 Apple Watch,HKQuantityTypeIdentifierHeartRate
Heart rate,2026-07-30 18:12:19+09:00,111.0,count/min,0,김아연의 Apple Watch,HKQuantityTypeIdentifierHeartRate
Heart rate,2026-07-30 18:12:23+09:00,114.0,count/min,0,김아연의 Apple Watch,HKQuantityTypeIdentifierHeartRate
Heart rate,2026-07-30 18:15:04+09:00,118.0,count/min,2,김아연의 Apple Watch,HKQuantityTypeIdentifierHeartRate
Heart rate,2026-07-30 18:17:37+09:00,76.0,count/min,1,김아연의 Apple Watch,HKQuantityTypeIdentifierHeartRate
Heart rate,2026-07-30 18:25:02+09:00,74.0,count/min,1,김아연의 Apple Watch,HKQuantityTypeIdentifierHeartRate
Heart rate,2026-07-30 18:26:11+09:00,76.0,count/min,1,김아연의 Apple Watch,HKQuantityTypeIdentifierHeartRate
Heart rate,2026-07-30 18:33:47+09:00,82.0,count/min,1,김아연의 Apple Watch,HKQuantityTypeIdentifierHeartRate
Heart rate,2026-07-30 18:40:36+09:00,76.0,count/min,1,김아연의 Apple Watch,HKQuantityTypeIdentifierHeartRate
Heart rate,2026-07-30 18:42:08+09:00,76.0,count/min,1,김아연의 Apple Watch,HKQuantityTypeIdentifierHeartRate
Heart rate,2026-07-30 18:48:13+09:00,84.0,count/min,1,김아연의 Apple Watch,HKQuantityTypeIdentifierHeartRate
Heart rate,2026-07-30 18:54:59+09:00,75.0,count/min,1,김아연의 Apple Watch,HKQuantityTypeIdentifierHeartRate
Heart rate,2026-07-30 18:58:25+09:00,85.0,count/min,1,김아연의 Apple Watch,HKQuantityTypeIdentifierHeartRate
Heart rate,2026-07-30 19:09:11+09:00,84.0,count/min,1,김아연의 Apple Watch,HKQuantityTypeIdentifierHeartRate
Heart rate,2026-07-30 19:12:41+09:00,102.0,count/min,2,김아연의 Apple Watch,HKQuantityTypeIdentifierHeartRate
Heart rate,2026-07-30 19:15:11+09:00,91.0,count/min,1,김아연의 Apple Watch,HKQuantityTypeIdentifierHeartRate
Heart rate,2026-07-30 19:19:16+09:00,97.0,count/min,1,김아연의 Apple Watch,HKQuantityTypeIdentifierHeartRate
Heart rate,2026-07-30 19:24:06+09:00,103.0,count/min,2,김아연의 Apple Watch,HKQuantityTypeIdentifierHeartRate
Heart rate,2026-07-30 19:25:51+09:00,100.0,count/min,0,김아연의 Apple Watch,HKQuantityTypeIdentifierHeartRate
Heart rate,2026-07-30 19:25:56+09:00,102.0,count/min,0,김아연의 Apple Watch,HKQuantityTypeIdentifierHeartRate
Heart rate,2026-07-30 19:26:01+09:00,101.0,count/min,0,김아연의 Apple Watch,HKQuantityTypeIdentifierHeartRate
Heart rate,2026-07-30 19:26:04+09:00,102.0,count/min,0,김아연의 Apple Watch,HKQuantityTypeIdentifierHeartRate
Heart rate,2026-07-30 19:26:09+09:00,102.0,count/min,0,김아연의 Apple Watch,HKQuantityTypeIdentifierHeartRate
Heart rate,2026-07-30 19:26:13+09:00,101.0,count/min,0,김아연의 Apple Watch,HKQuantityTypeIdentifierHeartRate
Heart rate,2026-07-30 19:26:17+09:00,104.0,count/min,0,김아연의 Apple Watch,HKQuantityTypeIdentifierHeartRate
Heart rate,2026-07-30 19:27:20+09:00,99.0,count/min,1,김아연의 Apple Watch,HKQuantityTypeIdentifierHeartRate
Heart rate,2026-07-30 19:29:39+09:00,101.0,count/min,2,김아연의 Apple Watch,HKQuantityTypeIdentifierHeartRate
Heart rate,2026-07-30 19:29:51+09:00,104.0,count/min,0,김아연의 Apple Watch,HKQuantityTypeIdentifierHeartRate
Heart rate,2026-07-30 19:29:56+09:00,103.0,count/min,0,김아연의 Apple Watch,HKQuantityTypeIdentifierHeartRate
Heart rate,2026-07-30 19:30:01+09:00,99.0,count/min,0,김아연의 Apple Watch,HKQuantityTypeIdentifierHeartRate
Heart rate,2026-07-30 19:30:04+09:00,102.0,count/min,0,김아연의 Apple Watch,HKQuantityTypeIdentifierHeartRate
Heart rate,2026-07-30 19:30:07+09:00,102.0,count/min,0,김아연의 Apple Watch,HKQuantityTypeIdentifierHeartRate
Heart rate,2026-07-30 19:30:14+09:00,94.0,count/min,0,김아연의 Apple Watch,HKQuantityTypeIdentifierHeartRate
Heart rate,2026-07-30 19:30:20+09:00,101.0,count/min,0,김아연의 Apple Watch,HKQuantityTypeIdentifierHeartRate
Heart rate,2026-07-30 19:32:47+09:00,105.0,count/min,2,김아연의 Apple Watch,HKQuantityTypeIdentifierHeartRate
Heart rate,2026-07-30 19:33:23+09:00,103.0,count/min,1,김아연의 Apple Watch,HKQuantityTypeIdentifierHeartRate
Heart rate,2026-07-30 19:33:51+09:00,103.0,count/min,0,김아연의 Apple Watch,HKQuantityTypeIdentifierHeartRate
Heart rate,2026-07-30 19:33:56+09:00,103.0,count/min,0,김아연의 Apple Watch,HKQuantityTypeIdentifierHeartRate
Heart rate,2026-07-30 19:34:01+09:00,102.0,count/min,0,김아연의 Apple Watch,HKQuantityTypeIdentifierHeartRate
Heart rate,2026-07-30 19:34:06+09:00,102.0,count/min,0,김아연의 Apple Watch,HKQuantityTypeIdentifierHeartRate
Heart rate,2026-07-30 19:34:11+09:00,97.0,count/min,0,김아연의 Apple Watch,HKQuantityTypeIdentifierHeartRate
Heart rate,2026-07-30 19:34:16+09:00,97.0,count/min,0,김아연의 Apple Watch,HKQuantityTypeIdentifierHeartRate
Heart rate,2026-07-30 19:34:21+09:00,97.0,count/min,0,김아연의 Apple Watch,HKQuantityTypeIdentifierHeartRate
Heart rate,2026-07-30 19:37:01+09:00,105.0,count/min,2,김아연의 Apple Watch,HKQuantityTypeIdentifierHeartRate
Heart rate,2026-07-30 19:39:21+09:00,110.0,count/min,2,김아연의 Apple Watch,HKQuantityTypeIdentifierHeartRate
Heart rate,2026-07-30 19:40:37+09:00,110.0,count/min,0,김아연의 Apple Watch,HKQuantityTypeIdentifierHeartRate
Heart rate,2026-07-30 19:40:42+09:00,108.0,count/min,0,김아연의 Apple Watch,HKQuantityTypeIdentifierHeartRate
Heart rate,2026-07-30 19:40:44+09:00,108.0,count/min,0,김아연의 Apple Watch,HKQuantityTypeIdentifierHeartRate
Heart rate,2026-07-30 19:40:51+09:00,109.0,count/min,0,김아연의 Apple Watch,HKQuantityTypeIdentifierHeartRate
Heart rate,2026-07-30 19:40:53+09:00,108.0,count/min,0,김아연의 Apple Watch,HKQuantityTypeIdentifierHeartRate
Heart rate,2026-07-30 19:41:00+09:00,106.0,count/min,0,김아연의 Apple Watch,HKQuantityTypeIdentifierHeartRate
Heart rate,2026-07-30 19:41:05+09:00,109.0,count/min,0,김아연의 Apple Watch,HKQuantityTypeIdentifierHeartRate
Heart rate,2026-07-30 19:43:58+09:00,115.0,count/min,2,김아연의 Apple Watch,HKQuantityTypeIdentifierHeartRate
Heart rate,2026-07-30 19:46:31+09:00,114.0,count/min,2,김아연의 Apple Watch,HKQuantityTypeIdentifierHeartRate
Heart rate,2026-07-30 19:48:42+09:00,103.0,count/min,0,김아연의 Apple Watch,HKQuantityTypeIdentifierHeartRate
Heart rate,2026-07-30 19:48:47+09:00,106.0,count/min,0,김아연의 Apple Watch,HKQuantityTypeIdentifierHeartRate
Heart rate,2026-07-30 19:48:52+09:00,106.0,count/min,0,김아연의 Apple Watch,HKQuantityTypeIdentifierHeartRate
Heart rate,2026-07-30 19:48:56+09:00,105.0,count/min,0,김아연의 Apple Watch,HKQuantityTypeIdentifierHeartRate
Heart rate,2026-07-30 19:48:58+09:00,107.0,count/min,0,김아연의 Apple Watch,HKQuantityTypeIdentifierHeartRate
Heart rate,2026-07-30 19:49:06+09:00,107.0,count/min,0,김아연의 Apple Watch,HKQuantityTypeIdentifierHeartRate
Heart rate,2026-07-30 19:49:09+09:00,108.0,count/min,0,김아연의 Apple Watch,HKQuantityTypeIdentifierHeartRate
Heart rate,2026-07-30 19:49:13+09:00,110.0,count/min,0,김아연의 Apple Watch,HKQuantityTypeIdentifierHeartRate
Heart rate,2026-07-30 19:49:20+09:00,108.0,count/min,0,김아연의 Apple Watch,HKQuantityTypeIdentifierHeartRate
Heart rate,2026-07-30 19:49:24+09:00,107.0,count/min,0,김아연의 Apple Watch,HKQuantityTypeIdentifierHeartRate
Heart rate,2026-07-30 19:49:31+09:00,110.0,count/min,0,김아연의 Apple Watch,HKQuantityTypeIdentifierHeartRate
Heart rate,2026-07-30 19:49:33+09:00,110.0,count/min,0,김아연의 Apple Watch,HKQuantityTypeIdentifierHeartRate
Heart rate,2026-07-30 19:49:41+09:00,108.0,count/min,0,김아연의 Apple Watch,HKQuantityTypeIdentifierHeartRate
Heart rate,2026-07-30 19:49:47+09:00,107.0,count/min,0,김아연의 Apple Watch,HKQuantityTypeIdentifierHeartRate
Heart rate,2026-07-30 19:49:48+09:00,106.0,count/min,0,김아연의 Apple Watch,HKQuantityTypeIdentifierHeartRate
Heart rate,2026-07-30 19:49:55+09:00,106.0,count/min,0,김아연의 Apple Watch,HKQuantityTypeIdentifierHeartRate
Heart rate,2026-07-30 19:50:01+09:00,107.0,count/min,0,김아연의 Apple Watch,HKQuantityTypeIdentifierHeartRate
Heart rate,2026-07-30 19:50:04+09:00,107.0,count/min,0,김아연의 Apple Watch,HKQuantityTypeIdentifierHeartRate
Heart rate,2026-07-30 19:52:31+09:00,107.0,count/min,2,김아연의 Apple Watch,HKQuantityTypeIdentifierHeartRate
Heart rate,2026-07-30 19:52:54+09:00,112.0,count/min,0,김아연의 Apple Watch,HKQuantityTypeIdentifierHeartRate
Heart rate,2026-07-30 19:52:59+09:00,111.0,count/min,0,김아연의 Apple Watch,HKQuantityTypeIdentifierHeartRate
Heart rate,2026-07-30 19:53:03+09:00,111.0,count/min,0,김아연의 Apple Watch,HKQuantityTypeIdentifierHeartRate
Heart rate,2026-07-30 19:53:07+09:00,112.0,count/min,0,김아연의 Apple Watch,HKQuantityTypeIdentifierHeartRate
Heart rate,2026-07-30 19:53:13+09:00,111.0,count/min,0,김아연의 Apple Watch,HKQuantityTypeIdentifierHeartRate
Heart rate,2026-07-30 19:53:18+09:00,111.0,count/min,0,김아연의 Apple Watch,HKQuantityTypeIdentifierHeartRate
Heart rate,2026-07-30 19:53:23+09:00,109.0,count/min,0,김아연의 Apple Watch,HKQuantityTypeIdentifierHeartRate
Heart rate,2026-07-30 19:54:50+09:00,108.0,count/min,0,김아연의 Apple Watch,HKQuantityTypeIdentifierHeartRate
Heart rate,2026-07-30 19:54:55+09:00,111.0,count/min,0,김아연의 Apple Watch,HKQuantityTypeIdentifierHeartRate
Heart rate,2026-07-30 19:55:00+09:00,111.0,count/min,0,김아연의 Apple Watch,HKQuantityTypeIdentifierHeartRate
Heart rate,2026-07-30 19:55:04+09:00,110.0,count/min,0,김아연의 Apple Watch,HKQuantityTypeIdentifierHeartRate
Heart rate,2026-07-30 19:55:10+09:00,111.0,count/min,0,김아연의 Apple Watch,HKQuantityTypeIdentifierHeartRate
Heart rate,2026-07-30 19:55:13+09:00,111.0,count/min,0,김아연의 Apple Watch,HKQuantityTypeIdentifierHeartRate
Heart rate,2026-07-30 19:55:18+09:00,110.0,count/min,0,김아연의 Apple Watch,HKQuantityTypeIdentifierHeartRate
Heart rate,2026-07-30 19:55:21+09:00,109.0,count/min,0,김아연의 Apple Watch,HKQuantityTypeIdentifierHeartRate
Heart rate,2026-07-30 19:55:28+09:00,109.0,count/min,0,김아연의 Apple Watch,HKQuantityTypeIdentifierHeartRate
Heart rate,2026-07-30 19:55:35+09:00,110.0,count/min,0,김아연의 Apple Watch,HKQuantityTypeIdentifierHeartRate
Heart rate,2026-07-30 19:55:40+09:00,108.0,count/min,0,김아연의 Apple Watch,HKQuantityTypeIdentifierHeartRate
Heart rate,2026-07-30 19:55:41+09:00,108.0,count/min,0,김아연의 Apple Watch,HKQuantityTypeIdentifierHeartRate
Heart rate,2026-07-30 19:55:47+09:00,111.0,count/min,0,김아연의 Apple Watch,HKQuantityTypeIdentifierHeartRate
Heart rate,2026-07-30 19:55:54+09:00,107.0,count/min,0,김아연의 Apple Watch,HKQuantityTypeIdentifierHeartRate
Heart rate,2026-07-30 19:56:00+09:00,110.0,count/min,0,김아연의 Apple Watch,HKQuantityTypeIdentifierHeartRate
Heart rate,2026-07-30 19:56:01+09:00,110.0,count/min,0,김아연의 Apple Watch,HKQuantityTypeIdentifierHeartRate
Heart rate,2026-07-30 19:56:08+09:00,105.0,count/min,0,김아연의 Apple Watch,HKQuantityTypeIdentifierHeartRate
Heart rate,2026-07-30 19:56:15+09:00,107.0,count/min,0,김아연의 Apple Watch,HKQuantityTypeIdentifierHeartRate
Heart rate,2026-07-30 19:56:16+09:00,107.0,count/min,0,김아연의 Apple Watch,HKQuantityTypeIdentifierHeartRate
Heart rate,2026-07-30 19:56:21+09:00,111.0,count/min,0,김아연의 Apple Watch,HKQuantityTypeIdentifierHeartRate
Heart rate,2026-07-30 19:56:30+09:00,104.0,count/min,0,김아연의 Apple Watch,HKQuantityTypeIdentifierHeartRate
Heart rate,2026-07-30 19:56:31+09:00,105.0,count/min,0,김아연의 Apple Watch,HKQuantityTypeIdentifierHeartRate
Heart rate,2026-07-30 19:56:36+09:00,105.0,count/min,0,김아연의 Apple Watch,HKQuantityTypeIdentifierHeartRate
Heart rate,2026-07-30 19:56:41+09:00,104.0,count/min,0,김아연의 Apple Watch,HKQuantityTypeIdentifierHeartRate
Heart rate,2026-07-30 19:56:47+09:00,105.0,count/min,0,김아연의 Apple Watch,HKQuantityTypeIdentifierHeartRate
Heart rate,2026-07-30 19:56:55+09:00,109.0,count/min,0,김아연의 Apple Watch,HKQuantityTypeIdentifierHeartRate
Heart rate,2026-07-30 19:56:56+09:00,109.0,count/min,0,김아연의 Apple Watch,HKQuantityTypeIdentifierHeartRate
Heart rate,2026-07-30 19:57:01+09:00,108.0,count/min,0,김아연의 Apple Watch,HKQuantityTypeIdentifierHeartRate
Heart rate,2026-07-30 19:57:06+09:00,107.0,count/min,0,김아연의 Apple Watch,HKQuantityTypeIdentifierHeartRate
Heart rate,2026-07-30 19:57:12+09:00,109.0,count/min,0,김아연의 Apple Watch,HKQuantityTypeIdentifierHeartRate
Heart rate,2026-07-30 19:57:17+09:00,104.0,count/min,0,김아연의 Apple Watch,HKQuantityTypeIdentifierHeartRate
Heart rate,2026-07-30 19:57:21+09:00,102.0,count/min,0,김아연의 Apple Watch,HKQuantityTypeIdentifierHeartRate
Heart rate,2026-07-30 19:57:27+09:00,107.0,count/min,0,김아연의 Apple Watch,HKQuantityTypeIdentifierHeartRate
Heart rate,2026-07-30 19:57:36+09:00,108.0,count/min,0,김아연의 Apple Watch,HKQuantityTypeIdentifierHeartRate
Heart rate,2026-07-30 19:57:37+09:00,108.0,count/min,0,김아연의 Apple Watch,HKQuantityTypeIdentifierHeartRate
Heart rate,2026-07-30 19:57:45+09:00,108.0,count/min,0,김아연의 Apple Watch,HKQuantityTypeIdentifierHeartRate
Heart rate,2026-07-30 19:57:51+09:00,106.0,count/min,0,김아연의 Apple Watch,HKQuantityTypeIdentifierHeartRate
Heart rate,2026-07-30 19:57:55+09:00,106.0,count/min,0,김아연의 Apple Watch,HKQuantityTypeIdentifierHeartRate
Heart rate,2026-07-30 19:57:59+09:00,107.0,count/min,0,김아연의 Apple Watch,HKQuantityTypeIdentifierHeartRate
Heart rate,2026-07-30 19:58:05+09:00,107.0,count/min,0,김아연의 Apple Watch,HKQuantityTypeIdentifierHeartRate
Heart rate,2026-07-30 19:58:07+09:00,108.0,count/min,0,김아연의 Apple Watch,HKQuantityTypeIdentifierHeartRate
Heart rate,2026-07-30 19:58:14+09:00,105.0,count/min,0,김아연의 Apple Watch,HKQuantityTypeIdentifierHeartRate
Heart rate,2026-07-30 19:58:18+09:00,105.0,count/min,0,김아연의 Apple Watch,HKQuantityTypeIdentifierHeartRate
Heart rate,2026-07-30 19:58:22+09:00,105.0,count/min,0,김아연의 Apple Watch,HKQuantityTypeIdentifierHeartRate
Heart rate,2026-07-30 19:58:31+09:00,106.0,count/min,0,김아연의 Apple Watch,HKQuantityTypeIdentifierHeartRate
Heart rate,2026-07-30 19:58:34+09:00,105.0,count/min,0,김아연의 Apple Watch,HKQuantityTypeIdentifierHeartRate
Heart rate,2026-07-30 19:58:38+09:00,106.0,count/min,0,김아연의 Apple Watch,HKQuantityTypeIdentifierHeartRate
Heart rate,2026-07-30 19:58:46+09:00,105.0,count/min,0,김아연의 Apple Watch,HKQuantityTypeIdentifierHeartRate
Heart rate,2026-07-30 19:58:50+09:00,107.0,count/min,0,김아연의 Apple Watch,HKQuantityTypeIdentifierHeartRate
Heart rate,2026-07-30 19:58:55+09:00,108.0,count/min,0,김아연의 Apple Watch,HKQuantityTypeIdentifierHeartRate
Heart rate,2026-07-30 19:59:01+09:00,109.0,count/min,0,김아연의 Apple Watch,HKQuantityTypeIdentifierHeartRate
Heart rate,2026-07-30 19:59:02+09:00,108.0,count/min,0,김아연의 Apple Watch,HKQuantityTypeIdentifierHeartRate
Heart rate,2026-07-30 19:59:08+09:00,108.0,count/min,0,김아연의 Apple Watch,HKQuantityTypeIdentifierHeartRate
Heart rate,2026-07-30 19:59:16+09:00,105.0,count/min,0,김아연의 Apple Watch,HKQuantityTypeIdentifierHeartRate
Heart rate,2026-07-30 19:59:17+09:00,105.0,count/min,0,김아연의 Apple Watch,HKQuantityTypeIdentifierHeartRate
Heart rate,2026-07-30 19:59:25+09:00,107.0,count/min,0,김아연의 Apple Watch,HKQuantityTypeIdentifierHeartRate
Heart rate,2026-07-30 19:59:29+09:00,107.0,count/min,0,김아연의 Apple Watch,HKQuantityTypeIdentifierHeartRate
Heart rate,2026-07-30 19:59:33+09:00,107.0,count/min,0,김아연의 Apple Watch,HKQuantityTypeIdentifierHeartRate
Heart rate,2026-07-30 19:59:38+09:00,107.0,count/min,0,김아연의 Apple Watch,HKQuantityTypeIdentifierHeartRate
Heart rate,2026-07-30 19:59:45+09:00,110.0,count/min,0,김아연의 Apple Watch,HKQuantityTypeIdentifierHeartRate
Heart rate,2026-07-30 19:59:49+09:00,108.0,count/min,0,김아연의 Apple Watch,HKQuantityTypeIdentifierHeartRate
Heart rate,2026-07-30 19:59:55+09:00,110.0,count/min,0,김아연의 Apple Watch,HKQuantityTypeIdentifierHeartRate
Heart rate,2026-07-30 19:59:57+09:00,111.0,count/min,0,김아연의 Apple Watch,HKQuantityTypeIdentifierHeartRate
Heart rate,2026-07-30 20:00:06+09:00,110.0,count/min,0,김아연의 Apple Watch,HKQuantityTypeIdentifierHeartRate
Heart rate,2026-07-30 20:00:09+09:00,110.0,count/min,0,김아연의 Apple Watch,HKQuantityTypeIdentifierHeartRate
Heart rate,2026-07-30 20:00:14+09:00,110.0,count/min,0,김아연의 Apple Watch,HKQuantityTypeIdentifierHeartRate
Heart rate,2026-07-30 20:00:21+09:00,109.0,count/min,0,김아연의 Apple Watch,HKQuantityTypeIdentifierHeartRate
Heart rate,2026-07-30 20:00:23+09:00,109.0,count/min,0,김아연의 Apple Watch,HKQuantityTypeIdentifierHeartRate
Heart rate,2026-07-30 20:00:28+09:00,108.0,count/min,0,김아연의 Apple Watch,HKQuantityTypeIdentifierHeartRate
Heart rate,2026-07-30 20:00:32+09:00,109.0,count/min,0,김아연의 Apple Watch,HKQuantityTypeIdentifierHeartRate
Heart rate,2026-07-30 20:00:40+09:00,111.0,count/min,0,김아연의 Apple Watch,HKQuantityTypeIdentifierHeartRate
Heart rate,2026-07-30 20:00:45+09:00,108.0,count/min,0,김아연의 Apple Watch,HKQuantityTypeIdentifierHeartRate
Heart rate,2026-07-30 20:00:49+09:00,107.0,count/min,0,김아연의 Apple Watch,HKQuantityTypeIdentifierHeartRate
Heart rate,2026-07-30 20:00:56+09:00,107.0,count/min,0,김아연의 Apple Watch,HKQuantityTypeIdentifierHeartRate
Heart rate,2026-07-30 20:00:59+09:00,107.0,count/min,0,김아연의 Apple Watch,HKQuantityTypeIdentifierHeartRate
Heart rate,2026-07-30 20:01:04+09:00,107.0,count/min,0,김아연의 Apple Watch,HKQuantityTypeIdentifierHeartRate
Heart rate,2026-07-30 20:01:09+09:00,107.0,count/min,0,김아연의 Apple Watch,HKQuantityTypeIdentifierHeartRate
Heart rate,2026-07-30 20:01:14+09:00,107.0,count/min,0,김아연의 Apple Watch,HKQuantityTypeIdentifierHeartRate
Heart rate,2026-07-30 20:01:18+09:00,109.0,count/min,0,김아연의 Apple Watch,HKQuantityTypeIdentifierHeartRate
Heart rate,2026-07-30 20:01:25+09:00,109.0,count/min,0,김아연의 Apple Watch,HKQuantityTypeIdentifierHeartRate
Heart rate,2026-07-30 20:01:28+09:00,109.0,count/min,0,김아연의 Apple Watch,HKQuantityTypeIdentifierHeartRate
Heart rate,2026-07-30 20:01:36+09:00,110.0,count/min,0,김아연의 Apple Watch,HKQuantityTypeIdentifierHeartRate
Heart rate,2026-07-30 20:01:38+09:00,110.0,count/min,0,김아연의 Apple Watch,HKQuantityTypeIdentifierHeartRate
Heart rate,2026-07-30 20:01:43+09:00,112.0,count/min,0,김아연의 Apple Watch,HKQuantityTypeIdentifierHeartRate
Heart rate,2026-07-30 20:01:51+09:00,106.0,count/min,0,김아연의 Apple Watch,HKQuantityTypeIdentifierHeartRate
Heart rate,2026-07-30 20:01:54+09:00,107.0,count/min,0,김아연의 Apple Watch,HKQuantityTypeIdentifierHeartRate
Heart rate,2026-07-30 20:01:57+09:00,106.0,count/min,0,김아연의 Apple Watch,HKQuantityTypeIdentifierHeartRate
Heart rate,2026-07-30 20:02:03+09:00,98.0,count/min,0,김아연의 Apple Watch,HKQuantityTypeIdentifierHeartRate
Heart rate,2026-07-30 20:02:09+09:00,98.0,count/min,0,김아연의 Apple Watch,HKQuantityTypeIdentifierHeartRate
Heart rate,2026-07-30 20:02:16+09:00,96.0,count/min,0,김아연의 Apple Watch,HKQuantityTypeIdentifierHeartRate
Heart rate,2026-07-30 20:02:20+09:00,94.0,count/min,0,김아연의 Apple Watch,HKQuantityTypeIdentifierHeartRate
Heart rate,2026-07-30 20:02:22+09:00,94.0,count/min,0,김아연의 Apple Watch,HKQuantityTypeIdentifierHeartRate
Heart rate,2026-07-30 20:02:27+09:00,97.0,count/min,0,김아연의 Apple Watch,HKQuantityTypeIdentifierHeartRate
Heart rate,2026-07-30 20:02:35+09:00,98.0,count/min,0,김아연의 Apple Watch,HKQuantityTypeIdentifierHeartRate
Heart rate,2026-07-30 20:02:40+09:00,101.0,count/min,0,김아연의 Apple Watch,HKQuantityTypeIdentifierHeartRate
Heart rate,2026-07-30 20:02:42+09:00,101.0,count/min,0,김아연의 Apple Watch,HKQuantityTypeIdentifierHeartRate
Heart rate,2026-07-30 20:02:51+09:00,93.0,count/min,0,김아연의 Apple Watch,HKQuantityTypeIdentifierHeartRate
Heart rate,2026-07-30 20:02:56+09:00,93.0,count/min,0,김아연의 Apple Watch,HKQuantityTypeIdentifierHeartRate
Heart rate,2026-07-30 20:03:01+09:00,92.0,count/min,0,김아연의 Apple Watch,HKQuantityTypeIdentifierHeartRate
Heart rate,2026-07-30 20:03:06+09:00,91.0,count/min,0,김아연의 Apple Watch,HKQuantityTypeIdentifierHeartRate
Heart rate,2026-07-30 20:03:11+09:00,90.0,count/min,0,김아연의 Apple Watch,HKQuantityTypeIdentifierHeartRate
Heart rate,2026-07-30 20:03:15+09:00,90.0,count/min,0,김아연의 Apple Watch,HKQuantityTypeIdentifierHeartRate
Heart rate,2026-07-30 20:03:20+09:00,90.0,count/min,0,김아연의 Apple Watch,HKQuantityTypeIdentifierHeartRate
Heart rate,2026-07-30 20:03:26+09:00,91.0,count/min,0,김아연의 Apple Watch,HKQuantityTypeIdentifierHeartRate
Heart rate,2026-07-30 20:03:27+09:00,91.0,count/min,0,김아연의 Apple Watch,HKQuantityTypeIdentifierHeartRate
Heart rate,2026-07-30 20:03:32+09:00,90.0,count/min,0,김아연의 Apple Watch,HKQuantityTypeIdentifierHeartRate
Heart rate,2026-07-30 20:03:39+09:00,90.0,count/min,0,김아연의 Apple Watch,HKQuantityTypeIdentifierHeartRate
Heart rate,2026-07-30 20:03:44+09:00,91.0,count/min,0,김아연의 Apple Watch,HKQuantityTypeIdentifierHeartRate
Heart rate,2026-07-30 20:03:51+09:00,89.0,count/min,0,김아연의 Apple Watch,HKQuantityTypeIdentifierHeartRate
Heart rate,2026-07-30 20:03:55+09:00,91.0,count/min,0,김아연의 Apple Watch,HKQuantityTypeIdentifierHeartRate
Heart rate,2026-07-30 20:03:58+09:00,88.0,count/min,0,김아연의 Apple Watch,HKQuantityTypeIdentifierHeartRate
Heart rate,2026-07-30 20:04:03+09:00,87.0,count/min,0,김아연의 Apple Watch,HKQuantityTypeIdentifierHeartRate
Heart rate,2026-07-30 20:04:08+09:00,88.0,count/min,0,김아연의 Apple Watch,HKQuantityTypeIdentifierHeartRate
Heart rate,2026-07-30 20:04:16+09:00,89.0,count/min,0,김아연의 Apple Watch,HKQuantityTypeIdentifierHeartRate
Heart rate,2026-07-30 20:04:17+09:00,88.0,count/min,0,김아연의 Apple Watch,HKQuantityTypeIdentifierHeartRate
Heart rate,2026-07-30 20:04:26+09:00,97.0,count/min,0,김아연의 Apple Watch,HKQuantityTypeIdentifierHeartRate
Heart rate,2026-07-30 20:04:27+09:00,96.0,count/min,0,김아연의 Apple Watch,HKQuantityTypeIdentifierHeartRate
Heart rate,2026-07-30 20:04:36+09:00,89.0,count/min,0,김아연의 Apple Watch,HKQuantityTypeIdentifierHeartRate
Heart rate,2026-07-30 20:04:39+09:00,91.0,count/min,0,김아연의 Apple Watch,HKQuantityTypeIdentifierHeartRate
Heart rate,2026-07-30 20:04:44+09:00,89.0,count/min,0,김아연의 Apple Watch,HKQuantityTypeIdentifierHeartRate
Heart rate,2026-07-30 20:04:51+09:00,88.0,count/min,0,김아연의 Apple Watch,HKQuantityTypeIdentifierHeartRate
Heart rate,2026-07-30 20:04:56+09:00,89.0,count/min,0,김아연의 Apple Watch,HKQuantityTypeIdentifierHeartRate
Heart rate,2026-07-30 20:04:57+09:00,88.0,count/min,0,김아연의 Apple Watch,HKQuantityTypeIdentifierHeartRate
Heart rate,2026-07-30 20:05:06+09:00,86.0,count/min,0,김아연의 Apple Watch,HKQuantityTypeIdentifierHeartRate
Heart rate,2026-07-30 20:05:07+09:00,86.0,count/min,0,김아연의 Apple Watch,HKQuantityTypeIdentifierHeartRate
Heart rate,2026-07-30 20:05:14+09:00,83.0,count/min,0,김아연의 Apple Watch,HKQuantityTypeIdentifierHeartRate
Heart rate,2026-07-30 20:05:19+09:00,83.0,count/min,0,김아연의 Apple Watch,HKQuantityTypeIdentifierHeartRate
Heart rate,2026-07-30 20:05:22+09:00,83.0,count/min,0,김아연의 Apple Watch,HKQuantityTypeIdentifierHeartRate
Heart rate,2026-07-30 20:05:29+09:00,87.0,count/min,0,김아연의 Apple Watch,HKQuantityTypeIdentifierHeartRate
Heart rate,2026-07-30 20:05:33+09:00,88.0,count/min,0,김아연의 Apple Watch,HKQuantityTypeIdentifierHeartRate
Heart rate,2026-07-30 20:05:38+09:00,89.0,count/min,0,김아연의 Apple Watch,HKQuantityTypeIdentifierHeartRate
Heart rate,2026-07-30 20:05:45+09:00,93.0,count/min,0,김아연의 Apple Watch,HKQuantityTypeIdentifierHeartRate
Heart rate,2026-07-30 20:05:50+09:00,91.0,count/min,0,김아연의 Apple Watch,HKQuantityTypeIdentifierHeartRate
Heart rate,2026-07-30 20:05:52+09:00,89.0,count/min,0,김아연의 Apple Watch,HKQuantityTypeIdentifierHeartRate
Heart rate,2026-07-30 20:06:00+09:00,92.0,count/min,0,김아연의 Apple Watch,HKQuantityTypeIdentifierHeartRate
Heart rate,2026-07-30 20:06:06+09:00,91.0,count/min,0,김아연의 Apple Watch,HKQuantityTypeIdentifierHeartRate
Heart rate,2026-07-30 20:06:09+09:00,91.0,count/min,0,김아연의 Apple Watch,HKQuantityTypeIdentifierHeartRate
Heart rate,2026-07-30 20:06:12+09:00,88.0,count/min,0,김아연의 Apple Watch,HKQuantityTypeIdentifierHeartRate
Heart rate,2026-07-30 20:06:21+09:00,87.0,count/min,0,김아연의 Apple Watch,HKQuantityTypeIdentifierHeartRate
Heart rate,2026-07-30 20:06:26+09:00,88.0,count/min,0,김아연의 Apple Watch,HKQuantityTypeIdentifierHeartRate
Heart rate,2026-07-30 20:06:29+09:00,88.0,count/min,0,김아연의 Apple Watch,HKQuantityTypeIdentifierHeartRate
Heart rate,2026-07-30 20:06:32+09:00,88.0,count/min,0,김아연의 Apple Watch,HKQuantityTypeIdentifierHeartRate
Heart rate,2026-07-30 20:06:39+09:00,87.0,count/min,0,김아연의 Apple Watch,HKQuantityTypeIdentifierHeartRate
Heart rate,2026-07-30 20:06:43+09:00,90.0,count/min,0,김아연의 Apple Watch,HKQuantityTypeIdentifierHeartRate
Heart rate,2026-07-30 20:06:50+09:00,93.0,count/min,0,김아연의 Apple Watch,HKQuantityTypeIdentifierHeartRate
Heart rate,2026-07-30 20:06:55+09:00,89.0,count/min,0,김아연의 Apple Watch,HKQuantityTypeIdentifierHeartRate
Heart rate,2026-07-30 20:06:59+09:00,90.0,count/min,0,김아연의 Apple Watch,HKQuantityTypeIdentifierHeartRate
Heart rate,2026-07-30 20:07:06+09:00,87.0,count/min,0,김아연의 Apple Watch,HKQuantityTypeIdentifierHeartRate
Heart rate,2026-07-30 20:07:07+09:00,87.0,count/min,0,김아연의 Apple Watch,HKQuantityTypeIdentifierHeartRate
Heart rate,2026-07-30 20:07:13+09:00,85.0,count/min,0,김아연의 Apple Watch,HKQuantityTypeIdentifierHeartRate
Heart rate,2026-07-30 20:07:20+09:00,85.0,count/min,0,김아연의 Apple Watch,HKQuantityTypeIdentifierHeartRate
Heart rate,2026-07-30 20:07:25+09:00,85.0,count/min,0,김아연의 Apple Watch,HKQuantityTypeIdentifierHeartRate
Heart rate,2026-07-30 20:07:31+09:00,85.0,count/min,0,김아연의 Apple Watch,HKQuantityTypeIdentifierHeartRate
Heart rate,2026-07-30 20:07:34+09:00,85.0,count/min,0,김아연의 Apple Watch,HKQuantityTypeIdentifierHeartRate
Heart rate,2026-07-30 20:07:39+09:00,86.0,count/min,0,김아연의 Apple Watch,HKQuantityTypeIdentifierHeartRate
Heart rate,2026-07-30 20:07:42+09:00,87.0,count/min,0,김아연의 Apple Watch,HKQuantityTypeIdentifierHeartRate
Heart rate,2026-07-30 20:07:49+09:00,91.0,count/min,0,김아연의 Apple Watch,HKQuantityTypeIdentifierHeartRate
Heart rate,2026-07-30 20:07:53+09:00,89.0,count/min,0,김아연의 Apple Watch,HKQuantityTypeIdentifierHeartRate
Heart rate,2026-07-30 20:08:01+09:00,91.0,count/min,0,김아연의 Apple Watch,HKQuantityTypeIdentifierHeartRate
Heart rate,2026-07-30 20:08:06+09:00,95.0,count/min,0,김아연의 Apple Watch,HKQuantityTypeIdentifierHeartRate
Heart rate,2026-07-30 20:08:07+09:00,95.0,count/min,0,김아연의 Apple Watch,HKQuantityTypeIdentifierHeartRate
Heart rate,2026-07-30 20:08:14+09:00,92.0,count/min,0,김아연의 Apple Watch,HKQuantityTypeIdentifierHeartRate
Heart rate,2026-07-30 20:08:17+09:00,90.0,count/min,0,김아연의 Apple Watch,HKQuantityTypeIdentifierHeartRate
Heart rate,2026-07-30 20:09:56+09:00,84.0,count/min,1,김아연의 Apple Watch,HKQuantityTypeIdentifierHeartRate
Heart rate,2026-07-30 20:15:46+09:00,85.0,count/min,1,김아연의 Apple Watch,HKQuantityTypeIdentifierHeartRate
Heart rate,2026-07-30 20:17:02+09:00,87.0,count/min,1,김아연의 Apple Watch,HKQuantityTypeIdentifierHeartRate
Heart rate,2026-07-30 20:21:44+09:00,89.0,count/min,1,김아연의 Apple Watch,HKQuantityTypeIdentifierHeartRate
Heart rate,2026-07-30 20:25:53+09:00,113.0,count/min,2,김아연의 Apple Watch,HKQuantityTypeIdentifierHeartRate
Heart rate,2026-07-30 20:28:00+09:00,130.0,count/min,0,김아연의 Apple Watch,HKQuantityTypeIdentifierHeartRate
Heart rate,2026-07-30 20:28:05+09:00,132.0,count/min,0,김아연의 Apple Watch,HKQuantityTypeIdentifierHeartRate
Heart rate,2026-07-30 20:28:10+09:00,136.0,count/min,0,김아연의 Apple Watch,HKQuantityTypeIdentifierHeartRate
Heart rate,2026-07-30 20:28:15+09:00,137.0,count/min,0,김아연의 Apple Watch,HKQuantityTypeIdentifierHeartRate
Heart rate,2026-07-30 20:28:16+09:00,137.0,count/min,0,김아연의 Apple Watch,HKQuantityTypeIdentifierHeartRate
Heart rate,2026-07-30 20:30:46+09:00,124.0,count/min,2,김아연의 Apple Watch,HKQuantityTypeIdentifierHeartRate
Heart rate,2026-07-30 20:32:17+09:00,120.0,count/min,0,김아연의 Apple Watch,HKQuantityTypeIdentifierHeartRate
Heart rate,2026-07-30 20:32:22+09:00,120.0,count/min,0,김아연의 Apple Watch,HKQuantityTypeIdentifierHeartRate
Heart rate,2026-07-30 20:32:26+09:00,118.0,count/min,0,김아연의 Apple Watch,HKQuantityTypeIdentifierHeartRate
Heart rate,2026-07-30 20:32:30+09:00,118.0,count/min,0,김아연의 Apple Watch,HKQuantityTypeIdentifierHeartRate
Heart rate,2026-07-30 20:32:37+09:00,118.0,count/min,0,김아연의 Apple Watch,HKQuantityTypeIdentifierHeartRate
Heart rate,2026-07-30 20:32:42+09:00,117.0,count/min,0,김아연의 Apple Watch,HKQuantityTypeIdentifierHeartRate
Heart rate,2026-07-30 20:32:43+09:00,117.0,count/min,0,김아연의 Apple Watch,HKQuantityTypeIdentifierHeartRate
Heart rate,2026-07-30 20:32:50+09:00,113.0,count/min,0,김아연의 Apple Watch,HKQuantityTypeIdentifierHeartRate
Heart rate,2026-07-30 20:32:55+09:00,110.0,count/min,0,김아연의 Apple Watch,HKQuantityTypeIdentifierHeartRate
Heart rate,2026-07-30 20:33:02+09:00,111.0,count/min,0,김아연의 Apple Watch,HKQuantityTypeIdentifierHeartRate
Heart rate,2026-07-30 20:33:03+09:00,112.0,count/min,0,김아연의 Apple Watch,HKQuantityTypeIdentifierHeartRate
Heart rate,2026-07-30 20:33:08+09:00,111.0,count/min,0,김아연의 Apple Watch,HKQuantityTypeIdentifierHeartRate
Heart rate,2026-07-30 20:33:13+09:00,114.0,count/min,0,김아연의 Apple Watch,HKQuantityTypeIdentifierHeartRate
Heart rate,2026-07-30 20:33:20+09:00,117.0,count/min,0,김아연의 Apple Watch,HKQuantityTypeIdentifierHeartRate
Heart rate,2026-07-30 20:33:27+09:00,120.0,count/min,0,김아연의 Apple Watch,HKQuantityTypeIdentifierHeartRate
Heart rate,2026-07-30 20:33:43+09:00,122.0,count/min,0,김아연의 Apple Watch,HKQuantityTypeIdentifierHeartRate
Heart rate,2026-07-30 20:33:50+09:00,119.0,count/min,0,김아연의 Apple Watch,HKQuantityTypeIdentifierHeartRate
Heart rate,2026-07-30 20:33:56+09:00,118.0,count/min,0,김아연의 Apple Watch,HKQuantityTypeIdentifierHeartRate
Heart rate,2026-07-30 20:34:03+09:00,114.0,count/min,0,김아연의 Apple Watch,HKQuantityTypeIdentifierHeartRate
Heart rate,2026-07-30 20:34:05+09:00,113.0,count/min,0,김아연의 Apple Watch,HKQuantityTypeIdentifierHeartRate
Heart rate,2026-07-30 20:34:09+09:00,111.0,count/min,0,김아연의 Apple Watch,HKQuantityTypeIdentifierHeartRate
Heart rate,2026-07-30 20:34:14+09:00,109.0,count/min,0,김아연의 Apple Watch,HKQuantityTypeIdentifierHeartRate
Heart rate,2026-07-30 20:34:19+09:00,107.0,count/min,0,김아연의 Apple Watch,HKQuantityTypeIdentifierHeartRate
Heart rate,2026-07-30 20:34:25+09:00,104.0,count/min,0,김아연의 Apple Watch,HKQuantityTypeIdentifierHeartRate
Heart rate,2026-07-30 20:34:58+09:00,96.0,count/min,0,김아연의 Apple Watch,HKQuantityTypeIdentifierHeartRate
Heart rate,2026-07-30 20:35:03+09:00,95.0,count/min,0,김아연의 Apple Watch,HKQuantityTypeIdentifierHeartRate
Heart rate,2026-07-30 20:35:04+09:00,95.0,count/min,0,김아연의 Apple Watch,HKQuantityTypeIdentifierHeartRate
Heart rate,2026-07-30 20:36:57+09:00,92.0,count/min,0,김아연의 Apple Watch,HKQuantityTypeIdentifierHeartRate
Heart rate,2026-07-30 20:37:00+09:00,92.0,count/min,0,김아연의 Apple Watch,HKQuantityTypeIdentifierHeartRate
Heart rate,2026-07-30 20:37:05+09:00,94.0,count/min,0,김아연의 Apple Watch,HKQuantityTypeIdentifierHeartRate
Heart rate,2026-07-30 20:37:18+09:00,94.0,count/min,0,김아연의 Apple Watch,HKQuantityTypeIdentifierHeartRate
Heart rate,2026-07-30 20:37:19+09:00,94.0,count/min,0,김아연의 Apple Watch,HKQuantityTypeIdentifierHeartRate
Heart rate,2026-07-30 20:37:30+09:00,91.0,count/min,0,김아연의 Apple Watch,HKQuantityTypeIdentifierHeartRate
Heart rate,2026-07-30 20:50:51+09:00,72.0,count/min,0,김아연의 Apple Watch,HKQuantityTypeIdentifierHeartRate
Heart rate,2026-07-30 20:51:05+09:00,76.0,count/min,0,김아연의 Apple Watch,HKQuantityTypeIdentifierHeartRate
Heart rate,2026-07-30 20:51:07+09:00,72.0,count/min,0,김아연의 Apple Watch,HKQuantityTypeIdentifierHeartRate
Heart rate,2026-07-30 20:51:11+09:00,79.0,count/min,0,김아연의 Apple Watch,HKQuantityTypeIdentifierHeartRate
Heart rate,2026-07-30 20:53:21+09:00,73.0,count/min,0,김아연의 Apple Watch,HKQuantityTypeIdentifierHeartRate
Heart rate,2026-07-30 20:53:29+09:00,73.0,count/min,0,김아연의 Apple Watch,HKQuantityTypeIdentifierHeartRate
Heart rate,2026-07-30 20:53:35+09:00,73.0,count/min,0,김아연의 Apple Watch,HKQuantityTypeIdentifierHeartRate
Heart rate,2026-07-30 20:53:38+09:00,73.0,count/min,0,김아연의 Apple Watch,HKQuantityTypeIdentifierHeartRate
Heart rate,2026-07-30 20:53:45+09:00,71.0,count/min,0,김아연의 Apple Watch,HKQuantityTypeIdentifierHeartRate
Heart rate,2026-07-30 20:53:46+09:00,72.0,count/min,0,김아연의 Apple Watch,HKQuantityTypeIdentifierHeartRate
Heart rate,2026-07-30 20:53:52+09:00,71.0,count/min,0,김아연의 Apple Watch,HKQuantityTypeIdentifierHeartRate
Heart rate,2026-07-30 20:53:58+09:00,72.0,count/min,0,김아연의 Apple Watch,HKQuantityTypeIdentifierHeartRate
Heart rate,2026-07-30 20:54:02+09:00,72.0,count/min,0,김아연의 Apple Watch,HKQuantityTypeIdentifierHeartRate
Heart rate,2026-07-30 20:54:09+09:00,74.0,count/min,0,김아연의 Apple Watch,HKQuantityTypeIdentifierHeartRate
Heart rate,2026-07-30 20:54:15+09:00,71.0,count/min,0,김아연의 Apple Watch,HKQuantityTypeIdentifierHeartRate
Heart rate,2026-07-30 20:54:20+09:00,69.0,count/min,0,김아연의 Apple Watch,HKQuantityTypeIdentifierHeartRate
Heart rate,2026-07-30 20:54:21+09:00,69.0,count/min,0,김아연의 Apple Watch,HKQuantityTypeIdentifierHeartRate
Heart rate,2026-07-30 20:54:28+09:00,70.0,count/min,0,김아연의 Apple Watch,HKQuantityTypeIdentifierHeartRate
Heart rate,2026-07-30 20:54:35+09:00,70.0,count/min,0,김아연의 Apple Watch,HKQuantityTypeIdentifierHeartRate
Heart rate,2026-07-30 20:54:39+09:00,70.0,count/min,0,김아연의 Apple Watch,HKQuantityTypeIdentifierHeartRate
Heart rate,2026-07-30 20:54:41+09:00,70.0,count/min,0,김아연의 Apple Watch,HKQuantityTypeIdentifierHeartRate
Heart rate,2026-07-31 15:35:06+09:00,78.0,count/min,1,김아연의 Apple Watch,HKQuantityTypeIdentifierHeartRate
Heart rate,2026-07-31 15:37:15+09:00,80.0,count/min,1,김아연의 Apple Watch,HKQuantityTypeIdentifierHeartRate
Heart rate,2026-07-31 15:42:23+09:00,79.3724,count/min,0,김아연의 Apple Watch,HKQuantityTypeIdentifierHeartRate
Heart rate,2026-07-31 15:42:55+09:00,79.0,count/min,1,김아연의 Apple Watch,HKQuantityTypeIdentifierHeartRate
Heart rate,2026-07-31 15:44:08+09:00,86.3908,count/min,0,김아연의 Apple Watch,HKQuantityTypeIdentifierHeartRate
Heart rate,2026-07-31 15:47:53+09:00,84.0,count/min,1,김아연의 Apple Watch,HKQuantityTypeIdentifierHeartRate
Heart rate,2026-07-31 15:53:49+09:00,81.0,count/min,1,김아연의 Apple Watch,HKQuantityTypeIdentifierHeartRate
Heart rate,2026-07-31 16:00:07+09:00,79.0,count/min,1,김아연의 Apple Watch,HKQuantityTypeIdentifierHeartRate
Heart rate,2026-07-31 16:02:57+09:00,78.0,count/min,1,김아연의 Apple Watch,HKQuantityTypeIdentifierHeartRate
Heart rate,2026-07-31 16:06:56+09:00,78.0,count/min,1,김아연의 Apple Watch,HKQuantityTypeIdentifierHeartRate
Heart rate,2026-07-31 16:14:38+09:00,76.0,count/min,1,김아연의 Apple Watch,HKQuantityTypeIdentifierHeartRate
Heart rate,2026-07-31 16:16:54+09:00,76.0,count/min,1,김아연의 Apple Watch,HKQuantityTypeIdentifierHeartRate
Heart rate,2026-07-31 16:25:02+09:00,72.0,count/min,1,김아연의 Apple Watch,HKQuantityTypeIdentifierHeartRate
Heart rate,2026-07-31 16:26:10+09:00,71.0,count/min,1,김아연의 Apple Watch,HKQuantityTypeIdentifierHeartRate
Heart rate,2026-07-31 16:34:14+09:00,74.0,count/min,1,김아연의 Apple Watch,HKQuantityTypeIdentifierHeartRate
Heart rate,2026-07-31 16:38:26+09:00,75.0,count/min,1,김아연의 Apple Watch,HKQuantityTypeIdentifierHeartRate
Heart rate,2026-07-31 16:44:14+09:00,72.0,count/min,1,김아연의 Apple Watch,HKQuantityTypeIdentifierHeartRate
Heart rate,2026-07-31 16:46:59+09:00,77.0,count/min,1,김아연의 Apple Watch,HKQuantityTypeIdentifierHeartRate
Heart rate,2026-07-31 16:53:22+09:00,77.0,count/min,1,김아연의 Apple Watch,HKQuantityTypeIdentifierHeartRate
Heart rate,2026-07-31 16:56:19+09:00,73.0,count/min,1,김아연의 Apple Watch,HKQuantityTypeIdentifierHeartRate
Heart rate,2026-07-31 17:03:42+09:00,73.0,count/min,1,김아연의 Apple Watch,HKQuantityTypeIdentifierHeartRate
Heart rate,2026-07-31 17:08:56+09:00,74.0,count/min,1,김아연의 Apple Watch,HKQuantityTypeIdentifierHeartRate
Heart rate,2026-07-31 17:09:02+09:00,76.3781,count/min,0,김아연의 Apple Watch,HKQuantityTypeIdentifierHeartRate
Heart rate,2026-07-31 17:12:09+09:00,81.0,count/min,1,김아연의 Apple Watch,HKQuantityTypeIdentifierHeartRate
Heart rate,2026-07-31 17:19:40+09:00,73.0,count/min,1,김아연의 Apple Watch,HKQuantityTypeIdentifierHeartRate
Heart rate,2026-07-31 17:24:35+09:00,79.0,count/min,1,김아연의 Apple Watch,HKQuantityTypeIdentifierHeartRate
Heart rate,2026-07-31 17:27:30+09:00,71.0,count/min,1,김아연의 Apple Watch,HKQuantityTypeIdentifierHeartRate
Heart rate,2026-07-31 17:31:08+09:00,75.0,count/min,1,김아연의 Apple Watch,HKQuantityTypeIdentifierHeartRate
Heart rate,2026-07-31 17:35:57+09:00,71.0,count/min,1,김아연의 Apple Watch,HKQuantityTypeIdentifierHeartRate
Heart rate,2026-07-31 17:40:33+09:00,86.0,count/min,2,김아연의 Apple Watch,HKQuantityTypeIdentifierHeartRate
Heart rate,2026-07-31 17:43:11+09:00,87.0,count/min,2,김아연의 Apple Watch,HKQuantityTypeIdentifierHeartRate
Heart rate,2026-07-31 17:45:08+09:00,73.0,count/min,1,김아연의 Apple Watch,HKQuantityTypeIdentifierHeartRate
Heart rate,2026-07-31 17:49:09+09:00,74.0,count/min,1,김아연의 Apple Watch,HKQuantityTypeIdentifierHeartRate
Heart rate,2026-07-31 17:50:52+09:00,75.0,count/min,1,김아연의 Apple Watch,HKQuantityTypeIdentifierHeartRate
Heart rate,2026-07-31 17:55:52+09:00,73.0,count/min,1,김아연의 Apple Watch,HKQuantityTypeIdentifierHeartRate
Heart rate,2026-07-31 18:07:14+09:00,92.0,count/min,2,김아연의 Apple Watch,HKQuantityTypeIdentifierHeartRate
Heart rate,2026-07-31 18:08:41+09:00,91.0,count/min,1,김아연의 Apple Watch,HKQuantityTypeIdentifierHeartRate
Heart rate,2026-07-31 18:11:53+09:00,93.0,count/min,0,김아연의 Apple Watch,HKQuantityTypeIdentifierHeartRate
Heart rate,2026-07-31 18:17:00+09:00,119.0,count/min,2,김아연의 Apple Watch,HKQuantityTypeIdentifierHeartRate
Heart rate,2026-07-31 18:18:06+09:00,103.0,count/min,1,김아연의 Apple Watch,HKQuantityTypeIdentifierHeartRate
Heart rate,2026-07-31 18:25:32+09:00,100.0,count/min,1,김아연의 Apple Watch,HKQuantityTypeIdentifierHeartRate
Heart rate,2026-07-31 18:28:02+09:00,100.0,count/min,1,김아연의 Apple Watch,HKQuantityTypeIdentifierHeartRate
Heart rate,2026-07-31 18:30:49+09:00,103.0,count/min,1,김아연의 Apple Watch,HKQuantityTypeIdentifierHeartRate
Heart rate,2026-07-31 18:36:20+09:00,119.0,count/min,0,김아연의 Apple Watch,HKQuantityTypeIdentifierHeartRate
Heart rate,2026-07-31 18:36:53+09:00,118.0,count/min,0,김아연의 Apple Watch,HKQuantityTypeIdentifierHeartRate
Heart rate,2026-07-31 18:36:58+09:00,116.0,count/min,0,김아연의 Apple Watch,HKQuantityTypeIdentifierHeartRate
Heart rate,2026-07-31 18:37:02+09:00,114.0,count/min,0,김아연의 Apple Watch,HKQuantityTypeIdentifierHeartRate
Heart rate,2026-07-31 18:37:08+09:00,108.0,count/min,0,김아연의 Apple Watch,HKQuantityTypeIdentifierHeartRate
Heart rate,2026-07-31 18:37:09+09:00,107.0,count/min,0,김아연의 Apple Watch,HKQuantityTypeIdentifierHeartRate
Heart rate,2026-07-31 18:37:14+09:00,110.0,count/min,0,김아연의 Apple Watch,HKQuantityTypeIdentifierHeartRate
Heart rate,2026-07-31 18:37:23+09:00,113.0,count/min,0,김아연의 Apple Watch,HKQuantityTypeIdentifierHeartRate
Heart rate,2026-07-31 18:37:25+09:00,113.0,count/min,0,김아연의 Apple Watch,HKQuantityTypeIdentifierHeartRate
Heart rate,2026-07-31 18:39:25+09:00,127.0,count/min,0,김아연의 Apple Watch,HKQuantityTypeIdentifierHeartRate
Heart rate,2026-07-31 18:39:30+09:00,128.0,count/min,0,김아연의 Apple Watch,HKQuantityTypeIdentifierHeartRate
Heart rate,2026-07-31 18:39:31+09:00,127.0,count/min,0,김아연의 Apple Watch,HKQuantityTypeIdentifierHeartRate
Heart rate,2026-07-31 18:39:36+09:00,126.0,count/min,0,김아연의 Apple Watch,HKQuantityTypeIdentifierHeartRate
Heart rate,2026-07-31 18:39:44+09:00,127.0,count/min,0,김아연의 Apple Watch,HKQuantityTypeIdentifierHeartRate
Heart rate,2026-07-31 18:39:48+09:00,129.0,count/min,0,김아연의 Apple Watch,HKQuantityTypeIdentifierHeartRate
Heart rate,2026-07-31 18:39:55+09:00,129.0,count/min,0,김아연의 Apple Watch,HKQuantityTypeIdentifierHeartRate
Heart rate,2026-07-31 18:39:57+09:00,129.0,count/min,0,김아연의 Apple Watch,HKQuantityTypeIdentifierHeartRate
Heart rate,2026-07-31 18:40:01+09:00,131.0,count/min,0,김아연의 Apple Watch,HKQuantityTypeIdentifierHeartRate
Heart rate,2026-07-31 18:40:07+09:00,132.0,count/min,0,김아연의 Apple Watch,HKQuantityTypeIdentifierHeartRate
Heart rate,2026-07-31 18:40:13+09:00,132.0,count/min,0,김아연의 Apple Watch,HKQuantityTypeIdentifierHeartRate
Heart rate,2026-07-31 18:40:16+09:00,132.0,count/min,0,김아연의 Apple Watch,HKQuantityTypeIdentifierHeartRate
Heart rate,2026-07-31 18:40:21+09:00,134.0,count/min,0,김아연의 Apple Watch,HKQuantityTypeIdentifierHeartRate
Heart rate,2026-07-31 18:40:26+09:00,135.0,count/min,0,김아연의 Apple Watch,HKQuantityTypeIdentifierHeartRate
Heart rate,2026-07-31 18:40:33+09:00,137.0,count/min,0,김아연의 Apple Watch,HKQuantityTypeIdentifierHeartRate
Heart rate,2026-07-31 18:40:40+09:00,139.0,count/min,0,김아연의 Apple Watch,HKQuantityTypeIdentifierHeartRate
Heart rate,2026-07-31 18:40:45+09:00,139.0,count/min,0,김아연의 Apple Watch,HKQuantityTypeIdentifierHeartRate
Heart rate,2026-07-31 18:40:49+09:00,138.0,count/min,0,김아연의 Apple Watch,HKQuantityTypeIdentifierHeartRate
Heart rate,2026-07-31 18:40:53+09:00,139.0,count/min,0,김아연의 Apple Watch,HKQuantityTypeIdentifierHeartRate
Heart rate,2026-07-31 18:40:56+09:00,138.0,count/min,0,김아연의 Apple Watch,HKQuantityTypeIdentifierHeartRate
Heart rate,2026-07-31 18:41:05+09:00,137.0,count/min,0,김아연의 Apple Watch,HKQuantityTypeIdentifierHeartRate
Heart rate,2026-07-31 18:41:07+09:00,136.0,count/min,0,김아연의 Apple Watch,HKQuantityTypeIdentifierHeartRate
Heart rate,2026-07-31 18:41:13+09:00,135.0,count/min,0,김아연의 Apple Watch,HKQuantityTypeIdentifierHeartRate
Heart rate,2026-07-31 18:41:17+09:00,136.0,count/min,0,김아연의 Apple Watch,HKQuantityTypeIdentifierHeartRate
Heart rate,2026-07-31 18:41:22+09:00,136.0,count/min,0,김아연의 Apple Watch,HKQuantityTypeIdentifierHeartRate
Heart rate,2026-07-31 18:41:30+09:00,133.0,count/min,0,김아연의 Apple Watch,HKQuantityTypeIdentifierHeartRate
Heart rate,2026-07-31 18:41:32+09:00,133.0,count/min,0,김아연의 Apple Watch,HKQuantityTypeIdentifierHeartRate
Heart rate,2026-07-31 18:41:39+09:00,131.0,count/min,0,김아연의 Apple Watch,HKQuantityTypeIdentifierHeartRate
Heart rate,2026-07-31 18:41:45+09:00,130.0,count/min,0,김아연의 Apple Watch,HKQuantityTypeIdentifierHeartRate
Heart rate,2026-07-31 18:41:50+09:00,129.0,count/min,0,김아연의 Apple Watch,HKQuantityTypeIdentifierHeartRate
Heart rate,2026-07-31 18:41:51+09:00,129.0,count/min,0,김아연의 Apple Watch,HKQuantityTypeIdentifierHeartRate
Heart rate,2026-07-31 18:41:57+09:00,129.0,count/min,0,김아연의 Apple Watch,HKQuantityTypeIdentifierHeartRate
Heart rate,2026-07-31 18:42:02+09:00,131.0,count/min,0,김아연의 Apple Watch,HKQuantityTypeIdentifierHeartRate
Heart rate,2026-07-31 18:42:10+09:00,133.0,count/min,0,김아연의 Apple Watch,HKQuantityTypeIdentifierHeartRate
Heart rate,2026-07-31 18:42:15+09:00,134.0,count/min,0,김아연의 Apple Watch,HKQuantityTypeIdentifierHeartRate
Heart rate,2026-07-31 18:42:16+09:00,133.0,count/min,0,김아연의 Apple Watch,HKQuantityTypeIdentifierHeartRate
Heart rate,2026-07-31 18:42:21+09:00,134.0,count/min,0,김아연의 Apple Watch,HKQuantityTypeIdentifierHeartRate
Heart rate,2026-07-31 18:42:30+09:00,133.0,count/min,0,김아연의 Apple Watch,HKQuantityTypeIdentifierHeartRate
Heart rate,2026-07-31 18:42:34+09:00,132.0,count/min,0,김아연의 Apple Watch,HKQuantityTypeIdentifierHeartRate
Heart rate,2026-07-31 18:42:37+09:00,133.0,count/min,0,김아연의 Apple Watch,HKQuantityTypeIdentifierHeartRate
Heart rate,2026-07-31 18:42:42+09:00,135.0,count/min,0,김아연의 Apple Watch,HKQuantityTypeIdentifierHeartRate
Heart rate,2026-07-31 18:42:46+09:00,134.0,count/min,0,김아연의 Apple Watch,HKQuantityTypeIdentifierHeartRate
Heart rate,2026-07-31 18:42:52+09:00,136.0,count/min,0,김아연의 Apple Watch,HKQuantityTypeIdentifierHeartRate
Heart rate,2026-07-31 18:43:00+09:00,142.0,count/min,0,김아연의 Apple Watch,HKQuantityTypeIdentifierHeartRate
Heart rate,2026-07-31 18:43:05+09:00,141.0,count/min,0,김아연의 Apple Watch,HKQuantityTypeIdentifierHeartRate
Heart rate,2026-07-31 18:43:09+09:00,140.0,count/min,0,김아연의 Apple Watch,HKQuantityTypeIdentifierHeartRate
Heart rate,2026-07-31 18:43:12+09:00,141.0,count/min,0,김아연의 Apple Watch,HKQuantityTypeIdentifierHeartRate
Heart rate,2026-07-31 18:43:20+09:00,137.0,count/min,0,김아연의 Apple Watch,HKQuantityTypeIdentifierHeartRate
Heart rate,2026-07-31 18:43:25+09:00,137.0,count/min,0,김아연의 Apple Watch,HKQuantityTypeIdentifierHeartRate
Heart rate,2026-07-31 18:43:30+09:00,135.0,count/min,0,김아연의 Apple Watch,HKQuantityTypeIdentifierHeartRate
Heart rate,2026-07-31 18:43:33+09:00,135.0,count/min,0,김아연의 Apple Watch,HKQuantityTypeIdentifierHeartRate
Heart rate,2026-07-31 18:43:37+09:00,135.0,count/min,0,김아연의 Apple Watch,HKQuantityTypeIdentifierHeartRate
Heart rate,2026-07-31 18:43:45+09:00,133.0,count/min,0,김아연의 Apple Watch,HKQuantityTypeIdentifierHeartRate
Heart rate,2026-07-31 18:43:46+09:00,133.0,count/min,0,김아연의 Apple Watch,HKQuantityTypeIdentifierHeartRate
Heart rate,2026-07-31 18:43:51+09:00,133.0,count/min,0,김아연의 Apple Watch,HKQuantityTypeIdentifierHeartRate
Heart rate,2026-07-31 18:44:00+09:00,135.0,count/min,0,김아연의 Apple Watch,HKQuantityTypeIdentifierHeartRate
Heart rate,2026-07-31 18:44:04+09:00,135.0,count/min,0,김아연의 Apple Watch,HKQuantityTypeIdentifierHeartRate
Heart rate,2026-07-31 18:44:08+09:00,135.0,count/min,0,김아연의 Apple Watch,HKQuantityTypeIdentifierHeartRate
Heart rate,2026-07-31 18:44:14+09:00,134.0,count/min,0,김아연의 Apple Watch,HKQuantityTypeIdentifierHeartRate
Heart rate,2026-07-31 18:44:20+09:00,133.0,count/min,0,김아연의 Apple Watch,HKQuantityTypeIdentifierHeartRate
Heart rate,2026-07-31 18:44:21+09:00,134.0,count/min,0,김아연의 Apple Watch,HKQuantityTypeIdentifierHeartRate
Heart rate,2026-07-31 18:44:27+09:00,132.0,count/min,0,김아연의 Apple Watch,HKQuantityTypeIdentifierHeartRate
Heart rate,2026-07-31 18:44:31+09:00,131.0,count/min,0,김아연의 Apple Watch,HKQuantityTypeIdentifierHeartRate
Heart rate,2026-07-31 18:44:40+09:00,127.0,count/min,0,김아연의 Apple Watch,HKQuantityTypeIdentifierHeartRate
Heart rate,2026-07-31 18:44:41+09:00,128.0,count/min,0,김아연의 Apple Watch,HKQuantityTypeIdentifierHeartRate
Heart rate,2026-07-31 18:44:49+09:00,126.0,count/min,0,김아연의 Apple Watch,HKQuantityTypeIdentifierHeartRate
Heart rate,2026-07-31 18:44:53+09:00,126.0,count/min,0,김아연의 Apple Watch,HKQuantityTypeIdentifierHeartRate
Heart rate,2026-07-31 18:45:00+09:00,126.0,count/min,0,김아연의 Apple Watch,HKQuantityTypeIdentifierHeartRate
Heart rate,2026-07-31 18:45:04+09:00,126.0,count/min,0,김아연의 Apple Watch,HKQuantityTypeIdentifierHeartRate
Heart rate,2026-07-31 18:45:07+09:00,126.0,count/min,0,김아연의 Apple Watch,HKQuantityTypeIdentifierHeartRate
Heart rate,2026-07-31 18:45:11+09:00,127.0,count/min,0,김아연의 Apple Watch,HKQuantityTypeIdentifierHeartRate
Heart rate,2026-07-31 18:45:16+09:00,126.0,count/min,0,김아연의 Apple Watch,HKQuantityTypeIdentifierHeartRate
Heart rate,2026-07-31 18:45:23+09:00,121.0,count/min,0,김아연의 Apple Watch,HKQuantityTypeIdentifierHeartRate
Heart rate,2026-07-31 18:45:28+09:00,121.0,count/min,0,김아연의 Apple Watch,HKQuantityTypeIdentifierHeartRate
Heart rate,2026-07-31 18:45:31+09:00,120.0,count/min,0,김아연의 Apple Watch,HKQuantityTypeIdentifierHeartRate
Heart rate,2026-07-31 18:45:45+09:00,99.0,count/min,0,김아연의 Apple Watch,HKQuantityTypeIdentifierHeartRate
Heart rate,2026-07-31 18:45:50+09:00,98.0,count/min,0,김아연의 Apple Watch,HKQuantityTypeIdentifierHeartRate
Heart rate,2026-07-31 18:45:52+09:00,99.0,count/min,0,김아연의 Apple Watch,HKQuantityTypeIdentifierHeartRate
Heart rate,2026-07-31 18:45:56+09:00,99.0,count/min,0,김아연의 Apple Watch,HKQuantityTypeIdentifierHeartRate
Heart rate,2026-07-31 18:46:04+09:00,113.0,count/min,0,김아연의 Apple Watch,HKQuantityTypeIdentifierHeartRate
Heart rate,2026-07-31 18:46:10+09:00,116.0,count/min,0,김아연의 Apple Watch,HKQuantityTypeIdentifierHeartRate
Heart rate,2026-07-31 18:46:11+09:00,116.0,count/min,0,김아연의 Apple Watch,HKQuantityTypeIdentifierHeartRate
Heart rate,2026-07-31 18:46:16+09:00,117.0,count/min,0,김아연의 Apple Watch,HKQuantityTypeIdentifierHeartRate
Heart rate,2026-07-31 18:46:22+09:00,114.0,count/min,0,김아연의 Apple Watch,HKQuantityTypeIdentifierHeartRate
Heart rate,2026-07-31 18:46:30+09:00,108.0,count/min,0,김아연의 Apple Watch,HKQuantityTypeIdentifierHeartRate
Heart rate,2026-07-31 18:46:31+09:00,107.0,count/min,0,김아연의 Apple Watch,HKQuantityTypeIdentifierHeartRate
Heart rate,2026-07-31 18:46:39+09:00,111.0,count/min,0,김아연의 Apple Watch,HKQuantityTypeIdentifierHeartRate
Heart rate,2026-07-31 18:46:43+09:00,111.0,count/min,0,김아연의 Apple Watch,HKQuantityTypeIdentifierHeartRate
Heart rate,2026-07-31 18:46:47+09:00,112.0,count/min,0,김아연의 Apple Watch,HKQuantityTypeIdentifierHeartRate
Heart rate,2026-07-31 18:46:51+09:00,114.0,count/min,0,김아연의 Apple Watch,HKQuantityTypeIdentifierHeartRate
Heart rate,2026-07-31 18:46:56+09:00,115.0,count/min,0,김아연의 Apple Watch,HKQuantityTypeIdentifierHeartRate
Heart rate,2026-07-31 18:47:05+09:00,114.0,count/min,0,김아연의 Apple Watch,HKQuantityTypeIdentifierHeartRate
Heart rate,2026-07-31 18:47:09+09:00,110.0,count/min,0,김아연의 Apple Watch,HKQuantityTypeIdentifierHeartRate
Heart rate,2026-07-31 18:47:15+09:00,106.0,count/min,0,김아연의 Apple Watch,HKQuantityTypeIdentifierHeartRate
Heart rate,2026-07-31 18:47:19+09:00,109.0,count/min,0,김아연의 Apple Watch,HKQuantityTypeIdentifierHeartRate
Heart rate,2026-07-31 18:47:22+09:00,111.0,count/min,0,김아연의 Apple Watch,HKQuantityTypeIdentifierHeartRate
Heart rate,2026-07-31 18:47:31+09:00,120.0,count/min,0,김아연의 Apple Watch,HKQuantityTypeIdentifierHeartRate
Heart rate,2026-07-31 18:47:34+09:00,122.0,count/min,0,김아연의 Apple Watch,HKQuantityTypeIdentifierHeartRate
Heart rate,2026-07-31 18:47:37+09:00,121.0,count/min,0,김아연의 Apple Watch,HKQuantityTypeIdentifierHeartRate
Heart rate,2026-07-31 18:47:42+09:00,120.0,count/min,0,김아연의 Apple Watch,HKQuantityTypeIdentifierHeartRate
Heart rate,2026-07-31 18:47:50+09:00,115.0,count/min,0,김아연의 Apple Watch,HKQuantityTypeIdentifierHeartRate
Heart rate,2026-07-31 18:47:56+09:00,109.0,count/min,0,김아연의 Apple Watch,HKQuantityTypeIdentifierHeartRate
Heart rate,2026-07-31 18:48:00+09:00,108.0,count/min,0,김아연의 Apple Watch,HKQuantityTypeIdentifierHeartRate
Heart rate,2026-07-31 18:48:02+09:00,108.0,count/min,0,김아연의 Apple Watch,HKQuantityTypeIdentifierHeartRate
Heart rate,2026-07-31 18:48:10+09:00,105.0,count/min,0,김아연의 Apple Watch,HKQuantityTypeIdentifierHeartRate
Heart rate,2026-07-31 18:48:13+09:00,103.0,count/min,0,김아연의 Apple Watch,HKQuantityTypeIdentifierHeartRate
Heart rate,2026-07-31 18:48:18+09:00,103.0,count/min,0,김아연의 Apple Watch,HKQuantityTypeIdentifierHeartRate
Heart rate,2026-07-31 18:48:22+09:00,106.0,count/min,0,김아연의 Apple Watch,HKQuantityTypeIdentifierHeartRate
Heart rate,2026-07-31 18:48:31+09:00,109.0,count/min,0,김아연의 Apple Watch,HKQuantityTypeIdentifierHeartRate
Heart rate,2026-07-31 18:48:32+09:00,108.0,count/min,0,김아연의 Apple Watch,HKQuantityTypeIdentifierHeartRate
Heart rate,2026-07-31 18:48:37+09:00,109.0,count/min,0,김아연의 Apple Watch,HKQuantityTypeIdentifierHeartRate
Heart rate,2026-07-31 18:48:45+09:00,111.0,count/min,0,김아연의 Apple Watch,HKQuantityTypeIdentifierHeartRate
Heart rate,2026-07-31 18:48:48+09:00,108.0,count/min,0,김아연의 Apple Watch,HKQuantityTypeIdentifierHeartRate
Heart rate,2026-07-31 18:48:56+09:00,109.0,count/min,0,김아연의 Apple Watch,HKQuantityTypeIdentifierHeartRate
Heart rate,2026-07-31 18:48:58+09:00,108.0,count/min,0,김아연의 Apple Watch,HKQuantityTypeIdentifierHeartRate
Heart rate,2026-07-31 18:49:02+09:00,106.0,count/min,0,김아연의 Apple Watch,HKQuantityTypeIdentifierHeartRate
Heart rate,2026-07-31 18:49:11+09:00,110.0,count/min,0,김아연의 Apple Watch,HKQuantityTypeIdentifierHeartRate
Heart rate,2026-07-31 18:49:13+09:00,110.0,count/min,0,김아연의 Apple Watch,HKQuantityTypeIdentifierHeartRate
Heart rate,2026-07-31 18:49:18+09:00,110.0,count/min,0,김아연의 Apple Watch,HKQuantityTypeIdentifierHeartRate
Heart rate,2026-07-31 18:49:22+09:00,109.0,count/min,0,김아연의 Apple Watch,HKQuantityTypeIdentifierHeartRate
Heart rate,2026-07-31 18:49:31+09:00,94.0,count/min,0,김아연의 Apple Watch,HKQuantityTypeIdentifierHeartRate
Heart rate,2026-07-31 18:49:36+09:00,89.0,count/min,0,김아연의 Apple Watch,HKQuantityTypeIdentifierHeartRate
Heart rate,2026-07-31 18:49:40+09:00,91.0,count/min,0,김아연의 Apple Watch,HKQuantityTypeIdentifierHeartRate
Heart rate,2026-07-31 18:49:46+09:00,92.0,count/min,0,김아연의 Apple Watch,HKQuantityTypeIdentifierHeartRate
Heart rate,2026-07-31 18:49:48+09:00,91.0,count/min,0,김아연의 Apple Watch,HKQuantityTypeIdentifierHeartRate
Heart rate,2026-07-31 18:49:55+09:00,91.0,count/min,0,김아연의 Apple Watch,HKQuantityTypeIdentifierHeartRate
Heart rate,2026-07-31 18:49:59+09:00,90.0,count/min,0,김아연의 Apple Watch,HKQuantityTypeIdentifierHeartRate
Heart rate,2026-07-31 18:50:03+09:00,90.0,count/min,0,김아연의 Apple Watch,HKQuantityTypeIdentifierHeartRate
Heart rate,2026-07-31 18:50:11+09:00,90.0,count/min,0,김아연의 Apple Watch,HKQuantityTypeIdentifierHeartRate
Heart rate,2026-07-31 18:50:14+09:00,90.0,count/min,0,김아연의 Apple Watch,HKQuantityTypeIdentifierHeartRate
Heart rate,2026-07-31 18:50:17+09:00,89.0,count/min,0,김아연의 Apple Watch,HKQuantityTypeIdentifierHeartRate
Heart rate,2026-07-31 18:50:22+09:00,89.0,count/min,0,김아연의 Apple Watch,HKQuantityTypeIdentifierHeartRate
Heart rate,2026-07-31 18:50:31+09:00,90.0,count/min,0,김아연의 Apple Watch,HKQuantityTypeIdentifierHeartRate
Heart rate,2026-07-31 18:50:36+09:00,91.0,count/min,0,김아연의 Apple Watch,HKQuantityTypeIdentifierHeartRate
Heart rate,2026-07-31 18:50:38+09:00,91.0,count/min,0,김아연의 Apple Watch,HKQuantityTypeIdentifierHeartRate
Heart rate,2026-07-31 18:50:46+09:00,92.0,count/min,0,김아연의 Apple Watch,HKQuantityTypeIdentifierHeartRate
Heart rate,2026-07-31 18:50:50+09:00,91.0,count/min,0,김아연의 Apple Watch,HKQuantityTypeIdentifierHeartRate
Heart rate,2026-07-31 18:50:55+09:00,92.0,count/min,0,김아연의 Apple Watch,HKQuantityTypeIdentifierHeartRate
Heart rate,2026-07-31 18:51:01+09:00,92.0,count/min,0,김아연의 Apple Watch,HKQuantityTypeIdentifierHeartRate
Heart rate,2026-07-31 18:51:04+09:00,92.0,count/min,0,김아연의 Apple Watch,HKQuantityTypeIdentifierHeartRate
Heart rate,2026-07-31 18:51:09+09:00,91.0,count/min,0,김아연의 Apple Watch,HKQuantityTypeIdentifierHeartRate
Heart rate,2026-07-31 18:51:12+09:00,91.0,count/min,0,김아연의 Apple Watch,HKQuantityTypeIdentifierHeartRate
Heart rate,2026-07-31 18:51:18+09:00,91.0,count/min,0,김아연의 Apple Watch,HKQuantityTypeIdentifierHeartRate
Heart rate,2026-07-31 18:51:26+09:00,91.0,count/min,0,김아연의 Apple Watch,HKQuantityTypeIdentifierHeartRate
Heart rate,2026-07-31 18:51:27+09:00,91.0,count/min,0,김아연의 Apple Watch,HKQuantityTypeIdentifierHeartRate
Heart rate,2026-07-31 18:51:35+09:00,92.0,count/min,0,김아연의 Apple Watch,HKQuantityTypeIdentifierHeartRate
Heart rate,2026-07-31 18:51:39+09:00,91.0,count/min,0,김아연의 Apple Watch,HKQuantityTypeIdentifierHeartRate
Heart rate,2026-07-31 18:51:46+09:00,91.0,count/min,0,김아연의 Apple Watch,HKQuantityTypeIdentifierHeartRate
Heart rate,2026-07-31 18:51:47+09:00,91.0,count/min,0,김아연의 Apple Watch,HKQuantityTypeIdentifierHeartRate
Heart rate,2026-07-31 18:51:52+09:00,91.0,count/min,0,김아연의 Apple Watch,HKQuantityTypeIdentifierHeartRate
Heart rate,2026-07-31 18:51:57+09:00,91.0,count/min,0,김아연의 Apple Watch,HKQuantityTypeIdentifierHeartRate
Heart rate,2026-07-31 18:52:06+09:00,90.0,count/min,0,김아연의 Apple Watch,HKQuantityTypeIdentifierHeartRate
Heart rate,2026-07-31 18:52:09+09:00,89.0,count/min,0,김아연의 Apple Watch,HKQuantityTypeIdentifierHeartRate
Heart rate,2026-07-31 18:52:15+09:00,89.0,count/min,0,김아연의 Apple Watch,HKQuantityTypeIdentifierHeartRate
Heart rate,2026-07-31 18:52:17+09:00,88.0,count/min,0,김아연의 Apple Watch,HKQuantityTypeIdentifierHeartRate
Heart rate,2026-07-31 18:52:25+09:00,89.0,count/min,0,김아연의 Apple Watch,HKQuantityTypeIdentifierHeartRate
Heart rate,2026-07-31 18:52:30+09:00,88.0,count/min,0,김아연의 Apple Watch,HKQuantityTypeIdentifierHeartRate
Heart rate,2026-07-31 18:52:33+09:00,87.0,count/min,0,김아연의 Apple Watch,HKQuantityTypeIdentifierHeartRate
Heart rate,2026-07-31 18:52:40+09:00,87.0,count/min,0,김아연의 Apple Watch,HKQuantityTypeIdentifierHeartRate
Heart rate,2026-07-31 18:52:42+09:00,87.0,count/min,0,김아연의 Apple Watch,HKQuantityTypeIdentifierHeartRate
Heart rate,2026-07-31 18:52:51+09:00,88.0,count/min,0,김아연의 Apple Watch,HKQuantityTypeIdentifierHeartRate
Heart rate,2026-07-31 18:52:54+09:00,87.0,count/min,0,김아연의 Apple Watch,HKQuantityTypeIdentifierHeartRate
Heart rate,2026-07-31 18:53:01+09:00,91.0,count/min,0,김아연의 Apple Watch,HKQuantityTypeIdentifierHeartRate
Heart rate,2026-07-31 18:54:24+09:00,88.0,count/min,1,김아연의 Apple Watch,HKQuantityTypeIdentifierHeartRate
Heart rate,2026-07-31 18:56:18+09:00,84.0,count/min,1,김아연의 Apple Watch,HKQuantityTypeIdentifierHeartRate
Heart rate,2026-07-31 19:04:28+09:00,79.0,count/min,1,김아연의 Apple Watch,HKQuantityTypeIdentifierHeartRate
Heart rate,2026-07-31 19:08:40+09:00,83.0,count/min,1,김아연의 Apple Watch,HKQuantityTypeIdentifierHeartRate
Heart rate,2026-07-31 19:10:51+09:00,85.0,count/min,1,김아연의 Apple Watch,HKQuantityTypeIdentifierHeartRate
Heart rate,2026-07-31 19:16:11+09:00,84.0,count/min,1,김아연의 Apple Watch,HKQuantityTypeIdentifierHeartRate
Heart rate,2026-07-31 21:10:28+09:00,98.0,count/min,1,김아연의 Apple Watch,HKQuantityTypeIdentifierHeartRate
Heart rate,2026-07-31 21:11:46+09:00,97.0,count/min,1,김아연의 Apple Watch,HKQuantityTypeIdentifierHeartRate
Heart rate,2026-07-31 21:21:54+09:00,111.0,count/min,0,김아연의 Apple Watch,HKQuantityTypeIdentifierHeartRate
Heart rate,2026-07-31 21:21:59+09:00,114.0,count/min,0,김아연의 Apple Watch,HKQuantityTypeIdentifierHeartRate
Heart rate,2026-07-31 21:22:03+09:00,114.0,count/min,0,김아연의 Apple Watch,HKQuantityTypeIdentifierHeartRate
Heart rate,2026-07-31 21:22:08+09:00,115.0,count/min,0,김아연의 Apple Watch,HKQuantityTypeIdentifierHeartRate
Heart rate,2026-07-31 21:22:10+09:00,115.0,count/min,0,김아연의 Apple Watch,HKQuantityTypeIdentifierHeartRate
Heart rate,2026-07-31 21:22:19+09:00,109.0,count/min,0,김아연의 Apple Watch,HKQuantityTypeIdentifierHeartRate
Heart rate,2026-07-31 21:22:24+09:00,108.0,count/min,0,김아연의 Apple Watch,HKQuantityTypeIdentifierHeartRate
Heart rate,2026-07-31 21:22:28+09:00,104.0,count/min,0,김아연의 Apple Watch,HKQuantityTypeIdentifierHeartRate
Heart rate,2026-07-31 21:22:35+09:00,104.0,count/min,0,김아연의 Apple Watch,HKQuantityTypeIdentifierHeartRate
Heart rate,2026-07-31 21:22:37+09:00,102.0,count/min,0,김아연의 Apple Watch,HKQuantityTypeIdentifierHeartRate
Heart rate,2026-07-31 21:22:43+09:00,104.0,count/min,0,김아연의 Apple Watch,HKQuantityTypeIdentifierHeartRate
Heart rate,2026-07-31 21:22:46+09:00,106.0,count/min,0,김아연의 Apple Watch,HKQuantityTypeIdentifierHeartRate
Heart rate,2026-07-31 21:22:54+09:00,101.0,count/min,0,김아연의 Apple Watch,HKQuantityTypeIdentifierHeartRate
Heart rate,2026-07-31 21:23:00+09:00,97.0,count/min,0,김아연의 Apple Watch,HKQuantityTypeIdentifierHeartRate
Heart rate,2026-07-31 21:23:04+09:00,98.0,count/min,0,김아연의 Apple Watch,HKQuantityTypeIdentifierHeartRate
Heart rate,2026-07-31 21:23:09+09:00,98.0,count/min,0,김아연의 Apple Watch,HKQuantityTypeIdentifierHeartRate
Heart rate,2026-07-31 21:23:15+09:00,98.0,count/min,0,김아연의 Apple Watch,HKQuantityTypeIdentifierHeartRate
Heart rate,2026-07-31 21:23:19+09:00,102.0,count/min,0,김아연의 Apple Watch,HKQuantityTypeIdentifierHeartRate
Heart rate,2026-07-31 21:23:25+09:00,97.0,count/min,0,김아연의 Apple Watch,HKQuantityTypeIdentifierHeartRate
Heart rate,2026-07-31 21:23:26+09:00,96.0,count/min,0,김아연의 Apple Watch,HKQuantityTypeIdentifierHeartRate
Heart rate,2026-07-31 21:23:32+09:00,98.0,count/min,0,김아연의 Apple Watch,HKQuantityTypeIdentifierHeartRate
Heart rate,2026-07-31 21:23:38+09:00,102.0,count/min,0,김아연의 Apple Watch,HKQuantityTypeIdentifierHeartRate
Heart rate,2026-07-31 21:23:43+09:00,98.0,count/min,0,김아연의 Apple Watch,HKQuantityTypeIdentifierHeartRate
Heart rate,2026-07-31 21:23:46+09:00,96.0,count/min,0,김아연의 Apple Watch,HKQuantityTypeIdentifierHeartRate
Heart rate,2026-07-31 21:23:55+09:00,101.0,count/min,0,김아연의 Apple Watch,HKQuantityTypeIdentifierHeartRate
Heart rate,2026-07-31 21:24:00+09:00,101.0,count/min,0,김아연의 Apple Watch,HKQuantityTypeIdentifierHeartRate
Heart rate,2026-07-31 21:24:04+09:00,100.0,count/min,0,김아연의 Apple Watch,HKQuantityTypeIdentifierHeartRate
Heart rate,2026-07-31 21:24:06+09:00,100.0,count/min,0,김아연의 Apple Watch,HKQuantityTypeIdentifierHeartRate
Heart rate,2026-07-31 21:24:11+09:00,100.0,count/min,0,김아연의 Apple Watch,HKQuantityTypeIdentifierHeartRate
Heart rate,2026-07-31 21:24:16+09:00,98.0,count/min,0,김아연의 Apple Watch,HKQuantityTypeIdentifierHeartRate
Heart rate,2026-07-31 21:24:25+09:00,96.0,count/min,0,김아연의 Apple Watch,HKQuantityTypeIdentifierHeartRate
Heart rate,2026-07-31 21:24:29+09:00,101.0,count/min,0,김아연의 Apple Watch,HKQuantityTypeIdentifierHeartRate
Heart rate,2026-07-31 21:24:31+09:00,101.0,count/min,0,김아연의 Apple Watch,HKQuantityTypeIdentifierHeartRate
Heart rate,2026-07-31 21:24:40+09:00,99.0,count/min,0,김아연의 Apple Watch,HKQuantityTypeIdentifierHeartRate
Heart rate,2026-07-31 21:24:45+09:00,102.0,count/min,0,김아연의 Apple Watch,HKQuantityTypeIdentifierHeartRate
Heart rate,2026-07-31 21:24:47+09:00,102.0,count/min,0,김아연의 Apple Watch,HKQuantityTypeIdentifierHeartRate
Heart rate,2026-07-31 21:24:51+09:00,100.0,count/min,0,김아연의 Apple Watch,HKQuantityTypeIdentifierHeartRate
Heart rate,2026-07-31 21:24:56+09:00,103.0,count/min,0,김아연의 Apple Watch,HKQuantityTypeIdentifierHeartRate
Heart rate,2026-07-31 21:25:03+09:00,97.0,count/min,0,김아연의 Apple Watch,HKQuantityTypeIdentifierHeartRate
Heart rate,2026-07-31 21:25:10+09:00,99.0,count/min,0,김아연의 Apple Watch,HKQuantityTypeIdentifierHeartRate
Heart rate,2026-07-31 21:25:13+09:00,100.0,count/min,0,김아연의 Apple Watch,HKQuantityTypeIdentifierHeartRate
Heart rate,2026-07-31 21:25:20+09:00,99.0,count/min,0,김아연의 Apple Watch,HKQuantityTypeIdentifierHeartRate
Heart rate,2026-07-31 21:25:25+09:00,97.0,count/min,0,김아연의 Apple Watch,HKQuantityTypeIdentifierHeartRate
Heart rate,2026-07-31 21:25:27+09:00,97.0,count/min,0,김아연의 Apple Watch,HKQuantityTypeIdentifierHeartRate
Heart rate,2026-07-31 21:25:34+09:00,94.0,count/min,0,김아연의 Apple Watch,HKQuantityTypeIdentifierHeartRate
Heart rate,2026-07-31 21:25:40+09:00,93.0,count/min,0,김아연의 Apple Watch,HKQuantityTypeIdentifierHeartRate
Heart rate,2026-07-31 21:27:21+09:00,90.0,count/min,1,김아연의 Apple Watch,HKQuantityTypeIdentifierHeartRate
Heart rate,2026-07-31 21:32:15+09:00,83.0,count/min,1,김아연의 Apple Watch,HKQuantityTypeIdentifierHeartRate
Heart rate,2026-07-31 21:37:47+09:00,81.0,count/min,1,김아연의 Apple Watch,HKQuantityTypeIdentifierHeartRate
Heart rate,2026-07-31 21:41:06+09:00,80.0,count/min,1,김아연의 Apple Watch,HKQuantityTypeIdentifierHeartRate
Heart rate,2026-07-31 21:41:25+09:00,79.1564,count/min,0,김아연의 Apple Watch,HKQuantityTypeIdentifierHeartRate
Heart rate,2026-07-31 21:47:23+09:00,83.0,count/min,1,김아연의 Apple Watch,HKQuantityTypeIdentifierHeartRate
Heart rate,2026-07-31 21:53:46+09:00,89.0,count/min,1,김아연의 Apple Watch,HKQuantityTypeIdentifierHeartRate
Heart rate,2026-07-31 21:56:45+09:00,85.0,count/min,1,김아연의 Apple Watch,HKQuantityTypeIdentifierHeartRate
Heart rate,2026-07-31 22:03:21+09:00,86.0,count/min,1,김아연의 Apple Watch,HKQuantityTypeIdentifierHeartRate
Heart rate,2026-07-31 22:09:07+09:00,91.0,count/min,1,김아연의 Apple Watch,HKQuantityTypeIdentifierHeartRate
Heart rate,2026-07-31 22:15:06+09:00,99.0,count/min,1,김아연의 Apple Watch,HKQuantityTypeIdentifierHeartRate
Heart rate,2026-07-31 22:18:51+09:00,100.0,count/min,1,김아연의 Apple Watch,HKQuantityTypeIdentifierHeartRate
Heart rate,2026-07-31 22:24:35+09:00,99.0,count/min,1,김아연의 Apple Watch,HKQuantityTypeIdentifierHeartRate
Heart rate,2026-07-31 22:27:52+09:00,99.0,count/min,1,김아연의 Apple Watch,HKQuantityTypeIdentifierHeartRate
Heart rate,2026-07-31 22:34:22+09:00,99.0,count/min,1,김아연의 Apple Watch,HKQuantityTypeIdentifierHeartRate
Heart rate,2026-07-31 22:38:03+09:00,99.0,count/min,1,김아연의 Apple Watch,HKQuantityTypeIdentifierHeartRate
Heart rate,2026-07-31 22:44:52+09:00,100.0,count/min,1,김아연의 Apple Watch,HKQuantityTypeIdentifierHeartRate
Heart rate,2026-07-31 22:49:28+09:00,99.0,count/min,1,김아연의 Apple Watch,HKQuantityTypeIdentifierHeartRate
Heart rate,2026-07-31 22:55:01+09:00,99.0,count/min,1,김아연의 Apple Watch,HKQuantityTypeIdentifierHeartRate
Heart rate,2026-07-31 22:56:35+09:00,104.0,count/min,1,김아연의 Apple Watch,HKQuantityTypeIdentifierHeartRate
Heart rate,2026-07-31 23:01:37+09:00,104.0,count/min,1,김아연의 Apple Watch,HKQuantityTypeIdentifierHeartRate
Heart rate,2026-07-31 23:07:31+09:00,104.0,count/min,1,김아연의 Apple Watch,HKQuantityTypeIdentifierHeartRate
Heart rate,2026-07-31 23:10:52+09:00,105.0,count/min,1,김아연의 Apple Watch,HKQuantityTypeIdentifierHeartRate
Heart rate,2026-07-31 23:23:48+09:00,105.0,count/min,1,김아연의 Apple Watch,HKQuantityTypeIdentifierHeartRate
Heart rate,2026-07-31 23:25:00+09:00,102.0,count/min,0,김아연의 Apple Watch,HKQuantityTypeIdentifierHeartRate
Heart rate,2026-07-31 23:33:38+09:00,104.0,count/min,1,김아연의 Apple Watch,HKQuantityTypeIdentifierHeartRate
Heart rate,2026-07-31 23:35:01+09:00,101.0,count/min,1,김아연의 Apple Watch,HKQuantityTypeIdentifierHeartRate
Heart rate,2026-07-31 23:44:10+09:00,137.0,count/min,0,김아연의 Apple Watch,HKQuantityTypeIdentifierHeartRate
Heart rate,2026-07-31 23:48:55+09:00,105.0,count/min,1,김아연의 Apple Watch,HKQuantityTypeIdentifierHeartRate
Heart rate,2026-07-31 23:50:07+09:00,108.0,count/min,1,김아연의 Apple Watch,HKQuantityTypeIdentifierHeartRate
Heart rate,2026-07-31 23:54:37+09:00,137.0,count/min,0,김아연의 Apple Watch,HKQuantityTypeIdentifierHeartRate
Heart rate,2026-07-31 23:54:42+09:00,138.0,count/min,0,김아연의 Apple Watch,HKQuantityTypeIdentifierHeartRate
Heart rate,2026-07-31 23:54:47+09:00,138.0,count/min,0,김아연의 Apple Watch,HKQuantityTypeIdentifierHeartRate
Heart rate,2026-07-31 23:54:52+09:00,136.0,count/min,0,김아연의 Apple Watch,HKQuantityTypeIdentifierHeartRate
Heart rate,2026-07-31 23:54:54+09:00,136.0,count/min,0,김아연의 Apple Watch,HKQuantityTypeIdentifierHeartRate
Heart rate,2026-07-31 23:55:01+09:00,136.0,count/min,0,김아연의 Apple Watch,HKQuantityTypeIdentifierHeartRate
Heart rate,2026-07-31 23:55:03+09:00,136.0,count/min,0,김아연의 Apple Watch,HKQuantityTypeIdentifierHeartRate
Heart rate,2026-07-31 23:59:10+09:00,106.0,count/min,1,김아연의 Apple Watch,HKQuantityTypeIdentifierHeartRate
Heart rate,2026-08-01 00:04:39+09:00,100.0,count/min,1,김아연의 Apple Watch,HKQuantityTypeIdentifierHeartRate
Heart rate,2026-08-01 00:05:42+09:00,99.0,count/min,1,김아연의 Apple Watch,HKQuantityTypeIdentifierHeartRate
Heart rate,2026-08-01 00:10:39+09:00,94.0,count/min,1,김아연의 Apple Watch,HKQuantityTypeIdentifierHeartRate
Heart rate,2026-08-01 00:14:49+09:00,91.0,count/min,1,김아연의 Apple Watch,HKQuantityTypeIdentifierHeartRate
Heart rate,2026-08-01 00:20:19+09:00,93.0,count/min,1,김아연의 Apple Watch,HKQuantityTypeIdentifierHeartRate
Heart rate,2026-08-01 00:27:31+09:00,88.0,count/min,1,김아연의 Apple Watch,HKQuantityTypeIdentifierHeartRate
Heart rate,2026-08-01 00:30:28+09:00,87.0,count/min,1,김아연의 Apple Watch,HKQuantityTypeIdentifierHeartRate
Heart rate,2026-08-01 00:38:30+09:00,85.0,count/min,1,김아연의 Apple Watch,HKQuantityTypeIdentifierHeartRate
Heart rate,2026-08-01 00:41:11+09:00,84.0,count/min,1,김아연의 Apple Watch,HKQuantityTypeIdentifierHeartRate
Heart rate,2026-08-01 00:45:01+09:00,84.0,count/min,1,김아연의 Apple Watch,HKQuantityTypeIdentifierHeartRate
Heart rate,2026-08-01 00:50:20+09:00,84.0,count/min,1,김아연의 Apple Watch,HKQuantityTypeIdentifierHeartRate
Heart rate,2026-08-01 00:55:23+09:00,84.0,count/min,1,김아연의 Apple Watch,HKQuantityTypeIdentifierHeartRate
Heart rate,2026-08-01 00:59:55+09:00,83.0,count/min,1,김아연의 Apple Watch,HKQuantityTypeIdentifierHeartRate
Heart rate,2026-08-01 01:05:07+09:00,80.0,count/min,1,김아연의 Apple Watch,HKQuantityTypeIdentifierHeartRate
Heart rate,2026-08-01 01:05:41+09:00,79.7476,count/min,0,김아연의 Apple Watch,HKQuantityTypeIdentifierHeartRate
Heart rate,2026-08-01 01:14:08+09:00,79.0,count/min,1,김아연의 Apple Watch,HKQuantityTypeIdentifierHeartRate
Heart rate,2026-08-01 01:15:14+09:00,79.0,count/min,1,김아연의 Apple Watch,HKQuantityTypeIdentifierHeartRate
Heart rate,2026-08-01 01:24:21+09:00,72.0,count/min,1,김아연의 Apple Watch,HKQuantityTypeIdentifierHeartRate
Heart rate,2026-08-01 01:29:39+09:00,63.0,count/min,1,김아연의 Apple Watch,HKQuantityTypeIdentifierHeartRate
Heart rate,2026-08-01 01:33:16+09:00,63.0,count/min,1,김아연의 Apple Watch,HKQuantityTypeIdentifierHeartRate
Heart rate,2026-08-01 01:36:44+09:00,70.0,count/min,1,김아연의 Apple Watch,HKQuantityTypeIdentifierHeartRate
Heart rate,2026-08-01 01:40:44+09:00,72.0,count/min,1,김아연의 Apple Watch,HKQuantityTypeIdentifierHeartRate
Heart rate,2026-08-01 01:44:46+09:00,72.0,count/min,1,김아연의 Apple Watch,HKQuantityTypeIdentifierHeartRate
Heart rate,2026-08-01 01:50:51+09:00,72.0,count/min,1,김아연의 Apple Watch,HKQuantityTypeIdentifierHeartRate
Heart rate,2026-08-01 01:57:10+09:00,71.0,count/min,1,김아연의 Apple Watch,HKQuantityTypeIdentifierHeartRate
Heart rate,2026-08-01 02:01:27+09:00,72.0,count/min,1,김아연의 Apple Watch,HKQuantityTypeIdentifierHeartRate
Heart rate,2026-08-01 02:06:08+09:00,72.0,count/min,1,김아연의 Apple Watch,HKQuantityTypeIdentifierHeartRate
Heart rate,2026-08-01 02:09:47+09:00,73.0,count/min,1,김아연의 Apple Watch,HKQuantityTypeIdentifierHeartRate
Heart rate,2026-08-01 02:15:35+09:00,73.0,count/min,1,김아연의 Apple Watch,HKQuantityTypeIdentifierHeartRate
Heart rate,2026-08-01 02:20:11+09:00,71.0,count/min,1,김아연의 Apple Watch,HKQuantityTypeIdentifierHeartRate
Heart rate,2026-08-01 02:24:53+09:00,72.0,count/min,1,김아연의 Apple Watch,HKQuantityTypeIdentifierHeartRate
Heart rate,2026-08-01 02:32:30+09:00,70.0,count/min,1,김아연의 Apple Watch,HKQuantityTypeIdentifierHeartRate
Heart rate,2026-08-01 02:35:59+09:00,71.0,count/min,1,김아연의 Apple Watch,HKQuantityTypeIdentifierHeartRate
Heart rate,2026-08-01 02:39:44+09:00,71.0,count/min,1,김아연의 Apple Watch,HKQuantityTypeIdentifierHeartRate
Heart rate,2026-08-01 02:45:54+09:00,71.0,count/min,1,김아연의 Apple Watch,HKQuantityTypeIdentifierHeartRate
Heart rate,2026-08-01 02:53:20+09:00,72.0,count/min,1,김아연의 Apple Watch,HKQuantityTypeIdentifierHeartRate
Heart rate,2026-08-01 02:54:53+09:00,73.0,count/min,1,김아연의 Apple Watch,HKQuantityTypeIdentifierHeartRate
Heart rate,2026-08-01 02:59:48+09:00,71.0,count/min,1,김아연의 Apple Watch,HKQuantityTypeIdentifierHeartRate
Heart rate,2026-08-01 03:04:44+09:00,70.0,count/min,1,김아연의 Apple Watch,HKQuantityTypeIdentifierHeartRate
Heart rate,2026-08-01 03:09:53+09:00,67.0,count/min,1,김아연의 Apple Watch,HKQuantityTypeIdentifierHeartRate
Heart rate,2026-08-01 03:14:46+09:00,68.0,count/min,1,김아연의 Apple Watch,HKQuantityTypeIdentifierHeartRate
Heart rate,2026-08-01 03:22:54+09:00,69.0,count/min,1,김아연의 Apple Watch,HKQuantityTypeIdentifierHeartRate
Heart rate,2026-08-01 03:25:59+09:00,67.0,count/min,1,김아연의 Apple Watch,HKQuantityTypeIdentifierHeartRate
Heart rate,2026-08-01 03:29:59+09:00,67.0,count/min,1,김아연의 Apple Watch,HKQuantityTypeIdentifierHeartRate
Heart rate,2026-08-01 03:36:11+09:00,63.0,count/min,1,김아연의 Apple Watch,HKQuantityTypeIdentifierHeartRate
Respiratory rate,2026-07-14 03:24:47+09:00,17.5,count/min,,김아연의 Apple Watch,HKQuantityTypeIdentifierRespiratoryRate
Respiratory rate,2026-07-14 03:38:45+09:00,18.5,count/min,,김아연의 Apple Watch,HKQuantityTypeIdentifierRespiratoryRate
Respiratory rate,2026-07-14 03:45:44+09:00,17.5,count/min,,김아연의 Apple Watch,HKQuantityTypeIdentifierRespiratoryRate
Respiratory rate,2026-07-14 03:54:13+09:00,17.5,count/min,,김아연의 Apple Watch,HKQuantityTypeIdentifierRespiratoryRate
Respiratory rate,2026-07-14 04:02:41+09:00,17.0,count/min,,김아연의 Apple Watch,HKQuantityTypeIdentifierRespiratoryRate
Respiratory rate,2026-07-14 04:13:39+09:00,17.0,count/min,,김아연의 Apple Watch,HKQuantityTypeIdentifierRespiratoryRate
Respiratory rate,2026-07-14 04:19:08+09:00,17.0,count/min,,김아연의 Apple Watch,HKQuantityTypeIdentifierRespiratoryRate
Respiratory rate,2026-07-14 04:33:36+09:00,16.5,count/min,,김아연의 Apple Watch,HKQuantityTypeIdentifierRespiratoryRate
Respiratory rate,2026-07-14 04:48:04+09:00,16.5,count/min,,김아연의 Apple Watch,HKQuantityTypeIdentifierRespiratoryRate
Respiratory rate,2026-07-14 04:50:03+09:00,17.0,count/min,,김아연의 Apple Watch,HKQuantityTypeIdentifierRespiratoryRate
Respiratory rate,2026-07-14 05:04:01+09:00,17.0,count/min,,김아연의 Apple Watch,HKQuantityTypeIdentifierRespiratoryRate
Respiratory rate,2026-07-14 05:14:30+09:00,17.0,count/min,,김아연의 Apple Watch,HKQuantityTypeIdentifierRespiratoryRate
Respiratory rate,2026-07-14 05:24:28+09:00,17.0,count/min,,김아연의 Apple Watch,HKQuantityTypeIdentifierRespiratoryRate
Respiratory rate,2026-07-14 05:35:26+09:00,17.0,count/min,,김아연의 Apple Watch,HKQuantityTypeIdentifierRespiratoryRate
Respiratory rate,2026-07-14 05:48:24+09:00,17.5,count/min,,김아연의 Apple Watch,HKQuantityTypeIdentifierRespiratoryRate
Respiratory rate,2026-07-14 05:51:53+09:00,17.0,count/min,,김아연의 Apple Watch,HKQuantityTypeIdentifierRespiratoryRate
Respiratory rate,2026-07-14 06:02:22+09:00,19.5,count/min,,김아연의 Apple Watch,HKQuantityTypeIdentifierRespiratoryRate
Respiratory rate,2026-07-14 06:09:21+09:00,34.0,count/min,,김아연의 Apple Watch,HKQuantityTypeIdentifierRespiratoryRate
Respiratory rate,2026-07-14 06:27:48+09:00,17.5,count/min,,김아연의 Apple Watch,HKQuantityTypeIdentifierRespiratoryRate
Respiratory rate,2026-07-14 06:36:46+09:00,15.5,count/min,,김아연의 Apple Watch,HKQuantityTypeIdentifierRespiratoryRate
Respiratory rate,2026-07-14 06:43:45+09:00,19.0,count/min,,김아연의 Apple Watch,HKQuantityTypeIdentifierRespiratoryRate
Respiratory rate,2026-07-14 06:55:43+09:00,19.0,count/min,,김아연의 Apple Watch,HKQuantityTypeIdentifierRespiratoryRate
Respiratory rate,2026-07-14 07:07:41+09:00,17.5,count/min,,김아연의 Apple Watch,HKQuantityTypeIdentifierRespiratoryRate
Respiratory rate,2026-07-14 07:14:10+09:00,17.0,count/min,,김아연의 Apple Watch,HKQuantityTypeIdentifierRespiratoryRate
Respiratory rate,2026-07-17 16:39:08+09:00,21.0,count/min,,김아연의 Apple Watch,HKQuantityTypeIdentifierRespiratoryRate
Respiratory rate,2026-07-17 16:43:07+09:00,19.0,count/min,,김아연의 Apple Watch,HKQuantityTypeIdentifierRespiratoryRate
Respiratory rate,2026-07-17 16:55:05+09:00,19.5,count/min,,김아연의 Apple Watch,HKQuantityTypeIdentifierRespiratoryRate
Respiratory rate,2026-07-17 17:09:03+09:00,23.0,count/min,,김아연의 Apple Watch,HKQuantityTypeIdentifierRespiratoryRate
Respiratory rate,2026-07-17 17:15:02+09:00,22.5,count/min,,김아연의 Apple Watch,HKQuantityTypeIdentifierRespiratoryRate
Respiratory rate,2026-07-17 17:23:30+09:00,26.5,count/min,,김아연의 Apple Watch,HKQuantityTypeIdentifierRespiratoryRate
Respiratory rate,2026-07-17 17:37:58+09:00,20.0,count/min,,김아연의 Apple Watch,HKQuantityTypeIdentifierRespiratoryRate
Respiratory rate,2026-07-17 17:48:26+09:00,20.5,count/min,,김아연의 Apple Watch,HKQuantityTypeIdentifierRespiratoryRate
Respiratory rate,2026-07-17 17:59:24+09:00,22.5,count/min,,김아연의 Apple Watch,HKQuantityTypeIdentifierRespiratoryRate
Respiratory rate,2026-07-17 18:06:23+09:00,21.5,count/min,,김아연의 Apple Watch,HKQuantityTypeIdentifierRespiratoryRate
Respiratory rate,2026-07-17 18:14:52+09:00,23.5,count/min,,김아연의 Apple Watch,HKQuantityTypeIdentifierRespiratoryRate
Respiratory rate,2026-07-17 18:31:49+09:00,22.5,count/min,,김아연의 Apple Watch,HKQuantityTypeIdentifierRespiratoryRate
Respiratory rate,2026-07-17 18:40:47+09:00,24.5,count/min,,김아연의 Apple Watch,HKQuantityTypeIdentifierRespiratoryRate
Respiratory rate,2026-07-17 18:47:46+09:00,26.0,count/min,,김아연의 Apple Watch,HKQuantityTypeIdentifierRespiratoryRate
Respiratory rate,2026-07-17 18:53:15+09:00,24.0,count/min,,김아연의 Apple Watch,HKQuantityTypeIdentifierRespiratoryRate
Resting heart rate,2026-07-16 08:09:07+09:00,71.0,count/min,,김아연의 Apple Watch,HKQuantityTypeIdentifierRestingHeartRate
Resting heart rate,2026-07-17 12:29:59+09:00,71.0,count/min,,김아연의 Apple Watch,HKQuantityTypeIdentifierRestingHeartRate
Resting heart rate,2026-07-18 13:53:39+09:00,69.0,count/min,,김아연의 Apple Watch,HKQuantityTypeIdentifierRestingHeartRate
Resting heart rate,2026-07-20 08:14:13+09:00,72.0,count/min,,김아연의 Apple Watch,HKQuantityTypeIdentifierRestingHeartRate
Resting heart rate,2026-07-21 08:48:35+09:00,67.0,count/min,,김아연의 Apple Watch,HKQuantityTypeIdentifierRestingHeartRate
Resting heart rate,2026-07-23 08:22:50+09:00,73.0,count/min,,김아연의 Apple Watch,HKQuantityTypeIdentifierRestingHeartRate
Resting heart rate,2026-07-24 08:24:01+09:00,72.0,count/min,,김아연의 Apple Watch,HKQuantityTypeIdentifierRestingHeartRate
Resting heart rate,2026-07-26 12:17:21+09:00,74.0,count/min,,김아연의 Apple Watch,HKQuantityTypeIdentifierRestingHeartRate
Resting heart rate,2026-07-27 08:39:20+09:00,69.0,count/min,,김아연의 Apple Watch,HKQuantityTypeIdentifierRestingHeartRate
Resting heart rate,2026-07-30 10:55:30+09:00,69.0,count/min,,김아연의 Apple Watch,HKQuantityTypeIdentifierRestingHeartRate
Resting heart rate,2026-07-31 15:35:06+09:00,72.0,count/min,,김아연의 Apple Watch,HKQuantityTypeIdentifierRestingHeartRate
Resting heart rate,2026-08-01 00:04:39+09:00,63.0,count/min,,김아연의 Apple Watch,HKQuantityTypeIdentifierRestingHeartRate
Walking heart rate,2026-07-16 08:09:07+09:00,98.0,count/min,,김아연의 Apple Watch,HKQuantityTypeIdentifierWalkingHeartRateAverage
Walking heart rate,2026-07-20 08:14:13+09:00,112.0,count/min,,김아연의 Apple Watch,HKQuantityTypeIdentifierWalkingHeartRateAverage
Walking heart rate,2026-07-21 08:48:35+09:00,109.0,count/min,,김아연의 Apple Watch,HKQuantityTypeIdentifierWalkingHeartRateAverage
Walking heart rate,2026-07-23 08:22:50+09:00,106.0,count/min,,김아연의 Apple Watch,HKQuantityTypeIdentifierWalkingHeartRateAverage
Walking heart rate,2026-07-24 08:24:01+09:00,113.0,count/min,,김아연의 Apple Watch,HKQuantityTypeIdentifierWalkingHeartRateAverage
Walking heart rate,2026-07-25 00:00:27+09:00,127.5,count/min,,김아연의 Apple Watch,HKQuantityTypeIdentifierWalkingHeartRateAverage
Walking heart rate,2026-07-26 12:17:21+09:00,104.0,count/min,,김아연의 Apple Watch,HKQuantityTypeIdentifierWalkingHeartRateAverage
Walking heart rate,2026-07-30 10:55:30+09:00,105.0,count/min,,김아연의 Apple Watch,HKQuantityTypeIdentifierWalkingHeartRateAverage
Walking heart rate,2026-07-31 15:35:06+09:00,89.5,count/min,,김아연의 Apple Watch,HKQuantityTypeIdentifierWalkingHeartRateAverage
